#VRML V2.0 utf8

Shape {
  appearance Appearance {
    material Material {
      diffuseColor 0.6471 0.6196 0.5882
      specularColor 0.4510 0.4353 0.4118
      ambientIntensity 0.2
      transparency 0.0000
      shininess 0.5
    }
  }
  geometry IndexedFaceSet {
    ccw TRUE
    solid FALSE
    coord DEF co Coordinate {
      point [
        1.433071 -0.886211 2.440945,
        1.708661 -0.886211 3.031496,
        0.566929 -0.886211 2.440945,
        0.291339 -0.886211 3.031496,
        0.566929 -0.886211 1.102362,
        0.291339 -0.886211 0.708661,
        1.433071 -0.886211 1.102362,
        1.708661 -0.886211 0.708661,
        1.433071 1.042922 2.440945,
        1.708661 1.042922 3.031496,
        1.433071 1.042922 1.102362,
        1.708661 1.042922 0.708661,
        0.566929 1.042922 1.102362,
        0.291339 1.042922 0.708661,
        0.566929 1.042922 2.440945,
        0.291339 1.042922 3.031496,
        1.484730 -0.085924 5.433071,
        1.486981 -0.079125 5.433071,
        0.513019 -0.079125 5.433071,
        0.515270 -0.085924 5.433071,
        0.540872 -0.147812 5.433071,
        0.574335 -0.205827 5.433071,
        0.715554 -0.347134 5.433071,
        0.773549 -0.380633 5.433071,
        0.835421 -0.406273 5.433071,
        0.900112 -0.423614 5.433071,
        0.615087 -0.258976 5.433071,
        0.662431 -0.306349 5.433071,
        0.966513 -0.432359 5.433071,
        1.033487 -0.432359 5.433071,
        1.099888 -0.423614 5.433071,
        1.284446 -0.347134 5.433071,
        1.337569 -0.306349 5.433071,
        1.384913 -0.258976 5.433071,
        1.425665 -0.205827 5.433071,
        1.459128 -0.147812 5.433071,
        1.164579 -0.406273 5.433071,
        1.226451 -0.380633 5.433071,
        0.320596 -0.231962 5.196850,
        0.328966 -0.252197 5.196850,
        0.334279 -0.249580 5.249414,
        0.391573 -0.354854 5.196850,
        0.437435 -0.414668 5.196850,
        0.441889 -0.410765 5.249414,
        0.484779 -0.462041 5.196850,
        0.506630 -0.483905 5.196850,
        0.510536 -0.479453 5.249414,
        0.595965 -0.550268 5.196850,
        0.669033 -0.592474 5.196850,
        0.671654 -0.587163 5.249414,
        0.858471 -0.655879 5.196850,
        0.951057 -0.668073 5.196850,
        0.951445 -0.662163 5.249414,
        1.141529 -0.655879 5.196850,
        1.145990 -0.655292 5.196850,
        1.144835 -0.649483 5.249414,
        1.277422 -0.614663 5.196850,
        1.330967 -0.592474 5.196850,
        1.328346 -0.587163 5.249414,
        1.404035 -0.550268 5.196850,
        1.415728 -0.543514 5.196850,
        1.412437 -0.538590 5.249414,
        1.515221 -0.462041 5.196850,
        1.562565 -0.414668 5.196850,
        1.558111 -0.410765 5.249414,
        1.608427 -0.354854 5.196850,
        1.622126 -0.336989 5.196850,
        1.617200 -0.333700 5.249414,
        0.441687 -0.079125 5.422985,
        0.407165 -0.079125 5.410113,
        0.418201 -0.118822 5.409678,
        0.273882 -0.097771 5.196850,
        0.291549 -0.161745 5.196850,
        0.297158 -0.159844 5.249414,
        1.524212 -0.079125 5.430381,
        1.534512 -0.102796 5.427148,
        1.581799 -0.118822 5.409678,
        1.559772 -0.079125 5.422557,
        1.541765 -0.079125 5.426519,
        1.639822 -0.079125 5.381347,
        1.636946 -0.079125 5.383862,
        1.624218 -0.133198 5.381535,
        1.625878 -0.079125 5.391678,
        1.594137 -0.079125 5.409509,
        1.664192 -0.079125 5.360035,
        1.659642 -0.145203 5.344131,
        1.677940 -0.079125 5.343725,
        1.687332 -0.079125 5.332582,
        1.686296 -0.154237 5.299343,
        1.693358 -0.079125 5.323803,
        1.702842 -0.159844 5.249414,
        1.725118 -0.079125 5.249401,
        1.724929 -0.079125 5.250591,
        1.722791 -0.079125 5.258857,
        1.710624 -0.079125 5.292354,
        1.706905 -0.079125 5.299128,
        1.731267 -0.079125 5.196850,
        1.730528 -0.079125 5.215312,
        1.726118 -0.097771 5.196850,
        1.708451 -0.161745 5.196850,
        1.679404 -0.231962 5.196850,
        0.269104 -0.079125 5.209924,
        0.268733 -0.079125 5.196850,
        0.273890 -0.079125 5.245388,
        0.275063 -0.079125 5.249338,
        0.284032 -0.079125 5.279550,
        0.286438 -0.079125 5.285581,
        0.313704 -0.154237 5.299343,
        0.293287 -0.079125 5.299051,
        0.340358 -0.145203 5.344131,
        0.316020 -0.079125 5.337121,
        0.302685 -0.079125 5.317535,
        0.367909 -0.079125 5.387406,
        0.360364 -0.079125 5.381134,
        0.375782 -0.133198 5.381535,
        0.340069 -0.079125 5.364266,
        0.321940 -0.079125 5.343803,
        0.374975 -0.079125 5.392243,
        0.448696 -0.079125 5.424913,
        0.465488 -0.102796 5.427148,
        0.458180 -0.079125 5.426636,
        0.485599 -0.079125 5.431618,
        1.036926 -0.484810 5.427148,
        0.963074 -0.484810 5.427148,
        1.040193 -0.534631 5.409678,
        0.959807 -0.534631 5.409678,
        1.043124 -0.579324 5.381535,
        0.956876 -0.579324 5.381535,
        1.045571 -0.616648 5.344131,
        0.954429 -0.616648 5.344131,
        1.047412 -0.644730 5.299343,
        0.952588 -0.644730 5.299343,
        1.048555 -0.662163 5.249414,
        0.818519 -0.456045 5.427148,
        0.750292 -0.427772 5.427148,
        0.802464 -0.503322 5.409678,
        0.728202 -0.472548 5.409678,
        0.788061 -0.545731 5.381535,
        0.708385 -0.512714 5.381535,
        0.776034 -0.581148 5.344131,
        0.691835 -0.546257 5.344131,
        0.766984 -0.607796 5.299343,
        0.679383 -0.571495 5.299343,
        0.761367 -0.624339 5.249414,
        1.671034 -0.252197 5.196850,
        1.665721 -0.249580 5.249414,
        1.650048 -0.241859 5.299343,
        1.624802 -0.229424 5.344131,
        1.591249 -0.212895 5.381535,
        1.551070 -0.193103 5.409678,
        1.506282 -0.171040 5.427148,
        1.469381 -0.235013 5.427148,
        1.510906 -0.262736 5.409678,
        1.548156 -0.287605 5.381535,
        1.579264 -0.308373 5.344131,
        1.602670 -0.324000 5.299343,
        1.544972 -0.399250 5.299343,
        1.523807 -0.380701 5.344131,
        1.495677 -0.356048 5.381535,
        1.461993 -0.326528 5.409678,
        1.424444 -0.293621 5.427148,
        1.493370 -0.483905 5.196850,
        1.489465 -0.479453 5.249414,
        1.477941 -0.466321 5.299343,
        1.459380 -0.445168 5.344131,
        1.434710 -0.417053 5.381535,
        1.405169 -0.383387 5.409678,
        1.372239 -0.345859 5.427148,
        1.313659 -0.390833 5.427148,
        1.341407 -0.432340 5.409678,
        1.366299 -0.469575 5.381535,
        1.387086 -0.500670 5.344131,
        1.402727 -0.524066 5.299343,
        1.320617 -0.571495 5.299343,
        1.308165 -0.546257 5.344131,
        1.291615 -0.512714 5.381535,
        1.271798 -0.472548 5.409678,
        1.249708 -0.427772 5.427148,
        1.240538 -0.629947 5.196850,
        1.238633 -0.624339 5.249414,
        1.233016 -0.607796 5.299343,
        1.223966 -0.581148 5.344131,
        1.211939 -0.545731 5.381535,
        1.197536 -0.503322 5.409678,
        1.181481 -0.456045 5.427148,
        1.110147 -0.475167 5.427148,
        1.119891 -0.524135 5.409678,
        1.128632 -0.568063 5.381535,
        1.135932 -0.604747 5.344131,
        1.141425 -0.632348 5.299343,
        1.048943 -0.668073 5.196850,
        1.000000 -0.668073 5.196850,
        0.854010 -0.655292 5.196850,
        0.855165 -0.649483 5.249414,
        0.858575 -0.632348 5.299343,
        0.864068 -0.604747 5.344131,
        0.871368 -0.568063 5.381535,
        0.880109 -0.524135 5.409678,
        0.889853 -0.475167 5.427148,
        0.759462 -0.629947 5.196850,
        0.722578 -0.614663 5.196850,
        0.584272 -0.543514 5.196850,
        0.587563 -0.538590 5.249414,
        0.597273 -0.524066 5.299343,
        0.612914 -0.500670 5.344131,
        0.633701 -0.469575 5.381535,
        0.658593 -0.432340 5.409678,
        0.686341 -0.390833 5.427148,
        0.627761 -0.345859 5.427148,
        0.594831 -0.383387 5.409678,
        0.565290 -0.417053 5.381535,
        0.540620 -0.445168 5.344131,
        0.522059 -0.466321 5.299343,
        0.455028 -0.399250 5.299343,
        0.476193 -0.380701 5.344131,
        0.504323 -0.356048 5.381535,
        0.538007 -0.326528 5.409678,
        0.575556 -0.293621 5.427148,
        0.377874 -0.336989 5.196850,
        0.382800 -0.333700 5.249414,
        0.397330 -0.324000 5.299343,
        0.420736 -0.308373 5.344131,
        0.451844 -0.287605 5.381535,
        0.489094 -0.262736 5.409678,
        0.530619 -0.235013 5.427148,
        0.493718 -0.171040 5.427148,
        0.448929 -0.193103 5.409678,
        0.408751 -0.212895 5.381535,
        0.375197 -0.229424 5.344131,
        0.349952 -0.241859 5.299343,
        0.513019 0.235836 5.433071,
        1.486981 0.235836 5.433071,
        1.484730 0.242635 5.433071,
        1.459128 0.304523 5.433071,
        0.835421 0.562983 5.433071,
        0.773549 0.537344 5.433071,
        0.715554 0.503845 5.433071,
        0.574335 0.362538 5.433071,
        0.540872 0.304523 5.433071,
        0.515270 0.242635 5.433071,
        1.226451 0.537344 5.433071,
        1.164579 0.562983 5.433071,
        1.284446 0.503845 5.433071,
        1.099888 0.580324 5.433071,
        1.337569 0.463060 5.433071,
        1.384913 0.415687 5.433071,
        1.033487 0.589070 5.433071,
        0.966513 0.589070 5.433071,
        1.425665 0.362538 5.433071,
        0.900112 0.580324 5.433071,
        0.662431 0.463060 5.433071,
        0.615087 0.415687 5.433071,
        1.706613 0.322898 5.196850,
        1.671034 0.408908 5.196850,
        1.665721 0.406291 5.249414,
        1.565116 0.568052 5.196850,
        1.562565 0.571379 5.196850,
        1.558111 0.567475 5.249414,
        1.461457 0.665117 5.196850,
        1.415728 0.700224 5.196850,
        1.412437 0.695301 5.249414,
        1.342394 0.742584 5.196850,
        1.330967 0.749185 5.196850,
        1.328346 0.743874 5.249414,
        1.210384 0.794741 5.196850,
        1.145990 0.812002 5.196850,
        1.144835 0.806194 5.249414,
        1.070958 0.821885 5.196850,
        1.048943 0.824784 5.196850,
        1.048555 0.818874 5.249414,
        0.929042 0.821885 5.196850,
        0.854010 0.812002 5.196850,
        0.855165 0.806194 5.249414,
        0.657606 0.742584 5.196850,
        0.584272 0.700224 5.196850,
        0.587563 0.695301 5.249414,
        0.434884 0.568052 5.196850,
        0.377874 0.493699 5.196850,
        0.382800 0.490411 5.249414,
        0.353574 0.451570 5.196850,
        0.328966 0.408908 5.196850,
        0.334279 0.406291 5.249414,
        0.293387 0.322898 5.196850,
        0.291549 0.318456 5.196850,
        0.297158 0.316555 5.249414,
        1.719626 0.235836 5.269271,
        1.724556 0.235836 5.249261,
        1.702842 0.316555 5.249414,
        1.728146 0.235836 5.234689,
        1.708451 0.318456 5.196850,
        1.731256 0.235836 5.199050,
        1.731267 0.235836 5.196850,
        1.717479 0.235836 5.275486,
        1.686296 0.310947 5.299343,
        1.706806 0.235836 5.299123,
        1.702692 0.235836 5.308235,
        1.659642 0.301914 5.344131,
        1.683116 0.235836 5.338254,
        1.624218 0.289908 5.381535,
        1.654365 0.235836 5.369485,
        1.679289 0.235836 5.343111,
        1.581799 0.275532 5.409678,
        1.593567 0.235836 5.409336,
        1.620529 0.235836 5.395134,
        1.625756 0.235836 5.391759,
        1.639555 0.235836 5.381016,
        1.541884 0.235836 5.426851,
        1.546572 0.235836 5.426092,
        1.534512 0.259506 5.427148,
        1.553077 0.235836 5.424446,
        1.587919 0.235836 5.412311,
        1.509528 0.235836 5.432091,
        0.475790 0.235836 5.430382,
        0.465488 0.259506 5.427148,
        0.458209 0.235836 5.426597,
        0.442437 0.235836 5.423202,
        0.418201 0.275532 5.409678,
        0.407936 0.235836 5.410466,
        0.360259 0.235836 5.381259,
        0.364808 0.235836 5.385164,
        0.375782 0.289908 5.381535,
        0.376015 0.235836 5.392924,
        0.406296 0.235836 5.409565,
        0.337367 0.235836 5.361608,
        0.340358 0.301914 5.344131,
        0.321887 0.235836 5.343851,
        0.313704 0.310947 5.299343,
        0.296592 0.235836 5.306919,
        0.316020 0.235836 5.337121,
        0.275464 0.235836 5.249261,
        0.279899 0.235836 5.267816,
        0.282098 0.235836 5.274307,
        0.293139 0.235836 5.299150,
        0.271583 0.235836 5.233025,
        0.268733 0.235836 5.196850,
        0.627761 0.502570 5.427148,
        0.686341 0.547543 5.427148,
        0.594831 0.540098 5.409678,
        0.658593 0.589051 5.409678,
        0.565290 0.573764 5.381535,
        0.633701 0.626285 5.381535,
        0.540620 0.601878 5.344131,
        0.612914 0.657381 5.344131,
        0.522059 0.623032 5.299343,
        0.597273 0.680777 5.299343,
        0.510536 0.636164 5.249414,
        0.818519 0.612756 5.427148,
        0.889853 0.631878 5.427148,
        0.802464 0.660032 5.409678,
        0.880109 0.680846 5.409678,
        0.788061 0.702442 5.381535,
        0.871368 0.724773 5.381535,
        0.776034 0.737859 5.344131,
        0.864068 0.761457 5.344131,
        0.766984 0.764507 5.299343,
        0.858575 0.789059 5.299343,
        0.761367 0.781050 5.249414,
        1.469381 0.391724 5.427148,
        1.506282 0.327751 5.427148,
        1.510906 0.419447 5.409678,
        1.551070 0.349814 5.409678,
        1.548156 0.444316 5.381535,
        1.591249 0.369606 5.381535,
        1.579264 0.465084 5.344131,
        1.624802 0.386134 5.344131,
        1.602670 0.480710 5.299343,
        1.650048 0.398570 5.299343,
        1.617200 0.490411 5.249414,
        0.349952 0.398570 5.299343,
        0.375197 0.386134 5.344131,
        0.408751 0.369606 5.381535,
        0.448929 0.349814 5.409678,
        0.493718 0.327751 5.427148,
        0.397330 0.480710 5.299343,
        0.420736 0.465084 5.344131,
        0.451844 0.444316 5.381535,
        0.489094 0.419447 5.409678,
        0.530619 0.391724 5.427148,
        0.437435 0.571379 5.196850,
        0.441889 0.567475 5.249414,
        0.455028 0.555960 5.299343,
        0.476193 0.537412 5.344131,
        0.504323 0.512759 5.381535,
        0.538007 0.483239 5.409678,
        0.575556 0.450332 5.427148,
        0.506630 0.640616 5.196850,
        0.538543 0.665117 5.196850,
        0.669033 0.749185 5.196850,
        0.671654 0.743874 5.249414,
        0.679383 0.728206 5.299343,
        0.691835 0.702968 5.344131,
        0.708385 0.669424 5.381535,
        0.728202 0.629258 5.409678,
        0.750292 0.584483 5.427148,
        0.759462 0.786658 5.196850,
        0.789616 0.794741 5.196850,
        0.951057 0.824784 5.196850,
        0.951445 0.818874 5.249414,
        0.952588 0.801441 5.299343,
        0.954429 0.773359 5.344131,
        0.956876 0.736035 5.381535,
        0.959807 0.691343 5.409678,
        0.963074 0.641521 5.427148,
        1.036926 0.641521 5.427148,
        1.040193 0.691343 5.409678,
        1.043124 0.736035 5.381535,
        1.045571 0.773359 5.344131,
        1.047412 0.801441 5.299343,
        1.141425 0.789059 5.299343,
        1.135932 0.761457 5.344131,
        1.128632 0.724773 5.381535,
        1.119891 0.680846 5.409678,
        1.110147 0.631878 5.427148,
        1.240538 0.786658 5.196850,
        1.238633 0.781050 5.249414,
        1.233016 0.764507 5.299343,
        1.223966 0.737859 5.344131,
        1.211939 0.702442 5.381535,
        1.197536 0.660032 5.409678,
        1.181481 0.612756 5.427148,
        1.249708 0.584483 5.427148,
        1.271798 0.629258 5.409678,
        1.291615 0.669424 5.381535,
        1.308165 0.702968 5.344131,
        1.320617 0.728206 5.299343,
        1.402727 0.680777 5.299343,
        1.387086 0.657381 5.344131,
        1.366299 0.626285 5.381535,
        1.341407 0.589051 5.409678,
        1.313659 0.547543 5.427148,
        1.493370 0.640616 5.196850,
        1.489465 0.636164 5.249414,
        1.477941 0.623032 5.299343,
        1.459380 0.601878 5.344131,
        1.434710 0.573764 5.381535,
        1.405169 0.540098 5.409678,
        1.372239 0.502570 5.427148,
        1.424444 0.450332 5.427148,
        1.461993 0.483239 5.409678,
        1.495677 0.512759 5.381535,
        1.523807 0.537412 5.344131,
        1.544972 0.555960 5.299343,
        1.622126 0.493699 5.196850,
        1.646426 0.451570 5.196850,
        1.731267 -0.079125 5.118110,
        1.727654 -0.095054 4.960630,
        1.744275 0.003481 4.960630,
        1.747184 0.042763 5.118110,
        1.739429 0.184712 4.960630,
        1.740418 0.184811 5.118110,
        1.747614 0.103351 4.960630,
        1.745590 0.042816 4.960630,
        1.731267 0.235836 5.118110,
        1.737612 0.202775 4.960630,
        1.714447 0.299979 4.960630,
        1.705745 0.322572 4.960630,
        0.262389 0.202775 4.960630,
        0.259582 0.184811 5.118110,
        0.268733 0.235836 5.118110,
        0.294255 0.322572 4.960630,
        0.285553 0.299979 4.960630,
        0.254410 0.042816 4.960630,
        0.252816 0.042763 5.118110,
        0.252386 0.103351 4.960630,
        0.260571 0.184712 4.960630,
        0.273242 -0.097942 4.960630,
        0.268733 -0.079125 5.118110,
        0.272346 -0.095054 4.960630,
        0.255725 0.003481 4.960630,
        1.000000 -0.669676 4.960630,
        0.900297 -0.663002 4.960630,
        0.858759 -0.654559 4.960630,
        0.802374 -0.643098 4.960630,
        0.722267 -0.615282 4.960630,
        0.707976 -0.610320 4.960630,
        0.618791 -0.565252 4.960630,
        0.596333 -0.549836 4.960630,
        0.536407 -0.508699 4.960630,
        0.484746 -0.461974 4.960630,
        0.462297 -0.441670 4.960630,
        0.397782 -0.365362 4.960630,
        0.391271 -0.355163 4.960630,
        0.344014 -0.281135 4.960630,
        0.321069 -0.231691 4.960630,
        0.301952 -0.190493 4.960630,
        1.245373 0.784998 4.960630,
        1.337370 0.745988 4.960630,
        1.342574 0.742905 4.960630,
        0.321467 0.393228 4.960630,
        0.353488 0.451657 4.960630,
        0.369490 0.480858 4.960630,
        0.428764 0.561306 4.960630,
        0.435072 0.567828 4.960630,
        0.498232 0.633135 4.960630,
        0.538632 0.665038 4.960630,
        0.576654 0.695064 4.960630,
        0.657426 0.742905 4.960630,
        0.662630 0.745988 4.960630,
        0.754627 0.784998 4.960630,
        0.789664 0.794595 4.960630,
        0.851003 0.811398 4.960630,
        0.929044 0.821893 4.960630,
        0.950037 0.824717 4.960630,
        1.049963 0.824717 4.960630,
        1.070956 0.821893 4.960630,
        1.148997 0.811398 4.960630,
        1.210336 0.794595 4.960630,
        1.423346 0.695064 4.960630,
        1.461368 0.665038 4.960630,
        1.501768 0.633135 4.960630,
        1.564928 0.567828 4.960630,
        1.571236 0.561306 4.960630,
        1.630510 0.480858 4.960630,
        1.646512 0.451657 4.960630,
        1.678533 0.393228 4.960630,
        1.726758 -0.097942 4.960630,
        1.698048 -0.190493 4.960630,
        1.678931 -0.231691 4.960630,
        1.655986 -0.281135 4.960630,
        1.463593 -0.508699 4.960630,
        1.515254 -0.461974 4.960630,
        1.537703 -0.441670 4.960630,
        1.602218 -0.365362 4.960630,
        1.608729 -0.355163 4.960630,
        1.197626 -0.643098 4.960630,
        1.277733 -0.615282 4.960630,
        1.292023 -0.610320 4.960630,
        1.381209 -0.565252 4.960630,
        1.403667 -0.549836 4.960630,
        1.141241 -0.654559 4.960630,
        1.099703 -0.663002 4.960630,
        0.709548 -0.606615 4.930061,
        0.803437 -0.639217 4.930061,
        0.620842 -0.561789 4.930061,
        0.538902 -0.505541 4.930061,
        0.465190 -0.438873 4.930061,
        0.401022 -0.362974 4.930061,
        0.347543 -0.279201 4.930061,
        0.305707 -0.189046 4.930061,
        0.276261 -0.094120 4.930061,
        0.259730 0.003883 4.930061,
        0.256409 0.103217 4.930061,
        0.266357 0.202106 4.930061,
        0.289397 0.298787 4.930061,
        0.325118 0.391534 4.930061,
        0.372882 0.478693 4.930061,
        0.431837 0.558707 4.930061,
        0.500931 0.630150 4.930061,
        0.578931 0.691746 4.930061,
        0.664445 0.742396 4.930061,
        0.755947 0.781196 4.930061,
        0.851804 0.807454 4.930061,
        0.950306 0.820701 4.930061,
        1.049694 0.820701 4.930061,
        1.148196 0.807454 4.930061,
        1.244053 0.781196 4.930061,
        1.335555 0.742396 4.930061,
        1.421069 0.691746 4.930061,
        1.499069 0.630150 4.930061,
        1.568163 0.558707 4.930061,
        1.627118 0.478693 4.930061,
        1.674882 0.391534 4.930061,
        1.710603 0.298787 4.930061,
        1.733643 0.202106 4.930061,
        1.743591 0.103217 4.930061,
        1.740270 0.003883 4.930061,
        1.723739 -0.094120 4.930061,
        1.694293 -0.189046 4.930061,
        1.652457 -0.279201 4.930061,
        1.598978 -0.362974 4.930061,
        1.534810 -0.438873 4.930061,
        1.461098 -0.505541 4.930061,
        1.379158 -0.561789 4.930061,
        1.290452 -0.606615 4.930061,
        1.196563 -0.639217 4.930061,
        1.099167 -0.659013 4.930061,
        1.000000 -0.665652 4.930061,
        0.900833 -0.659013 4.930061,
        1.097594 -0.647319 4.901575,
        1.193446 -0.627837 4.901575,
        1.285846 -0.595752 4.901575,
        1.373145 -0.551637 4.901575,
        1.453786 -0.496281 4.901575,
        1.526328 -0.430670 4.901575,
        1.589478 -0.355976 4.901575,
        1.642109 -0.273530 4.901575,
        1.683282 -0.184806 4.901575,
        1.712261 -0.091385 4.901575,
        1.728531 0.005065 4.901575,
        1.731799 0.102822 4.901575,
        1.722008 0.200143 4.901575,
        1.699333 0.295291 4.901575,
        1.664179 0.386567 4.901575,
        1.617172 0.472343 4.901575,
        1.559152 0.551089 4.901575,
        1.491154 0.621399 4.901575,
        1.414391 0.682018 4.901575,
        1.330233 0.731865 4.901575,
        1.240182 0.770049 4.901575,
        1.145846 0.795891 4.901575,
        1.048906 0.808928 4.901575,
        0.951094 0.808928 4.901575,
        0.854155 0.795891 4.901575,
        0.759818 0.770049 4.901575,
        0.669767 0.731865 4.901575,
        0.585609 0.682018 4.901575,
        0.508846 0.621399 4.901575,
        0.440848 0.551089 4.901575,
        0.382828 0.472343 4.901575,
        0.335821 0.386567 4.901575,
        0.300667 0.295291 4.901575,
        0.277992 0.200143 4.901575,
        0.268201 0.102822 4.901575,
        0.271470 0.005065 4.901575,
        0.287739 -0.091385 4.901575,
        0.316718 -0.184806 4.901575,
        0.357891 -0.273530 4.901575,
        0.410522 -0.355976 4.901575,
        0.473672 -0.430670 4.901575,
        0.546215 -0.496281 4.901575,
        0.626855 -0.551637 4.901575,
        0.714154 -0.595752 4.901575,
        0.806554 -0.627837 4.901575,
        0.902406 -0.647319 4.901575,
        1.000000 -0.653852 4.901575,
        1.095092 -0.628717 4.877113,
        1.188487 -0.609733 4.877113,
        1.278519 -0.578471 4.877113,
        1.363580 -0.535488 4.877113,
        1.442153 -0.481550 4.877113,
        1.512836 -0.417621 4.877113,
        1.574367 -0.344841 4.877113,
        1.625649 -0.264510 4.877113,
        1.665766 -0.178060 4.877113,
        1.694003 -0.087034 4.877113,
        1.709855 0.006943 4.877113,
        1.713039 0.102195 4.877113,
        1.703500 0.197021 4.877113,
        1.681406 0.289730 4.877113,
        1.647153 0.378666 4.877113,
        1.601351 0.462244 4.877113,
        1.544818 0.538971 4.877113,
        1.478563 0.607478 4.877113,
        1.403768 0.666543 4.877113,
        1.321768 0.715112 4.877113,
        1.234025 0.752318 4.877113,
        1.142107 0.777497 4.877113,
        1.047652 0.790200 4.877113,
        0.952348 0.790200 4.877113,
        0.857893 0.777497 4.877113,
        0.765975 0.752318 4.877113,
        0.678232 0.715112 4.877113,
        0.596232 0.666543 4.877113,
        0.521437 0.607478 4.877113,
        0.455181 0.538971 4.877113,
        0.398649 0.462244 4.877113,
        0.352847 0.378666 4.877113,
        0.318594 0.289730 4.877113,
        0.296500 0.197021 4.877113,
        0.286961 0.102195 4.877113,
        0.290145 0.006943 4.877113,
        0.305997 -0.087034 4.877113,
        0.334233 -0.178060 4.877113,
        0.374351 -0.264510 4.877113,
        0.425633 -0.344841 4.877113,
        0.487164 -0.417621 4.877113,
        0.557847 -0.481550 4.877113,
        0.636420 -0.535488 4.877113,
        0.721481 -0.578471 4.877113,
        0.811513 -0.609733 4.877113,
        0.904908 -0.628717 4.877113,
        1.000000 -0.635082 4.877113,
        1.091831 -0.604474 4.858344,
        1.182024 -0.586141 4.858344,
        1.268969 -0.555951 4.858344,
        1.351114 -0.514441 4.858344,
        1.426993 -0.462353 4.858344,
        1.495252 -0.400616 4.858344,
        1.554674 -0.330331 4.858344,
        1.604198 -0.252754 4.858344,
        1.642939 -0.169268 4.858344,
        1.670208 -0.081363 4.858344,
        1.685516 0.009392 4.858344,
        1.688591 0.101378 4.858344,
        1.679379 0.192952 4.858344,
        1.658043 0.282482 4.858344,
        1.624964 0.368370 4.858344,
        1.580733 0.449081 4.858344,
        1.526138 0.523178 4.858344,
        1.462155 0.589336 4.858344,
        1.389924 0.646376 4.858344,
        1.310735 0.693280 4.858344,
        1.226001 0.729210 4.858344,
        1.137234 0.753526 4.858344,
        1.046019 0.765793 4.858344,
        0.953981 0.765793 4.858344,
        0.862766 0.753526 4.858344,
        0.773999 0.729210 4.858344,
        0.689265 0.693280 4.858344,
        0.610076 0.646376 4.858344,
        0.537845 0.589336 4.858344,
        0.473862 0.523178 4.858344,
        0.419267 0.449081 4.858344,
        0.375036 0.368370 4.858344,
        0.341957 0.282482 4.858344,
        0.320621 0.192952 4.858344,
        0.311408 0.101378 4.858344,
        0.314484 0.009392 4.858344,
        0.329792 -0.081363 4.858344,
        0.357061 -0.169268 4.858344,
        0.395802 -0.252754 4.858344,
        0.445326 -0.330331 4.858344,
        0.504748 -0.400616 4.858344,
        0.573007 -0.462353 4.858344,
        0.648886 -0.514441 4.858344,
        0.731031 -0.555951 4.858344,
        0.817976 -0.586141 4.858344,
        0.908169 -0.604474 4.858344,
        1.000000 -0.610621 4.858344,
        1.088035 -0.576242 4.846544,
        1.174498 -0.558667 4.846544,
        1.257848 -0.529725 4.846544,
        1.336597 -0.489931 4.846544,
        1.409339 -0.439997 4.846544,
        1.474776 -0.380813 4.846544,
        1.531741 -0.313434 4.846544,
        1.579217 -0.239064 4.846544,
        1.616357 -0.159030 4.846544,
        1.642498 -0.074759 4.846544,
        1.657173 0.012243 4.846544,
        1.660122 0.100426 4.846544,
        1.651290 0.188214 4.846544,
        1.630836 0.274043 4.846544,
        1.599125 0.356379 4.846544,
        1.556722 0.433754 4.846544,
        1.504385 0.504787 4.846544,
        1.443047 0.568209 4.846544,
        1.373803 0.622891 4.846544,
        1.297888 0.667856 4.846544,
        1.216657 0.702300 4.846544,
        1.131560 0.725611 4.846544,
        1.044116 0.737371 4.846544,
        0.955884 0.737371 4.846544,
        0.868440 0.725611 4.846544,
        0.783343 0.702300 4.846544,
        0.702112 0.667856 4.846544,
        0.626197 0.622891 4.846544,
        0.556953 0.568209 4.846544,
        0.495615 0.504787 4.846544,
        0.443278 0.433754 4.846544,
        0.400875 0.356379 4.846544,
        0.369164 0.274043 4.846544,
        0.348710 0.188214 4.846544,
        0.339878 0.100426 4.846544,
        0.342827 0.012243 4.846544,
        0.357502 -0.074759 4.846544,
        0.383643 -0.159030 4.846544,
        0.420783 -0.239064 4.846544,
        0.468259 -0.313434 4.846544,
        0.525224 -0.380813 4.846544,
        0.590661 -0.439997 4.846544,
        0.663403 -0.489931 4.846544,
        0.742152 -0.529725 4.846544,
        0.825502 -0.558667 4.846544,
        0.911965 -0.576242 4.846544,
        1.000000 -0.582135 4.846544,
        1.083960 -0.545945 4.842519,
        1.166422 -0.529184 4.842519,
        1.245915 -0.501581 4.842519,
        1.321019 -0.463630 4.842519,
        1.390394 -0.416006 4.842519,
        1.452802 -0.359561 4.842519,
        1.507131 -0.295301 4.842519,
        1.552409 -0.224373 4.842519,
        1.587830 -0.148043 4.842519,
        1.612761 -0.067673 4.842519,
        1.626757 0.015303 4.842519,
        1.629570 0.099404 4.842519,
        1.621146 0.183130 4.842519,
        1.601639 0.264986 4.842519,
        1.571396 0.343511 4.842519,
        1.530956 0.417305 4.842519,
        1.481041 0.485050 4.842519,
        1.422542 0.545538 4.842519,
        1.356502 0.597689 4.842519,
        1.284101 0.640572 4.842519,
        1.206630 0.673422 4.842519,
        1.125472 0.695654 4.842519,
        1.042074 0.706870 4.842519,
        0.957926 0.706870 4.842519,
        0.874528 0.695654 4.842519,
        0.793370 0.673422 4.842519,
        0.715899 0.640572 4.842519,
        0.643498 0.597689 4.842519,
        0.577458 0.545538 4.842519,
        0.518959 0.485050 4.842519,
        0.469044 0.417305 4.842519,
        0.428604 0.343511 4.842519,
        0.398361 0.264986 4.842519,
        0.378854 0.183130 4.842519,
        0.370430 0.099404 4.842519,
        0.373242 0.015303 4.842519,
        0.387239 -0.067673 4.842519,
        0.412170 -0.148043 4.842519,
        0.447591 -0.224373 4.842519,
        0.492869 -0.295301 4.842519,
        0.547198 -0.359561 4.842519,
        0.609606 -0.416006 4.842519,
        0.678981 -0.463630 4.842519,
        0.754085 -0.501581 4.842519,
        0.833578 -0.529184 4.842519,
        0.916040 -0.545945 4.842519,
        1.000000 -0.551566 4.842519,
        0.721611 0.356744 4.842519,
        0.659045 0.275206 4.842519,
        0.898103 0.458641 4.842519,
        1.000000 0.472056 4.842519,
        1.101897 0.458641 4.842519,
        0.606299 0.078356 4.842519,
        0.619714 -0.023542 4.842519,
        0.803150 0.419310 4.842519,
        0.619714 0.180253 4.842519,
        0.659045 -0.118495 4.842519,
        0.721611 -0.200033 4.842519,
        0.898103 -0.301930 4.842519,
        1.000000 -0.315345 4.842519,
        0.803150 -0.262600 4.842519,
        1.101897 -0.301930 4.842519,
        1.196850 -0.262600 4.842519,
        1.278389 0.356744 4.842519,
        1.196850 0.419310 4.842519,
        1.278389 -0.200033 4.842519,
        1.380286 -0.023542 4.842519,
        1.393701 0.078356 4.842519,
        1.340955 -0.118495 4.842519,
        1.380286 0.180253 4.842519,
        1.340955 0.275206 4.842519,
        1.101897 -0.301930 3.149606,
        1.196850 -0.262600 3.149606,
        1.278389 -0.200033 3.149606,
        1.340955 -0.118495 3.149606,
        1.380286 -0.023542 3.149606,
        1.393701 0.078356 3.149606,
        1.380286 0.180253 3.149606,
        1.340955 0.275206 3.149606,
        1.278389 0.356744 3.149606,
        1.196850 0.419310 3.149606,
        1.101897 0.458641 3.149606,
        1.000000 0.472056 3.149606,
        0.898103 0.458641 3.149606,
        0.803150 0.419310 3.149606,
        0.721611 0.356744 3.149606,
        0.659045 0.275206 3.149606,
        0.619714 0.180253 3.149606,
        0.606299 0.078356 3.149606,
        0.619714 -0.023542 3.149606,
        0.659045 -0.118495 3.149606,
        0.721611 -0.200033 3.149606,
        0.803150 -0.262600 3.149606,
        0.898103 -0.301930 3.149606,
        1.000000 -0.315345 3.149606,
        0.291339 1.038898 3.062065,
        1.708661 1.038898 3.062065,
        0.291339 1.027098 3.090551,
        1.708661 1.027098 3.090551,
        0.291339 1.008329 3.115013,
        1.708661 1.008329 3.115013,
        0.291339 0.983867 3.133782,
        1.708661 0.983867 3.133782,
        0.291339 0.955381 3.145582,
        1.708661 0.955381 3.145582,
        0.291339 0.924812 3.149606,
        1.708661 0.924812 3.149606,
        1.708661 -0.768101 3.149606,
        0.291339 -0.768101 3.149606,
        0.291339 -0.798670 3.145582,
        1.708661 -0.798670 3.145582,
        0.291339 -0.827156 3.133782,
        1.708661 -0.827156 3.133782,
        0.291339 -0.851618 3.115013,
        1.708661 -0.851618 3.115013,
        0.291339 -0.870388 3.090551,
        1.708661 -0.870388 3.090551,
        0.291339 -0.882187 3.062065,
        1.708661 -0.882187 3.062065,
        0.291339 -0.882187 0.678092,
        1.708661 -0.882187 0.678092,
        0.291339 -0.870388 0.649606,
        1.708661 -0.870388 0.649606,
        0.291339 -0.851618 0.625145,
        1.708661 -0.851618 0.625145,
        0.291339 -0.827156 0.606375,
        1.708661 -0.827156 0.606375,
        0.291339 -0.798670 0.594576,
        1.708661 -0.798670 0.594576,
        0.291339 -0.768101 0.590551,
        1.708661 -0.768101 0.590551,
        1.708661 0.924812 0.590551,
        0.291339 0.924812 0.590551,
        0.291339 0.955381 0.594576,
        1.708661 0.955381 0.594576,
        0.291339 0.983867 0.606375,
        1.708661 0.983867 0.606375,
        0.291339 1.008329 0.625145,
        1.708661 1.008329 0.625145,
        0.291339 1.027098 0.649606,
        1.708661 1.027098 0.649606,
        0.291339 1.038898 0.678092,
        1.708661 1.038898 0.678092,
        1.393701 1.053335 2.106299,
        0.606299 1.053335 2.106299,
        1.393701 1.088398 2.106299,
        0.606299 1.088398 2.106299,
        1.393701 0.927350 2.106299,
        0.606299 0.927350 2.106299,
        1.393701 0.962413 2.106299,
        0.606299 0.962413 2.106299,
        1.393701 0.801366 2.106299,
        0.606299 0.801366 2.106299,
        1.393701 0.836429 2.106299,
        0.606299 0.836429 2.106299,
        1.393701 0.675382 2.106299,
        0.606299 0.675382 2.106299,
        1.393701 0.710445 2.106299,
        0.606299 0.710445 2.106299,
        1.393701 0.549398 2.106299,
        0.606299 0.549398 2.106299,
        1.393701 0.584461 2.106299,
        0.606299 0.584461 2.106299,
        1.393701 0.423413 2.106299,
        0.606299 0.423413 2.106299,
        1.393701 0.458476 2.106299,
        0.606299 0.458476 2.106299,
        1.393701 0.297429 2.106299,
        0.606299 0.297429 2.106299,
        1.393701 0.332492 2.106299,
        0.606299 0.332492 2.106299,
        1.393701 0.171445 2.106299,
        0.606299 0.171445 2.106299,
        1.393701 0.206508 2.106299,
        0.606299 0.206508 2.106299,
        1.393701 0.045461 2.106299,
        0.606299 0.045461 2.106299,
        1.393701 0.080524 2.106299,
        0.606299 0.080524 2.106299,
        1.393701 -0.080524 2.106299,
        0.606299 -0.080524 2.106299,
        1.393701 -0.045461 2.106299,
        0.606299 -0.045461 2.106299,
        1.393701 -0.206508 2.106299,
        0.606299 -0.206508 2.106299,
        1.393701 -0.171445 2.106299,
        0.606299 -0.171445 2.106299,
        1.393701 -0.332492 2.106299,
        0.606299 -0.332492 2.106299,
        1.393701 -0.297429 2.106299,
        0.606299 -0.297429 2.106299,
        1.393701 -0.458476 2.106299,
        0.606299 -0.458476 2.106299,
        1.393701 -0.423413 2.106299,
        0.606299 -0.423413 2.106299,
        1.393701 -0.584461 2.106299,
        0.606299 -0.584461 2.106299,
        1.393701 -0.549398 2.106299,
        0.606299 -0.549398 2.106299,
        1.393701 -0.710445 2.106299,
        0.606299 -0.710445 2.106299,
        1.393701 -0.675382 2.106299,
        0.606299 -0.675382 2.106299,
        1.393701 -0.836429 2.106299,
        0.606299 -0.836429 2.106299,
        1.393701 -0.801366 2.106299,
        0.606299 -0.801366 2.106299,
        1.393701 -1.102362 2.106299,
        0.606299 -1.102362 2.106299,
        1.393701 -0.927350 2.106299,
        0.606299 -0.927350 2.106299,
        1.177165 -0.157480 0.078740,
        0.822835 -0.157480 0.078740,
        1.177165 -0.157480 -0.937159,
        0.822835 -0.157480 -0.937159,
        1.059055 -0.157480 -1.377953,
        0.940945 -0.157480 -1.377953,
        1.059055 0.157480 -1.377953,
        0.940945 0.157480 -1.377953,
        1.177165 0.157480 -0.937159,
        0.822835 0.157480 -0.937159,
        1.177165 0.157480 0.078740,
        0.822835 0.157480 0.078740,
        0.822835 0.147609 0.166347,
        1.177165 0.147609 0.166347,
        0.822835 0.118492 0.249561,
        1.177165 0.118492 0.249561,
        0.822835 0.071587 0.324209,
        1.177165 0.071587 0.324209,
        0.822835 0.009248 0.386548,
        1.177165 0.009248 0.386548,
        0.822835 -0.065400 0.433452,
        1.177165 -0.065400 0.433452,
        0.822835 -0.148614 0.462570,
        1.177165 -0.148614 0.462570,
        0.822835 -0.236220 0.472441,
        1.177165 -0.236220 0.472441,
        1.177165 -0.413386 0.472441,
        0.822835 -0.413386 0.472441,
        0.606299 -0.629921 0.472441,
        1.393701 -0.629921 0.472441,
        0.606299 -1.102362 0.472441,
        1.393701 -1.102362 0.472441,
        1.393701 -1.122742 0.475124,
        0.606299 -1.122742 0.475124,
        1.393701 -1.141732 0.482990,
        0.606299 -1.141732 0.482990,
        1.393701 -1.158040 0.495504,
        0.606299 -1.158040 0.495504,
        1.393701 -1.170553 0.511811,
        0.606299 -1.170553 0.511811,
        1.393701 -1.178419 0.530802,
        0.606299 -1.178419 0.530802,
        1.393701 -1.181102 0.551181,
        0.606299 -1.181102 0.551181,
        1.393701 -1.181102 2.027559,
        0.606299 -1.181102 2.027559,
        1.393701 -1.178419 2.047939,
        0.606299 -1.178419 2.047939,
        1.393701 -1.170553 2.066929,
        0.606299 -1.170553 2.066929,
        1.393701 -1.158040 2.083237,
        0.606299 -1.158040 2.083237,
        1.393701 -1.141732 2.095750,
        0.606299 -1.141732 2.095750,
        1.393701 -1.122742 2.103616,
        0.606299 -1.122742 2.103616,
        0.606299 1.214382 2.106299,
        1.393701 1.214382 2.106299,
        0.606299 1.179319 2.106299,
        1.393701 1.179319 2.106299,
        0.606299 1.259843 2.421260,
        1.393701 1.259843 2.421260,
        0.606299 1.259843 2.185039,
        1.393701 1.259843 2.185039,
        1.393701 -1.102362 2.421260,
        0.606299 -1.102362 2.421260,
        0.606299 -1.189969 2.411389,
        1.393701 -1.189969 2.411389,
        0.606299 -1.273183 2.382271,
        1.393701 -1.273183 2.382271,
        0.606299 -1.347831 2.335367,
        1.393701 -1.347831 2.335367,
        0.606299 -1.410170 2.273028,
        1.393701 -1.410170 2.273028,
        0.606299 -1.457074 2.198380,
        1.393701 -1.457074 2.198380,
        0.606299 -1.486192 2.115166,
        1.393701 -1.486192 2.115166,
        0.606299 -1.496063 2.027559,
        1.393701 -1.496063 2.027559,
        1.393701 -1.496063 0.551181,
        0.606299 -1.496063 0.551181,
        0.606299 -1.486192 0.463574,
        1.393701 -1.486192 0.463574,
        0.606299 -1.457074 0.380361,
        1.393701 -1.457074 0.380361,
        0.606299 -1.410170 0.305713,
        1.393701 -1.410170 0.305713,
        0.606299 -1.347831 0.243373,
        1.393701 -1.347831 0.243373,
        0.606299 -1.273183 0.196469,
        1.393701 -1.273183 0.196469,
        0.606299 -1.189969 0.167351,
        1.393701 -1.189969 0.167351,
        0.606299 -1.102362 0.157480,
        1.393701 -1.102362 0.157480,
        0.822835 -0.413386 0.157480,
        0.822835 -0.236220 0.157480,
        1.177165 -0.236220 0.157480,
        1.177165 -0.413386 0.157480,
        1.393701 -0.629921 0.157480,
        0.606299 -0.629921 0.157480,
        1.177165 -0.215841 0.154797,
        0.822835 -0.215841 0.154797,
        1.177165 -0.196850 0.146931,
        0.822835 -0.196850 0.146931,
        1.177165 -0.180543 0.134418,
        0.822835 -0.180543 0.134418,
        1.177165 -0.168030 0.118110,
        0.822835 -0.168030 0.118110,
        1.177165 -0.160163 0.099120,
        0.822835 -0.160163 0.099120,
        1.393701 0.881890 2.185039,
        1.393701 1.007874 2.185039,
        1.393701 -0.629921 2.185039,
        1.393701 -0.503937 2.185039,
        1.393701 1.133858 2.185039,
        1.393701 -0.881890 2.185039,
        1.393701 -0.755906 2.185039,
        1.393701 -0.251969 2.185039,
        1.393701 -0.377953 2.185039,
        1.393701 -0.125984 2.185039,
        1.393701 0.000000 2.185039,
        1.393701 0.125984 2.185039,
        1.393701 0.251969 2.185039,
        1.393701 0.377953 2.185039,
        1.393701 0.503937 2.185039,
        1.393701 0.629921 2.185039,
        1.393701 0.755906 2.185039,
        0.606299 1.007874 2.185039,
        0.606299 -0.755906 2.185039,
        0.606299 -0.251969 2.185039,
        0.606299 -0.377953 2.185039,
        0.606299 -0.629921 2.185039,
        0.606299 0.881890 2.185039,
        0.606299 0.755906 2.185039,
        0.606299 -0.503937 2.185039,
        0.606299 -0.881890 2.185039,
        0.606299 1.133858 2.185039,
        0.606299 0.503937 2.185039,
        0.606299 0.629921 2.185039,
        0.606299 0.377953 2.185039,
        0.606299 -0.125984 2.185039,
        0.606299 0.251969 2.185039,
        0.606299 0.125984 2.185039,
        0.606299 0.000000 2.185039,
        -0.606299 1.053335 2.106299,
        -1.393701 1.053335 2.106299,
        -0.606299 1.088398 2.106299,
        -1.393701 1.088398 2.106299,
        -0.606299 0.927350 2.106299,
        -1.393701 0.927350 2.106299,
        -0.606299 0.962413 2.106299,
        -1.393701 0.962413 2.106299,
        -0.606299 0.801366 2.106299,
        -1.393701 0.801366 2.106299,
        -0.606299 0.836429 2.106299,
        -1.393701 0.836429 2.106299,
        -0.606299 0.675382 2.106299,
        -1.393701 0.675382 2.106299,
        -0.606299 0.710445 2.106299,
        -1.393701 0.710445 2.106299,
        -0.606299 0.549398 2.106299,
        -1.393701 0.549398 2.106299,
        -0.606299 0.584461 2.106299,
        -1.393701 0.584461 2.106299,
        -0.606299 0.423413 2.106299,
        -1.393701 0.423413 2.106299,
        -0.606299 0.458476 2.106299,
        -1.393701 0.458476 2.106299,
        -0.606299 0.297429 2.106299,
        -1.393701 0.297429 2.106299,
        -0.606299 0.332492 2.106299,
        -1.393701 0.332492 2.106299,
        -0.606299 0.171445 2.106299,
        -1.393701 0.171445 2.106299,
        -0.606299 0.206508 2.106299,
        -1.393701 0.206508 2.106299,
        -0.606299 0.045461 2.106299,
        -1.393701 0.045461 2.106299,
        -0.606299 0.080524 2.106299,
        -1.393701 0.080524 2.106299,
        -0.606299 -0.080524 2.106299,
        -1.393701 -0.080524 2.106299,
        -0.606299 -0.045461 2.106299,
        -1.393701 -0.045461 2.106299,
        -0.606299 -0.206508 2.106299,
        -1.393701 -0.206508 2.106299,
        -0.606299 -0.171445 2.106299,
        -1.393701 -0.171445 2.106299,
        -0.606299 -0.332492 2.106299,
        -1.393701 -0.332492 2.106299,
        -0.606299 -0.297429 2.106299,
        -1.393701 -0.297429 2.106299,
        -0.606299 -0.458476 2.106299,
        -1.393701 -0.458476 2.106299,
        -0.606299 -0.423413 2.106299,
        -1.393701 -0.423413 2.106299,
        -0.606299 -0.584461 2.106299,
        -1.393701 -0.584461 2.106299,
        -0.606299 -0.549398 2.106299,
        -1.393701 -0.549398 2.106299,
        -0.606299 -0.710445 2.106299,
        -1.393701 -0.710445 2.106299,
        -0.606299 -0.675382 2.106299,
        -1.393701 -0.675382 2.106299,
        -0.606299 -0.836429 2.106299,
        -1.393701 -0.836429 2.106299,
        -0.606299 -0.801366 2.106299,
        -1.393701 -0.801366 2.106299,
        -0.606299 -1.102362 2.106299,
        -1.393701 -1.102362 2.106299,
        -0.606299 -0.927350 2.106299,
        -1.393701 -0.927350 2.106299,
        -0.822835 -0.157480 0.078740,
        -1.177165 -0.157480 0.078740,
        -0.822835 -0.157480 -0.937159,
        -1.177165 -0.157480 -0.937159,
        -0.940945 -0.157480 -1.377953,
        -1.059055 -0.157480 -1.377953,
        -0.940945 0.157480 -1.377953,
        -1.059055 0.157480 -1.377953,
        -0.822835 0.157480 -0.937159,
        -1.177165 0.157480 -0.937159,
        -0.822835 0.157480 0.078740,
        -1.177165 0.157480 0.078740,
        -1.177165 0.147609 0.166347,
        -0.822835 0.147609 0.166347,
        -1.177165 0.118492 0.249561,
        -0.822835 0.118492 0.249561,
        -1.177165 0.071587 0.324209,
        -0.822835 0.071587 0.324209,
        -1.177165 0.009248 0.386548,
        -0.822835 0.009248 0.386548,
        -1.177165 -0.065400 0.433452,
        -0.822835 -0.065400 0.433452,
        -1.177165 -0.148614 0.462570,
        -0.822835 -0.148614 0.462570,
        -1.177165 -0.236220 0.472441,
        -0.822835 -0.236220 0.472441,
        -0.822835 -0.413386 0.472441,
        -1.177165 -0.413386 0.472441,
        -1.393701 -0.629921 0.472441,
        -0.606299 -0.629921 0.472441,
        -1.393701 -1.102362 0.472441,
        -0.606299 -1.102362 0.472441,
        -0.606299 -1.122742 0.475124,
        -1.393701 -1.122742 0.475124,
        -0.606299 -1.141732 0.482990,
        -1.393701 -1.141732 0.482990,
        -0.606299 -1.158040 0.495504,
        -1.393701 -1.158040 0.495504,
        -0.606299 -1.170553 0.511811,
        -1.393701 -1.170553 0.511811,
        -0.606299 -1.178419 0.530802,
        -1.393701 -1.178419 0.530802,
        -0.606299 -1.181102 0.551181,
        -1.393701 -1.181102 0.551181,
        -0.606299 -1.181102 2.027559,
        -1.393701 -1.181102 2.027559,
        -0.606299 -1.178419 2.047939,
        -1.393701 -1.178419 2.047939,
        -0.606299 -1.170553 2.066929,
        -1.393701 -1.170553 2.066929,
        -0.606299 -1.158040 2.083237,
        -1.393701 -1.158040 2.083237,
        -0.606299 -1.141732 2.095750,
        -1.393701 -1.141732 2.095750,
        -0.606299 -1.122742 2.103616,
        -1.393701 -1.122742 2.103616,
        -1.393701 1.214382 2.106299,
        -0.606299 1.214382 2.106299,
        -1.393701 1.179319 2.106299,
        -0.606299 1.179319 2.106299,
        -1.393701 1.259843 2.421260,
        -0.606299 1.259843 2.421260,
        -1.393701 1.259843 2.185039,
        -0.606299 1.259843 2.185039,
        -0.606299 -1.102362 2.421260,
        -1.393701 -1.102362 2.421260,
        -1.393701 -1.189969 2.411389,
        -0.606299 -1.189969 2.411389,
        -1.393701 -1.273183 2.382271,
        -0.606299 -1.273183 2.382271,
        -1.393701 -1.347831 2.335367,
        -0.606299 -1.347831 2.335367,
        -1.393701 -1.410170 2.273028,
        -0.606299 -1.410170 2.273028,
        -1.393701 -1.457074 2.198380,
        -0.606299 -1.457074 2.198380,
        -1.393701 -1.486192 2.115166,
        -0.606299 -1.486192 2.115166,
        -1.393701 -1.496063 2.027559,
        -0.606299 -1.496063 2.027559,
        -0.606299 -1.496063 0.551181,
        -1.393701 -1.496063 0.551181,
        -1.393701 -1.486192 0.463574,
        -0.606299 -1.486192 0.463574,
        -1.393701 -1.457074 0.380361,
        -0.606299 -1.457074 0.380361,
        -1.393701 -1.410170 0.305713,
        -0.606299 -1.410170 0.305713,
        -1.393701 -1.347831 0.243373,
        -0.606299 -1.347831 0.243373,
        -1.393701 -1.273183 0.196469,
        -0.606299 -1.273183 0.196469,
        -1.393701 -1.189969 0.167351,
        -0.606299 -1.189969 0.167351,
        -1.393701 -1.102362 0.157480,
        -0.606299 -1.102362 0.157480,
        -1.177165 -0.413386 0.157480,
        -1.177165 -0.236220 0.157480,
        -0.822835 -0.236220 0.157480,
        -0.822835 -0.413386 0.157480,
        -0.606299 -0.629921 0.157480,
        -1.393701 -0.629921 0.157480,
        -0.822835 -0.215841 0.154797,
        -1.177165 -0.215841 0.154797,
        -0.822835 -0.196850 0.146931,
        -1.177165 -0.196850 0.146931,
        -0.822835 -0.180543 0.134418,
        -1.177165 -0.180543 0.134418,
        -0.822835 -0.168030 0.118110,
        -1.177165 -0.168030 0.118110,
        -0.822835 -0.160163 0.099120,
        -1.177165 -0.160163 0.099120,
        -0.606299 0.881890 2.185039,
        -0.606299 1.007874 2.185039,
        -0.606299 -0.629921 2.185039,
        -0.606299 -0.503937 2.185039,
        -0.606299 1.133858 2.185039,
        -0.606299 -0.881890 2.185039,
        -0.606299 -0.755906 2.185039,
        -0.606299 -0.251969 2.185039,
        -0.606299 -0.377953 2.185039,
        -0.606299 -0.125984 2.185039,
        -0.606299 0.000000 2.185039,
        -0.606299 0.125984 2.185039,
        -0.606299 0.251969 2.185039,
        -0.606299 0.377953 2.185039,
        -0.606299 0.503937 2.185039,
        -0.606299 0.629921 2.185039,
        -0.606299 0.755906 2.185039,
        -1.393701 1.007874 2.185039,
        -1.393701 -0.755906 2.185039,
        -1.393701 -0.251969 2.185039,
        -1.393701 -0.377953 2.185039,
        -1.393701 -0.629921 2.185039,
        -1.393701 0.881890 2.185039,
        -1.393701 0.755906 2.185039,
        -1.393701 -0.503937 2.185039,
        -1.393701 -0.881890 2.185039,
        -1.393701 1.133858 2.185039,
        -1.393701 0.503937 2.185039,
        -1.393701 0.629921 2.185039,
        -1.393701 0.377953 2.185039,
        -1.393701 -0.125984 2.185039,
        -1.393701 0.251969 2.185039,
        -1.393701 0.125984 2.185039,
        -1.393701 0.000000 2.185039,
        -0.566929 -0.886211 2.440945,
        -0.291339 -0.886211 3.031496,
        -1.433071 -0.886211 2.440945,
        -1.708661 -0.886211 3.031496,
        -1.433071 -0.886211 1.102362,
        -1.708661 -0.886211 0.708661,
        -0.566929 -0.886211 1.102362,
        -0.291339 -0.886211 0.708661,
        -0.566929 1.042922 2.440945,
        -0.291339 1.042922 3.031496,
        -0.566929 1.042922 1.102362,
        -0.291339 1.042922 0.708661,
        -1.433071 1.042922 1.102362,
        -1.708661 1.042922 0.708661,
        -1.433071 1.042922 2.440945,
        -1.708661 1.042922 3.031496,
        -0.513019 -0.079125 5.433071,
        -1.486981 -0.079125 5.433071,
        -0.515270 -0.085924 5.433071,
        -1.484730 -0.085924 5.433071,
        -1.099888 -0.423614 5.433071,
        -1.033487 -0.432359 5.433071,
        -0.773549 -0.380633 5.433071,
        -1.384913 -0.258976 5.433071,
        -1.337569 -0.306349 5.433071,
        -1.284446 -0.347134 5.433071,
        -0.615087 -0.258976 5.433071,
        -0.574335 -0.205827 5.433071,
        -1.164579 -0.406273 5.433071,
        -1.459128 -0.147812 5.433071,
        -1.425665 -0.205827 5.433071,
        -0.966513 -0.432359 5.433071,
        -0.900112 -0.423614 5.433071,
        -0.835421 -0.406273 5.433071,
        -0.662431 -0.306349 5.433071,
        -1.226451 -0.380633 5.433071,
        -0.540872 -0.147812 5.433071,
        -0.715554 -0.347134 5.433071,
        -1.679404 -0.231962 5.196850,
        -1.671034 -0.252197 5.196850,
        -1.665721 -0.249580 5.249414,
        -1.608427 -0.354854 5.196850,
        -1.562565 -0.414668 5.196850,
        -1.558111 -0.410765 5.249414,
        -1.515221 -0.462041 5.196850,
        -1.493370 -0.483905 5.196850,
        -1.489465 -0.479453 5.249414,
        -1.404035 -0.550268 5.196850,
        -1.330967 -0.592474 5.196850,
        -1.328346 -0.587163 5.249414,
        -1.141529 -0.655879 5.196850,
        -1.048943 -0.668073 5.196850,
        -1.048555 -0.662163 5.249414,
        -0.858471 -0.655879 5.196850,
        -0.854010 -0.655292 5.196850,
        -0.855165 -0.649483 5.249414,
        -0.722578 -0.614663 5.196850,
        -0.669033 -0.592474 5.196850,
        -0.671654 -0.587163 5.249414,
        -0.595965 -0.550268 5.196850,
        -0.584272 -0.543514 5.196850,
        -0.587563 -0.538590 5.249414,
        -0.484779 -0.462041 5.196850,
        -0.437435 -0.414668 5.196850,
        -0.441889 -0.410765 5.249414,
        -0.391573 -0.354854 5.196850,
        -0.377874 -0.336989 5.196850,
        -0.382800 -0.333700 5.249414,
        -1.558313 -0.079125 5.422985,
        -1.592835 -0.079125 5.410113,
        -1.581799 -0.118822 5.409678,
        -1.726118 -0.097771 5.196850,
        -1.708451 -0.161745 5.196850,
        -1.702842 -0.159844 5.249414,
        -0.475788 -0.079125 5.430381,
        -0.465488 -0.102796 5.427148,
        -0.418201 -0.118822 5.409678,
        -0.440228 -0.079125 5.422557,
        -0.458235 -0.079125 5.426519,
        -0.360178 -0.079125 5.381347,
        -0.363054 -0.079125 5.383862,
        -0.375782 -0.133198 5.381535,
        -0.374122 -0.079125 5.391678,
        -0.405863 -0.079125 5.409509,
        -0.335808 -0.079125 5.360035,
        -0.340358 -0.145203 5.344131,
        -0.322060 -0.079125 5.343725,
        -0.312667 -0.079125 5.332582,
        -0.313704 -0.154237 5.299343,
        -0.306642 -0.079125 5.323803,
        -0.297158 -0.159844 5.249414,
        -0.274882 -0.079125 5.249401,
        -0.275070 -0.079125 5.250591,
        -0.277209 -0.079125 5.258857,
        -0.289376 -0.079125 5.292354,
        -0.293094 -0.079125 5.299128,
        -0.268733 -0.079125 5.196850,
        -0.269472 -0.079125 5.215312,
        -0.273882 -0.097771 5.196850,
        -0.291549 -0.161745 5.196850,
        -0.320596 -0.231962 5.196850,
        -1.730896 -0.079125 5.209924,
        -1.731267 -0.079125 5.196850,
        -1.726110 -0.079125 5.245388,
        -1.724937 -0.079125 5.249338,
        -1.715968 -0.079125 5.279550,
        -1.713562 -0.079125 5.285581,
        -1.686296 -0.154237 5.299343,
        -1.706713 -0.079125 5.299051,
        -1.659642 -0.145203 5.344131,
        -1.683980 -0.079125 5.337121,
        -1.697315 -0.079125 5.317535,
        -1.632091 -0.079125 5.387406,
        -1.639636 -0.079125 5.381134,
        -1.624218 -0.133198 5.381535,
        -1.659931 -0.079125 5.364266,
        -1.678060 -0.079125 5.343803,
        -1.625025 -0.079125 5.392243,
        -1.551304 -0.079125 5.424913,
        -1.534512 -0.102796 5.427148,
        -1.541820 -0.079125 5.426636,
        -1.514401 -0.079125 5.431618,
        -0.963074 -0.484810 5.427148,
        -1.036926 -0.484810 5.427148,
        -0.959807 -0.534631 5.409678,
        -1.040193 -0.534631 5.409678,
        -0.956876 -0.579324 5.381535,
        -1.043124 -0.579324 5.381535,
        -0.954429 -0.616648 5.344131,
        -1.045571 -0.616648 5.344131,
        -0.952588 -0.644730 5.299343,
        -1.047412 -0.644730 5.299343,
        -0.951445 -0.662163 5.249414,
        -1.181481 -0.456045 5.427148,
        -1.249708 -0.427772 5.427148,
        -1.197536 -0.503322 5.409678,
        -1.271798 -0.472548 5.409678,
        -1.211939 -0.545731 5.381535,
        -1.291615 -0.512714 5.381535,
        -1.223966 -0.581148 5.344131,
        -1.308165 -0.546257 5.344131,
        -1.233016 -0.607796 5.299343,
        -1.320617 -0.571495 5.299343,
        -1.238633 -0.624339 5.249414,
        -0.328966 -0.252197 5.196850,
        -0.334279 -0.249580 5.249414,
        -0.349952 -0.241859 5.299343,
        -0.375197 -0.229424 5.344131,
        -0.408751 -0.212895 5.381535,
        -0.448929 -0.193103 5.409678,
        -0.493718 -0.171040 5.427148,
        -0.530619 -0.235013 5.427148,
        -0.489094 -0.262736 5.409678,
        -0.451844 -0.287605 5.381535,
        -0.420736 -0.308373 5.344131,
        -0.397330 -0.324000 5.299343,
        -0.455028 -0.399250 5.299343,
        -0.476193 -0.380701 5.344131,
        -0.504323 -0.356048 5.381535,
        -0.538007 -0.326528 5.409678,
        -0.575556 -0.293621 5.427148,
        -0.506630 -0.483905 5.196850,
        -0.510536 -0.479453 5.249414,
        -0.522059 -0.466321 5.299343,
        -0.540620 -0.445168 5.344131,
        -0.565290 -0.417053 5.381535,
        -0.594831 -0.383387 5.409678,
        -0.627761 -0.345859 5.427148,
        -0.686341 -0.390833 5.427148,
        -0.658593 -0.432340 5.409678,
        -0.633701 -0.469575 5.381535,
        -0.612914 -0.500670 5.344131,
        -0.597273 -0.524066 5.299343,
        -0.679383 -0.571495 5.299343,
        -0.691835 -0.546257 5.344131,
        -0.708385 -0.512714 5.381535,
        -0.728202 -0.472548 5.409678,
        -0.750292 -0.427772 5.427148,
        -0.759462 -0.629947 5.196850,
        -0.761367 -0.624339 5.249414,
        -0.766984 -0.607796 5.299343,
        -0.776034 -0.581148 5.344131,
        -0.788061 -0.545731 5.381535,
        -0.802464 -0.503322 5.409678,
        -0.818519 -0.456045 5.427148,
        -0.889853 -0.475167 5.427148,
        -0.880109 -0.524135 5.409678,
        -0.871368 -0.568063 5.381535,
        -0.864068 -0.604747 5.344131,
        -0.858575 -0.632348 5.299343,
        -0.951057 -0.668073 5.196850,
        -1.000000 -0.668073 5.196850,
        -1.145990 -0.655292 5.196850,
        -1.144835 -0.649483 5.249414,
        -1.141425 -0.632348 5.299343,
        -1.135932 -0.604747 5.344131,
        -1.128632 -0.568063 5.381535,
        -1.119891 -0.524135 5.409678,
        -1.110147 -0.475167 5.427148,
        -1.240538 -0.629947 5.196850,
        -1.277422 -0.614663 5.196850,
        -1.415728 -0.543514 5.196850,
        -1.412437 -0.538590 5.249414,
        -1.402727 -0.524066 5.299343,
        -1.387086 -0.500670 5.344131,
        -1.366299 -0.469575 5.381535,
        -1.341407 -0.432340 5.409678,
        -1.313659 -0.390833 5.427148,
        -1.372239 -0.345859 5.427148,
        -1.405169 -0.383387 5.409678,
        -1.434710 -0.417053 5.381535,
        -1.459380 -0.445168 5.344131,
        -1.477941 -0.466321 5.299343,
        -1.544972 -0.399250 5.299343,
        -1.523807 -0.380701 5.344131,
        -1.495677 -0.356048 5.381535,
        -1.461993 -0.326528 5.409678,
        -1.424444 -0.293621 5.427148,
        -1.622126 -0.336989 5.196850,
        -1.617200 -0.333700 5.249414,
        -1.602670 -0.324000 5.299343,
        -1.579264 -0.308373 5.344131,
        -1.548156 -0.287605 5.381535,
        -1.510906 -0.262736 5.409678,
        -1.469381 -0.235013 5.427148,
        -1.506282 -0.171040 5.427148,
        -1.551070 -0.193103 5.409678,
        -1.591249 -0.212895 5.381535,
        -1.624802 -0.229424 5.344131,
        -1.650048 -0.241859 5.299343,
        -1.459128 0.304523 5.433071,
        -1.484730 0.242635 5.433071,
        -0.515270 0.242635 5.433071,
        -1.486981 0.235836 5.433071,
        -0.513019 0.235836 5.433071,
        -0.900112 0.580324 5.433071,
        -0.966513 0.589070 5.433071,
        -1.033487 0.589070 5.433071,
        -1.099888 0.580324 5.433071,
        -1.164579 0.562983 5.433071,
        -0.540872 0.304523 5.433071,
        -0.574335 0.362538 5.433071,
        -0.615087 0.415687 5.433071,
        -1.226451 0.537344 5.433071,
        -1.284446 0.503845 5.433071,
        -1.337569 0.463060 5.433071,
        -1.384913 0.415687 5.433071,
        -1.425665 0.362538 5.433071,
        -0.773549 0.537344 5.433071,
        -0.835421 0.562983 5.433071,
        -0.715554 0.503845 5.433071,
        -0.662431 0.463060 5.433071,
        -0.293387 0.322898 5.196850,
        -0.328966 0.408908 5.196850,
        -0.334279 0.406291 5.249414,
        -0.434884 0.568052 5.196850,
        -0.437435 0.571379 5.196850,
        -0.441889 0.567475 5.249414,
        -0.538543 0.665117 5.196850,
        -0.584272 0.700224 5.196850,
        -0.587563 0.695301 5.249414,
        -0.657606 0.742584 5.196850,
        -0.669033 0.749185 5.196850,
        -0.671654 0.743874 5.249414,
        -0.789616 0.794741 5.196850,
        -0.854010 0.812002 5.196850,
        -0.855165 0.806194 5.249414,
        -0.929042 0.821885 5.196850,
        -0.951057 0.824784 5.196850,
        -0.951445 0.818874 5.249414,
        -1.070958 0.821885 5.196850,
        -1.145990 0.812002 5.196850,
        -1.144835 0.806194 5.249414,
        -1.342394 0.742584 5.196850,
        -1.415728 0.700224 5.196850,
        -1.412437 0.695301 5.249414,
        -1.565116 0.568052 5.196850,
        -1.622126 0.493699 5.196850,
        -1.617200 0.490411 5.249414,
        -1.646426 0.451570 5.196850,
        -1.671034 0.408908 5.196850,
        -1.665721 0.406291 5.249414,
        -1.706613 0.322898 5.196850,
        -1.708451 0.318456 5.196850,
        -1.702842 0.316555 5.249414,
        -0.280374 0.235836 5.269271,
        -0.275444 0.235836 5.249261,
        -0.297158 0.316555 5.249414,
        -0.271854 0.235836 5.234689,
        -0.291549 0.318456 5.196850,
        -0.268744 0.235836 5.199050,
        -0.268733 0.235836 5.196850,
        -0.282521 0.235836 5.275486,
        -0.313704 0.310947 5.299343,
        -0.293194 0.235836 5.299123,
        -0.297308 0.235836 5.308235,
        -0.340358 0.301914 5.344131,
        -0.316883 0.235836 5.338254,
        -0.375782 0.289908 5.381535,
        -0.345635 0.235836 5.369485,
        -0.320711 0.235836 5.343111,
        -0.418201 0.275532 5.409678,
        -0.406433 0.235836 5.409336,
        -0.379471 0.235836 5.395134,
        -0.374244 0.235836 5.391759,
        -0.360445 0.235836 5.381016,
        -0.458116 0.235836 5.426851,
        -0.453427 0.235836 5.426092,
        -0.465488 0.259506 5.427148,
        -0.446923 0.235836 5.424446,
        -0.412081 0.235836 5.412311,
        -0.490472 0.235836 5.432091,
        -1.524210 0.235836 5.430382,
        -1.534512 0.259506 5.427148,
        -1.541791 0.235836 5.426597,
        -1.557562 0.235836 5.423202,
        -1.581799 0.275532 5.409678,
        -1.592064 0.235836 5.410466,
        -1.639742 0.235836 5.381259,
        -1.635192 0.235836 5.385164,
        -1.624218 0.289908 5.381535,
        -1.623984 0.235836 5.392924,
        -1.593704 0.235836 5.409565,
        -1.662632 0.235836 5.361608,
        -1.659642 0.301914 5.344131,
        -1.678113 0.235836 5.343851,
        -1.686296 0.310947 5.299343,
        -1.703408 0.235836 5.306919,
        -1.683980 0.235836 5.337121,
        -1.724536 0.235836 5.249261,
        -1.720101 0.235836 5.267816,
        -1.717902 0.235836 5.274307,
        -1.706861 0.235836 5.299150,
        -1.728417 0.235836 5.233025,
        -1.731267 0.235836 5.196850,
        -1.372239 0.502570 5.427148,
        -1.313659 0.547543 5.427148,
        -1.405169 0.540098 5.409678,
        -1.341407 0.589051 5.409678,
        -1.434710 0.573764 5.381535,
        -1.366299 0.626285 5.381535,
        -1.459380 0.601878 5.344131,
        -1.387086 0.657381 5.344131,
        -1.477941 0.623032 5.299343,
        -1.402727 0.680777 5.299343,
        -1.489465 0.636164 5.249414,
        -1.181481 0.612756 5.427148,
        -1.110147 0.631878 5.427148,
        -1.197536 0.660032 5.409678,
        -1.119891 0.680846 5.409678,
        -1.211939 0.702442 5.381535,
        -1.128632 0.724773 5.381535,
        -1.223966 0.737859 5.344131,
        -1.135932 0.761457 5.344131,
        -1.233016 0.764507 5.299343,
        -1.141425 0.789059 5.299343,
        -1.238633 0.781050 5.249414,
        -0.530619 0.391724 5.427148,
        -0.493718 0.327751 5.427148,
        -0.489094 0.419447 5.409678,
        -0.448929 0.349814 5.409678,
        -0.451844 0.444316 5.381535,
        -0.408751 0.369606 5.381535,
        -0.420736 0.465084 5.344131,
        -0.375197 0.386134 5.344131,
        -0.397330 0.480710 5.299343,
        -0.349952 0.398570 5.299343,
        -0.382800 0.490411 5.249414,
        -1.650048 0.398570 5.299343,
        -1.624802 0.386134 5.344131,
        -1.591249 0.369606 5.381535,
        -1.551070 0.349814 5.409678,
        -1.506282 0.327751 5.427148,
        -1.602670 0.480710 5.299343,
        -1.579264 0.465084 5.344131,
        -1.548156 0.444316 5.381535,
        -1.510906 0.419447 5.409678,
        -1.469381 0.391724 5.427148,
        -1.562565 0.571379 5.196850,
        -1.558111 0.567475 5.249414,
        -1.544972 0.555960 5.299343,
        -1.523807 0.537412 5.344131,
        -1.495677 0.512759 5.381535,
        -1.461993 0.483239 5.409678,
        -1.424444 0.450332 5.427148,
        -1.493370 0.640616 5.196850,
        -1.461457 0.665117 5.196850,
        -1.330967 0.749185 5.196850,
        -1.328346 0.743874 5.249414,
        -1.320617 0.728206 5.299343,
        -1.308165 0.702968 5.344131,
        -1.291615 0.669424 5.381535,
        -1.271798 0.629258 5.409678,
        -1.249708 0.584483 5.427148,
        -1.240538 0.786658 5.196850,
        -1.210384 0.794741 5.196850,
        -1.048943 0.824784 5.196850,
        -1.048555 0.818874 5.249414,
        -1.047412 0.801441 5.299343,
        -1.045571 0.773359 5.344131,
        -1.043124 0.736035 5.381535,
        -1.040193 0.691343 5.409678,
        -1.036926 0.641521 5.427148,
        -0.963074 0.641521 5.427148,
        -0.959807 0.691343 5.409678,
        -0.956876 0.736035 5.381535,
        -0.954429 0.773359 5.344131,
        -0.952588 0.801441 5.299343,
        -0.858575 0.789059 5.299343,
        -0.864068 0.761457 5.344131,
        -0.871368 0.724773 5.381535,
        -0.880109 0.680846 5.409678,
        -0.889853 0.631878 5.427148,
        -0.759462 0.786658 5.196850,
        -0.761367 0.781050 5.249414,
        -0.766984 0.764507 5.299343,
        -0.776034 0.737859 5.344131,
        -0.788061 0.702442 5.381535,
        -0.802464 0.660032 5.409678,
        -0.818519 0.612756 5.427148,
        -0.750292 0.584483 5.427148,
        -0.728202 0.629258 5.409678,
        -0.708385 0.669424 5.381535,
        -0.691835 0.702968 5.344131,
        -0.679383 0.728206 5.299343,
        -0.597273 0.680777 5.299343,
        -0.612914 0.657381 5.344131,
        -0.633701 0.626285 5.381535,
        -0.658593 0.589051 5.409678,
        -0.686341 0.547543 5.427148,
        -0.506630 0.640616 5.196850,
        -0.510536 0.636164 5.249414,
        -0.522059 0.623032 5.299343,
        -0.540620 0.601878 5.344131,
        -0.565290 0.573764 5.381535,
        -0.594831 0.540098 5.409678,
        -0.627761 0.502570 5.427148,
        -0.575556 0.450332 5.427148,
        -0.538007 0.483239 5.409678,
        -0.504323 0.512759 5.381535,
        -0.476193 0.537412 5.344131,
        -0.455028 0.555960 5.299343,
        -0.377874 0.493699 5.196850,
        -0.353574 0.451570 5.196850,
        -0.268733 -0.079125 5.118110,
        -0.272346 -0.095054 4.960630,
        -0.255725 0.003481 4.960630,
        -0.252816 0.042763 5.118110,
        -0.260571 0.184712 4.960630,
        -0.259582 0.184811 5.118110,
        -0.252386 0.103351 4.960630,
        -0.254410 0.042816 4.960630,
        -0.268733 0.235836 5.118110,
        -0.262389 0.202775 4.960630,
        -0.285553 0.299979 4.960630,
        -0.294255 0.322572 4.960630,
        -1.737612 0.202775 4.960630,
        -1.740418 0.184811 5.118110,
        -1.731267 0.235836 5.118110,
        -1.705745 0.322572 4.960630,
        -1.714447 0.299979 4.960630,
        -1.745590 0.042816 4.960630,
        -1.747184 0.042763 5.118110,
        -1.747614 0.103351 4.960630,
        -1.739429 0.184712 4.960630,
        -1.726758 -0.097942 4.960630,
        -1.731267 -0.079125 5.118110,
        -1.727654 -0.095054 4.960630,
        -1.744275 0.003481 4.960630,
        -1.000000 -0.669676 4.960630,
        -1.099703 -0.663002 4.960630,
        -1.141241 -0.654559 4.960630,
        -1.197626 -0.643098 4.960630,
        -1.277733 -0.615282 4.960630,
        -1.292023 -0.610320 4.960630,
        -1.381209 -0.565252 4.960630,
        -1.403667 -0.549836 4.960630,
        -1.463593 -0.508699 4.960630,
        -1.515254 -0.461974 4.960630,
        -1.537703 -0.441670 4.960630,
        -1.602218 -0.365362 4.960630,
        -1.608729 -0.355163 4.960630,
        -1.655986 -0.281135 4.960630,
        -1.678931 -0.231691 4.960630,
        -1.698048 -0.190493 4.960630,
        -0.754627 0.784998 4.960630,
        -0.662630 0.745988 4.960630,
        -0.657426 0.742905 4.960630,
        -1.678533 0.393228 4.960630,
        -1.646512 0.451657 4.960630,
        -1.630510 0.480858 4.960630,
        -1.571236 0.561306 4.960630,
        -1.564928 0.567828 4.960630,
        -1.501768 0.633135 4.960630,
        -1.461368 0.665038 4.960630,
        -1.423346 0.695064 4.960630,
        -1.342574 0.742905 4.960630,
        -1.337370 0.745988 4.960630,
        -1.245373 0.784998 4.960630,
        -1.210336 0.794595 4.960630,
        -1.148997 0.811398 4.960630,
        -1.070956 0.821893 4.960630,
        -1.049963 0.824717 4.960630,
        -0.950037 0.824717 4.960630,
        -0.929044 0.821893 4.960630,
        -0.851003 0.811398 4.960630,
        -0.789664 0.794595 4.960630,
        -0.576654 0.695064 4.960630,
        -0.538632 0.665038 4.960630,
        -0.498232 0.633135 4.960630,
        -0.435072 0.567828 4.960630,
        -0.428764 0.561306 4.960630,
        -0.369490 0.480858 4.960630,
        -0.353488 0.451657 4.960630,
        -0.321467 0.393228 4.960630,
        -0.273242 -0.097942 4.960630,
        -0.301952 -0.190493 4.960630,
        -0.321069 -0.231691 4.960630,
        -0.344014 -0.281135 4.960630,
        -0.536407 -0.508699 4.960630,
        -0.484746 -0.461974 4.960630,
        -0.462297 -0.441670 4.960630,
        -0.397782 -0.365362 4.960630,
        -0.391271 -0.355163 4.960630,
        -0.802374 -0.643098 4.960630,
        -0.722267 -0.615282 4.960630,
        -0.707976 -0.610320 4.960630,
        -0.618791 -0.565252 4.960630,
        -0.596333 -0.549836 4.960630,
        -0.858759 -0.654559 4.960630,
        -0.900297 -0.663002 4.960630,
        -1.290452 -0.606615 4.930061,
        -1.196563 -0.639217 4.930061,
        -1.379158 -0.561789 4.930061,
        -1.461098 -0.505541 4.930061,
        -1.534810 -0.438873 4.930061,
        -1.598978 -0.362974 4.930061,
        -1.652457 -0.279201 4.930061,
        -1.694293 -0.189046 4.930061,
        -1.723739 -0.094120 4.930061,
        -1.740270 0.003883 4.930061,
        -1.743591 0.103217 4.930061,
        -1.733643 0.202106 4.930061,
        -1.710603 0.298787 4.930061,
        -1.674882 0.391534 4.930061,
        -1.627118 0.478693 4.930061,
        -1.568163 0.558707 4.930061,
        -1.499069 0.630150 4.930061,
        -1.421069 0.691746 4.930061,
        -1.335555 0.742396 4.930061,
        -1.244053 0.781196 4.930061,
        -1.148196 0.807454 4.930061,
        -1.049694 0.820701 4.930061,
        -0.950306 0.820701 4.930061,
        -0.851804 0.807454 4.930061,
        -0.755947 0.781196 4.930061,
        -0.664445 0.742396 4.930061,
        -0.578931 0.691746 4.930061,
        -0.500931 0.630150 4.930061,
        -0.431837 0.558707 4.930061,
        -0.372882 0.478693 4.930061,
        -0.325118 0.391534 4.930061,
        -0.289397 0.298787 4.930061,
        -0.266357 0.202106 4.930061,
        -0.256409 0.103217 4.930061,
        -0.259730 0.003883 4.930061,
        -0.276261 -0.094120 4.930061,
        -0.305707 -0.189046 4.930061,
        -0.347543 -0.279201 4.930061,
        -0.401022 -0.362974 4.930061,
        -0.465190 -0.438873 4.930061,
        -0.538902 -0.505541 4.930061,
        -0.620842 -0.561789 4.930061,
        -0.709548 -0.606615 4.930061,
        -0.803437 -0.639217 4.930061,
        -0.900833 -0.659013 4.930061,
        -1.000000 -0.665652 4.930061,
        -1.099167 -0.659013 4.930061,
        -0.902406 -0.647319 4.901575,
        -0.806554 -0.627837 4.901575,
        -0.714154 -0.595752 4.901575,
        -0.626855 -0.551637 4.901575,
        -0.546215 -0.496281 4.901575,
        -0.473672 -0.430670 4.901575,
        -0.410522 -0.355976 4.901575,
        -0.357891 -0.273530 4.901575,
        -0.316718 -0.184806 4.901575,
        -0.287739 -0.091385 4.901575,
        -0.271470 0.005065 4.901575,
        -0.268201 0.102822 4.901575,
        -0.277992 0.200143 4.901575,
        -0.300667 0.295291 4.901575,
        -0.335821 0.386567 4.901575,
        -0.382828 0.472343 4.901575,
        -0.440848 0.551089 4.901575,
        -0.508846 0.621399 4.901575,
        -0.585609 0.682018 4.901575,
        -0.669767 0.731865 4.901575,
        -0.759818 0.770049 4.901575,
        -0.854155 0.795891 4.901575,
        -0.951094 0.808928 4.901575,
        -1.048906 0.808928 4.901575,
        -1.145846 0.795891 4.901575,
        -1.240182 0.770049 4.901575,
        -1.330233 0.731865 4.901575,
        -1.414391 0.682018 4.901575,
        -1.491154 0.621399 4.901575,
        -1.559152 0.551089 4.901575,
        -1.617172 0.472343 4.901575,
        -1.664179 0.386567 4.901575,
        -1.699333 0.295291 4.901575,
        -1.722008 0.200143 4.901575,
        -1.731799 0.102822 4.901575,
        -1.728531 0.005065 4.901575,
        -1.712261 -0.091385 4.901575,
        -1.683282 -0.184806 4.901575,
        -1.642109 -0.273530 4.901575,
        -1.589478 -0.355976 4.901575,
        -1.526328 -0.430670 4.901575,
        -1.453786 -0.496281 4.901575,
        -1.373145 -0.551637 4.901575,
        -1.285846 -0.595752 4.901575,
        -1.193446 -0.627837 4.901575,
        -1.097594 -0.647319 4.901575,
        -1.000000 -0.653852 4.901575,
        -0.904908 -0.628717 4.877113,
        -0.811513 -0.609733 4.877113,
        -0.721481 -0.578471 4.877113,
        -0.636420 -0.535488 4.877113,
        -0.557847 -0.481550 4.877113,
        -0.487164 -0.417621 4.877113,
        -0.425633 -0.344841 4.877113,
        -0.374351 -0.264510 4.877113,
        -0.334233 -0.178060 4.877113,
        -0.305997 -0.087034 4.877113,
        -0.290145 0.006943 4.877113,
        -0.286961 0.102195 4.877113,
        -0.296500 0.197021 4.877113,
        -0.318594 0.289730 4.877113,
        -0.352847 0.378666 4.877113,
        -0.398649 0.462244 4.877113,
        -0.455181 0.538971 4.877113,
        -0.521437 0.607478 4.877113,
        -0.596232 0.666543 4.877113,
        -0.678232 0.715112 4.877113,
        -0.765975 0.752318 4.877113,
        -0.857893 0.777497 4.877113,
        -0.952348 0.790200 4.877113,
        -1.047652 0.790200 4.877113,
        -1.142107 0.777497 4.877113,
        -1.234025 0.752318 4.877113,
        -1.321768 0.715112 4.877113,
        -1.403768 0.666543 4.877113,
        -1.478563 0.607478 4.877113,
        -1.544818 0.538971 4.877113,
        -1.601351 0.462244 4.877113,
        -1.647153 0.378666 4.877113,
        -1.681406 0.289730 4.877113,
        -1.703500 0.197021 4.877113,
        -1.713039 0.102195 4.877113,
        -1.709855 0.006943 4.877113,
        -1.694003 -0.087034 4.877113,
        -1.665766 -0.178060 4.877113,
        -1.625649 -0.264510 4.877113,
        -1.574367 -0.344841 4.877113,
        -1.512836 -0.417621 4.877113,
        -1.442153 -0.481550 4.877113,
        -1.363580 -0.535488 4.877113,
        -1.278519 -0.578471 4.877113,
        -1.188487 -0.609733 4.877113,
        -1.095092 -0.628717 4.877113,
        -1.000000 -0.635082 4.877113,
        -0.908169 -0.604474 4.858344,
        -0.817976 -0.586141 4.858344,
        -0.731031 -0.555951 4.858344,
        -0.648886 -0.514441 4.858344,
        -0.573007 -0.462353 4.858344,
        -0.504748 -0.400616 4.858344,
        -0.445326 -0.330331 4.858344,
        -0.395802 -0.252754 4.858344,
        -0.357061 -0.169268 4.858344,
        -0.329792 -0.081363 4.858344,
        -0.314484 0.009392 4.858344,
        -0.311408 0.101378 4.858344,
        -0.320621 0.192952 4.858344,
        -0.341957 0.282482 4.858344,
        -0.375036 0.368370 4.858344,
        -0.419267 0.449081 4.858344,
        -0.473862 0.523178 4.858344,
        -0.537845 0.589336 4.858344,
        -0.610076 0.646376 4.858344,
        -0.689265 0.693280 4.858344,
        -0.773999 0.729210 4.858344,
        -0.862766 0.753526 4.858344,
        -0.953981 0.765793 4.858344,
        -1.046019 0.765793 4.858344,
        -1.137234 0.753526 4.858344,
        -1.226001 0.729210 4.858344,
        -1.310735 0.693280 4.858344,
        -1.389924 0.646376 4.858344,
        -1.462155 0.589336 4.858344,
        -1.526138 0.523178 4.858344,
        -1.580733 0.449081 4.858344,
        -1.624964 0.368370 4.858344,
        -1.658043 0.282482 4.858344,
        -1.679379 0.192952 4.858344,
        -1.688591 0.101378 4.858344,
        -1.685516 0.009392 4.858344,
        -1.670208 -0.081363 4.858344,
        -1.642939 -0.169268 4.858344,
        -1.604198 -0.252754 4.858344,
        -1.554674 -0.330331 4.858344,
        -1.495252 -0.400616 4.858344,
        -1.426993 -0.462353 4.858344,
        -1.351114 -0.514441 4.858344,
        -1.268969 -0.555951 4.858344,
        -1.182024 -0.586141 4.858344,
        -1.091831 -0.604474 4.858344,
        -1.000000 -0.610621 4.858344,
        -0.911965 -0.576242 4.846544,
        -0.825502 -0.558667 4.846544,
        -0.742152 -0.529725 4.846544,
        -0.663403 -0.489931 4.846544,
        -0.590661 -0.439997 4.846544,
        -0.525224 -0.380813 4.846544,
        -0.468259 -0.313434 4.846544,
        -0.420783 -0.239064 4.846544,
        -0.383643 -0.159030 4.846544,
        -0.357502 -0.074759 4.846544,
        -0.342827 0.012243 4.846544,
        -0.339878 0.100426 4.846544,
        -0.348710 0.188214 4.846544,
        -0.369164 0.274043 4.846544,
        -0.400875 0.356379 4.846544,
        -0.443278 0.433754 4.846544,
        -0.495615 0.504787 4.846544,
        -0.556953 0.568209 4.846544,
        -0.626197 0.622891 4.846544,
        -0.702112 0.667856 4.846544,
        -0.783343 0.702300 4.846544,
        -0.868440 0.725611 4.846544,
        -0.955884 0.737371 4.846544,
        -1.044116 0.737371 4.846544,
        -1.131560 0.725611 4.846544,
        -1.216657 0.702300 4.846544,
        -1.297888 0.667856 4.846544,
        -1.373803 0.622891 4.846544,
        -1.443047 0.568209 4.846544,
        -1.504385 0.504787 4.846544,
        -1.556722 0.433754 4.846544,
        -1.599125 0.356379 4.846544,
        -1.630836 0.274043 4.846544,
        -1.651290 0.188214 4.846544,
        -1.660122 0.100426 4.846544,
        -1.657173 0.012243 4.846544,
        -1.642498 -0.074759 4.846544,
        -1.616357 -0.159030 4.846544,
        -1.579217 -0.239064 4.846544,
        -1.531741 -0.313434 4.846544,
        -1.474776 -0.380813 4.846544,
        -1.409339 -0.439997 4.846544,
        -1.336597 -0.489931 4.846544,
        -1.257848 -0.529725 4.846544,
        -1.174498 -0.558667 4.846544,
        -1.088035 -0.576242 4.846544,
        -1.000000 -0.582135 4.846544,
        -0.916040 -0.545945 4.842519,
        -0.833578 -0.529184 4.842519,
        -0.754085 -0.501581 4.842519,
        -0.678981 -0.463630 4.842519,
        -0.609606 -0.416006 4.842519,
        -0.547198 -0.359561 4.842519,
        -0.492869 -0.295301 4.842519,
        -0.447591 -0.224373 4.842519,
        -0.412170 -0.148043 4.842519,
        -0.387239 -0.067673 4.842519,
        -0.373242 0.015303 4.842519,
        -0.370430 0.099404 4.842519,
        -0.378854 0.183130 4.842519,
        -0.398361 0.264986 4.842519,
        -0.428604 0.343511 4.842519,
        -0.469044 0.417305 4.842519,
        -0.518959 0.485050 4.842519,
        -0.577458 0.545538 4.842519,
        -0.643498 0.597689 4.842519,
        -0.715899 0.640572 4.842519,
        -0.793370 0.673422 4.842519,
        -0.874528 0.695654 4.842519,
        -0.957926 0.706870 4.842519,
        -1.042074 0.706870 4.842519,
        -1.125472 0.695654 4.842519,
        -1.206630 0.673422 4.842519,
        -1.284101 0.640572 4.842519,
        -1.356502 0.597689 4.842519,
        -1.422542 0.545538 4.842519,
        -1.481041 0.485050 4.842519,
        -1.530956 0.417305 4.842519,
        -1.571396 0.343511 4.842519,
        -1.601639 0.264986 4.842519,
        -1.621146 0.183130 4.842519,
        -1.629570 0.099404 4.842519,
        -1.626757 0.015303 4.842519,
        -1.612761 -0.067673 4.842519,
        -1.587830 -0.148043 4.842519,
        -1.552409 -0.224373 4.842519,
        -1.507131 -0.295301 4.842519,
        -1.452802 -0.359561 4.842519,
        -1.390394 -0.416006 4.842519,
        -1.321019 -0.463630 4.842519,
        -1.245915 -0.501581 4.842519,
        -1.166422 -0.529184 4.842519,
        -1.083960 -0.545945 4.842519,
        -1.000000 -0.551566 4.842519,
        -1.278389 0.356744 4.842519,
        -1.340955 0.275206 4.842519,
        -0.803150 0.419310 4.842519,
        -0.898103 0.458641 4.842519,
        -1.101897 0.458641 4.842519,
        -1.000000 0.472056 4.842519,
        -1.196850 0.419310 4.842519,
        -1.380286 0.180253 4.842519,
        -1.393701 0.078356 4.842519,
        -1.380286 -0.023542 4.842519,
        -1.101897 -0.301930 4.842519,
        -1.000000 -0.315345 4.842519,
        -1.340955 -0.118495 4.842519,
        -1.278389 -0.200033 4.842519,
        -1.196850 -0.262600 4.842519,
        -0.898103 -0.301930 4.842519,
        -0.803150 -0.262600 4.842519,
        -0.721611 -0.200033 4.842519,
        -0.619714 -0.023542 4.842519,
        -0.606299 0.078356 4.842519,
        -0.659045 -0.118495 4.842519,
        -0.619714 0.180253 4.842519,
        -0.659045 0.275206 4.842519,
        -0.721611 0.356744 4.842519,
        -0.898103 -0.301930 3.149606,
        -0.803150 -0.262600 3.149606,
        -0.721611 -0.200033 3.149606,
        -0.659045 -0.118495 3.149606,
        -0.619714 -0.023542 3.149606,
        -0.606299 0.078356 3.149606,
        -0.619714 0.180253 3.149606,
        -0.659045 0.275206 3.149606,
        -0.721611 0.356744 3.149606,
        -0.803150 0.419310 3.149606,
        -0.898103 0.458641 3.149606,
        -1.000000 0.472056 3.149606,
        -1.101897 0.458641 3.149606,
        -1.196850 0.419310 3.149606,
        -1.278389 0.356744 3.149606,
        -1.340955 0.275206 3.149606,
        -1.380286 0.180253 3.149606,
        -1.393701 0.078356 3.149606,
        -1.380286 -0.023542 3.149606,
        -1.340955 -0.118495 3.149606,
        -1.278389 -0.200033 3.149606,
        -1.196850 -0.262600 3.149606,
        -1.101897 -0.301930 3.149606,
        -1.000000 -0.315345 3.149606,
        -1.708661 1.038898 3.062065,
        -0.291339 1.038898 3.062065,
        -1.708661 1.027098 3.090551,
        -0.291339 1.027098 3.090551,
        -1.708661 1.008329 3.115013,
        -0.291339 1.008329 3.115013,
        -1.708661 0.983867 3.133782,
        -0.291339 0.983867 3.133782,
        -1.708661 0.955381 3.145582,
        -0.291339 0.955381 3.145582,
        -1.708661 0.924812 3.149606,
        -0.291339 0.924812 3.149606,
        -1.708661 -0.768101 3.149606,
        -0.291339 -0.768101 3.149606,
        -1.708661 -0.798670 3.145582,
        -0.291339 -0.798670 3.145582,
        -1.708661 -0.827156 3.133782,
        -0.291339 -0.827156 3.133782,
        -1.708661 -0.851618 3.115013,
        -0.291339 -0.851618 3.115013,
        -1.708661 -0.870388 3.090551,
        -0.291339 -0.870388 3.090551,
        -1.708661 -0.882187 3.062065,
        -0.291339 -0.882187 3.062065,
        -1.708661 -0.882187 0.678092,
        -0.291339 -0.882187 0.678092,
        -1.708661 -0.870388 0.649606,
        -0.291339 -0.870388 0.649606,
        -1.708661 -0.851618 0.625145,
        -0.291339 -0.851618 0.625145,
        -1.708661 -0.827156 0.606375,
        -0.291339 -0.827156 0.606375,
        -1.708661 -0.798670 0.594576,
        -0.291339 -0.798670 0.594576,
        -1.708661 -0.768101 0.590551,
        -0.291339 -0.768101 0.590551,
        -0.291339 0.924812 0.590551,
        -1.708661 0.924812 0.590551,
        -1.708661 0.955381 0.594576,
        -0.291339 0.955381 0.594576,
        -1.708661 0.983867 0.606375,
        -0.291339 0.983867 0.606375,
        -1.708661 1.008329 0.625145,
        -0.291339 1.008329 0.625145,
        -1.708661 1.027098 0.649606,
        -0.291339 1.027098 0.649606,
        -1.708661 1.038898 0.678092,
        -0.291339 1.038898 0.678092,
      ]
    }
    coordIndex [
      0, 1, 2, -1,
      2, 1, 3, -1,
      2, 3, 4, -1,
      4, 3, 5, -1,
      4, 5, 6, -1,
      6, 5, 7, -1,
      6, 7, 0, -1,
      0, 7, 1, -1,
      8, 9, 10, -1,
      10, 9, 11, -1,
      10, 11, 12, -1,
      12, 11, 13, -1,
      12, 13, 14, -1,
      14, 13, 15, -1,
      14, 15, 8, -1,
      8, 15, 9, -1,
      16, 17, 18, -1,
      18, 19, 16, -1,
      16, 19, 20, -1,
      16, 20, 21, -1,
      22, 23, 16, -1,
      16, 23, 24, -1,
      16, 24, 25, -1,
      21, 26, 16, -1,
      16, 26, 27, -1,
      16, 27, 22, -1,
      25, 28, 16, -1,
      16, 28, 29, -1,
      16, 29, 30, -1,
      31, 32, 33, -1,
      33, 34, 31, -1,
      31, 34, 35, -1,
      31, 35, 16, -1,
      30, 36, 16, -1,
      16, 36, 37, -1,
      16, 37, 31, -1,
      38, 39, 40, -1,
      41, 42, 43, -1,
      44, 45, 46, -1,
      47, 48, 49, -1,
      50, 51, 52, -1,
      53, 54, 55, -1,
      56, 57, 58, -1,
      59, 60, 61, -1,
      62, 63, 64, -1,
      65, 66, 67, -1,
      68, 69, 70, -1,
      71, 72, 73, -1,
      17, 16, 74, -1,
      74, 16, 75, -1,
      76, 77, 75, -1,
      75, 77, 78, -1,
      75, 78, 74, -1,
      79, 80, 81, -1,
      81, 80, 82, -1,
      81, 82, 76, -1,
      76, 82, 83, -1,
      76, 83, 77, -1,
      79, 81, 84, -1,
      84, 81, 85, -1,
      84, 85, 86, -1,
      86, 85, 87, -1,
      87, 85, 88, -1,
      87, 88, 89, -1,
      90, 91, 92, -1,
      92, 93, 90, -1,
      90, 93, 94, -1,
      90, 94, 88, -1,
      88, 94, 95, -1,
      88, 95, 89, -1,
      96, 97, 98, -1,
      98, 97, 91, -1,
      98, 91, 99, -1,
      99, 91, 90, -1,
      99, 90, 100, -1,
      101, 102, 71, -1,
      101, 71, 103, -1,
      103, 71, 104, -1,
      104, 71, 73, -1,
      104, 73, 105, -1,
      105, 73, 106, -1,
      106, 73, 107, -1,
      106, 107, 108, -1,
      109, 110, 107, -1,
      107, 110, 111, -1,
      107, 111, 108, -1,
      112, 113, 114, -1,
      114, 113, 115, -1,
      114, 115, 109, -1,
      109, 115, 116, -1,
      109, 116, 110, -1,
      70, 69, 114, -1,
      114, 69, 117, -1,
      114, 117, 112, -1,
      68, 70, 118, -1,
      118, 70, 119, -1,
      118, 119, 120, -1,
      19, 18, 119, -1,
      119, 18, 121, -1,
      119, 121, 120, -1,
      29, 28, 122, -1,
      122, 28, 123, -1,
      122, 123, 124, -1,
      124, 123, 125, -1,
      124, 125, 126, -1,
      126, 125, 127, -1,
      126, 127, 128, -1,
      128, 127, 129, -1,
      128, 129, 130, -1,
      130, 129, 131, -1,
      130, 131, 132, -1,
      132, 131, 52, -1,
      24, 23, 133, -1,
      133, 23, 134, -1,
      133, 134, 135, -1,
      135, 134, 136, -1,
      135, 136, 137, -1,
      137, 136, 138, -1,
      137, 138, 139, -1,
      139, 138, 140, -1,
      139, 140, 141, -1,
      141, 140, 142, -1,
      141, 142, 143, -1,
      143, 142, 49, -1,
      144, 100, 145, -1,
      145, 100, 90, -1,
      145, 90, 146, -1,
      146, 90, 88, -1,
      146, 88, 147, -1,
      147, 88, 85, -1,
      147, 85, 148, -1,
      148, 85, 81, -1,
      148, 81, 149, -1,
      149, 81, 76, -1,
      149, 76, 150, -1,
      150, 76, 75, -1,
      150, 75, 35, -1,
      35, 75, 16, -1,
      35, 34, 150, -1,
      150, 34, 151, -1,
      150, 151, 149, -1,
      149, 151, 152, -1,
      149, 152, 148, -1,
      148, 152, 153, -1,
      148, 153, 147, -1,
      147, 153, 154, -1,
      147, 154, 146, -1,
      146, 154, 155, -1,
      146, 155, 145, -1,
      145, 155, 67, -1,
      145, 67, 144, -1,
      144, 67, 66, -1,
      63, 65, 64, -1,
      64, 65, 67, -1,
      64, 67, 156, -1,
      156, 67, 155, -1,
      156, 155, 157, -1,
      157, 155, 154, -1,
      157, 154, 158, -1,
      158, 154, 153, -1,
      158, 153, 159, -1,
      159, 153, 152, -1,
      159, 152, 160, -1,
      160, 152, 151, -1,
      160, 151, 33, -1,
      33, 151, 34, -1,
      161, 62, 162, -1,
      162, 62, 64, -1,
      162, 64, 163, -1,
      163, 64, 156, -1,
      163, 156, 164, -1,
      164, 156, 157, -1,
      164, 157, 165, -1,
      165, 157, 158, -1,
      165, 158, 166, -1,
      166, 158, 159, -1,
      166, 159, 167, -1,
      167, 159, 160, -1,
      167, 160, 32, -1,
      32, 160, 33, -1,
      32, 31, 167, -1,
      167, 31, 168, -1,
      167, 168, 166, -1,
      166, 168, 169, -1,
      166, 169, 165, -1,
      165, 169, 170, -1,
      165, 170, 164, -1,
      164, 170, 171, -1,
      164, 171, 163, -1,
      163, 171, 172, -1,
      163, 172, 162, -1,
      162, 172, 61, -1,
      162, 61, 161, -1,
      161, 61, 60, -1,
      57, 59, 58, -1,
      58, 59, 61, -1,
      58, 61, 173, -1,
      173, 61, 172, -1,
      173, 172, 174, -1,
      174, 172, 171, -1,
      174, 171, 175, -1,
      175, 171, 170, -1,
      175, 170, 176, -1,
      176, 170, 169, -1,
      176, 169, 177, -1,
      177, 169, 168, -1,
      177, 168, 37, -1,
      37, 168, 31, -1,
      178, 56, 179, -1,
      179, 56, 58, -1,
      179, 58, 180, -1,
      180, 58, 173, -1,
      180, 173, 181, -1,
      181, 173, 174, -1,
      181, 174, 182, -1,
      182, 174, 175, -1,
      182, 175, 183, -1,
      183, 175, 176, -1,
      183, 176, 184, -1,
      184, 176, 177, -1,
      184, 177, 36, -1,
      36, 177, 37, -1,
      36, 30, 184, -1,
      184, 30, 185, -1,
      184, 185, 183, -1,
      183, 185, 186, -1,
      183, 186, 182, -1,
      182, 186, 187, -1,
      182, 187, 181, -1,
      181, 187, 188, -1,
      181, 188, 180, -1,
      180, 188, 189, -1,
      180, 189, 179, -1,
      179, 189, 55, -1,
      179, 55, 178, -1,
      178, 55, 54, -1,
      190, 53, 132, -1,
      132, 53, 55, -1,
      132, 55, 130, -1,
      130, 55, 189, -1,
      130, 189, 128, -1,
      128, 189, 188, -1,
      128, 188, 126, -1,
      126, 188, 187, -1,
      126, 187, 124, -1,
      124, 187, 186, -1,
      124, 186, 122, -1,
      122, 186, 185, -1,
      122, 185, 29, -1,
      29, 185, 30, -1,
      52, 51, 132, -1,
      132, 51, 191, -1,
      132, 191, 190, -1,
      192, 50, 193, -1,
      193, 50, 52, -1,
      193, 52, 194, -1,
      194, 52, 131, -1,
      194, 131, 195, -1,
      195, 131, 129, -1,
      195, 129, 196, -1,
      196, 129, 127, -1,
      196, 127, 197, -1,
      197, 127, 125, -1,
      197, 125, 198, -1,
      198, 125, 123, -1,
      198, 123, 25, -1,
      25, 123, 28, -1,
      25, 24, 198, -1,
      198, 24, 133, -1,
      198, 133, 197, -1,
      197, 133, 135, -1,
      197, 135, 196, -1,
      196, 135, 137, -1,
      196, 137, 195, -1,
      195, 137, 139, -1,
      195, 139, 194, -1,
      194, 139, 141, -1,
      194, 141, 193, -1,
      193, 141, 143, -1,
      193, 143, 192, -1,
      192, 143, 199, -1,
      49, 48, 143, -1,
      143, 48, 200, -1,
      143, 200, 199, -1,
      201, 47, 202, -1,
      202, 47, 49, -1,
      202, 49, 203, -1,
      203, 49, 142, -1,
      203, 142, 204, -1,
      204, 142, 140, -1,
      204, 140, 205, -1,
      205, 140, 138, -1,
      205, 138, 206, -1,
      206, 138, 136, -1,
      206, 136, 207, -1,
      207, 136, 134, -1,
      207, 134, 22, -1,
      22, 134, 23, -1,
      22, 27, 207, -1,
      207, 27, 208, -1,
      207, 208, 206, -1,
      206, 208, 209, -1,
      206, 209, 205, -1,
      205, 209, 210, -1,
      205, 210, 204, -1,
      204, 210, 211, -1,
      204, 211, 203, -1,
      203, 211, 212, -1,
      203, 212, 202, -1,
      202, 212, 46, -1,
      202, 46, 201, -1,
      201, 46, 45, -1,
      42, 44, 43, -1,
      43, 44, 46, -1,
      43, 46, 213, -1,
      213, 46, 212, -1,
      213, 212, 214, -1,
      214, 212, 211, -1,
      214, 211, 215, -1,
      215, 211, 210, -1,
      215, 210, 216, -1,
      216, 210, 209, -1,
      216, 209, 217, -1,
      217, 209, 208, -1,
      217, 208, 26, -1,
      26, 208, 27, -1,
      218, 41, 219, -1,
      219, 41, 43, -1,
      219, 43, 220, -1,
      220, 43, 213, -1,
      220, 213, 221, -1,
      221, 213, 214, -1,
      221, 214, 222, -1,
      222, 214, 215, -1,
      222, 215, 223, -1,
      223, 215, 216, -1,
      223, 216, 224, -1,
      224, 216, 217, -1,
      224, 217, 21, -1,
      21, 217, 26, -1,
      21, 20, 224, -1,
      224, 20, 225, -1,
      224, 225, 223, -1,
      223, 225, 226, -1,
      223, 226, 222, -1,
      222, 226, 227, -1,
      222, 227, 221, -1,
      221, 227, 228, -1,
      221, 228, 220, -1,
      220, 228, 229, -1,
      220, 229, 219, -1,
      219, 229, 40, -1,
      219, 40, 218, -1,
      218, 40, 39, -1,
      72, 38, 73, -1,
      73, 38, 40, -1,
      73, 40, 107, -1,
      107, 40, 229, -1,
      107, 229, 109, -1,
      109, 229, 228, -1,
      109, 228, 114, -1,
      114, 228, 227, -1,
      114, 227, 70, -1,
      70, 227, 226, -1,
      70, 226, 119, -1,
      119, 226, 225, -1,
      119, 225, 19, -1,
      19, 225, 20, -1,
      230, 231, 232, -1,
      233, 234, 232, -1,
      232, 234, 235, -1,
      232, 235, 236, -1,
      237, 238, 232, -1,
      232, 238, 239, -1,
      232, 239, 230, -1,
      240, 241, 242, -1,
      242, 241, 243, -1,
      242, 243, 244, -1,
      244, 243, 245, -1,
      245, 243, 246, -1,
      245, 246, 247, -1,
      233, 248, 234, -1,
      234, 248, 245, -1,
      234, 245, 249, -1,
      249, 245, 247, -1,
      236, 250, 232, -1,
      232, 250, 251, -1,
      232, 251, 237, -1,
      252, 253, 254, -1,
      255, 256, 257, -1,
      258, 259, 260, -1,
      261, 262, 263, -1,
      264, 265, 266, -1,
      267, 268, 269, -1,
      270, 271, 272, -1,
      273, 274, 275, -1,
      276, 277, 278, -1,
      279, 280, 281, -1,
      282, 283, 284, -1,
      285, 286, 287, -1,
      287, 286, 288, -1,
      287, 288, 289, -1,
      289, 288, 290, -1,
      289, 290, 291, -1,
      285, 287, 292, -1,
      292, 287, 293, -1,
      292, 293, 294, -1,
      294, 293, 295, -1,
      295, 293, 296, -1,
      295, 296, 297, -1,
      298, 299, 296, -1,
      296, 299, 300, -1,
      296, 300, 297, -1,
      301, 302, 298, -1,
      298, 302, 303, -1,
      303, 304, 298, -1,
      298, 304, 305, -1,
      298, 305, 299, -1,
      306, 307, 308, -1,
      308, 307, 309, -1,
      308, 309, 301, -1,
      301, 309, 310, -1,
      301, 310, 302, -1,
      232, 231, 308, -1,
      308, 231, 311, -1,
      308, 311, 306, -1,
      230, 239, 312, -1,
      312, 239, 313, -1,
      312, 313, 314, -1,
      314, 313, 315, -1,
      315, 313, 316, -1,
      315, 316, 317, -1,
      318, 319, 320, -1,
      320, 319, 321, -1,
      320, 321, 316, -1,
      316, 321, 322, -1,
      316, 322, 317, -1,
      318, 320, 323, -1,
      323, 320, 324, -1,
      323, 324, 325, -1,
      326, 327, 324, -1,
      324, 327, 328, -1,
      324, 328, 325, -1,
      329, 330, 284, -1,
      284, 330, 331, -1,
      284, 331, 326, -1,
      326, 331, 332, -1,
      326, 332, 327, -1,
      329, 284, 333, -1,
      333, 284, 283, -1,
      333, 283, 334, -1,
      250, 236, 335, -1,
      335, 236, 336, -1,
      335, 336, 337, -1,
      337, 336, 338, -1,
      337, 338, 339, -1,
      339, 338, 340, -1,
      339, 340, 341, -1,
      341, 340, 342, -1,
      341, 342, 343, -1,
      343, 342, 344, -1,
      343, 344, 345, -1,
      345, 344, 275, -1,
      234, 249, 346, -1,
      346, 249, 347, -1,
      346, 347, 348, -1,
      348, 347, 349, -1,
      348, 349, 350, -1,
      350, 349, 351, -1,
      350, 351, 352, -1,
      352, 351, 353, -1,
      352, 353, 354, -1,
      354, 353, 355, -1,
      354, 355, 356, -1,
      356, 355, 272, -1,
      248, 233, 357, -1,
      357, 233, 358, -1,
      357, 358, 359, -1,
      359, 358, 360, -1,
      359, 360, 361, -1,
      361, 360, 362, -1,
      361, 362, 363, -1,
      363, 362, 364, -1,
      363, 364, 365, -1,
      365, 364, 366, -1,
      365, 366, 367, -1,
      367, 366, 254, -1,
      280, 282, 281, -1,
      281, 282, 284, -1,
      281, 284, 368, -1,
      368, 284, 326, -1,
      368, 326, 369, -1,
      369, 326, 324, -1,
      369, 324, 370, -1,
      370, 324, 320, -1,
      370, 320, 371, -1,
      371, 320, 316, -1,
      371, 316, 372, -1,
      372, 316, 313, -1,
      372, 313, 238, -1,
      238, 313, 239, -1,
      277, 279, 278, -1,
      278, 279, 281, -1,
      278, 281, 373, -1,
      373, 281, 368, -1,
      373, 368, 374, -1,
      374, 368, 369, -1,
      374, 369, 375, -1,
      375, 369, 370, -1,
      375, 370, 376, -1,
      376, 370, 371, -1,
      376, 371, 377, -1,
      377, 371, 372, -1,
      377, 372, 237, -1,
      237, 372, 238, -1,
      378, 276, 379, -1,
      379, 276, 278, -1,
      379, 278, 380, -1,
      380, 278, 373, -1,
      380, 373, 381, -1,
      381, 373, 374, -1,
      381, 374, 382, -1,
      382, 374, 375, -1,
      382, 375, 383, -1,
      383, 375, 376, -1,
      383, 376, 384, -1,
      384, 376, 377, -1,
      384, 377, 251, -1,
      251, 377, 237, -1,
      251, 250, 384, -1,
      384, 250, 335, -1,
      384, 335, 383, -1,
      383, 335, 337, -1,
      383, 337, 382, -1,
      382, 337, 339, -1,
      382, 339, 381, -1,
      381, 339, 341, -1,
      381, 341, 380, -1,
      380, 341, 343, -1,
      380, 343, 379, -1,
      379, 343, 345, -1,
      379, 345, 378, -1,
      378, 345, 385, -1,
      275, 274, 345, -1,
      345, 274, 386, -1,
      345, 386, 385, -1,
      387, 273, 388, -1,
      388, 273, 275, -1,
      388, 275, 389, -1,
      389, 275, 344, -1,
      389, 344, 390, -1,
      390, 344, 342, -1,
      390, 342, 391, -1,
      391, 342, 340, -1,
      391, 340, 392, -1,
      392, 340, 338, -1,
      392, 338, 393, -1,
      393, 338, 336, -1,
      393, 336, 235, -1,
      235, 336, 236, -1,
      235, 234, 393, -1,
      393, 234, 346, -1,
      393, 346, 392, -1,
      392, 346, 348, -1,
      392, 348, 391, -1,
      391, 348, 350, -1,
      391, 350, 390, -1,
      390, 350, 352, -1,
      390, 352, 389, -1,
      389, 352, 354, -1,
      389, 354, 388, -1,
      388, 354, 356, -1,
      388, 356, 387, -1,
      387, 356, 394, -1,
      272, 271, 356, -1,
      356, 271, 395, -1,
      356, 395, 394, -1,
      396, 270, 397, -1,
      397, 270, 272, -1,
      397, 272, 398, -1,
      398, 272, 355, -1,
      398, 355, 399, -1,
      399, 355, 353, -1,
      399, 353, 400, -1,
      400, 353, 351, -1,
      400, 351, 401, -1,
      401, 351, 349, -1,
      401, 349, 402, -1,
      402, 349, 347, -1,
      402, 347, 247, -1,
      247, 347, 249, -1,
      247, 246, 402, -1,
      402, 246, 403, -1,
      402, 403, 401, -1,
      401, 403, 404, -1,
      401, 404, 400, -1,
      400, 404, 405, -1,
      400, 405, 399, -1,
      399, 405, 406, -1,
      399, 406, 398, -1,
      398, 406, 407, -1,
      398, 407, 397, -1,
      397, 407, 269, -1,
      397, 269, 396, -1,
      396, 269, 268, -1,
      265, 267, 266, -1,
      266, 267, 269, -1,
      266, 269, 408, -1,
      408, 269, 407, -1,
      408, 407, 409, -1,
      409, 407, 406, -1,
      409, 406, 410, -1,
      410, 406, 405, -1,
      410, 405, 411, -1,
      411, 405, 404, -1,
      411, 404, 412, -1,
      412, 404, 403, -1,
      412, 403, 243, -1,
      243, 403, 246, -1,
      413, 264, 414, -1,
      414, 264, 266, -1,
      414, 266, 415, -1,
      415, 266, 408, -1,
      415, 408, 416, -1,
      416, 408, 409, -1,
      416, 409, 417, -1,
      417, 409, 410, -1,
      417, 410, 418, -1,
      418, 410, 411, -1,
      418, 411, 419, -1,
      419, 411, 412, -1,
      419, 412, 241, -1,
      241, 412, 243, -1,
      241, 240, 419, -1,
      419, 240, 420, -1,
      419, 420, 418, -1,
      418, 420, 421, -1,
      418, 421, 417, -1,
      417, 421, 422, -1,
      417, 422, 416, -1,
      416, 422, 423, -1,
      416, 423, 415, -1,
      415, 423, 424, -1,
      415, 424, 414, -1,
      414, 424, 263, -1,
      414, 263, 413, -1,
      413, 263, 262, -1,
      259, 261, 260, -1,
      260, 261, 263, -1,
      260, 263, 425, -1,
      425, 263, 424, -1,
      425, 424, 426, -1,
      426, 424, 423, -1,
      426, 423, 427, -1,
      427, 423, 422, -1,
      427, 422, 428, -1,
      428, 422, 421, -1,
      428, 421, 429, -1,
      429, 421, 420, -1,
      429, 420, 242, -1,
      242, 420, 240, -1,
      430, 258, 431, -1,
      431, 258, 260, -1,
      431, 260, 432, -1,
      432, 260, 425, -1,
      432, 425, 433, -1,
      433, 425, 426, -1,
      433, 426, 434, -1,
      434, 426, 427, -1,
      434, 427, 435, -1,
      435, 427, 428, -1,
      435, 428, 436, -1,
      436, 428, 429, -1,
      436, 429, 244, -1,
      244, 429, 242, -1,
      244, 245, 436, -1,
      436, 245, 437, -1,
      436, 437, 435, -1,
      435, 437, 438, -1,
      435, 438, 434, -1,
      434, 438, 439, -1,
      434, 439, 433, -1,
      433, 439, 440, -1,
      433, 440, 432, -1,
      432, 440, 441, -1,
      432, 441, 431, -1,
      431, 441, 257, -1,
      431, 257, 430, -1,
      430, 257, 256, -1,
      442, 255, 367, -1,
      367, 255, 257, -1,
      367, 257, 365, -1,
      365, 257, 441, -1,
      365, 441, 363, -1,
      363, 441, 440, -1,
      363, 440, 361, -1,
      361, 440, 439, -1,
      361, 439, 359, -1,
      359, 439, 438, -1,
      359, 438, 357, -1,
      357, 438, 437, -1,
      357, 437, 248, -1,
      248, 437, 245, -1,
      254, 253, 367, -1,
      367, 253, 443, -1,
      367, 443, 442, -1,
      289, 252, 287, -1,
      287, 252, 254, -1,
      287, 254, 293, -1,
      293, 254, 366, -1,
      293, 366, 296, -1,
      296, 366, 364, -1,
      296, 364, 298, -1,
      298, 364, 362, -1,
      298, 362, 301, -1,
      301, 362, 360, -1,
      301, 360, 308, -1,
      308, 360, 358, -1,
      308, 358, 232, -1,
      232, 358, 233, -1,
      444, 96, 98, -1,
      445, 446, 444, -1,
      444, 446, 447, -1,
      448, 449, 450, -1,
      450, 449, 447, -1,
      450, 447, 451, -1,
      451, 447, 446, -1,
      289, 291, 452, -1,
      448, 453, 449, -1,
      449, 453, 454, -1,
      449, 454, 452, -1,
      452, 454, 455, -1,
      452, 455, 289, -1,
      456, 457, 458, -1,
      334, 459, 458, -1,
      458, 459, 460, -1,
      458, 460, 456, -1,
      461, 462, 463, -1,
      463, 462, 457, -1,
      463, 457, 464, -1,
      464, 457, 456, -1,
      465, 466, 467, -1,
      467, 466, 462, -1,
      467, 462, 468, -1,
      468, 462, 461, -1,
      469, 51, 470, -1,
      470, 51, 50, -1,
      470, 50, 471, -1,
      471, 50, 192, -1,
      471, 192, 472, -1,
      472, 192, 199, -1,
      472, 199, 473, -1,
      473, 199, 200, -1,
      473, 200, 474, -1,
      474, 200, 48, -1,
      474, 48, 475, -1,
      475, 48, 47, -1,
      475, 47, 476, -1,
      476, 47, 201, -1,
      476, 201, 477, -1,
      477, 201, 45, -1,
      477, 45, 478, -1,
      478, 45, 44, -1,
      478, 44, 479, -1,
      479, 44, 42, -1,
      479, 42, 480, -1,
      480, 42, 41, -1,
      480, 41, 481, -1,
      481, 41, 218, -1,
      481, 218, 482, -1,
      482, 218, 39, -1,
      482, 39, 483, -1,
      483, 39, 38, -1,
      483, 38, 484, -1,
      484, 38, 72, -1,
      484, 72, 465, -1,
      465, 72, 71, -1,
      465, 71, 466, -1,
      466, 71, 102, -1,
      485, 262, 486, -1,
      486, 262, 261, -1,
      486, 261, 487, -1,
      334, 283, 459, -1,
      459, 283, 282, -1,
      459, 282, 488, -1,
      488, 282, 280, -1,
      488, 280, 489, -1,
      489, 280, 279, -1,
      489, 279, 490, -1,
      490, 279, 277, -1,
      490, 277, 491, -1,
      491, 277, 276, -1,
      491, 276, 492, -1,
      492, 276, 378, -1,
      492, 378, 493, -1,
      493, 378, 385, -1,
      493, 385, 494, -1,
      494, 385, 386, -1,
      494, 386, 495, -1,
      495, 386, 274, -1,
      495, 274, 496, -1,
      496, 274, 273, -1,
      496, 273, 497, -1,
      497, 273, 387, -1,
      497, 387, 498, -1,
      498, 387, 394, -1,
      498, 394, 499, -1,
      499, 394, 395, -1,
      499, 395, 500, -1,
      500, 395, 271, -1,
      500, 271, 501, -1,
      501, 271, 270, -1,
      501, 270, 502, -1,
      502, 270, 396, -1,
      502, 396, 503, -1,
      503, 396, 268, -1,
      503, 268, 504, -1,
      504, 268, 267, -1,
      504, 267, 505, -1,
      505, 267, 265, -1,
      505, 265, 506, -1,
      506, 265, 264, -1,
      506, 264, 485, -1,
      485, 264, 413, -1,
      485, 413, 262, -1,
      487, 261, 507, -1,
      507, 261, 259, -1,
      507, 259, 508, -1,
      508, 259, 258, -1,
      508, 258, 509, -1,
      258, 430, 509, -1,
      509, 430, 256, -1,
      509, 256, 510, -1,
      510, 256, 255, -1,
      510, 255, 511, -1,
      511, 255, 442, -1,
      511, 442, 512, -1,
      512, 442, 513, -1,
      513, 442, 443, -1,
      513, 443, 514, -1,
      514, 443, 253, -1,
      514, 253, 455, -1,
      455, 253, 252, -1,
      455, 252, 289, -1,
      445, 444, 515, -1,
      515, 444, 98, -1,
      515, 98, 516, -1,
      516, 98, 99, -1,
      516, 99, 517, -1,
      517, 99, 100, -1,
      517, 100, 518, -1,
      519, 520, 62, -1,
      62, 520, 521, -1,
      62, 521, 63, -1,
      63, 521, 522, -1,
      63, 522, 65, -1,
      65, 522, 523, -1,
      65, 523, 66, -1,
      66, 523, 518, -1,
      66, 518, 144, -1,
      144, 518, 100, -1,
      524, 525, 56, -1,
      56, 525, 526, -1,
      56, 526, 57, -1,
      57, 526, 527, -1,
      57, 527, 59, -1,
      59, 527, 528, -1,
      59, 528, 60, -1,
      60, 528, 519, -1,
      60, 519, 161, -1,
      161, 519, 62, -1,
      56, 178, 524, -1,
      524, 178, 54, -1,
      524, 54, 529, -1,
      529, 54, 53, -1,
      529, 53, 530, -1,
      530, 53, 190, -1,
      530, 190, 469, -1,
      469, 190, 191, -1,
      469, 191, 51, -1,
      473, 531, 532, -1,
      473, 474, 531, -1,
      531, 474, 475, -1,
      531, 475, 533, -1,
      533, 475, 476, -1,
      533, 476, 534, -1,
      534, 476, 477, -1,
      534, 477, 535, -1,
      535, 477, 478, -1,
      478, 479, 535, -1,
      535, 479, 480, -1,
      535, 480, 536, -1,
      536, 480, 481, -1,
      536, 481, 537, -1,
      537, 481, 482, -1,
      537, 482, 538, -1,
      538, 482, 483, -1,
      483, 484, 538, -1,
      538, 484, 465, -1,
      538, 465, 539, -1,
      465, 467, 539, -1,
      539, 467, 468, -1,
      539, 468, 540, -1,
      540, 468, 461, -1,
      540, 461, 541, -1,
      541, 461, 463, -1,
      541, 463, 542, -1,
      542, 463, 464, -1,
      464, 456, 542, -1,
      542, 456, 460, -1,
      542, 460, 543, -1,
      543, 460, 459, -1,
      543, 459, 544, -1,
      544, 459, 488, -1,
      544, 488, 545, -1,
      545, 488, 489, -1,
      489, 490, 545, -1,
      545, 490, 491, -1,
      545, 491, 546, -1,
      546, 491, 492, -1,
      546, 492, 547, -1,
      547, 492, 493, -1,
      547, 493, 548, -1,
      548, 493, 494, -1,
      494, 495, 548, -1,
      548, 495, 496, -1,
      548, 496, 549, -1,
      496, 497, 549, -1,
      549, 497, 498, -1,
      549, 498, 550, -1,
      550, 498, 499, -1,
      550, 499, 551, -1,
      551, 499, 500, -1,
      551, 500, 552, -1,
      552, 500, 501, -1,
      501, 502, 552, -1,
      552, 502, 503, -1,
      552, 503, 553, -1,
      553, 503, 504, -1,
      553, 504, 554, -1,
      554, 504, 505, -1,
      554, 505, 555, -1,
      555, 505, 506, -1,
      506, 485, 555, -1,
      555, 485, 486, -1,
      555, 486, 556, -1,
      556, 486, 487, -1,
      556, 487, 557, -1,
      487, 507, 557, -1,
      557, 507, 508, -1,
      557, 508, 558, -1,
      508, 509, 558, -1,
      558, 509, 510, -1,
      558, 510, 559, -1,
      510, 511, 559, -1,
      559, 511, 512, -1,
      559, 512, 560, -1,
      560, 512, 513, -1,
      560, 513, 561, -1,
      561, 513, 514, -1,
      561, 514, 562, -1,
      562, 514, 455, -1,
      455, 454, 562, -1,
      562, 454, 453, -1,
      562, 453, 563, -1,
      563, 453, 448, -1,
      563, 448, 564, -1,
      564, 448, 450, -1,
      564, 450, 565, -1,
      565, 450, 451, -1,
      451, 446, 565, -1,
      565, 446, 445, -1,
      565, 445, 566, -1,
      566, 445, 515, -1,
      566, 515, 567, -1,
      515, 516, 567, -1,
      567, 516, 517, -1,
      567, 517, 568, -1,
      517, 518, 568, -1,
      568, 518, 523, -1,
      568, 523, 569, -1,
      523, 522, 569, -1,
      569, 522, 521, -1,
      569, 521, 570, -1,
      570, 521, 520, -1,
      570, 520, 571, -1,
      571, 520, 519, -1,
      571, 519, 572, -1,
      572, 519, 528, -1,
      528, 527, 572, -1,
      572, 527, 526, -1,
      572, 526, 573, -1,
      573, 526, 525, -1,
      573, 525, 574, -1,
      574, 525, 524, -1,
      574, 524, 575, -1,
      575, 524, 529, -1,
      529, 530, 575, -1,
      575, 530, 469, -1,
      575, 469, 576, -1,
      576, 469, 470, -1,
      576, 470, 577, -1,
      577, 470, 471, -1,
      577, 471, 532, -1,
      532, 471, 472, -1,
      532, 472, 473, -1,
      576, 578, 575, -1,
      575, 578, 579, -1,
      575, 579, 574, -1,
      574, 579, 580, -1,
      574, 580, 573, -1,
      573, 580, 581, -1,
      573, 581, 572, -1,
      572, 581, 582, -1,
      572, 582, 571, -1,
      571, 582, 583, -1,
      571, 583, 570, -1,
      570, 583, 584, -1,
      570, 584, 569, -1,
      569, 584, 585, -1,
      569, 585, 568, -1,
      568, 585, 586, -1,
      568, 586, 567, -1,
      567, 586, 587, -1,
      567, 587, 566, -1,
      566, 587, 588, -1,
      566, 588, 565, -1,
      565, 588, 589, -1,
      565, 589, 564, -1,
      564, 589, 590, -1,
      564, 590, 563, -1,
      563, 590, 591, -1,
      563, 591, 562, -1,
      562, 591, 592, -1,
      562, 592, 561, -1,
      561, 592, 593, -1,
      561, 593, 560, -1,
      560, 593, 594, -1,
      560, 594, 559, -1,
      559, 594, 595, -1,
      559, 595, 558, -1,
      558, 595, 596, -1,
      558, 596, 557, -1,
      557, 596, 597, -1,
      557, 597, 556, -1,
      556, 597, 598, -1,
      556, 598, 555, -1,
      555, 598, 599, -1,
      555, 599, 554, -1,
      554, 599, 600, -1,
      554, 600, 553, -1,
      553, 600, 601, -1,
      553, 601, 552, -1,
      552, 601, 602, -1,
      552, 602, 551, -1,
      551, 602, 603, -1,
      551, 603, 550, -1,
      550, 603, 604, -1,
      550, 604, 549, -1,
      549, 604, 605, -1,
      549, 605, 548, -1,
      548, 605, 606, -1,
      548, 606, 547, -1,
      547, 606, 607, -1,
      547, 607, 546, -1,
      546, 607, 608, -1,
      546, 608, 545, -1,
      545, 608, 609, -1,
      545, 609, 544, -1,
      544, 609, 610, -1,
      544, 610, 543, -1,
      543, 610, 611, -1,
      543, 611, 542, -1,
      542, 611, 612, -1,
      542, 612, 541, -1,
      541, 612, 613, -1,
      541, 613, 540, -1,
      540, 613, 614, -1,
      540, 614, 539, -1,
      539, 614, 615, -1,
      539, 615, 538, -1,
      538, 615, 616, -1,
      538, 616, 537, -1,
      537, 616, 617, -1,
      537, 617, 536, -1,
      536, 617, 618, -1,
      536, 618, 535, -1,
      535, 618, 619, -1,
      535, 619, 534, -1,
      534, 619, 620, -1,
      534, 620, 533, -1,
      533, 620, 621, -1,
      533, 621, 531, -1,
      531, 621, 622, -1,
      531, 622, 532, -1,
      532, 622, 623, -1,
      532, 623, 577, -1,
      577, 623, 624, -1,
      577, 624, 576, -1,
      576, 624, 578, -1,
      624, 625, 578, -1,
      578, 625, 626, -1,
      578, 626, 579, -1,
      579, 626, 627, -1,
      579, 627, 580, -1,
      580, 627, 628, -1,
      580, 628, 581, -1,
      581, 628, 629, -1,
      581, 629, 582, -1,
      582, 629, 630, -1,
      582, 630, 583, -1,
      583, 630, 631, -1,
      583, 631, 584, -1,
      584, 631, 632, -1,
      584, 632, 585, -1,
      585, 632, 633, -1,
      585, 633, 586, -1,
      586, 633, 634, -1,
      586, 634, 587, -1,
      587, 634, 635, -1,
      587, 635, 588, -1,
      588, 635, 636, -1,
      588, 636, 589, -1,
      589, 636, 637, -1,
      589, 637, 590, -1,
      590, 637, 638, -1,
      590, 638, 591, -1,
      591, 638, 639, -1,
      591, 639, 592, -1,
      592, 639, 640, -1,
      592, 640, 593, -1,
      593, 640, 641, -1,
      593, 641, 594, -1,
      594, 641, 642, -1,
      594, 642, 595, -1,
      595, 642, 643, -1,
      595, 643, 596, -1,
      596, 643, 644, -1,
      596, 644, 597, -1,
      597, 644, 645, -1,
      597, 645, 598, -1,
      598, 645, 646, -1,
      598, 646, 599, -1,
      599, 646, 647, -1,
      599, 647, 600, -1,
      600, 647, 648, -1,
      600, 648, 601, -1,
      601, 648, 649, -1,
      601, 649, 602, -1,
      602, 649, 650, -1,
      602, 650, 603, -1,
      603, 650, 651, -1,
      603, 651, 604, -1,
      604, 651, 652, -1,
      604, 652, 605, -1,
      605, 652, 653, -1,
      605, 653, 606, -1,
      606, 653, 654, -1,
      606, 654, 607, -1,
      607, 654, 655, -1,
      607, 655, 608, -1,
      608, 655, 656, -1,
      608, 656, 609, -1,
      609, 656, 657, -1,
      609, 657, 610, -1,
      610, 657, 658, -1,
      610, 658, 611, -1,
      611, 658, 659, -1,
      611, 659, 612, -1,
      612, 659, 660, -1,
      612, 660, 613, -1,
      613, 660, 661, -1,
      613, 661, 614, -1,
      614, 661, 662, -1,
      614, 662, 615, -1,
      615, 662, 663, -1,
      615, 663, 616, -1,
      616, 663, 664, -1,
      616, 664, 617, -1,
      617, 664, 665, -1,
      617, 665, 618, -1,
      618, 665, 666, -1,
      618, 666, 619, -1,
      619, 666, 667, -1,
      619, 667, 620, -1,
      620, 667, 668, -1,
      620, 668, 621, -1,
      621, 668, 669, -1,
      621, 669, 622, -1,
      622, 669, 670, -1,
      622, 670, 623, -1,
      623, 670, 671, -1,
      623, 671, 624, -1,
      624, 671, 625, -1,
      671, 672, 625, -1,
      625, 672, 673, -1,
      625, 673, 626, -1,
      626, 673, 674, -1,
      626, 674, 627, -1,
      627, 674, 675, -1,
      627, 675, 628, -1,
      628, 675, 676, -1,
      628, 676, 629, -1,
      629, 676, 677, -1,
      629, 677, 630, -1,
      630, 677, 678, -1,
      630, 678, 631, -1,
      631, 678, 679, -1,
      631, 679, 632, -1,
      632, 679, 680, -1,
      632, 680, 633, -1,
      633, 680, 681, -1,
      633, 681, 634, -1,
      634, 681, 682, -1,
      634, 682, 635, -1,
      635, 682, 683, -1,
      635, 683, 636, -1,
      636, 683, 684, -1,
      636, 684, 637, -1,
      637, 684, 685, -1,
      637, 685, 638, -1,
      638, 685, 686, -1,
      638, 686, 639, -1,
      639, 686, 687, -1,
      639, 687, 640, -1,
      640, 687, 688, -1,
      640, 688, 641, -1,
      641, 688, 689, -1,
      641, 689, 642, -1,
      642, 689, 690, -1,
      642, 690, 643, -1,
      643, 690, 691, -1,
      643, 691, 644, -1,
      644, 691, 692, -1,
      644, 692, 645, -1,
      645, 692, 693, -1,
      645, 693, 646, -1,
      646, 693, 694, -1,
      646, 694, 647, -1,
      647, 694, 695, -1,
      647, 695, 648, -1,
      648, 695, 696, -1,
      648, 696, 649, -1,
      649, 696, 697, -1,
      649, 697, 650, -1,
      650, 697, 698, -1,
      650, 698, 651, -1,
      651, 698, 699, -1,
      651, 699, 652, -1,
      652, 699, 700, -1,
      652, 700, 653, -1,
      653, 700, 701, -1,
      653, 701, 654, -1,
      654, 701, 702, -1,
      654, 702, 655, -1,
      655, 702, 703, -1,
      655, 703, 656, -1,
      656, 703, 704, -1,
      656, 704, 657, -1,
      657, 704, 705, -1,
      657, 705, 658, -1,
      658, 705, 706, -1,
      658, 706, 659, -1,
      659, 706, 707, -1,
      659, 707, 660, -1,
      660, 707, 708, -1,
      660, 708, 661, -1,
      661, 708, 709, -1,
      661, 709, 662, -1,
      662, 709, 710, -1,
      662, 710, 663, -1,
      663, 710, 711, -1,
      663, 711, 664, -1,
      664, 711, 712, -1,
      664, 712, 665, -1,
      665, 712, 713, -1,
      665, 713, 666, -1,
      666, 713, 714, -1,
      666, 714, 667, -1,
      667, 714, 715, -1,
      667, 715, 668, -1,
      668, 715, 716, -1,
      668, 716, 669, -1,
      669, 716, 717, -1,
      669, 717, 670, -1,
      670, 717, 718, -1,
      670, 718, 671, -1,
      671, 718, 672, -1,
      718, 719, 672, -1,
      672, 719, 720, -1,
      672, 720, 673, -1,
      673, 720, 721, -1,
      673, 721, 674, -1,
      674, 721, 722, -1,
      674, 722, 675, -1,
      675, 722, 723, -1,
      675, 723, 676, -1,
      676, 723, 724, -1,
      676, 724, 677, -1,
      677, 724, 725, -1,
      677, 725, 678, -1,
      678, 725, 726, -1,
      678, 726, 679, -1,
      679, 726, 727, -1,
      679, 727, 680, -1,
      680, 727, 728, -1,
      680, 728, 681, -1,
      681, 728, 729, -1,
      681, 729, 682, -1,
      682, 729, 730, -1,
      682, 730, 683, -1,
      683, 730, 731, -1,
      683, 731, 684, -1,
      684, 731, 732, -1,
      684, 732, 685, -1,
      685, 732, 733, -1,
      685, 733, 686, -1,
      686, 733, 734, -1,
      686, 734, 687, -1,
      687, 734, 735, -1,
      687, 735, 688, -1,
      688, 735, 736, -1,
      688, 736, 689, -1,
      689, 736, 737, -1,
      689, 737, 690, -1,
      690, 737, 738, -1,
      690, 738, 691, -1,
      691, 738, 739, -1,
      691, 739, 692, -1,
      692, 739, 740, -1,
      692, 740, 693, -1,
      693, 740, 741, -1,
      693, 741, 694, -1,
      694, 741, 742, -1,
      694, 742, 695, -1,
      695, 742, 743, -1,
      695, 743, 696, -1,
      696, 743, 744, -1,
      696, 744, 697, -1,
      697, 744, 745, -1,
      697, 745, 698, -1,
      698, 745, 746, -1,
      698, 746, 699, -1,
      699, 746, 747, -1,
      699, 747, 700, -1,
      700, 747, 748, -1,
      700, 748, 701, -1,
      701, 748, 749, -1,
      701, 749, 702, -1,
      702, 749, 750, -1,
      702, 750, 703, -1,
      703, 750, 751, -1,
      703, 751, 704, -1,
      704, 751, 752, -1,
      704, 752, 705, -1,
      705, 752, 753, -1,
      705, 753, 706, -1,
      706, 753, 754, -1,
      706, 754, 707, -1,
      707, 754, 755, -1,
      707, 755, 708, -1,
      708, 755, 756, -1,
      708, 756, 709, -1,
      709, 756, 757, -1,
      709, 757, 710, -1,
      710, 757, 758, -1,
      710, 758, 711, -1,
      711, 758, 759, -1,
      711, 759, 712, -1,
      712, 759, 760, -1,
      712, 760, 713, -1,
      713, 760, 761, -1,
      713, 761, 714, -1,
      714, 761, 762, -1,
      714, 762, 715, -1,
      715, 762, 763, -1,
      715, 763, 716, -1,
      716, 763, 764, -1,
      716, 764, 717, -1,
      717, 764, 765, -1,
      717, 765, 718, -1,
      718, 765, 719, -1,
      765, 766, 719, -1,
      719, 766, 767, -1,
      719, 767, 720, -1,
      720, 767, 768, -1,
      720, 768, 721, -1,
      721, 768, 769, -1,
      721, 769, 722, -1,
      722, 769, 770, -1,
      722, 770, 723, -1,
      723, 770, 771, -1,
      723, 771, 724, -1,
      724, 771, 772, -1,
      724, 772, 725, -1,
      725, 772, 773, -1,
      725, 773, 726, -1,
      726, 773, 774, -1,
      726, 774, 727, -1,
      727, 774, 775, -1,
      727, 775, 728, -1,
      728, 775, 776, -1,
      728, 776, 729, -1,
      729, 776, 777, -1,
      729, 777, 730, -1,
      730, 777, 778, -1,
      730, 778, 731, -1,
      731, 778, 779, -1,
      731, 779, 732, -1,
      732, 779, 780, -1,
      732, 780, 733, -1,
      733, 780, 781, -1,
      733, 781, 734, -1,
      734, 781, 782, -1,
      734, 782, 735, -1,
      735, 782, 783, -1,
      735, 783, 736, -1,
      736, 783, 784, -1,
      736, 784, 737, -1,
      737, 784, 785, -1,
      737, 785, 738, -1,
      738, 785, 786, -1,
      738, 786, 739, -1,
      739, 786, 787, -1,
      739, 787, 740, -1,
      740, 787, 788, -1,
      740, 788, 741, -1,
      741, 788, 789, -1,
      741, 789, 742, -1,
      742, 789, 790, -1,
      742, 790, 743, -1,
      743, 790, 791, -1,
      743, 791, 744, -1,
      744, 791, 792, -1,
      744, 792, 745, -1,
      745, 792, 793, -1,
      745, 793, 746, -1,
      746, 793, 794, -1,
      746, 794, 747, -1,
      747, 794, 795, -1,
      747, 795, 748, -1,
      748, 795, 796, -1,
      748, 796, 749, -1,
      749, 796, 797, -1,
      749, 797, 750, -1,
      750, 797, 798, -1,
      750, 798, 751, -1,
      751, 798, 799, -1,
      751, 799, 752, -1,
      752, 799, 800, -1,
      752, 800, 753, -1,
      753, 800, 801, -1,
      753, 801, 754, -1,
      754, 801, 802, -1,
      754, 802, 755, -1,
      755, 802, 803, -1,
      755, 803, 756, -1,
      756, 803, 804, -1,
      756, 804, 757, -1,
      757, 804, 805, -1,
      757, 805, 758, -1,
      758, 805, 806, -1,
      758, 806, 759, -1,
      759, 806, 807, -1,
      759, 807, 760, -1,
      760, 807, 808, -1,
      760, 808, 761, -1,
      761, 808, 809, -1,
      761, 809, 762, -1,
      762, 809, 810, -1,
      762, 810, 763, -1,
      763, 810, 811, -1,
      763, 811, 764, -1,
      764, 811, 812, -1,
      764, 812, 765, -1,
      765, 812, 766, -1,
      795, 813, 814, -1,
      815, 789, 816, -1,
      816, 789, 788, -1,
      816, 788, 817, -1,
      801, 818, 819, -1,
      820, 791, 815, -1,
      815, 791, 790, -1,
      815, 790, 789, -1,
      795, 794, 813, -1,
      813, 794, 793, -1,
      813, 793, 820, -1,
      820, 793, 792, -1,
      820, 792, 791, -1,
      821, 797, 814, -1,
      814, 797, 796, -1,
      814, 796, 795, -1,
      801, 800, 818, -1,
      818, 800, 799, -1,
      818, 799, 821, -1,
      821, 799, 798, -1,
      821, 798, 797, -1,
      822, 803, 819, -1,
      819, 803, 802, -1,
      819, 802, 801, -1,
      823, 805, 822, -1,
      822, 805, 804, -1,
      822, 804, 803, -1,
      811, 824, 825, -1,
      826, 807, 823, -1,
      823, 807, 806, -1,
      823, 806, 805, -1,
      811, 810, 824, -1,
      824, 810, 809, -1,
      824, 809, 826, -1,
      826, 809, 808, -1,
      826, 808, 807, -1,
      827, 766, 825, -1,
      825, 766, 812, -1,
      825, 812, 811, -1,
      828, 768, 827, -1,
      827, 768, 767, -1,
      827, 767, 766, -1,
      829, 830, 784, -1,
      831, 770, 828, -1,
      828, 770, 769, -1,
      828, 769, 768, -1,
      832, 833, 776, -1,
      788, 787, 817, -1,
      817, 787, 786, -1,
      817, 786, 830, -1,
      830, 786, 785, -1,
      830, 785, 784, -1,
      834, 772, 831, -1,
      831, 772, 771, -1,
      831, 771, 770, -1,
      776, 775, 832, -1,
      832, 775, 774, -1,
      832, 774, 834, -1,
      834, 774, 773, -1,
      834, 773, 772, -1,
      835, 778, 833, -1,
      833, 778, 777, -1,
      833, 777, 776, -1,
      836, 780, 835, -1,
      835, 780, 779, -1,
      835, 779, 778, -1,
      784, 783, 829, -1,
      829, 783, 782, -1,
      829, 782, 836, -1,
      836, 782, 781, -1,
      836, 781, 780, -1,
      825, 837, 827, -1,
      827, 837, 838, -1,
      827, 838, 828, -1,
      828, 838, 839, -1,
      828, 839, 831, -1,
      831, 839, 840, -1,
      831, 840, 834, -1,
      834, 840, 841, -1,
      834, 841, 832, -1,
      832, 841, 842, -1,
      832, 842, 833, -1,
      833, 842, 843, -1,
      833, 843, 835, -1,
      835, 843, 844, -1,
      835, 844, 836, -1,
      836, 844, 845, -1,
      836, 845, 829, -1,
      829, 845, 846, -1,
      829, 846, 830, -1,
      830, 846, 847, -1,
      830, 847, 817, -1,
      817, 847, 848, -1,
      817, 848, 816, -1,
      816, 848, 849, -1,
      816, 849, 815, -1,
      815, 849, 850, -1,
      815, 850, 820, -1,
      820, 850, 851, -1,
      820, 851, 813, -1,
      813, 851, 852, -1,
      813, 852, 814, -1,
      814, 852, 853, -1,
      814, 853, 821, -1,
      821, 853, 854, -1,
      821, 854, 818, -1,
      818, 854, 855, -1,
      818, 855, 819, -1,
      819, 855, 856, -1,
      819, 856, 822, -1,
      822, 856, 857, -1,
      822, 857, 823, -1,
      823, 857, 858, -1,
      823, 858, 826, -1,
      826, 858, 859, -1,
      826, 859, 824, -1,
      824, 859, 860, -1,
      824, 860, 825, -1,
      825, 860, 837, -1,
      110, 116, 444, -1,
      118, 120, 113, -1,
      110, 444, 111, -1,
      117, 69, 68, -1,
      116, 115, 444, -1,
      444, 115, 113, -1,
      444, 113, 96, -1,
      96, 113, 97, -1,
      17, 74, 78, -1,
      466, 102, 444, -1,
      444, 102, 101, -1,
      105, 106, 444, -1,
      444, 106, 108, -1,
      444, 108, 111, -1,
      118, 113, 68, -1,
      68, 113, 112, -1,
      68, 112, 117, -1,
      83, 82, 113, -1,
      84, 86, 113, -1,
      113, 86, 87, -1,
      113, 87, 89, -1,
      89, 95, 113, -1,
      113, 95, 94, -1,
      113, 94, 93, -1,
      93, 92, 113, -1,
      113, 92, 91, -1,
      113, 91, 97, -1,
      101, 103, 444, -1,
      444, 103, 104, -1,
      444, 104, 105, -1,
      82, 80, 113, -1,
      113, 80, 79, -1,
      113, 79, 84, -1,
      120, 121, 113, -1,
      113, 121, 18, -1,
      113, 18, 17, -1,
      17, 78, 113, -1,
      113, 78, 77, -1,
      113, 77, 83, -1,
      452, 291, 458, -1,
      458, 291, 290, -1,
      294, 458, 292, -1,
      292, 458, 285, -1,
      307, 306, 458, -1,
      323, 325, 458, -1,
      290, 288, 458, -1,
      458, 288, 286, -1,
      458, 286, 285, -1,
      294, 295, 458, -1,
      458, 295, 297, -1,
      458, 297, 300, -1,
      302, 458, 303, -1,
      303, 458, 304, -1,
      330, 329, 325, -1,
      300, 299, 458, -1,
      458, 299, 305, -1,
      458, 305, 304, -1,
      306, 311, 458, -1,
      458, 311, 231, -1,
      458, 231, 230, -1,
      328, 327, 332, -1,
      302, 310, 458, -1,
      458, 310, 309, -1,
      458, 309, 307, -1,
      230, 312, 458, -1,
      458, 312, 314, -1,
      458, 314, 315, -1,
      329, 333, 325, -1,
      325, 333, 334, -1,
      325, 334, 458, -1,
      315, 317, 458, -1,
      458, 317, 322, -1,
      458, 322, 321, -1,
      321, 319, 458, -1,
      458, 319, 318, -1,
      458, 318, 323, -1,
      328, 332, 325, -1,
      325, 332, 331, -1,
      325, 331, 330, -1,
      466, 444, 462, -1,
      462, 444, 447, -1,
      462, 447, 457, -1,
      457, 447, 449, -1,
      457, 449, 458, -1,
      458, 449, 452, -1,
      9, 15, 861, -1,
      9, 861, 862, -1,
      862, 861, 863, -1,
      862, 863, 864, -1,
      864, 863, 865, -1,
      864, 865, 866, -1,
      866, 865, 867, -1,
      866, 867, 868, -1,
      868, 867, 869, -1,
      868, 869, 870, -1,
      870, 869, 871, -1,
      870, 871, 872, -1,
      841, 873, 842, -1,
      842, 873, 872, -1,
      858, 857, 874, -1,
      874, 857, 856, -1,
      871, 852, 851, -1,
      841, 840, 873, -1,
      873, 840, 839, -1,
      873, 839, 838, -1,
      838, 837, 873, -1,
      873, 837, 860, -1,
      873, 860, 874, -1,
      874, 860, 859, -1,
      874, 859, 858, -1,
      856, 855, 874, -1,
      874, 855, 854, -1,
      874, 854, 871, -1,
      871, 854, 853, -1,
      871, 853, 852, -1,
      847, 846, 872, -1,
      872, 846, 845, -1,
      851, 850, 871, -1,
      871, 850, 849, -1,
      871, 849, 872, -1,
      872, 849, 848, -1,
      872, 848, 847, -1,
      845, 844, 872, -1,
      872, 844, 843, -1,
      872, 843, 842, -1,
      873, 874, 875, -1,
      873, 875, 876, -1,
      876, 875, 877, -1,
      876, 877, 878, -1,
      878, 877, 879, -1,
      878, 879, 880, -1,
      880, 879, 881, -1,
      880, 881, 882, -1,
      882, 881, 883, -1,
      882, 883, 884, -1,
      884, 883, 3, -1,
      884, 3, 1, -1,
      7, 5, 885, -1,
      7, 885, 886, -1,
      886, 885, 887, -1,
      886, 887, 888, -1,
      888, 887, 889, -1,
      888, 889, 890, -1,
      890, 889, 891, -1,
      890, 891, 892, -1,
      892, 891, 893, -1,
      892, 893, 894, -1,
      894, 893, 895, -1,
      894, 895, 896, -1,
      897, 896, 898, -1,
      898, 896, 895, -1,
      897, 898, 899, -1,
      897, 899, 900, -1,
      900, 899, 901, -1,
      900, 901, 902, -1,
      902, 901, 903, -1,
      902, 903, 904, -1,
      904, 903, 905, -1,
      904, 905, 906, -1,
      906, 905, 907, -1,
      906, 907, 908, -1,
      908, 907, 13, -1,
      908, 13, 11, -1,
      908, 11, 897, -1,
      873, 896, 872, -1,
      872, 896, 897, -1,
      878, 880, 882, -1,
      900, 902, 904, -1,
      7, 896, 1, -1,
      1, 896, 873, -1,
      1, 873, 884, -1,
      897, 11, 872, -1,
      872, 11, 9, -1,
      872, 9, 870, -1,
      864, 866, 868, -1,
      884, 873, 882, -1,
      882, 873, 876, -1,
      882, 876, 878, -1,
      888, 890, 892, -1,
      900, 904, 897, -1,
      897, 904, 906, -1,
      897, 906, 908, -1,
      7, 886, 896, -1,
      896, 886, 888, -1,
      896, 888, 894, -1,
      894, 888, 892, -1,
      870, 9, 868, -1,
      868, 9, 862, -1,
      868, 862, 864, -1,
      874, 871, 898, -1,
      891, 889, 887, -1,
      898, 895, 874, -1,
      874, 895, 5, -1,
      874, 5, 3, -1,
      895, 893, 5, -1,
      5, 893, 891, -1,
      5, 891, 885, -1,
      885, 891, 887, -1,
      881, 879, 877, -1,
      867, 15, 869, -1,
      869, 15, 871, -1,
      871, 15, 898, -1,
      898, 15, 13, -1,
      898, 13, 899, -1,
      907, 905, 903, -1,
      3, 883, 874, -1,
      874, 883, 881, -1,
      874, 881, 875, -1,
      875, 881, 877, -1,
      865, 863, 867, -1,
      867, 863, 861, -1,
      867, 861, 15, -1,
      907, 903, 13, -1,
      13, 903, 901, -1,
      13, 901, 899, -1,
      2, 14, 0, -1,
      0, 14, 8, -1,
      12, 4, 10, -1,
      10, 4, 6, -1,
      12, 14, 4, -1,
      4, 14, 2, -1,
      8, 10, 0, -1,
      0, 10, 6, -1,
      909, 910, 911, -1,
      911, 910, 912, -1,
      913, 914, 915, -1,
      915, 914, 916, -1,
      917, 918, 919, -1,
      919, 918, 920, -1,
      921, 922, 923, -1,
      923, 922, 924, -1,
      925, 926, 927, -1,
      927, 926, 928, -1,
      929, 930, 931, -1,
      931, 930, 932, -1,
      933, 934, 935, -1,
      935, 934, 936, -1,
      937, 938, 939, -1,
      939, 938, 940, -1,
      941, 942, 943, -1,
      943, 942, 944, -1,
      945, 946, 947, -1,
      947, 946, 948, -1,
      949, 950, 951, -1,
      951, 950, 952, -1,
      953, 954, 955, -1,
      955, 954, 956, -1,
      957, 958, 959, -1,
      959, 958, 960, -1,
      961, 962, 963, -1,
      963, 962, 964, -1,
      965, 966, 967, -1,
      967, 966, 968, -1,
      969, 970, 971, -1,
      971, 970, 972, -1,
      973, 974, 975, -1,
      975, 974, 976, -1,
      977, 978, 979, -1,
      979, 978, 980, -1,
      979, 980, 981, -1,
      981, 980, 982, -1,
      981, 982, 983, -1,
      983, 982, 984, -1,
      983, 984, 985, -1,
      985, 984, 986, -1,
      985, 986, 987, -1,
      987, 986, 988, -1,
      987, 988, 989, -1,
      987, 989, 990, -1,
      990, 989, 991, -1,
      990, 991, 992, -1,
      992, 991, 993, -1,
      992, 993, 994, -1,
      994, 993, 995, -1,
      994, 995, 996, -1,
      996, 995, 997, -1,
      996, 997, 998, -1,
      998, 997, 999, -1,
      998, 999, 1000, -1,
      1000, 999, 1001, -1,
      1000, 1001, 1002, -1,
      1003, 1002, 1001, -1,
      1001, 1004, 1003, -1,
      1003, 1004, 1005, -1,
      1003, 1005, 1006, -1,
      1006, 1005, 1007, -1,
      1006, 1007, 1008, -1,
      1008, 1007, 1009, -1,
      1009, 1007, 1010, -1,
      1009, 1010, 1011, -1,
      1011, 1010, 1012, -1,
      1011, 1012, 1013, -1,
      1013, 1012, 1014, -1,
      1013, 1014, 1015, -1,
      1015, 1014, 1016, -1,
      1015, 1016, 1017, -1,
      1017, 1016, 1018, -1,
      1017, 1018, 1019, -1,
      1019, 1018, 1020, -1,
      1021, 1019, 1022, -1,
      1022, 1019, 1020, -1,
      1021, 1022, 1023, -1,
      1023, 1022, 1024, -1,
      1023, 1024, 1025, -1,
      1025, 1024, 1026, -1,
      1025, 1026, 1027, -1,
      1027, 1026, 1028, -1,
      1027, 1028, 1029, -1,
      1029, 1028, 1030, -1,
      1029, 1030, 1031, -1,
      1031, 1030, 1032, -1,
      1031, 1032, 973, -1,
      973, 1032, 974, -1,
      1033, 1034, 1035, -1,
      1035, 1034, 1036, -1,
      1037, 1038, 1039, -1,
      1039, 1038, 1040, -1,
      1041, 1038, 1042, -1,
      1042, 1038, 1037, -1,
      1041, 1042, 1043, -1,
      1041, 1043, 1044, -1,
      1044, 1043, 1045, -1,
      1044, 1045, 1046, -1,
      1046, 1045, 1047, -1,
      1046, 1047, 1048, -1,
      1048, 1047, 1049, -1,
      1048, 1049, 1050, -1,
      1050, 1049, 1051, -1,
      1050, 1051, 1052, -1,
      1052, 1051, 1053, -1,
      1052, 1053, 1054, -1,
      1054, 1053, 1055, -1,
      1054, 1055, 1056, -1,
      1057, 1056, 1058, -1,
      1058, 1056, 1055, -1,
      1057, 1058, 1059, -1,
      1057, 1059, 1060, -1,
      1060, 1059, 1061, -1,
      1060, 1061, 1062, -1,
      1062, 1061, 1063, -1,
      1062, 1063, 1064, -1,
      1064, 1063, 1065, -1,
      1064, 1065, 1066, -1,
      1066, 1065, 1067, -1,
      1066, 1067, 1068, -1,
      1068, 1067, 1069, -1,
      1068, 1069, 1070, -1,
      1070, 1069, 1071, -1,
      1070, 1071, 1072, -1,
      1073, 1074, 1075, -1,
      1075, 1076, 1073, -1,
      1073, 1076, 1077, -1,
      1073, 1077, 1078, -1,
      1078, 1077, 1072, -1,
      1078, 1072, 1071, -1,
      1075, 1074, 1079, -1,
      1079, 1074, 1080, -1,
      1079, 1080, 1081, -1,
      1081, 1080, 1082, -1,
      1081, 1082, 1083, -1,
      1083, 1082, 1084, -1,
      1083, 1084, 1085, -1,
      1085, 1084, 1086, -1,
      1085, 1086, 1087, -1,
      1087, 1086, 1088, -1,
      1087, 1088, 977, -1,
      977, 1088, 978, -1,
      913, 915, 1089, -1,
      1089, 915, 1090, -1,
      1090, 909, 911, -1,
      961, 963, 1091, -1,
      1091, 963, 1092, -1,
      1036, 1034, 1093, -1,
      1093, 1034, 1040, -1,
      1093, 1040, 1038, -1,
      969, 971, 1094, -1,
      1094, 971, 1095, -1,
      1094, 1095, 1041, -1,
      965, 967, 1095, -1,
      1095, 967, 1091, -1,
      1095, 1091, 1041, -1,
      1041, 1091, 1092, -1,
      1096, 949, 951, -1,
      975, 1094, 973, -1,
      973, 1094, 1041, -1,
      973, 1041, 1031, -1,
      1031, 1041, 1044, -1,
      1031, 1044, 1029, -1,
      953, 955, 1097, -1,
      1097, 955, 1096, -1,
      957, 959, 1092, -1,
      1092, 959, 1097, -1,
      1092, 1097, 1041, -1,
      1041, 1097, 1096, -1,
      1041, 1096, 1098, -1,
      1098, 1096, 951, -1,
      1077, 1006, 1072, -1,
      1072, 1006, 1008, -1,
      1072, 1008, 1070, -1,
      1070, 1008, 1009, -1,
      1070, 1009, 1068, -1,
      1068, 1009, 1011, -1,
      1068, 1011, 1066, -1,
      1066, 1011, 1013, -1,
      1044, 1046, 1029, -1,
      1029, 1046, 1048, -1,
      1029, 1048, 1027, -1,
      1027, 1048, 1050, -1,
      1027, 1050, 1025, -1,
      1025, 1050, 1052, -1,
      1025, 1052, 1023, -1,
      1023, 1052, 1054, -1,
      1023, 1054, 1021, -1,
      1021, 1054, 1056, -1,
      1021, 1056, 1019, -1,
      1019, 1056, 1057, -1,
      1019, 1057, 1017, -1,
      1017, 1057, 1060, -1,
      1017, 1060, 1015, -1,
      1015, 1060, 1062, -1,
      1015, 1062, 1013, -1,
      1013, 1062, 1064, -1,
      1013, 1064, 1066, -1,
      941, 943, 1099, -1,
      1099, 943, 1100, -1,
      1101, 933, 935, -1,
      937, 939, 1100, -1,
      1100, 939, 1101, -1,
      945, 947, 1098, -1,
      1098, 947, 1099, -1,
      1098, 1099, 1041, -1,
      1041, 1099, 1100, -1,
      1041, 1100, 1038, -1,
      1038, 1100, 1101, -1,
      1038, 1101, 1102, -1,
      1102, 1101, 935, -1,
      925, 927, 1103, -1,
      1103, 927, 1104, -1,
      1104, 921, 923, -1,
      929, 931, 1102, -1,
      1102, 931, 1103, -1,
      1102, 1103, 1038, -1,
      1038, 1103, 1104, -1,
      1038, 1104, 1105, -1,
      1105, 1104, 923, -1,
      917, 919, 1105, -1,
      1105, 919, 1089, -1,
      1105, 1089, 1038, -1,
      1038, 1089, 1090, -1,
      1038, 1090, 1093, -1,
      1093, 1090, 911, -1,
      1106, 916, 914, -1,
      1107, 972, 970, -1,
      956, 954, 1108, -1,
      1108, 954, 1109, -1,
      1108, 1109, 1042, -1,
      968, 966, 1110, -1,
      1110, 966, 1107, -1,
      920, 918, 1111, -1,
      1111, 918, 1112, -1,
      1111, 1112, 1037, -1,
      960, 958, 1109, -1,
      1109, 958, 1113, -1,
      1109, 1113, 1042, -1,
      964, 962, 1113, -1,
      1113, 962, 1110, -1,
      1113, 1110, 1042, -1,
      1042, 1110, 1107, -1,
      1042, 1107, 1114, -1,
      1114, 1107, 970, -1,
      912, 910, 1115, -1,
      1115, 910, 1106, -1,
      1033, 1035, 1039, -1,
      1039, 1035, 1115, -1,
      1039, 1115, 1037, -1,
      1037, 1115, 1106, -1,
      1037, 1106, 1111, -1,
      1111, 1106, 914, -1,
      1116, 932, 930, -1,
      928, 926, 1117, -1,
      1117, 926, 1116, -1,
      1114, 976, 1042, -1,
      1042, 976, 974, -1,
      1042, 974, 1043, -1,
      1043, 974, 1032, -1,
      1043, 1032, 1045, -1,
      1045, 1032, 1030, -1,
      1045, 1030, 1047, -1,
      1047, 1030, 1028, -1,
      924, 922, 1112, -1,
      1112, 922, 1117, -1,
      1112, 1117, 1037, -1,
      1037, 1117, 1116, -1,
      1037, 1116, 1118, -1,
      1118, 1116, 930, -1,
      1012, 1065, 1014, -1,
      1014, 1065, 1063, -1,
      1014, 1063, 1016, -1,
      1016, 1063, 1061, -1,
      1016, 1061, 1018, -1,
      1018, 1061, 1059, -1,
      1018, 1059, 1020, -1,
      1020, 1059, 1058, -1,
      1020, 1058, 1022, -1,
      1022, 1058, 1055, -1,
      1022, 1055, 1024, -1,
      1024, 1055, 1053, -1,
      1024, 1053, 1026, -1,
      1026, 1053, 1051, -1,
      1026, 1051, 1028, -1,
      1028, 1051, 1049, -1,
      1028, 1049, 1047, -1,
      1005, 1078, 1007, -1,
      1007, 1078, 1071, -1,
      1007, 1071, 1010, -1,
      1010, 1071, 1069, -1,
      1010, 1069, 1012, -1,
      1012, 1069, 1067, -1,
      1012, 1067, 1065, -1,
      1119, 952, 950, -1,
      940, 938, 1120, -1,
      1120, 938, 1121, -1,
      936, 934, 1118, -1,
      1118, 934, 1120, -1,
      1118, 1120, 1037, -1,
      1037, 1120, 1121, -1,
      1037, 1121, 1042, -1,
      948, 946, 1122, -1,
      1122, 946, 1119, -1,
      944, 942, 1121, -1,
      1121, 942, 1122, -1,
      1121, 1122, 1042, -1,
      1042, 1122, 1119, -1,
      1042, 1119, 1108, -1,
      1108, 1119, 950, -1,
      986, 980, 988, -1,
      988, 980, 978, -1,
      988, 978, 989, -1,
      989, 978, 1088, -1,
      989, 1088, 991, -1,
      991, 1088, 1086, -1,
      991, 1086, 993, -1,
      993, 1086, 1084, -1,
      1073, 1004, 1074, -1,
      1074, 1004, 1001, -1,
      1074, 1001, 1080, -1,
      1080, 1001, 999, -1,
      1080, 999, 1082, -1,
      1082, 999, 997, -1,
      1082, 997, 1084, -1,
      1084, 997, 995, -1,
      1084, 995, 993, -1,
      1073, 1078, 1004, -1,
      1004, 1078, 1005, -1,
      1003, 1076, 1002, -1,
      1002, 1076, 1075, -1,
      1002, 1075, 1000, -1,
      1000, 1075, 1079, -1,
      1000, 1079, 998, -1,
      998, 1079, 1081, -1,
      998, 1081, 996, -1,
      996, 1081, 1083, -1,
      996, 1083, 994, -1,
      994, 1083, 1085, -1,
      979, 985, 977, -1,
      977, 985, 987, -1,
      977, 987, 1087, -1,
      1087, 987, 990, -1,
      1087, 990, 1085, -1,
      1085, 990, 992, -1,
      1085, 992, 994, -1,
      1077, 1076, 1006, -1,
      1006, 1076, 1003, -1,
      983, 985, 981, -1,
      981, 985, 979, -1,
      982, 980, 984, -1,
      984, 980, 986, -1,
      1033, 1039, 1034, -1,
      1034, 1039, 1040, -1,
      1094, 1114, 969, -1,
      969, 1114, 970, -1,
      1114, 1094, 976, -1,
      976, 1094, 975, -1,
      1095, 1107, 965, -1,
      965, 1107, 966, -1,
      1107, 1095, 972, -1,
      972, 1095, 971, -1,
      1091, 1110, 961, -1,
      961, 1110, 962, -1,
      1110, 1091, 968, -1,
      968, 1091, 967, -1,
      1092, 1113, 957, -1,
      957, 1113, 958, -1,
      1113, 1092, 964, -1,
      964, 1092, 963, -1,
      1097, 1109, 953, -1,
      953, 1109, 954, -1,
      1109, 1097, 960, -1,
      960, 1097, 959, -1,
      1096, 1108, 949, -1,
      949, 1108, 950, -1,
      1108, 1096, 956, -1,
      956, 1096, 955, -1,
      1098, 1119, 945, -1,
      945, 1119, 946, -1,
      1119, 1098, 952, -1,
      952, 1098, 951, -1,
      1099, 1122, 941, -1,
      941, 1122, 942, -1,
      1122, 1099, 948, -1,
      948, 1099, 947, -1,
      1100, 1121, 937, -1,
      937, 1121, 938, -1,
      1121, 1100, 944, -1,
      944, 1100, 943, -1,
      1101, 1120, 933, -1,
      933, 1120, 934, -1,
      1120, 1101, 940, -1,
      940, 1101, 939, -1,
      1102, 1118, 929, -1,
      929, 1118, 930, -1,
      1118, 1102, 936, -1,
      936, 1102, 935, -1,
      1103, 1116, 925, -1,
      925, 1116, 926, -1,
      1116, 1103, 932, -1,
      932, 1103, 931, -1,
      1104, 1117, 921, -1,
      921, 1117, 922, -1,
      1117, 1104, 928, -1,
      928, 1104, 927, -1,
      1105, 1112, 917, -1,
      917, 1112, 918, -1,
      1112, 1105, 924, -1,
      924, 1105, 923, -1,
      1089, 1111, 913, -1,
      913, 1111, 914, -1,
      1111, 1089, 920, -1,
      920, 1089, 919, -1,
      1090, 1106, 909, -1,
      909, 1106, 910, -1,
      1106, 1090, 916, -1,
      916, 1090, 915, -1,
      1115, 1093, 912, -1,
      912, 1093, 911, -1,
      1093, 1115, 1036, -1,
      1036, 1115, 1035, -1,
      1123, 1124, 1125, -1,
      1125, 1124, 1126, -1,
      1127, 1128, 1129, -1,
      1129, 1128, 1130, -1,
      1131, 1132, 1133, -1,
      1133, 1132, 1134, -1,
      1135, 1136, 1137, -1,
      1137, 1136, 1138, -1,
      1139, 1140, 1141, -1,
      1141, 1140, 1142, -1,
      1143, 1144, 1145, -1,
      1145, 1144, 1146, -1,
      1147, 1148, 1149, -1,
      1149, 1148, 1150, -1,
      1151, 1152, 1153, -1,
      1153, 1152, 1154, -1,
      1155, 1156, 1157, -1,
      1157, 1156, 1158, -1,
      1159, 1160, 1161, -1,
      1161, 1160, 1162, -1,
      1163, 1164, 1165, -1,
      1165, 1164, 1166, -1,
      1167, 1168, 1169, -1,
      1169, 1168, 1170, -1,
      1171, 1172, 1173, -1,
      1173, 1172, 1174, -1,
      1175, 1176, 1177, -1,
      1177, 1176, 1178, -1,
      1179, 1180, 1181, -1,
      1181, 1180, 1182, -1,
      1183, 1184, 1185, -1,
      1185, 1184, 1186, -1,
      1187, 1188, 1189, -1,
      1189, 1188, 1190, -1,
      1191, 1192, 1193, -1,
      1193, 1192, 1194, -1,
      1193, 1194, 1195, -1,
      1195, 1194, 1196, -1,
      1195, 1196, 1197, -1,
      1197, 1196, 1198, -1,
      1197, 1198, 1199, -1,
      1199, 1198, 1200, -1,
      1199, 1200, 1201, -1,
      1201, 1200, 1202, -1,
      1201, 1202, 1203, -1,
      1201, 1203, 1204, -1,
      1204, 1203, 1205, -1,
      1204, 1205, 1206, -1,
      1206, 1205, 1207, -1,
      1206, 1207, 1208, -1,
      1208, 1207, 1209, -1,
      1208, 1209, 1210, -1,
      1210, 1209, 1211, -1,
      1210, 1211, 1212, -1,
      1212, 1211, 1213, -1,
      1212, 1213, 1214, -1,
      1214, 1213, 1215, -1,
      1214, 1215, 1216, -1,
      1217, 1216, 1215, -1,
      1215, 1218, 1217, -1,
      1217, 1218, 1219, -1,
      1217, 1219, 1220, -1,
      1220, 1219, 1221, -1,
      1220, 1221, 1222, -1,
      1222, 1221, 1223, -1,
      1223, 1221, 1224, -1,
      1223, 1224, 1225, -1,
      1225, 1224, 1226, -1,
      1225, 1226, 1227, -1,
      1227, 1226, 1228, -1,
      1227, 1228, 1229, -1,
      1229, 1228, 1230, -1,
      1229, 1230, 1231, -1,
      1231, 1230, 1232, -1,
      1231, 1232, 1233, -1,
      1233, 1232, 1234, -1,
      1235, 1233, 1236, -1,
      1236, 1233, 1234, -1,
      1235, 1236, 1237, -1,
      1237, 1236, 1238, -1,
      1237, 1238, 1239, -1,
      1239, 1238, 1240, -1,
      1239, 1240, 1241, -1,
      1241, 1240, 1242, -1,
      1241, 1242, 1243, -1,
      1243, 1242, 1244, -1,
      1243, 1244, 1245, -1,
      1245, 1244, 1246, -1,
      1245, 1246, 1187, -1,
      1187, 1246, 1188, -1,
      1247, 1248, 1249, -1,
      1249, 1248, 1250, -1,
      1251, 1252, 1253, -1,
      1253, 1252, 1254, -1,
      1255, 1252, 1256, -1,
      1256, 1252, 1251, -1,
      1255, 1256, 1257, -1,
      1255, 1257, 1258, -1,
      1258, 1257, 1259, -1,
      1258, 1259, 1260, -1,
      1260, 1259, 1261, -1,
      1260, 1261, 1262, -1,
      1262, 1261, 1263, -1,
      1262, 1263, 1264, -1,
      1264, 1263, 1265, -1,
      1264, 1265, 1266, -1,
      1266, 1265, 1267, -1,
      1266, 1267, 1268, -1,
      1268, 1267, 1269, -1,
      1268, 1269, 1270, -1,
      1271, 1270, 1272, -1,
      1272, 1270, 1269, -1,
      1271, 1272, 1273, -1,
      1271, 1273, 1274, -1,
      1274, 1273, 1275, -1,
      1274, 1275, 1276, -1,
      1276, 1275, 1277, -1,
      1276, 1277, 1278, -1,
      1278, 1277, 1279, -1,
      1278, 1279, 1280, -1,
      1280, 1279, 1281, -1,
      1280, 1281, 1282, -1,
      1282, 1281, 1283, -1,
      1282, 1283, 1284, -1,
      1284, 1283, 1285, -1,
      1284, 1285, 1286, -1,
      1287, 1288, 1289, -1,
      1289, 1290, 1287, -1,
      1287, 1290, 1291, -1,
      1287, 1291, 1292, -1,
      1292, 1291, 1286, -1,
      1292, 1286, 1285, -1,
      1289, 1288, 1293, -1,
      1293, 1288, 1294, -1,
      1293, 1294, 1295, -1,
      1295, 1294, 1296, -1,
      1295, 1296, 1297, -1,
      1297, 1296, 1298, -1,
      1297, 1298, 1299, -1,
      1299, 1298, 1300, -1,
      1299, 1300, 1301, -1,
      1301, 1300, 1302, -1,
      1301, 1302, 1191, -1,
      1191, 1302, 1192, -1,
      1127, 1129, 1303, -1,
      1303, 1129, 1304, -1,
      1304, 1123, 1125, -1,
      1175, 1177, 1305, -1,
      1305, 1177, 1306, -1,
      1250, 1248, 1307, -1,
      1307, 1248, 1254, -1,
      1307, 1254, 1252, -1,
      1183, 1185, 1308, -1,
      1308, 1185, 1309, -1,
      1308, 1309, 1255, -1,
      1179, 1181, 1309, -1,
      1309, 1181, 1305, -1,
      1309, 1305, 1255, -1,
      1255, 1305, 1306, -1,
      1310, 1163, 1165, -1,
      1189, 1308, 1187, -1,
      1187, 1308, 1255, -1,
      1187, 1255, 1245, -1,
      1245, 1255, 1258, -1,
      1245, 1258, 1243, -1,
      1167, 1169, 1311, -1,
      1311, 1169, 1310, -1,
      1171, 1173, 1306, -1,
      1306, 1173, 1311, -1,
      1306, 1311, 1255, -1,
      1255, 1311, 1310, -1,
      1255, 1310, 1312, -1,
      1312, 1310, 1165, -1,
      1291, 1220, 1286, -1,
      1286, 1220, 1222, -1,
      1286, 1222, 1284, -1,
      1284, 1222, 1223, -1,
      1284, 1223, 1282, -1,
      1282, 1223, 1225, -1,
      1282, 1225, 1280, -1,
      1280, 1225, 1227, -1,
      1258, 1260, 1243, -1,
      1243, 1260, 1262, -1,
      1243, 1262, 1241, -1,
      1241, 1262, 1264, -1,
      1241, 1264, 1239, -1,
      1239, 1264, 1266, -1,
      1239, 1266, 1237, -1,
      1237, 1266, 1268, -1,
      1237, 1268, 1235, -1,
      1235, 1268, 1270, -1,
      1235, 1270, 1233, -1,
      1233, 1270, 1271, -1,
      1233, 1271, 1231, -1,
      1231, 1271, 1274, -1,
      1231, 1274, 1229, -1,
      1229, 1274, 1276, -1,
      1229, 1276, 1227, -1,
      1227, 1276, 1278, -1,
      1227, 1278, 1280, -1,
      1155, 1157, 1313, -1,
      1313, 1157, 1314, -1,
      1315, 1147, 1149, -1,
      1151, 1153, 1314, -1,
      1314, 1153, 1315, -1,
      1159, 1161, 1312, -1,
      1312, 1161, 1313, -1,
      1312, 1313, 1255, -1,
      1255, 1313, 1314, -1,
      1255, 1314, 1252, -1,
      1252, 1314, 1315, -1,
      1252, 1315, 1316, -1,
      1316, 1315, 1149, -1,
      1139, 1141, 1317, -1,
      1317, 1141, 1318, -1,
      1318, 1135, 1137, -1,
      1143, 1145, 1316, -1,
      1316, 1145, 1317, -1,
      1316, 1317, 1252, -1,
      1252, 1317, 1318, -1,
      1252, 1318, 1319, -1,
      1319, 1318, 1137, -1,
      1131, 1133, 1319, -1,
      1319, 1133, 1303, -1,
      1319, 1303, 1252, -1,
      1252, 1303, 1304, -1,
      1252, 1304, 1307, -1,
      1307, 1304, 1125, -1,
      1320, 1130, 1128, -1,
      1321, 1186, 1184, -1,
      1170, 1168, 1322, -1,
      1322, 1168, 1323, -1,
      1322, 1323, 1256, -1,
      1182, 1180, 1324, -1,
      1324, 1180, 1321, -1,
      1134, 1132, 1325, -1,
      1325, 1132, 1326, -1,
      1325, 1326, 1251, -1,
      1174, 1172, 1323, -1,
      1323, 1172, 1327, -1,
      1323, 1327, 1256, -1,
      1178, 1176, 1327, -1,
      1327, 1176, 1324, -1,
      1327, 1324, 1256, -1,
      1256, 1324, 1321, -1,
      1256, 1321, 1328, -1,
      1328, 1321, 1184, -1,
      1126, 1124, 1329, -1,
      1329, 1124, 1320, -1,
      1247, 1249, 1253, -1,
      1253, 1249, 1329, -1,
      1253, 1329, 1251, -1,
      1251, 1329, 1320, -1,
      1251, 1320, 1325, -1,
      1325, 1320, 1128, -1,
      1330, 1146, 1144, -1,
      1142, 1140, 1331, -1,
      1331, 1140, 1330, -1,
      1328, 1190, 1256, -1,
      1256, 1190, 1188, -1,
      1256, 1188, 1257, -1,
      1257, 1188, 1246, -1,
      1257, 1246, 1259, -1,
      1259, 1246, 1244, -1,
      1259, 1244, 1261, -1,
      1261, 1244, 1242, -1,
      1138, 1136, 1326, -1,
      1326, 1136, 1331, -1,
      1326, 1331, 1251, -1,
      1251, 1331, 1330, -1,
      1251, 1330, 1332, -1,
      1332, 1330, 1144, -1,
      1226, 1279, 1228, -1,
      1228, 1279, 1277, -1,
      1228, 1277, 1230, -1,
      1230, 1277, 1275, -1,
      1230, 1275, 1232, -1,
      1232, 1275, 1273, -1,
      1232, 1273, 1234, -1,
      1234, 1273, 1272, -1,
      1234, 1272, 1236, -1,
      1236, 1272, 1269, -1,
      1236, 1269, 1238, -1,
      1238, 1269, 1267, -1,
      1238, 1267, 1240, -1,
      1240, 1267, 1265, -1,
      1240, 1265, 1242, -1,
      1242, 1265, 1263, -1,
      1242, 1263, 1261, -1,
      1219, 1292, 1221, -1,
      1221, 1292, 1285, -1,
      1221, 1285, 1224, -1,
      1224, 1285, 1283, -1,
      1224, 1283, 1226, -1,
      1226, 1283, 1281, -1,
      1226, 1281, 1279, -1,
      1333, 1166, 1164, -1,
      1154, 1152, 1334, -1,
      1334, 1152, 1335, -1,
      1150, 1148, 1332, -1,
      1332, 1148, 1334, -1,
      1332, 1334, 1251, -1,
      1251, 1334, 1335, -1,
      1251, 1335, 1256, -1,
      1162, 1160, 1336, -1,
      1336, 1160, 1333, -1,
      1158, 1156, 1335, -1,
      1335, 1156, 1336, -1,
      1335, 1336, 1256, -1,
      1256, 1336, 1333, -1,
      1256, 1333, 1322, -1,
      1322, 1333, 1164, -1,
      1200, 1194, 1202, -1,
      1202, 1194, 1192, -1,
      1202, 1192, 1203, -1,
      1203, 1192, 1302, -1,
      1203, 1302, 1205, -1,
      1205, 1302, 1300, -1,
      1205, 1300, 1207, -1,
      1207, 1300, 1298, -1,
      1287, 1218, 1288, -1,
      1288, 1218, 1215, -1,
      1288, 1215, 1294, -1,
      1294, 1215, 1213, -1,
      1294, 1213, 1296, -1,
      1296, 1213, 1211, -1,
      1296, 1211, 1298, -1,
      1298, 1211, 1209, -1,
      1298, 1209, 1207, -1,
      1287, 1292, 1218, -1,
      1218, 1292, 1219, -1,
      1217, 1290, 1216, -1,
      1216, 1290, 1289, -1,
      1216, 1289, 1214, -1,
      1214, 1289, 1293, -1,
      1214, 1293, 1212, -1,
      1212, 1293, 1295, -1,
      1212, 1295, 1210, -1,
      1210, 1295, 1297, -1,
      1210, 1297, 1208, -1,
      1208, 1297, 1299, -1,
      1193, 1199, 1191, -1,
      1191, 1199, 1201, -1,
      1191, 1201, 1301, -1,
      1301, 1201, 1204, -1,
      1301, 1204, 1299, -1,
      1299, 1204, 1206, -1,
      1299, 1206, 1208, -1,
      1291, 1290, 1220, -1,
      1220, 1290, 1217, -1,
      1197, 1199, 1195, -1,
      1195, 1199, 1193, -1,
      1196, 1194, 1198, -1,
      1198, 1194, 1200, -1,
      1247, 1253, 1248, -1,
      1248, 1253, 1254, -1,
      1308, 1328, 1183, -1,
      1183, 1328, 1184, -1,
      1328, 1308, 1190, -1,
      1190, 1308, 1189, -1,
      1309, 1321, 1179, -1,
      1179, 1321, 1180, -1,
      1321, 1309, 1186, -1,
      1186, 1309, 1185, -1,
      1305, 1324, 1175, -1,
      1175, 1324, 1176, -1,
      1324, 1305, 1182, -1,
      1182, 1305, 1181, -1,
      1306, 1327, 1171, -1,
      1171, 1327, 1172, -1,
      1327, 1306, 1178, -1,
      1178, 1306, 1177, -1,
      1311, 1323, 1167, -1,
      1167, 1323, 1168, -1,
      1323, 1311, 1174, -1,
      1174, 1311, 1173, -1,
      1310, 1322, 1163, -1,
      1163, 1322, 1164, -1,
      1322, 1310, 1170, -1,
      1170, 1310, 1169, -1,
      1312, 1333, 1159, -1,
      1159, 1333, 1160, -1,
      1333, 1312, 1166, -1,
      1166, 1312, 1165, -1,
      1313, 1336, 1155, -1,
      1155, 1336, 1156, -1,
      1336, 1313, 1162, -1,
      1162, 1313, 1161, -1,
      1314, 1335, 1151, -1,
      1151, 1335, 1152, -1,
      1335, 1314, 1158, -1,
      1158, 1314, 1157, -1,
      1315, 1334, 1147, -1,
      1147, 1334, 1148, -1,
      1334, 1315, 1154, -1,
      1154, 1315, 1153, -1,
      1316, 1332, 1143, -1,
      1143, 1332, 1144, -1,
      1332, 1316, 1150, -1,
      1150, 1316, 1149, -1,
      1317, 1330, 1139, -1,
      1139, 1330, 1140, -1,
      1330, 1317, 1146, -1,
      1146, 1317, 1145, -1,
      1318, 1331, 1135, -1,
      1135, 1331, 1136, -1,
      1331, 1318, 1142, -1,
      1142, 1318, 1141, -1,
      1319, 1326, 1131, -1,
      1131, 1326, 1132, -1,
      1326, 1319, 1138, -1,
      1138, 1319, 1137, -1,
      1303, 1325, 1127, -1,
      1127, 1325, 1128, -1,
      1325, 1303, 1134, -1,
      1134, 1303, 1133, -1,
      1304, 1320, 1123, -1,
      1123, 1320, 1124, -1,
      1320, 1304, 1130, -1,
      1130, 1304, 1129, -1,
      1329, 1307, 1126, -1,
      1126, 1307, 1125, -1,
      1307, 1329, 1250, -1,
      1250, 1329, 1249, -1,
      1337, 1338, 1339, -1,
      1339, 1338, 1340, -1,
      1339, 1340, 1341, -1,
      1341, 1340, 1342, -1,
      1341, 1342, 1343, -1,
      1343, 1342, 1344, -1,
      1343, 1344, 1337, -1,
      1337, 1344, 1338, -1,
      1345, 1346, 1347, -1,
      1347, 1346, 1348, -1,
      1347, 1348, 1349, -1,
      1349, 1348, 1350, -1,
      1349, 1350, 1351, -1,
      1351, 1350, 1352, -1,
      1351, 1352, 1345, -1,
      1345, 1352, 1346, -1,
      1353, 1354, 1355, -1,
      1355, 1354, 1356, -1,
      1357, 1358, 1359, -1,
      1360, 1361, 1355, -1,
      1355, 1361, 1362, -1,
      1363, 1364, 1365, -1,
      1356, 1366, 1355, -1,
      1355, 1366, 1367, -1,
      1355, 1367, 1360, -1,
      1358, 1368, 1359, -1,
      1359, 1368, 1369, -1,
      1359, 1369, 1370, -1,
      1363, 1365, 1371, -1,
      1362, 1372, 1355, -1,
      1355, 1372, 1365, -1,
      1355, 1365, 1373, -1,
      1373, 1365, 1364, -1,
      1357, 1359, 1365, -1,
      1365, 1359, 1374, -1,
      1365, 1374, 1371, -1,
      1375, 1376, 1377, -1,
      1378, 1379, 1380, -1,
      1381, 1382, 1383, -1,
      1384, 1385, 1386, -1,
      1387, 1388, 1389, -1,
      1390, 1391, 1392, -1,
      1393, 1394, 1395, -1,
      1396, 1397, 1398, -1,
      1399, 1400, 1401, -1,
      1402, 1403, 1404, -1,
      1405, 1406, 1407, -1,
      1408, 1409, 1410, -1,
      1353, 1355, 1411, -1,
      1411, 1355, 1412, -1,
      1413, 1414, 1412, -1,
      1412, 1414, 1415, -1,
      1412, 1415, 1411, -1,
      1416, 1417, 1418, -1,
      1418, 1417, 1419, -1,
      1418, 1419, 1413, -1,
      1413, 1419, 1420, -1,
      1413, 1420, 1414, -1,
      1416, 1418, 1421, -1,
      1421, 1418, 1422, -1,
      1421, 1422, 1423, -1,
      1423, 1422, 1424, -1,
      1424, 1422, 1425, -1,
      1424, 1425, 1426, -1,
      1427, 1428, 1429, -1,
      1429, 1430, 1427, -1,
      1427, 1430, 1431, -1,
      1427, 1431, 1425, -1,
      1425, 1431, 1432, -1,
      1425, 1432, 1426, -1,
      1433, 1434, 1435, -1,
      1435, 1434, 1428, -1,
      1435, 1428, 1436, -1,
      1436, 1428, 1427, -1,
      1436, 1427, 1437, -1,
      1438, 1439, 1408, -1,
      1438, 1408, 1440, -1,
      1440, 1408, 1441, -1,
      1441, 1408, 1410, -1,
      1441, 1410, 1442, -1,
      1442, 1410, 1443, -1,
      1443, 1410, 1444, -1,
      1443, 1444, 1445, -1,
      1446, 1447, 1444, -1,
      1444, 1447, 1448, -1,
      1444, 1448, 1445, -1,
      1449, 1450, 1451, -1,
      1451, 1450, 1452, -1,
      1451, 1452, 1446, -1,
      1446, 1452, 1453, -1,
      1446, 1453, 1447, -1,
      1407, 1406, 1451, -1,
      1451, 1406, 1454, -1,
      1451, 1454, 1449, -1,
      1405, 1407, 1455, -1,
      1455, 1407, 1456, -1,
      1455, 1456, 1457, -1,
      1356, 1354, 1456, -1,
      1456, 1354, 1458, -1,
      1456, 1458, 1457, -1,
      1368, 1358, 1459, -1,
      1459, 1358, 1460, -1,
      1459, 1460, 1461, -1,
      1461, 1460, 1462, -1,
      1461, 1462, 1463, -1,
      1463, 1462, 1464, -1,
      1463, 1464, 1465, -1,
      1465, 1464, 1466, -1,
      1465, 1466, 1467, -1,
      1467, 1466, 1468, -1,
      1467, 1468, 1469, -1,
      1469, 1468, 1389, -1,
      1365, 1372, 1470, -1,
      1470, 1372, 1471, -1,
      1470, 1471, 1472, -1,
      1472, 1471, 1473, -1,
      1472, 1473, 1474, -1,
      1474, 1473, 1475, -1,
      1474, 1475, 1476, -1,
      1476, 1475, 1477, -1,
      1476, 1477, 1478, -1,
      1478, 1477, 1479, -1,
      1478, 1479, 1480, -1,
      1480, 1479, 1386, -1,
      1481, 1437, 1482, -1,
      1482, 1437, 1427, -1,
      1482, 1427, 1483, -1,
      1483, 1427, 1425, -1,
      1483, 1425, 1484, -1,
      1484, 1425, 1422, -1,
      1484, 1422, 1485, -1,
      1485, 1422, 1418, -1,
      1485, 1418, 1486, -1,
      1486, 1418, 1413, -1,
      1486, 1413, 1487, -1,
      1487, 1413, 1412, -1,
      1487, 1412, 1373, -1,
      1373, 1412, 1355, -1,
      1373, 1364, 1487, -1,
      1487, 1364, 1488, -1,
      1487, 1488, 1486, -1,
      1486, 1488, 1489, -1,
      1486, 1489, 1485, -1,
      1485, 1489, 1490, -1,
      1485, 1490, 1484, -1,
      1484, 1490, 1491, -1,
      1484, 1491, 1483, -1,
      1483, 1491, 1492, -1,
      1483, 1492, 1482, -1,
      1482, 1492, 1404, -1,
      1482, 1404, 1481, -1,
      1481, 1404, 1403, -1,
      1400, 1402, 1401, -1,
      1401, 1402, 1404, -1,
      1401, 1404, 1493, -1,
      1493, 1404, 1492, -1,
      1493, 1492, 1494, -1,
      1494, 1492, 1491, -1,
      1494, 1491, 1495, -1,
      1495, 1491, 1490, -1,
      1495, 1490, 1496, -1,
      1496, 1490, 1489, -1,
      1496, 1489, 1497, -1,
      1497, 1489, 1488, -1,
      1497, 1488, 1363, -1,
      1363, 1488, 1364, -1,
      1498, 1399, 1499, -1,
      1499, 1399, 1401, -1,
      1499, 1401, 1500, -1,
      1500, 1401, 1493, -1,
      1500, 1493, 1501, -1,
      1501, 1493, 1494, -1,
      1501, 1494, 1502, -1,
      1502, 1494, 1495, -1,
      1502, 1495, 1503, -1,
      1503, 1495, 1496, -1,
      1503, 1496, 1504, -1,
      1504, 1496, 1497, -1,
      1504, 1497, 1371, -1,
      1371, 1497, 1363, -1,
      1371, 1374, 1504, -1,
      1504, 1374, 1505, -1,
      1504, 1505, 1503, -1,
      1503, 1505, 1506, -1,
      1503, 1506, 1502, -1,
      1502, 1506, 1507, -1,
      1502, 1507, 1501, -1,
      1501, 1507, 1508, -1,
      1501, 1508, 1500, -1,
      1500, 1508, 1509, -1,
      1500, 1509, 1499, -1,
      1499, 1509, 1398, -1,
      1499, 1398, 1498, -1,
      1498, 1398, 1397, -1,
      1394, 1396, 1395, -1,
      1395, 1396, 1398, -1,
      1395, 1398, 1510, -1,
      1510, 1398, 1509, -1,
      1510, 1509, 1511, -1,
      1511, 1509, 1508, -1,
      1511, 1508, 1512, -1,
      1512, 1508, 1507, -1,
      1512, 1507, 1513, -1,
      1513, 1507, 1506, -1,
      1513, 1506, 1514, -1,
      1514, 1506, 1505, -1,
      1514, 1505, 1359, -1,
      1359, 1505, 1374, -1,
      1515, 1393, 1516, -1,
      1516, 1393, 1395, -1,
      1516, 1395, 1517, -1,
      1517, 1395, 1510, -1,
      1517, 1510, 1518, -1,
      1518, 1510, 1511, -1,
      1518, 1511, 1519, -1,
      1519, 1511, 1512, -1,
      1519, 1512, 1520, -1,
      1520, 1512, 1513, -1,
      1520, 1513, 1521, -1,
      1521, 1513, 1514, -1,
      1521, 1514, 1370, -1,
      1370, 1514, 1359, -1,
      1370, 1369, 1521, -1,
      1521, 1369, 1522, -1,
      1521, 1522, 1520, -1,
      1520, 1522, 1523, -1,
      1520, 1523, 1519, -1,
      1519, 1523, 1524, -1,
      1519, 1524, 1518, -1,
      1518, 1524, 1525, -1,
      1518, 1525, 1517, -1,
      1517, 1525, 1526, -1,
      1517, 1526, 1516, -1,
      1516, 1526, 1392, -1,
      1516, 1392, 1515, -1,
      1515, 1392, 1391, -1,
      1527, 1390, 1469, -1,
      1469, 1390, 1392, -1,
      1469, 1392, 1467, -1,
      1467, 1392, 1526, -1,
      1467, 1526, 1465, -1,
      1465, 1526, 1525, -1,
      1465, 1525, 1463, -1,
      1463, 1525, 1524, -1,
      1463, 1524, 1461, -1,
      1461, 1524, 1523, -1,
      1461, 1523, 1459, -1,
      1459, 1523, 1522, -1,
      1459, 1522, 1368, -1,
      1368, 1522, 1369, -1,
      1389, 1388, 1469, -1,
      1469, 1388, 1528, -1,
      1469, 1528, 1527, -1,
      1529, 1387, 1530, -1,
      1530, 1387, 1389, -1,
      1530, 1389, 1531, -1,
      1531, 1389, 1468, -1,
      1531, 1468, 1532, -1,
      1532, 1468, 1466, -1,
      1532, 1466, 1533, -1,
      1533, 1466, 1464, -1,
      1533, 1464, 1534, -1,
      1534, 1464, 1462, -1,
      1534, 1462, 1535, -1,
      1535, 1462, 1460, -1,
      1535, 1460, 1357, -1,
      1357, 1460, 1358, -1,
      1357, 1365, 1535, -1,
      1535, 1365, 1470, -1,
      1535, 1470, 1534, -1,
      1534, 1470, 1472, -1,
      1534, 1472, 1533, -1,
      1533, 1472, 1474, -1,
      1533, 1474, 1532, -1,
      1532, 1474, 1476, -1,
      1532, 1476, 1531, -1,
      1531, 1476, 1478, -1,
      1531, 1478, 1530, -1,
      1530, 1478, 1480, -1,
      1530, 1480, 1529, -1,
      1529, 1480, 1536, -1,
      1386, 1385, 1480, -1,
      1480, 1385, 1537, -1,
      1480, 1537, 1536, -1,
      1538, 1384, 1539, -1,
      1539, 1384, 1386, -1,
      1539, 1386, 1540, -1,
      1540, 1386, 1479, -1,
      1540, 1479, 1541, -1,
      1541, 1479, 1477, -1,
      1541, 1477, 1542, -1,
      1542, 1477, 1475, -1,
      1542, 1475, 1543, -1,
      1543, 1475, 1473, -1,
      1543, 1473, 1544, -1,
      1544, 1473, 1471, -1,
      1544, 1471, 1362, -1,
      1362, 1471, 1372, -1,
      1362, 1361, 1544, -1,
      1544, 1361, 1545, -1,
      1544, 1545, 1543, -1,
      1543, 1545, 1546, -1,
      1543, 1546, 1542, -1,
      1542, 1546, 1547, -1,
      1542, 1547, 1541, -1,
      1541, 1547, 1548, -1,
      1541, 1548, 1540, -1,
      1540, 1548, 1549, -1,
      1540, 1549, 1539, -1,
      1539, 1549, 1383, -1,
      1539, 1383, 1538, -1,
      1538, 1383, 1382, -1,
      1379, 1381, 1380, -1,
      1380, 1381, 1383, -1,
      1380, 1383, 1550, -1,
      1550, 1383, 1549, -1,
      1550, 1549, 1551, -1,
      1551, 1549, 1548, -1,
      1551, 1548, 1552, -1,
      1552, 1548, 1547, -1,
      1552, 1547, 1553, -1,
      1553, 1547, 1546, -1,
      1553, 1546, 1554, -1,
      1554, 1546, 1545, -1,
      1554, 1545, 1360, -1,
      1360, 1545, 1361, -1,
      1555, 1378, 1556, -1,
      1556, 1378, 1380, -1,
      1556, 1380, 1557, -1,
      1557, 1380, 1550, -1,
      1557, 1550, 1558, -1,
      1558, 1550, 1551, -1,
      1558, 1551, 1559, -1,
      1559, 1551, 1552, -1,
      1559, 1552, 1560, -1,
      1560, 1552, 1553, -1,
      1560, 1553, 1561, -1,
      1561, 1553, 1554, -1,
      1561, 1554, 1367, -1,
      1367, 1554, 1360, -1,
      1367, 1366, 1561, -1,
      1561, 1366, 1562, -1,
      1561, 1562, 1560, -1,
      1560, 1562, 1563, -1,
      1560, 1563, 1559, -1,
      1559, 1563, 1564, -1,
      1559, 1564, 1558, -1,
      1558, 1564, 1565, -1,
      1558, 1565, 1557, -1,
      1557, 1565, 1566, -1,
      1557, 1566, 1556, -1,
      1556, 1566, 1377, -1,
      1556, 1377, 1555, -1,
      1555, 1377, 1376, -1,
      1409, 1375, 1410, -1,
      1410, 1375, 1377, -1,
      1410, 1377, 1444, -1,
      1444, 1377, 1566, -1,
      1444, 1566, 1446, -1,
      1446, 1566, 1565, -1,
      1446, 1565, 1451, -1,
      1451, 1565, 1564, -1,
      1451, 1564, 1407, -1,
      1407, 1564, 1563, -1,
      1407, 1563, 1456, -1,
      1456, 1563, 1562, -1,
      1456, 1562, 1356, -1,
      1356, 1562, 1366, -1,
      1567, 1568, 1569, -1,
      1569, 1568, 1570, -1,
      1569, 1570, 1571, -1,
      1569, 1572, 1573, -1,
      1573, 1574, 1569, -1,
      1569, 1574, 1575, -1,
      1569, 1575, 1576, -1,
      1569, 1577, 1572, -1,
      1572, 1577, 1578, -1,
      1572, 1578, 1579, -1,
      1576, 1580, 1569, -1,
      1569, 1580, 1581, -1,
      1569, 1581, 1582, -1,
      1582, 1583, 1569, -1,
      1569, 1583, 1584, -1,
      1569, 1584, 1567, -1,
      1585, 1586, 1587, -1,
      1587, 1586, 1572, -1,
      1587, 1572, 1588, -1,
      1588, 1572, 1579, -1,
      1589, 1590, 1591, -1,
      1592, 1593, 1594, -1,
      1595, 1596, 1597, -1,
      1598, 1599, 1600, -1,
      1601, 1602, 1603, -1,
      1604, 1605, 1606, -1,
      1607, 1608, 1609, -1,
      1610, 1611, 1612, -1,
      1613, 1614, 1615, -1,
      1616, 1617, 1618, -1,
      1619, 1620, 1621, -1,
      1622, 1623, 1624, -1,
      1624, 1623, 1625, -1,
      1624, 1625, 1626, -1,
      1626, 1625, 1627, -1,
      1626, 1627, 1628, -1,
      1622, 1624, 1629, -1,
      1629, 1624, 1630, -1,
      1629, 1630, 1631, -1,
      1631, 1630, 1632, -1,
      1632, 1630, 1633, -1,
      1632, 1633, 1634, -1,
      1635, 1636, 1633, -1,
      1633, 1636, 1637, -1,
      1633, 1637, 1634, -1,
      1638, 1639, 1635, -1,
      1635, 1639, 1640, -1,
      1640, 1641, 1635, -1,
      1635, 1641, 1642, -1,
      1635, 1642, 1636, -1,
      1643, 1644, 1645, -1,
      1645, 1644, 1646, -1,
      1645, 1646, 1638, -1,
      1638, 1646, 1647, -1,
      1638, 1647, 1639, -1,
      1569, 1571, 1645, -1,
      1645, 1571, 1648, -1,
      1645, 1648, 1643, -1,
      1570, 1568, 1649, -1,
      1649, 1568, 1650, -1,
      1649, 1650, 1651, -1,
      1651, 1650, 1652, -1,
      1652, 1650, 1653, -1,
      1652, 1653, 1654, -1,
      1655, 1656, 1657, -1,
      1657, 1656, 1658, -1,
      1657, 1658, 1653, -1,
      1653, 1658, 1659, -1,
      1653, 1659, 1654, -1,
      1655, 1657, 1660, -1,
      1660, 1657, 1661, -1,
      1660, 1661, 1662, -1,
      1663, 1664, 1661, -1,
      1661, 1664, 1665, -1,
      1661, 1665, 1662, -1,
      1666, 1667, 1621, -1,
      1621, 1667, 1668, -1,
      1621, 1668, 1663, -1,
      1663, 1668, 1669, -1,
      1663, 1669, 1664, -1,
      1666, 1621, 1670, -1,
      1670, 1621, 1620, -1,
      1670, 1620, 1671, -1,
      1582, 1581, 1672, -1,
      1672, 1581, 1673, -1,
      1672, 1673, 1674, -1,
      1674, 1673, 1675, -1,
      1674, 1675, 1676, -1,
      1676, 1675, 1677, -1,
      1676, 1677, 1678, -1,
      1678, 1677, 1679, -1,
      1678, 1679, 1680, -1,
      1680, 1679, 1681, -1,
      1680, 1681, 1682, -1,
      1682, 1681, 1612, -1,
      1576, 1575, 1683, -1,
      1683, 1575, 1684, -1,
      1683, 1684, 1685, -1,
      1685, 1684, 1686, -1,
      1685, 1686, 1687, -1,
      1687, 1686, 1688, -1,
      1687, 1688, 1689, -1,
      1689, 1688, 1690, -1,
      1689, 1690, 1691, -1,
      1691, 1690, 1692, -1,
      1691, 1692, 1693, -1,
      1693, 1692, 1609, -1,
      1578, 1577, 1694, -1,
      1694, 1577, 1695, -1,
      1694, 1695, 1696, -1,
      1696, 1695, 1697, -1,
      1696, 1697, 1698, -1,
      1698, 1697, 1699, -1,
      1698, 1699, 1700, -1,
      1700, 1699, 1701, -1,
      1700, 1701, 1702, -1,
      1702, 1701, 1703, -1,
      1702, 1703, 1704, -1,
      1704, 1703, 1591, -1,
      1617, 1619, 1618, -1,
      1618, 1619, 1621, -1,
      1618, 1621, 1705, -1,
      1705, 1621, 1663, -1,
      1705, 1663, 1706, -1,
      1706, 1663, 1661, -1,
      1706, 1661, 1707, -1,
      1707, 1661, 1657, -1,
      1707, 1657, 1708, -1,
      1708, 1657, 1653, -1,
      1708, 1653, 1709, -1,
      1709, 1653, 1650, -1,
      1709, 1650, 1567, -1,
      1567, 1650, 1568, -1,
      1614, 1616, 1615, -1,
      1615, 1616, 1618, -1,
      1615, 1618, 1710, -1,
      1710, 1618, 1705, -1,
      1710, 1705, 1711, -1,
      1711, 1705, 1706, -1,
      1711, 1706, 1712, -1,
      1712, 1706, 1707, -1,
      1712, 1707, 1713, -1,
      1713, 1707, 1708, -1,
      1713, 1708, 1714, -1,
      1714, 1708, 1709, -1,
      1714, 1709, 1584, -1,
      1584, 1709, 1567, -1,
      1715, 1613, 1716, -1,
      1716, 1613, 1615, -1,
      1716, 1615, 1717, -1,
      1717, 1615, 1710, -1,
      1717, 1710, 1718, -1,
      1718, 1710, 1711, -1,
      1718, 1711, 1719, -1,
      1719, 1711, 1712, -1,
      1719, 1712, 1720, -1,
      1720, 1712, 1713, -1,
      1720, 1713, 1721, -1,
      1721, 1713, 1714, -1,
      1721, 1714, 1583, -1,
      1583, 1714, 1584, -1,
      1583, 1582, 1721, -1,
      1721, 1582, 1672, -1,
      1721, 1672, 1720, -1,
      1720, 1672, 1674, -1,
      1720, 1674, 1719, -1,
      1719, 1674, 1676, -1,
      1719, 1676, 1718, -1,
      1718, 1676, 1678, -1,
      1718, 1678, 1717, -1,
      1717, 1678, 1680, -1,
      1717, 1680, 1716, -1,
      1716, 1680, 1682, -1,
      1716, 1682, 1715, -1,
      1715, 1682, 1722, -1,
      1612, 1611, 1682, -1,
      1682, 1611, 1723, -1,
      1682, 1723, 1722, -1,
      1724, 1610, 1725, -1,
      1725, 1610, 1612, -1,
      1725, 1612, 1726, -1,
      1726, 1612, 1681, -1,
      1726, 1681, 1727, -1,
      1727, 1681, 1679, -1,
      1727, 1679, 1728, -1,
      1728, 1679, 1677, -1,
      1728, 1677, 1729, -1,
      1729, 1677, 1675, -1,
      1729, 1675, 1730, -1,
      1730, 1675, 1673, -1,
      1730, 1673, 1580, -1,
      1580, 1673, 1581, -1,
      1580, 1576, 1730, -1,
      1730, 1576, 1683, -1,
      1730, 1683, 1729, -1,
      1729, 1683, 1685, -1,
      1729, 1685, 1728, -1,
      1728, 1685, 1687, -1,
      1728, 1687, 1727, -1,
      1727, 1687, 1689, -1,
      1727, 1689, 1726, -1,
      1726, 1689, 1691, -1,
      1726, 1691, 1725, -1,
      1725, 1691, 1693, -1,
      1725, 1693, 1724, -1,
      1724, 1693, 1731, -1,
      1609, 1608, 1693, -1,
      1693, 1608, 1732, -1,
      1693, 1732, 1731, -1,
      1733, 1607, 1734, -1,
      1734, 1607, 1609, -1,
      1734, 1609, 1735, -1,
      1735, 1609, 1692, -1,
      1735, 1692, 1736, -1,
      1736, 1692, 1690, -1,
      1736, 1690, 1737, -1,
      1737, 1690, 1688, -1,
      1737, 1688, 1738, -1,
      1738, 1688, 1686, -1,
      1738, 1686, 1739, -1,
      1739, 1686, 1684, -1,
      1739, 1684, 1574, -1,
      1574, 1684, 1575, -1,
      1574, 1573, 1739, -1,
      1739, 1573, 1740, -1,
      1739, 1740, 1738, -1,
      1738, 1740, 1741, -1,
      1738, 1741, 1737, -1,
      1737, 1741, 1742, -1,
      1737, 1742, 1736, -1,
      1736, 1742, 1743, -1,
      1736, 1743, 1735, -1,
      1735, 1743, 1744, -1,
      1735, 1744, 1734, -1,
      1734, 1744, 1606, -1,
      1734, 1606, 1733, -1,
      1733, 1606, 1605, -1,
      1602, 1604, 1603, -1,
      1603, 1604, 1606, -1,
      1603, 1606, 1745, -1,
      1745, 1606, 1744, -1,
      1745, 1744, 1746, -1,
      1746, 1744, 1743, -1,
      1746, 1743, 1747, -1,
      1747, 1743, 1742, -1,
      1747, 1742, 1748, -1,
      1748, 1742, 1741, -1,
      1748, 1741, 1749, -1,
      1749, 1741, 1740, -1,
      1749, 1740, 1572, -1,
      1572, 1740, 1573, -1,
      1750, 1601, 1751, -1,
      1751, 1601, 1603, -1,
      1751, 1603, 1752, -1,
      1752, 1603, 1745, -1,
      1752, 1745, 1753, -1,
      1753, 1745, 1746, -1,
      1753, 1746, 1754, -1,
      1754, 1746, 1747, -1,
      1754, 1747, 1755, -1,
      1755, 1747, 1748, -1,
      1755, 1748, 1756, -1,
      1756, 1748, 1749, -1,
      1756, 1749, 1586, -1,
      1586, 1749, 1572, -1,
      1586, 1585, 1756, -1,
      1756, 1585, 1757, -1,
      1756, 1757, 1755, -1,
      1755, 1757, 1758, -1,
      1755, 1758, 1754, -1,
      1754, 1758, 1759, -1,
      1754, 1759, 1753, -1,
      1753, 1759, 1760, -1,
      1753, 1760, 1752, -1,
      1752, 1760, 1761, -1,
      1752, 1761, 1751, -1,
      1751, 1761, 1600, -1,
      1751, 1600, 1750, -1,
      1750, 1600, 1599, -1,
      1596, 1598, 1597, -1,
      1597, 1598, 1600, -1,
      1597, 1600, 1762, -1,
      1762, 1600, 1761, -1,
      1762, 1761, 1763, -1,
      1763, 1761, 1760, -1,
      1763, 1760, 1764, -1,
      1764, 1760, 1759, -1,
      1764, 1759, 1765, -1,
      1765, 1759, 1758, -1,
      1765, 1758, 1766, -1,
      1766, 1758, 1757, -1,
      1766, 1757, 1587, -1,
      1587, 1757, 1585, -1,
      1767, 1595, 1768, -1,
      1768, 1595, 1597, -1,
      1768, 1597, 1769, -1,
      1769, 1597, 1762, -1,
      1769, 1762, 1770, -1,
      1770, 1762, 1763, -1,
      1770, 1763, 1771, -1,
      1771, 1763, 1764, -1,
      1771, 1764, 1772, -1,
      1772, 1764, 1765, -1,
      1772, 1765, 1773, -1,
      1773, 1765, 1766, -1,
      1773, 1766, 1588, -1,
      1588, 1766, 1587, -1,
      1588, 1579, 1773, -1,
      1773, 1579, 1774, -1,
      1773, 1774, 1772, -1,
      1772, 1774, 1775, -1,
      1772, 1775, 1771, -1,
      1771, 1775, 1776, -1,
      1771, 1776, 1770, -1,
      1770, 1776, 1777, -1,
      1770, 1777, 1769, -1,
      1769, 1777, 1778, -1,
      1769, 1778, 1768, -1,
      1768, 1778, 1594, -1,
      1768, 1594, 1767, -1,
      1767, 1594, 1593, -1,
      1779, 1592, 1704, -1,
      1704, 1592, 1594, -1,
      1704, 1594, 1702, -1,
      1702, 1594, 1778, -1,
      1702, 1778, 1700, -1,
      1700, 1778, 1777, -1,
      1700, 1777, 1698, -1,
      1698, 1777, 1776, -1,
      1698, 1776, 1696, -1,
      1696, 1776, 1775, -1,
      1696, 1775, 1694, -1,
      1694, 1775, 1774, -1,
      1694, 1774, 1578, -1,
      1578, 1774, 1579, -1,
      1591, 1590, 1704, -1,
      1704, 1590, 1780, -1,
      1704, 1780, 1779, -1,
      1626, 1589, 1624, -1,
      1624, 1589, 1591, -1,
      1624, 1591, 1630, -1,
      1630, 1591, 1703, -1,
      1630, 1703, 1633, -1,
      1633, 1703, 1701, -1,
      1633, 1701, 1635, -1,
      1635, 1701, 1699, -1,
      1635, 1699, 1638, -1,
      1638, 1699, 1697, -1,
      1638, 1697, 1645, -1,
      1645, 1697, 1695, -1,
      1645, 1695, 1569, -1,
      1569, 1695, 1577, -1,
      1781, 1433, 1435, -1,
      1782, 1783, 1781, -1,
      1781, 1783, 1784, -1,
      1785, 1786, 1787, -1,
      1787, 1786, 1784, -1,
      1787, 1784, 1788, -1,
      1788, 1784, 1783, -1,
      1626, 1628, 1789, -1,
      1785, 1790, 1786, -1,
      1786, 1790, 1791, -1,
      1786, 1791, 1789, -1,
      1789, 1791, 1792, -1,
      1789, 1792, 1626, -1,
      1793, 1794, 1795, -1,
      1671, 1796, 1795, -1,
      1795, 1796, 1797, -1,
      1795, 1797, 1793, -1,
      1798, 1799, 1800, -1,
      1800, 1799, 1794, -1,
      1800, 1794, 1801, -1,
      1801, 1794, 1793, -1,
      1802, 1803, 1804, -1,
      1804, 1803, 1799, -1,
      1804, 1799, 1805, -1,
      1805, 1799, 1798, -1,
      1806, 1388, 1807, -1,
      1807, 1388, 1387, -1,
      1807, 1387, 1808, -1,
      1808, 1387, 1529, -1,
      1808, 1529, 1809, -1,
      1809, 1529, 1536, -1,
      1809, 1536, 1810, -1,
      1810, 1536, 1537, -1,
      1810, 1537, 1811, -1,
      1811, 1537, 1385, -1,
      1811, 1385, 1812, -1,
      1812, 1385, 1384, -1,
      1812, 1384, 1813, -1,
      1813, 1384, 1538, -1,
      1813, 1538, 1814, -1,
      1814, 1538, 1382, -1,
      1814, 1382, 1815, -1,
      1815, 1382, 1381, -1,
      1815, 1381, 1816, -1,
      1816, 1381, 1379, -1,
      1816, 1379, 1817, -1,
      1817, 1379, 1378, -1,
      1817, 1378, 1818, -1,
      1818, 1378, 1555, -1,
      1818, 1555, 1819, -1,
      1819, 1555, 1376, -1,
      1819, 1376, 1820, -1,
      1820, 1376, 1375, -1,
      1820, 1375, 1821, -1,
      1821, 1375, 1409, -1,
      1821, 1409, 1802, -1,
      1802, 1409, 1408, -1,
      1802, 1408, 1803, -1,
      1803, 1408, 1439, -1,
      1822, 1599, 1823, -1,
      1823, 1599, 1598, -1,
      1823, 1598, 1824, -1,
      1671, 1620, 1796, -1,
      1796, 1620, 1619, -1,
      1796, 1619, 1825, -1,
      1825, 1619, 1617, -1,
      1825, 1617, 1826, -1,
      1826, 1617, 1616, -1,
      1826, 1616, 1827, -1,
      1827, 1616, 1614, -1,
      1827, 1614, 1828, -1,
      1828, 1614, 1613, -1,
      1828, 1613, 1829, -1,
      1829, 1613, 1715, -1,
      1829, 1715, 1830, -1,
      1830, 1715, 1722, -1,
      1830, 1722, 1831, -1,
      1831, 1722, 1723, -1,
      1831, 1723, 1832, -1,
      1832, 1723, 1611, -1,
      1832, 1611, 1833, -1,
      1833, 1611, 1610, -1,
      1833, 1610, 1834, -1,
      1834, 1610, 1724, -1,
      1834, 1724, 1835, -1,
      1835, 1724, 1731, -1,
      1835, 1731, 1836, -1,
      1836, 1731, 1732, -1,
      1836, 1732, 1837, -1,
      1837, 1732, 1608, -1,
      1837, 1608, 1838, -1,
      1838, 1608, 1607, -1,
      1838, 1607, 1839, -1,
      1839, 1607, 1733, -1,
      1839, 1733, 1840, -1,
      1840, 1733, 1605, -1,
      1840, 1605, 1841, -1,
      1841, 1605, 1604, -1,
      1841, 1604, 1842, -1,
      1842, 1604, 1602, -1,
      1842, 1602, 1843, -1,
      1843, 1602, 1601, -1,
      1843, 1601, 1822, -1,
      1822, 1601, 1750, -1,
      1822, 1750, 1599, -1,
      1824, 1598, 1844, -1,
      1844, 1598, 1596, -1,
      1844, 1596, 1845, -1,
      1845, 1596, 1595, -1,
      1845, 1595, 1846, -1,
      1595, 1767, 1846, -1,
      1846, 1767, 1593, -1,
      1846, 1593, 1847, -1,
      1847, 1593, 1592, -1,
      1847, 1592, 1848, -1,
      1848, 1592, 1779, -1,
      1848, 1779, 1849, -1,
      1849, 1779, 1850, -1,
      1850, 1779, 1780, -1,
      1850, 1780, 1851, -1,
      1851, 1780, 1590, -1,
      1851, 1590, 1792, -1,
      1792, 1590, 1589, -1,
      1792, 1589, 1626, -1,
      1782, 1781, 1852, -1,
      1852, 1781, 1435, -1,
      1852, 1435, 1853, -1,
      1853, 1435, 1436, -1,
      1853, 1436, 1854, -1,
      1854, 1436, 1437, -1,
      1854, 1437, 1855, -1,
      1856, 1857, 1399, -1,
      1399, 1857, 1858, -1,
      1399, 1858, 1400, -1,
      1400, 1858, 1859, -1,
      1400, 1859, 1402, -1,
      1402, 1859, 1860, -1,
      1402, 1860, 1403, -1,
      1403, 1860, 1855, -1,
      1403, 1855, 1481, -1,
      1481, 1855, 1437, -1,
      1861, 1862, 1393, -1,
      1393, 1862, 1863, -1,
      1393, 1863, 1394, -1,
      1394, 1863, 1864, -1,
      1394, 1864, 1396, -1,
      1396, 1864, 1865, -1,
      1396, 1865, 1397, -1,
      1397, 1865, 1856, -1,
      1397, 1856, 1498, -1,
      1498, 1856, 1399, -1,
      1393, 1515, 1861, -1,
      1861, 1515, 1391, -1,
      1861, 1391, 1866, -1,
      1866, 1391, 1390, -1,
      1866, 1390, 1867, -1,
      1867, 1390, 1527, -1,
      1867, 1527, 1806, -1,
      1806, 1527, 1528, -1,
      1806, 1528, 1388, -1,
      1810, 1868, 1869, -1,
      1810, 1811, 1868, -1,
      1868, 1811, 1812, -1,
      1868, 1812, 1870, -1,
      1870, 1812, 1813, -1,
      1870, 1813, 1871, -1,
      1871, 1813, 1814, -1,
      1871, 1814, 1872, -1,
      1872, 1814, 1815, -1,
      1815, 1816, 1872, -1,
      1872, 1816, 1817, -1,
      1872, 1817, 1873, -1,
      1873, 1817, 1818, -1,
      1873, 1818, 1874, -1,
      1874, 1818, 1819, -1,
      1874, 1819, 1875, -1,
      1875, 1819, 1820, -1,
      1820, 1821, 1875, -1,
      1875, 1821, 1802, -1,
      1875, 1802, 1876, -1,
      1802, 1804, 1876, -1,
      1876, 1804, 1805, -1,
      1876, 1805, 1877, -1,
      1877, 1805, 1798, -1,
      1877, 1798, 1878, -1,
      1878, 1798, 1800, -1,
      1878, 1800, 1879, -1,
      1879, 1800, 1801, -1,
      1801, 1793, 1879, -1,
      1879, 1793, 1797, -1,
      1879, 1797, 1880, -1,
      1880, 1797, 1796, -1,
      1880, 1796, 1881, -1,
      1881, 1796, 1825, -1,
      1881, 1825, 1882, -1,
      1882, 1825, 1826, -1,
      1826, 1827, 1882, -1,
      1882, 1827, 1828, -1,
      1882, 1828, 1883, -1,
      1883, 1828, 1829, -1,
      1883, 1829, 1884, -1,
      1884, 1829, 1830, -1,
      1884, 1830, 1885, -1,
      1885, 1830, 1831, -1,
      1831, 1832, 1885, -1,
      1885, 1832, 1833, -1,
      1885, 1833, 1886, -1,
      1833, 1834, 1886, -1,
      1886, 1834, 1835, -1,
      1886, 1835, 1887, -1,
      1887, 1835, 1836, -1,
      1887, 1836, 1888, -1,
      1888, 1836, 1837, -1,
      1888, 1837, 1889, -1,
      1889, 1837, 1838, -1,
      1838, 1839, 1889, -1,
      1889, 1839, 1840, -1,
      1889, 1840, 1890, -1,
      1890, 1840, 1841, -1,
      1890, 1841, 1891, -1,
      1891, 1841, 1842, -1,
      1891, 1842, 1892, -1,
      1892, 1842, 1843, -1,
      1843, 1822, 1892, -1,
      1892, 1822, 1823, -1,
      1892, 1823, 1893, -1,
      1893, 1823, 1824, -1,
      1893, 1824, 1894, -1,
      1824, 1844, 1894, -1,
      1894, 1844, 1845, -1,
      1894, 1845, 1895, -1,
      1845, 1846, 1895, -1,
      1895, 1846, 1847, -1,
      1895, 1847, 1896, -1,
      1847, 1848, 1896, -1,
      1896, 1848, 1849, -1,
      1896, 1849, 1897, -1,
      1897, 1849, 1850, -1,
      1897, 1850, 1898, -1,
      1898, 1850, 1851, -1,
      1898, 1851, 1899, -1,
      1899, 1851, 1792, -1,
      1792, 1791, 1899, -1,
      1899, 1791, 1790, -1,
      1899, 1790, 1900, -1,
      1900, 1790, 1785, -1,
      1900, 1785, 1901, -1,
      1901, 1785, 1787, -1,
      1901, 1787, 1902, -1,
      1902, 1787, 1788, -1,
      1788, 1783, 1902, -1,
      1902, 1783, 1782, -1,
      1902, 1782, 1903, -1,
      1903, 1782, 1852, -1,
      1903, 1852, 1904, -1,
      1852, 1853, 1904, -1,
      1904, 1853, 1854, -1,
      1904, 1854, 1905, -1,
      1854, 1855, 1905, -1,
      1905, 1855, 1860, -1,
      1905, 1860, 1906, -1,
      1860, 1859, 1906, -1,
      1906, 1859, 1858, -1,
      1906, 1858, 1907, -1,
      1907, 1858, 1857, -1,
      1907, 1857, 1908, -1,
      1908, 1857, 1856, -1,
      1908, 1856, 1909, -1,
      1909, 1856, 1865, -1,
      1865, 1864, 1909, -1,
      1909, 1864, 1863, -1,
      1909, 1863, 1910, -1,
      1910, 1863, 1862, -1,
      1910, 1862, 1911, -1,
      1911, 1862, 1861, -1,
      1911, 1861, 1912, -1,
      1912, 1861, 1866, -1,
      1866, 1867, 1912, -1,
      1912, 1867, 1806, -1,
      1912, 1806, 1913, -1,
      1913, 1806, 1807, -1,
      1913, 1807, 1914, -1,
      1914, 1807, 1808, -1,
      1914, 1808, 1869, -1,
      1869, 1808, 1809, -1,
      1869, 1809, 1810, -1,
      1913, 1915, 1912, -1,
      1912, 1915, 1916, -1,
      1912, 1916, 1911, -1,
      1911, 1916, 1917, -1,
      1911, 1917, 1910, -1,
      1910, 1917, 1918, -1,
      1910, 1918, 1909, -1,
      1909, 1918, 1919, -1,
      1909, 1919, 1908, -1,
      1908, 1919, 1920, -1,
      1908, 1920, 1907, -1,
      1907, 1920, 1921, -1,
      1907, 1921, 1906, -1,
      1906, 1921, 1922, -1,
      1906, 1922, 1905, -1,
      1905, 1922, 1923, -1,
      1905, 1923, 1904, -1,
      1904, 1923, 1924, -1,
      1904, 1924, 1903, -1,
      1903, 1924, 1925, -1,
      1903, 1925, 1902, -1,
      1902, 1925, 1926, -1,
      1902, 1926, 1901, -1,
      1901, 1926, 1927, -1,
      1901, 1927, 1900, -1,
      1900, 1927, 1928, -1,
      1900, 1928, 1899, -1,
      1899, 1928, 1929, -1,
      1899, 1929, 1898, -1,
      1898, 1929, 1930, -1,
      1898, 1930, 1897, -1,
      1897, 1930, 1931, -1,
      1897, 1931, 1896, -1,
      1896, 1931, 1932, -1,
      1896, 1932, 1895, -1,
      1895, 1932, 1933, -1,
      1895, 1933, 1894, -1,
      1894, 1933, 1934, -1,
      1894, 1934, 1893, -1,
      1893, 1934, 1935, -1,
      1893, 1935, 1892, -1,
      1892, 1935, 1936, -1,
      1892, 1936, 1891, -1,
      1891, 1936, 1937, -1,
      1891, 1937, 1890, -1,
      1890, 1937, 1938, -1,
      1890, 1938, 1889, -1,
      1889, 1938, 1939, -1,
      1889, 1939, 1888, -1,
      1888, 1939, 1940, -1,
      1888, 1940, 1887, -1,
      1887, 1940, 1941, -1,
      1887, 1941, 1886, -1,
      1886, 1941, 1942, -1,
      1886, 1942, 1885, -1,
      1885, 1942, 1943, -1,
      1885, 1943, 1884, -1,
      1884, 1943, 1944, -1,
      1884, 1944, 1883, -1,
      1883, 1944, 1945, -1,
      1883, 1945, 1882, -1,
      1882, 1945, 1946, -1,
      1882, 1946, 1881, -1,
      1881, 1946, 1947, -1,
      1881, 1947, 1880, -1,
      1880, 1947, 1948, -1,
      1880, 1948, 1879, -1,
      1879, 1948, 1949, -1,
      1879, 1949, 1878, -1,
      1878, 1949, 1950, -1,
      1878, 1950, 1877, -1,
      1877, 1950, 1951, -1,
      1877, 1951, 1876, -1,
      1876, 1951, 1952, -1,
      1876, 1952, 1875, -1,
      1875, 1952, 1953, -1,
      1875, 1953, 1874, -1,
      1874, 1953, 1954, -1,
      1874, 1954, 1873, -1,
      1873, 1954, 1955, -1,
      1873, 1955, 1872, -1,
      1872, 1955, 1956, -1,
      1872, 1956, 1871, -1,
      1871, 1956, 1957, -1,
      1871, 1957, 1870, -1,
      1870, 1957, 1958, -1,
      1870, 1958, 1868, -1,
      1868, 1958, 1959, -1,
      1868, 1959, 1869, -1,
      1869, 1959, 1960, -1,
      1869, 1960, 1914, -1,
      1914, 1960, 1961, -1,
      1914, 1961, 1913, -1,
      1913, 1961, 1915, -1,
      1961, 1962, 1915, -1,
      1915, 1962, 1963, -1,
      1915, 1963, 1916, -1,
      1916, 1963, 1964, -1,
      1916, 1964, 1917, -1,
      1917, 1964, 1965, -1,
      1917, 1965, 1918, -1,
      1918, 1965, 1966, -1,
      1918, 1966, 1919, -1,
      1919, 1966, 1967, -1,
      1919, 1967, 1920, -1,
      1920, 1967, 1968, -1,
      1920, 1968, 1921, -1,
      1921, 1968, 1969, -1,
      1921, 1969, 1922, -1,
      1922, 1969, 1970, -1,
      1922, 1970, 1923, -1,
      1923, 1970, 1971, -1,
      1923, 1971, 1924, -1,
      1924, 1971, 1972, -1,
      1924, 1972, 1925, -1,
      1925, 1972, 1973, -1,
      1925, 1973, 1926, -1,
      1926, 1973, 1974, -1,
      1926, 1974, 1927, -1,
      1927, 1974, 1975, -1,
      1927, 1975, 1928, -1,
      1928, 1975, 1976, -1,
      1928, 1976, 1929, -1,
      1929, 1976, 1977, -1,
      1929, 1977, 1930, -1,
      1930, 1977, 1978, -1,
      1930, 1978, 1931, -1,
      1931, 1978, 1979, -1,
      1931, 1979, 1932, -1,
      1932, 1979, 1980, -1,
      1932, 1980, 1933, -1,
      1933, 1980, 1981, -1,
      1933, 1981, 1934, -1,
      1934, 1981, 1982, -1,
      1934, 1982, 1935, -1,
      1935, 1982, 1983, -1,
      1935, 1983, 1936, -1,
      1936, 1983, 1984, -1,
      1936, 1984, 1937, -1,
      1937, 1984, 1985, -1,
      1937, 1985, 1938, -1,
      1938, 1985, 1986, -1,
      1938, 1986, 1939, -1,
      1939, 1986, 1987, -1,
      1939, 1987, 1940, -1,
      1940, 1987, 1988, -1,
      1940, 1988, 1941, -1,
      1941, 1988, 1989, -1,
      1941, 1989, 1942, -1,
      1942, 1989, 1990, -1,
      1942, 1990, 1943, -1,
      1943, 1990, 1991, -1,
      1943, 1991, 1944, -1,
      1944, 1991, 1992, -1,
      1944, 1992, 1945, -1,
      1945, 1992, 1993, -1,
      1945, 1993, 1946, -1,
      1946, 1993, 1994, -1,
      1946, 1994, 1947, -1,
      1947, 1994, 1995, -1,
      1947, 1995, 1948, -1,
      1948, 1995, 1996, -1,
      1948, 1996, 1949, -1,
      1949, 1996, 1997, -1,
      1949, 1997, 1950, -1,
      1950, 1997, 1998, -1,
      1950, 1998, 1951, -1,
      1951, 1998, 1999, -1,
      1951, 1999, 1952, -1,
      1952, 1999, 2000, -1,
      1952, 2000, 1953, -1,
      1953, 2000, 2001, -1,
      1953, 2001, 1954, -1,
      1954, 2001, 2002, -1,
      1954, 2002, 1955, -1,
      1955, 2002, 2003, -1,
      1955, 2003, 1956, -1,
      1956, 2003, 2004, -1,
      1956, 2004, 1957, -1,
      1957, 2004, 2005, -1,
      1957, 2005, 1958, -1,
      1958, 2005, 2006, -1,
      1958, 2006, 1959, -1,
      1959, 2006, 2007, -1,
      1959, 2007, 1960, -1,
      1960, 2007, 2008, -1,
      1960, 2008, 1961, -1,
      1961, 2008, 1962, -1,
      2008, 2009, 1962, -1,
      1962, 2009, 2010, -1,
      1962, 2010, 1963, -1,
      1963, 2010, 2011, -1,
      1963, 2011, 1964, -1,
      1964, 2011, 2012, -1,
      1964, 2012, 1965, -1,
      1965, 2012, 2013, -1,
      1965, 2013, 1966, -1,
      1966, 2013, 2014, -1,
      1966, 2014, 1967, -1,
      1967, 2014, 2015, -1,
      1967, 2015, 1968, -1,
      1968, 2015, 2016, -1,
      1968, 2016, 1969, -1,
      1969, 2016, 2017, -1,
      1969, 2017, 1970, -1,
      1970, 2017, 2018, -1,
      1970, 2018, 1971, -1,
      1971, 2018, 2019, -1,
      1971, 2019, 1972, -1,
      1972, 2019, 2020, -1,
      1972, 2020, 1973, -1,
      1973, 2020, 2021, -1,
      1973, 2021, 1974, -1,
      1974, 2021, 2022, -1,
      1974, 2022, 1975, -1,
      1975, 2022, 2023, -1,
      1975, 2023, 1976, -1,
      1976, 2023, 2024, -1,
      1976, 2024, 1977, -1,
      1977, 2024, 2025, -1,
      1977, 2025, 1978, -1,
      1978, 2025, 2026, -1,
      1978, 2026, 1979, -1,
      1979, 2026, 2027, -1,
      1979, 2027, 1980, -1,
      1980, 2027, 2028, -1,
      1980, 2028, 1981, -1,
      1981, 2028, 2029, -1,
      1981, 2029, 1982, -1,
      1982, 2029, 2030, -1,
      1982, 2030, 1983, -1,
      1983, 2030, 2031, -1,
      1983, 2031, 1984, -1,
      1984, 2031, 2032, -1,
      1984, 2032, 1985, -1,
      1985, 2032, 2033, -1,
      1985, 2033, 1986, -1,
      1986, 2033, 2034, -1,
      1986, 2034, 1987, -1,
      1987, 2034, 2035, -1,
      1987, 2035, 1988, -1,
      1988, 2035, 2036, -1,
      1988, 2036, 1989, -1,
      1989, 2036, 2037, -1,
      1989, 2037, 1990, -1,
      1990, 2037, 2038, -1,
      1990, 2038, 1991, -1,
      1991, 2038, 2039, -1,
      1991, 2039, 1992, -1,
      1992, 2039, 2040, -1,
      1992, 2040, 1993, -1,
      1993, 2040, 2041, -1,
      1993, 2041, 1994, -1,
      1994, 2041, 2042, -1,
      1994, 2042, 1995, -1,
      1995, 2042, 2043, -1,
      1995, 2043, 1996, -1,
      1996, 2043, 2044, -1,
      1996, 2044, 1997, -1,
      1997, 2044, 2045, -1,
      1997, 2045, 1998, -1,
      1998, 2045, 2046, -1,
      1998, 2046, 1999, -1,
      1999, 2046, 2047, -1,
      1999, 2047, 2000, -1,
      2000, 2047, 2048, -1,
      2000, 2048, 2001, -1,
      2001, 2048, 2049, -1,
      2001, 2049, 2002, -1,
      2002, 2049, 2050, -1,
      2002, 2050, 2003, -1,
      2003, 2050, 2051, -1,
      2003, 2051, 2004, -1,
      2004, 2051, 2052, -1,
      2004, 2052, 2005, -1,
      2005, 2052, 2053, -1,
      2005, 2053, 2006, -1,
      2006, 2053, 2054, -1,
      2006, 2054, 2007, -1,
      2007, 2054, 2055, -1,
      2007, 2055, 2008, -1,
      2008, 2055, 2009, -1,
      2055, 2056, 2009, -1,
      2009, 2056, 2057, -1,
      2009, 2057, 2010, -1,
      2010, 2057, 2058, -1,
      2010, 2058, 2011, -1,
      2011, 2058, 2059, -1,
      2011, 2059, 2012, -1,
      2012, 2059, 2060, -1,
      2012, 2060, 2013, -1,
      2013, 2060, 2061, -1,
      2013, 2061, 2014, -1,
      2014, 2061, 2062, -1,
      2014, 2062, 2015, -1,
      2015, 2062, 2063, -1,
      2015, 2063, 2016, -1,
      2016, 2063, 2064, -1,
      2016, 2064, 2017, -1,
      2017, 2064, 2065, -1,
      2017, 2065, 2018, -1,
      2018, 2065, 2066, -1,
      2018, 2066, 2019, -1,
      2019, 2066, 2067, -1,
      2019, 2067, 2020, -1,
      2020, 2067, 2068, -1,
      2020, 2068, 2021, -1,
      2021, 2068, 2069, -1,
      2021, 2069, 2022, -1,
      2022, 2069, 2070, -1,
      2022, 2070, 2023, -1,
      2023, 2070, 2071, -1,
      2023, 2071, 2024, -1,
      2024, 2071, 2072, -1,
      2024, 2072, 2025, -1,
      2025, 2072, 2073, -1,
      2025, 2073, 2026, -1,
      2026, 2073, 2074, -1,
      2026, 2074, 2027, -1,
      2027, 2074, 2075, -1,
      2027, 2075, 2028, -1,
      2028, 2075, 2076, -1,
      2028, 2076, 2029, -1,
      2029, 2076, 2077, -1,
      2029, 2077, 2030, -1,
      2030, 2077, 2078, -1,
      2030, 2078, 2031, -1,
      2031, 2078, 2079, -1,
      2031, 2079, 2032, -1,
      2032, 2079, 2080, -1,
      2032, 2080, 2033, -1,
      2033, 2080, 2081, -1,
      2033, 2081, 2034, -1,
      2034, 2081, 2082, -1,
      2034, 2082, 2035, -1,
      2035, 2082, 2083, -1,
      2035, 2083, 2036, -1,
      2036, 2083, 2084, -1,
      2036, 2084, 2037, -1,
      2037, 2084, 2085, -1,
      2037, 2085, 2038, -1,
      2038, 2085, 2086, -1,
      2038, 2086, 2039, -1,
      2039, 2086, 2087, -1,
      2039, 2087, 2040, -1,
      2040, 2087, 2088, -1,
      2040, 2088, 2041, -1,
      2041, 2088, 2089, -1,
      2041, 2089, 2042, -1,
      2042, 2089, 2090, -1,
      2042, 2090, 2043, -1,
      2043, 2090, 2091, -1,
      2043, 2091, 2044, -1,
      2044, 2091, 2092, -1,
      2044, 2092, 2045, -1,
      2045, 2092, 2093, -1,
      2045, 2093, 2046, -1,
      2046, 2093, 2094, -1,
      2046, 2094, 2047, -1,
      2047, 2094, 2095, -1,
      2047, 2095, 2048, -1,
      2048, 2095, 2096, -1,
      2048, 2096, 2049, -1,
      2049, 2096, 2097, -1,
      2049, 2097, 2050, -1,
      2050, 2097, 2098, -1,
      2050, 2098, 2051, -1,
      2051, 2098, 2099, -1,
      2051, 2099, 2052, -1,
      2052, 2099, 2100, -1,
      2052, 2100, 2053, -1,
      2053, 2100, 2101, -1,
      2053, 2101, 2054, -1,
      2054, 2101, 2102, -1,
      2054, 2102, 2055, -1,
      2055, 2102, 2056, -1,
      2102, 2103, 2056, -1,
      2056, 2103, 2104, -1,
      2056, 2104, 2057, -1,
      2057, 2104, 2105, -1,
      2057, 2105, 2058, -1,
      2058, 2105, 2106, -1,
      2058, 2106, 2059, -1,
      2059, 2106, 2107, -1,
      2059, 2107, 2060, -1,
      2060, 2107, 2108, -1,
      2060, 2108, 2061, -1,
      2061, 2108, 2109, -1,
      2061, 2109, 2062, -1,
      2062, 2109, 2110, -1,
      2062, 2110, 2063, -1,
      2063, 2110, 2111, -1,
      2063, 2111, 2064, -1,
      2064, 2111, 2112, -1,
      2064, 2112, 2065, -1,
      2065, 2112, 2113, -1,
      2065, 2113, 2066, -1,
      2066, 2113, 2114, -1,
      2066, 2114, 2067, -1,
      2067, 2114, 2115, -1,
      2067, 2115, 2068, -1,
      2068, 2115, 2116, -1,
      2068, 2116, 2069, -1,
      2069, 2116, 2117, -1,
      2069, 2117, 2070, -1,
      2070, 2117, 2118, -1,
      2070, 2118, 2071, -1,
      2071, 2118, 2119, -1,
      2071, 2119, 2072, -1,
      2072, 2119, 2120, -1,
      2072, 2120, 2073, -1,
      2073, 2120, 2121, -1,
      2073, 2121, 2074, -1,
      2074, 2121, 2122, -1,
      2074, 2122, 2075, -1,
      2075, 2122, 2123, -1,
      2075, 2123, 2076, -1,
      2076, 2123, 2124, -1,
      2076, 2124, 2077, -1,
      2077, 2124, 2125, -1,
      2077, 2125, 2078, -1,
      2078, 2125, 2126, -1,
      2078, 2126, 2079, -1,
      2079, 2126, 2127, -1,
      2079, 2127, 2080, -1,
      2080, 2127, 2128, -1,
      2080, 2128, 2081, -1,
      2081, 2128, 2129, -1,
      2081, 2129, 2082, -1,
      2082, 2129, 2130, -1,
      2082, 2130, 2083, -1,
      2083, 2130, 2131, -1,
      2083, 2131, 2084, -1,
      2084, 2131, 2132, -1,
      2084, 2132, 2085, -1,
      2085, 2132, 2133, -1,
      2085, 2133, 2086, -1,
      2086, 2133, 2134, -1,
      2086, 2134, 2087, -1,
      2087, 2134, 2135, -1,
      2087, 2135, 2088, -1,
      2088, 2135, 2136, -1,
      2088, 2136, 2089, -1,
      2089, 2136, 2137, -1,
      2089, 2137, 2090, -1,
      2090, 2137, 2138, -1,
      2090, 2138, 2091, -1,
      2091, 2138, 2139, -1,
      2091, 2139, 2092, -1,
      2092, 2139, 2140, -1,
      2092, 2140, 2093, -1,
      2093, 2140, 2141, -1,
      2093, 2141, 2094, -1,
      2094, 2141, 2142, -1,
      2094, 2142, 2095, -1,
      2095, 2142, 2143, -1,
      2095, 2143, 2096, -1,
      2096, 2143, 2144, -1,
      2096, 2144, 2097, -1,
      2097, 2144, 2145, -1,
      2097, 2145, 2098, -1,
      2098, 2145, 2146, -1,
      2098, 2146, 2099, -1,
      2099, 2146, 2147, -1,
      2099, 2147, 2100, -1,
      2100, 2147, 2148, -1,
      2100, 2148, 2101, -1,
      2101, 2148, 2149, -1,
      2101, 2149, 2102, -1,
      2102, 2149, 2103, -1,
      2132, 2150, 2151, -1,
      2152, 2153, 2123, -1,
      2154, 2126, 2155, -1,
      2155, 2126, 2125, -1,
      2155, 2125, 2153, -1,
      2153, 2125, 2124, -1,
      2153, 2124, 2123, -1,
      2156, 2128, 2154, -1,
      2154, 2128, 2127, -1,
      2154, 2127, 2126, -1,
      2132, 2131, 2150, -1,
      2150, 2131, 2130, -1,
      2150, 2130, 2156, -1,
      2156, 2130, 2129, -1,
      2156, 2129, 2128, -1,
      2157, 2134, 2151, -1,
      2151, 2134, 2133, -1,
      2151, 2133, 2132, -1,
      2158, 2136, 2157, -1,
      2157, 2136, 2135, -1,
      2157, 2135, 2134, -1,
      2159, 2138, 2158, -1,
      2158, 2138, 2137, -1,
      2158, 2137, 2136, -1,
      2148, 2160, 2161, -1,
      2162, 2140, 2159, -1,
      2159, 2140, 2139, -1,
      2159, 2139, 2138, -1,
      2163, 2142, 2162, -1,
      2162, 2142, 2141, -1,
      2162, 2141, 2140, -1,
      2164, 2144, 2163, -1,
      2163, 2144, 2143, -1,
      2163, 2143, 2142, -1,
      2148, 2147, 2160, -1,
      2160, 2147, 2146, -1,
      2160, 2146, 2164, -1,
      2164, 2146, 2145, -1,
      2164, 2145, 2144, -1,
      2165, 2103, 2161, -1,
      2161, 2103, 2149, -1,
      2161, 2149, 2148, -1,
      2166, 2105, 2165, -1,
      2165, 2105, 2104, -1,
      2165, 2104, 2103, -1,
      2167, 2107, 2166, -1,
      2166, 2107, 2106, -1,
      2166, 2106, 2105, -1,
      2168, 2169, 2113, -1,
      2170, 2109, 2167, -1,
      2167, 2109, 2108, -1,
      2167, 2108, 2107, -1,
      2113, 2112, 2168, -1,
      2168, 2112, 2111, -1,
      2168, 2111, 2170, -1,
      2170, 2111, 2110, -1,
      2170, 2110, 2109, -1,
      2171, 2115, 2169, -1,
      2169, 2115, 2114, -1,
      2169, 2114, 2113, -1,
      2172, 2117, 2171, -1,
      2171, 2117, 2116, -1,
      2171, 2116, 2115, -1,
      2173, 2119, 2172, -1,
      2172, 2119, 2118, -1,
      2172, 2118, 2117, -1,
      2123, 2122, 2152, -1,
      2152, 2122, 2121, -1,
      2152, 2121, 2173, -1,
      2173, 2121, 2120, -1,
      2173, 2120, 2119, -1,
      2161, 2174, 2165, -1,
      2165, 2174, 2175, -1,
      2165, 2175, 2166, -1,
      2166, 2175, 2176, -1,
      2166, 2176, 2167, -1,
      2167, 2176, 2177, -1,
      2167, 2177, 2170, -1,
      2170, 2177, 2178, -1,
      2170, 2178, 2168, -1,
      2168, 2178, 2179, -1,
      2168, 2179, 2169, -1,
      2169, 2179, 2180, -1,
      2169, 2180, 2171, -1,
      2171, 2180, 2181, -1,
      2171, 2181, 2172, -1,
      2172, 2181, 2182, -1,
      2172, 2182, 2173, -1,
      2173, 2182, 2183, -1,
      2173, 2183, 2152, -1,
      2152, 2183, 2184, -1,
      2152, 2184, 2153, -1,
      2153, 2184, 2185, -1,
      2153, 2185, 2155, -1,
      2155, 2185, 2186, -1,
      2155, 2186, 2154, -1,
      2154, 2186, 2187, -1,
      2154, 2187, 2156, -1,
      2156, 2187, 2188, -1,
      2156, 2188, 2150, -1,
      2150, 2188, 2189, -1,
      2150, 2189, 2151, -1,
      2151, 2189, 2190, -1,
      2151, 2190, 2157, -1,
      2157, 2190, 2191, -1,
      2157, 2191, 2158, -1,
      2158, 2191, 2192, -1,
      2158, 2192, 2159, -1,
      2159, 2192, 2193, -1,
      2159, 2193, 2162, -1,
      2162, 2193, 2194, -1,
      2162, 2194, 2163, -1,
      2163, 2194, 2195, -1,
      2163, 2195, 2164, -1,
      2164, 2195, 2196, -1,
      2164, 2196, 2160, -1,
      2160, 2196, 2197, -1,
      2160, 2197, 2161, -1,
      2161, 2197, 2174, -1,
      1452, 1450, 1781, -1,
      1455, 1457, 1450, -1,
      1448, 1447, 1781, -1,
      1781, 1447, 1453, -1,
      1781, 1453, 1452, -1,
      1454, 1406, 1405, -1,
      1450, 1423, 1424, -1,
      1803, 1439, 1781, -1,
      1781, 1439, 1438, -1,
      1442, 1443, 1781, -1,
      1781, 1443, 1445, -1,
      1781, 1445, 1448, -1,
      1455, 1450, 1405, -1,
      1405, 1450, 1449, -1,
      1405, 1449, 1454, -1,
      1414, 1420, 1419, -1,
      1416, 1421, 1415, -1,
      1415, 1421, 1423, -1,
      1415, 1423, 1411, -1,
      1424, 1426, 1450, -1,
      1450, 1426, 1432, -1,
      1450, 1432, 1431, -1,
      1431, 1430, 1450, -1,
      1450, 1430, 1429, -1,
      1450, 1429, 1428, -1,
      1428, 1434, 1450, -1,
      1450, 1434, 1433, -1,
      1450, 1433, 1781, -1,
      1438, 1440, 1781, -1,
      1781, 1440, 1441, -1,
      1781, 1441, 1442, -1,
      1457, 1458, 1450, -1,
      1450, 1458, 1354, -1,
      1450, 1354, 1423, -1,
      1423, 1354, 1353, -1,
      1423, 1353, 1411, -1,
      1414, 1419, 1415, -1,
      1415, 1419, 1417, -1,
      1415, 1417, 1416, -1,
      1789, 1628, 1795, -1,
      1795, 1628, 1627, -1,
      1631, 1795, 1629, -1,
      1629, 1795, 1622, -1,
      1644, 1643, 1795, -1,
      1660, 1662, 1795, -1,
      1627, 1625, 1795, -1,
      1795, 1625, 1623, -1,
      1795, 1623, 1622, -1,
      1631, 1632, 1795, -1,
      1795, 1632, 1634, -1,
      1795, 1634, 1637, -1,
      1639, 1795, 1640, -1,
      1640, 1795, 1641, -1,
      1667, 1666, 1662, -1,
      1637, 1636, 1795, -1,
      1795, 1636, 1642, -1,
      1795, 1642, 1641, -1,
      1643, 1648, 1795, -1,
      1795, 1648, 1571, -1,
      1795, 1571, 1570, -1,
      1665, 1664, 1669, -1,
      1639, 1647, 1795, -1,
      1795, 1647, 1646, -1,
      1795, 1646, 1644, -1,
      1570, 1649, 1795, -1,
      1795, 1649, 1651, -1,
      1795, 1651, 1652, -1,
      1666, 1670, 1662, -1,
      1662, 1670, 1671, -1,
      1662, 1671, 1795, -1,
      1652, 1654, 1795, -1,
      1795, 1654, 1659, -1,
      1795, 1659, 1658, -1,
      1658, 1656, 1795, -1,
      1795, 1656, 1655, -1,
      1795, 1655, 1660, -1,
      1665, 1669, 1662, -1,
      1662, 1669, 1668, -1,
      1662, 1668, 1667, -1,
      1803, 1781, 1784, -1,
      1803, 1784, 1799, -1,
      1799, 1784, 1786, -1,
      1799, 1786, 1794, -1,
      1794, 1786, 1789, -1,
      1794, 1789, 1795, -1,
      1346, 1352, 2198, -1,
      1346, 2198, 2199, -1,
      2199, 2198, 2200, -1,
      2199, 2200, 2201, -1,
      2201, 2200, 2202, -1,
      2201, 2202, 2203, -1,
      2203, 2202, 2204, -1,
      2203, 2204, 2205, -1,
      2205, 2204, 2206, -1,
      2205, 2206, 2207, -1,
      2207, 2206, 2208, -1,
      2207, 2208, 2209, -1,
      2195, 2194, 2210, -1,
      2210, 2194, 2193, -1,
      2208, 2189, 2188, -1,
      2175, 2211, 2176, -1,
      2176, 2211, 2177, -1,
      2175, 2174, 2211, -1,
      2211, 2174, 2197, -1,
      2211, 2197, 2210, -1,
      2210, 2197, 2196, -1,
      2210, 2196, 2195, -1,
      2193, 2192, 2210, -1,
      2210, 2192, 2191, -1,
      2210, 2191, 2208, -1,
      2208, 2191, 2190, -1,
      2208, 2190, 2189, -1,
      2184, 2183, 2209, -1,
      2209, 2183, 2182, -1,
      2209, 2182, 2181, -1,
      2181, 2180, 2209, -1,
      2209, 2180, 2179, -1,
      2209, 2179, 2211, -1,
      2211, 2179, 2178, -1,
      2211, 2178, 2177, -1,
      2188, 2187, 2208, -1,
      2208, 2187, 2186, -1,
      2208, 2186, 2209, -1,
      2209, 2186, 2185, -1,
      2209, 2185, 2184, -1,
      2211, 2210, 2212, -1,
      2211, 2212, 2213, -1,
      2213, 2212, 2214, -1,
      2213, 2214, 2215, -1,
      2215, 2214, 2216, -1,
      2215, 2216, 2217, -1,
      2217, 2216, 2218, -1,
      2217, 2218, 2219, -1,
      2219, 2218, 2220, -1,
      2219, 2220, 2221, -1,
      2221, 2220, 1340, -1,
      2221, 1340, 1338, -1,
      1344, 1342, 2222, -1,
      1344, 2222, 2223, -1,
      2223, 2222, 2224, -1,
      2223, 2224, 2225, -1,
      2225, 2224, 2226, -1,
      2225, 2226, 2227, -1,
      2227, 2226, 2228, -1,
      2227, 2228, 2229, -1,
      2229, 2228, 2230, -1,
      2229, 2230, 2231, -1,
      2231, 2230, 2232, -1,
      2231, 2232, 2233, -1,
      2234, 2233, 2235, -1,
      2235, 2233, 2232, -1,
      2234, 2235, 2236, -1,
      2234, 2236, 2237, -1,
      2237, 2236, 2238, -1,
      2237, 2238, 2239, -1,
      2239, 2238, 2240, -1,
      2239, 2240, 2241, -1,
      2241, 2240, 2242, -1,
      2241, 2242, 2243, -1,
      2243, 2242, 2244, -1,
      2243, 2244, 2245, -1,
      2245, 2244, 1350, -1,
      2245, 1350, 1348, -1,
      2245, 1348, 2234, -1,
      2211, 2233, 2209, -1,
      2209, 2233, 2234, -1,
      2215, 2217, 2219, -1,
      2237, 2239, 2241, -1,
      1344, 2233, 1338, -1,
      1338, 2233, 2211, -1,
      1338, 2211, 2221, -1,
      2234, 1348, 2209, -1,
      2209, 1348, 1346, -1,
      2209, 1346, 2207, -1,
      2201, 2203, 2205, -1,
      2221, 2211, 2219, -1,
      2219, 2211, 2213, -1,
      2219, 2213, 2215, -1,
      2225, 2227, 2229, -1,
      2237, 2241, 2234, -1,
      2234, 2241, 2243, -1,
      2234, 2243, 2245, -1,
      1344, 2223, 2233, -1,
      2233, 2223, 2225, -1,
      2233, 2225, 2231, -1,
      2231, 2225, 2229, -1,
      2207, 1346, 2205, -1,
      2205, 1346, 2199, -1,
      2205, 2199, 2201, -1,
      2210, 2208, 2235, -1,
      2228, 2226, 2224, -1,
      2235, 2232, 2210, -1,
      2210, 2232, 1342, -1,
      2210, 1342, 1340, -1,
      2232, 2230, 1342, -1,
      1342, 2230, 2228, -1,
      1342, 2228, 2222, -1,
      2222, 2228, 2224, -1,
      2218, 2216, 2214, -1,
      2204, 1352, 2206, -1,
      2206, 1352, 2208, -1,
      2208, 1352, 2235, -1,
      2235, 1352, 1350, -1,
      2235, 1350, 2236, -1,
      2244, 2242, 2240, -1,
      1340, 2220, 2210, -1,
      2210, 2220, 2218, -1,
      2210, 2218, 2212, -1,
      2212, 2218, 2214, -1,
      2202, 2200, 2204, -1,
      2204, 2200, 2198, -1,
      2204, 2198, 1352, -1,
      2244, 2240, 1350, -1,
      1350, 2240, 2238, -1,
      1350, 2238, 2236, -1,
      1339, 1351, 1337, -1,
      1337, 1351, 1345, -1,
      1349, 1341, 1347, -1,
      1347, 1341, 1343, -1,
      1349, 1351, 1341, -1,
      1341, 1351, 1339, -1,
      1345, 1347, 1337, -1,
      1337, 1347, 1343, -1,
    ]
  }
}

Shape {
  appearance Appearance {
    material Material {
      diffuseColor 0.1529 1.0000 0.7804
      specularColor 0.0784 0.5020 0.3882
      ambientIntensity 0.2
      transparency 0.0000
      shininess 0.5
    }
  }
  geometry IndexedFaceSet {
    ccw TRUE
    solid FALSE
    coord DEF co Coordinate {
      point [
        -1.492126 -1.968504 1.811901,
        -2.000000 -1.968504 1.811901,
        -1.492126 -1.968504 0.984252,
        -2.000000 -1.968504 -0.000000,
        -0.507874 -1.968504 0.984252,
        0.000000 -1.968504 -0.000000,
        -0.507874 -1.968504 1.811901,
        0.000000 -1.968504 1.811901,
        0.000000 1.769765 2.853598,
        0.000000 1.716230 2.851361,
        0.000000 1.968504 0.000000,
        0.000000 1.968504 2.637795,
        0.000000 1.271023 5.511811,
        0.000000 -1.114312 5.511811,
        0.000000 1.961874 2.690965,
        0.000000 1.942392 2.740880,
        0.000000 1.911250 2.784482,
        0.000000 1.870354 2.819103,
        0.000000 1.822210 2.842621,
        -2.000000 1.942392 2.740880,
        -2.000000 1.961874 2.690965,
        -2.000000 1.968504 2.637795,
        -2.000000 1.968504 0.000000,
        -2.000000 -1.114312 5.511811,
        -2.000000 1.271023 5.511811,
        -2.000000 1.716230 2.851361,
        -2.000000 1.769765 2.853598,
        -2.000000 1.822210 2.842621,
        -2.000000 1.870354 2.819103,
        -2.000000 1.911250 2.784482,
        -0.287571 -1.496063 0.984252,
        -0.287571 -1.496063 2.834646,
        -0.287571 -1.496063 3.858268,
        -1.712429 -1.496063 0.984252,
        -1.712429 -1.496063 2.834646,
        -1.712429 -1.496063 3.858268,
        -0.488189 1.348041 -0.000000,
        -1.511811 1.348041 -0.000000,
        -1.511811 1.092135 -0.000000,
        -1.748031 1.092135 -0.000000,
        -1.748031 -0.935424 -0.000000,
        -0.251969 -1.191330 -0.000000,
        -1.511811 -0.935424 -0.000000,
        -1.511811 -1.191330 -0.000000,
        -1.748031 -1.191330 -0.000000,
        -1.748031 -1.722441 -0.000000,
        -0.251969 -1.722441 -0.000000,
        -0.488189 1.092135 -0.000000,
        -0.251969 1.092135 -0.000000,
        -0.251969 -0.935424 -0.000000,
        -0.488189 -0.935424 -0.000000,
        -0.488189 -1.191330 -0.000000,
        -0.488189 -1.191330 2.440945,
        -0.251969 -1.191330 2.834646,
        -1.511811 -1.191330 2.440945,
        -1.748031 -1.191330 2.834646,
        -1.511811 1.092135 2.440945,
        -0.488189 1.092135 2.440945,
        -0.251969 1.092135 5.098426,
        -1.748031 1.092135 5.098426,
        -0.488189 -0.935424 2.440945,
        -1.511811 -0.935424 2.440945,
        -1.748031 -0.935424 5.098426,
        -0.251969 -0.935424 5.098426,
        -1.674385 1.968504 0.708517,
        -1.674385 1.968504 2.528218,
        -0.325615 1.968504 2.528218,
        -0.325615 1.968504 0.708517,
        -1.451252 0.699451 5.511811,
        -1.312259 0.779699 5.511811,
        -0.269858 -0.158882 5.511811,
        -0.335138 -0.305503 5.511811,
        -0.429476 -0.435347 5.511811,
        -0.548748 -0.542740 5.511811,
        -0.687742 -0.622989 5.511811,
        -0.840383 -0.672585 5.511811,
        -1.000000 -0.689361 5.511811,
        -1.159617 -0.672585 5.511811,
        -1.312259 -0.622989 5.511811,
        -1.730142 0.315593 5.511811,
        -1.664862 0.462214 5.511811,
        -1.570525 0.592058 5.511811,
        -0.687742 0.779699 5.511811,
        -0.548748 0.699451 5.511811,
        -0.429476 0.592058 5.511811,
        -0.335138 0.462214 5.511811,
        -0.269858 0.315593 5.511811,
        -0.236489 0.158604 5.511811,
        -0.236489 -0.001893 5.511811,
        -1.451252 -0.542740 5.511811,
        -1.570525 -0.435347 5.511811,
        -1.664862 -0.305503 5.511811,
        -1.159617 0.829296 5.511811,
        -1.000000 0.846072 5.511811,
        -0.840383 0.829296 5.511811,
        -1.730142 -0.158882 5.511811,
        -1.763511 -0.001893 5.511811,
        -1.763511 0.158604 5.511811,
        -1.748031 -1.722441 0.472441,
        -0.251969 -1.722441 0.472441,
        -1.748031 -1.496063 0.698819,
        -0.251969 -1.496063 0.698819,
        -1.748031 -1.496063 2.834646,
        -0.251969 -1.496063 2.834646,
        -1.748031 -0.797629 5.098426,
        -0.251969 -0.797629 5.098426,
        -1.748031 -0.797629 4.173228,
        -0.251969 -0.797629 4.173228,
        -1.456343 -0.043921 4.173228,
        -1.472441 0.078356 4.173228,
        -1.748031 0.954340 4.173228,
        -0.590854 0.314576 4.173228,
        -0.665934 0.412422 4.173228,
        -0.251969 0.954340 4.173228,
        -0.763780 0.487501 4.173228,
        -1.409146 -0.157865 4.173228,
        -1.334066 -0.255711 4.173228,
        -1.236220 -0.330791 4.173228,
        -0.763780 -0.330791 4.173228,
        -0.665934 -0.255711 4.173228,
        -0.590854 -0.157865 4.173228,
        -0.877723 0.534698 4.173228,
        -1.000000 0.550796 4.173228,
        -1.122277 0.534698 4.173228,
        -1.236220 0.487501 4.173228,
        -1.334066 0.412422 4.173228,
        -1.122277 -0.377987 4.173228,
        -1.000000 -0.394085 4.173228,
        -0.877723 -0.377987 4.173228,
        -1.409146 0.314576 4.173228,
        -1.456343 0.200632 4.173228,
        -0.543657 -0.043921 4.173228,
        -0.527559 0.078356 4.173228,
        -0.543657 0.200632 4.173228,
        -1.748031 0.954340 5.098426,
        -0.251969 0.954340 5.098426,
        -1.511811 1.348041 2.440945,
        -0.488189 1.348041 2.440945,
        -0.527559 1.348041 0.866142,
        -1.472441 1.348041 0.866142,
        -1.472441 1.348041 2.047244,
        -0.527559 1.348041 2.047244,
        -0.885578 -0.680787 5.314961,
        -0.773711 -0.655254 5.314961,
        -0.840841 -0.670576 5.314961,
        -0.549604 -0.541667 5.314961,
        -0.567530 -0.555962 5.314961,
        -0.666900 -0.613333 5.314961,
        -0.688243 -0.621710 5.314961,
        -0.477820 -0.484420 5.314961,
        -0.430986 -0.433946 5.314961,
        -0.399775 -0.400308 5.314961,
        -0.335138 -0.305503 5.314961,
        -0.285353 -0.202123 5.314961,
        -0.271828 -0.158275 5.314961,
        -0.251532 -0.092478 5.314961,
        -0.237847 -0.001688 5.314961,
        -0.234430 0.020984 5.314961,
        -0.234430 0.135727 5.314961,
        -0.251532 0.249189 5.314961,
        -0.237847 0.158399 5.314961,
        -0.285353 0.358834 5.314961,
        -0.271828 0.314985 5.314961,
        -0.399775 0.557019 5.314961,
        -0.335138 0.462214 5.314961,
        -0.477820 0.641131 5.314961,
        -0.430986 0.590656 5.314961,
        -0.688243 0.778420 5.314961,
        -0.666900 0.770044 5.314961,
        -0.567530 0.712672 5.314961,
        -0.549604 0.698377 5.314961,
        -0.773711 0.811965 5.314961,
        -0.840841 0.827286 5.314961,
        -0.885578 0.837497 5.314961,
        -1.000000 0.846072 5.314961,
        -1.114422 0.837497 5.314961,
        -1.159159 0.827286 5.314961,
        -1.226289 0.811965 5.314961,
        -1.311757 0.778420 5.314961,
        -1.333100 0.770044 5.314961,
        -1.432470 0.712672 5.314961,
        -1.522180 0.641131 5.314961,
        -1.450396 0.698377 5.314961,
        -1.600225 0.557019 5.314961,
        -1.569014 0.590656 5.314961,
        -1.714647 0.358834 5.314961,
        -1.664862 0.462214 5.314961,
        -1.748469 0.249189 5.314961,
        -1.728172 0.314985 5.314961,
        -1.762152 -0.001688 5.314961,
        -1.765570 0.020984 5.314961,
        -1.765570 0.135727 5.314961,
        -1.762152 0.158399 5.314961,
        -1.748469 -0.092478 5.314961,
        -1.728172 -0.158275 5.314961,
        -1.714647 -0.202123 5.314961,
        -1.664862 -0.305503 5.314961,
        -1.600225 -0.400308 5.314961,
        -1.569014 -0.433946 5.314961,
        -1.522180 -0.484420 5.314961,
        -1.450396 -0.541667 5.314961,
        -1.432470 -0.555962 5.314961,
        -1.333100 -0.613333 5.314961,
        -1.226289 -0.655254 5.314961,
        -1.311757 -0.621710 5.314961,
        -1.000000 -0.689361 5.314961,
        -1.114422 -0.680787 5.314961,
        -1.159159 -0.670576 5.314961,
        -0.778161 -0.640828 5.304097,
        -0.488089 -0.473354 5.304097,
        -0.266250 -0.089118 5.304097,
        -0.266250 0.245829 5.304097,
        -0.488089 0.630065 5.304097,
        -0.778161 0.797538 5.304097,
        -1.221839 0.797538 5.304097,
        -1.511911 0.630065 5.304097,
        -1.733750 0.245829 5.304097,
        -1.733750 -0.089118 5.304097,
        -1.511911 -0.473354 5.304097,
        -1.221839 -0.640828 5.304097,
        -0.840841 -0.670576 5.177165,
        -0.885578 -0.680787 5.177165,
        -0.887828 -0.665858 5.188029,
        -0.549604 -0.541667 5.177165,
        -0.567530 -0.555962 5.177165,
        -0.576034 -0.543488 5.188029,
        -0.271828 -0.158275 5.177165,
        -0.285353 -0.202123 5.177165,
        -0.299406 -0.196607 5.188029,
        -0.237847 0.158399 5.177165,
        -0.234430 0.135727 5.177165,
        -0.249485 0.134599 5.188029,
        -0.430986 0.590656 5.177165,
        -0.399775 0.557019 5.177165,
        -0.411578 0.547606 5.188029,
        -0.688243 0.778420 5.177165,
        -0.666900 0.770044 5.177165,
        -0.673451 0.756442 5.188029,
        -1.159159 0.827286 5.177165,
        -1.114422 0.837497 5.177165,
        -1.112172 0.822569 5.188029,
        -1.450396 0.698377 5.177165,
        -1.432470 0.712672 5.177165,
        -1.423966 0.700199 5.188029,
        -1.728172 0.314985 5.177165,
        -1.714647 0.358834 5.177165,
        -1.700594 0.353318 5.188029,
        -1.762152 -0.001688 5.177165,
        -1.765570 0.020984 5.177165,
        -1.750515 0.022112 5.188029,
        -1.569014 -0.433946 5.177165,
        -1.600225 -0.400308 5.177165,
        -1.588422 -0.390895 5.188029,
        -1.311757 -0.621710 5.177165,
        -1.333100 -0.613333 5.177165,
        -1.326550 -0.599731 5.188029,
        -1.226289 -0.655254 5.177165,
        -1.522180 -0.484420 5.177165,
        -1.748469 -0.092478 5.177165,
        -1.748469 0.249189 5.177165,
        -1.522180 0.641131 5.177165,
        -1.226289 0.811965 5.177165,
        -0.773711 0.811965 5.177165,
        -0.477820 0.641131 5.177165,
        -0.251532 0.249189 5.177165,
        -0.251532 -0.092478 5.177165,
        -0.477820 -0.484420 5.177165,
        -0.773711 -0.655254 5.177165,
        -1.114422 -0.680787 5.177165,
        -1.159159 -0.670576 5.177165,
        -1.112172 -0.665858 5.188029,
        -1.221839 -0.640828 5.188029,
        -1.110365 -0.653866 5.202130,
        -1.218264 -0.629239 5.202130,
        -1.109100 -0.645479 5.218683,
        -1.215764 -0.621133 5.218683,
        -1.108450 -0.641165 5.236763,
        -1.214478 -0.616965 5.236763,
        -1.108450 -0.641165 5.255363,
        -1.214478 -0.616965 5.255363,
        -1.109100 -0.645479 5.273443,
        -1.215764 -0.621133 5.273443,
        -1.110365 -0.653866 5.289996,
        -1.218264 -0.629239 5.289996,
        -1.112172 -0.665858 5.304097,
        -1.432470 -0.555962 5.177165,
        -1.450396 -0.541667 5.177165,
        -1.423966 -0.543488 5.188029,
        -1.511911 -0.473354 5.188029,
        -1.417134 -0.533468 5.202130,
        -1.503662 -0.464463 5.202130,
        -1.412356 -0.526460 5.218683,
        -1.497893 -0.458246 5.218683,
        -1.409898 -0.522855 5.236763,
        -1.494926 -0.455048 5.236763,
        -1.409898 -0.522855 5.255363,
        -1.494926 -0.455048 5.255363,
        -1.412356 -0.526460 5.273443,
        -1.497893 -0.458246 5.273443,
        -1.417134 -0.533468 5.289996,
        -1.503662 -0.464463 5.289996,
        -1.423966 -0.543488 5.304097,
        -1.714647 -0.202123 5.177165,
        -1.728172 -0.158275 5.177165,
        -1.700594 -0.196607 5.188029,
        -1.733750 -0.089118 5.188029,
        -1.689304 -0.192177 5.202130,
        -1.721926 -0.086420 5.202130,
        -1.681409 -0.189078 5.218683,
        -1.713657 -0.084532 5.218683,
        -1.677348 -0.187484 5.236763,
        -1.709404 -0.083561 5.236763,
        -1.677348 -0.187484 5.255363,
        -1.709404 -0.083561 5.255363,
        -1.681409 -0.189078 5.273443,
        -1.713657 -0.084532 5.273443,
        -1.689304 -0.192177 5.289996,
        -1.721926 -0.086420 5.289996,
        -1.700594 -0.196607 5.304097,
        -1.765570 0.135727 5.177165,
        -1.762152 0.158399 5.177165,
        -1.750515 0.134599 5.188029,
        -1.733750 0.245829 5.188029,
        -1.738421 0.133693 5.202130,
        -1.721926 0.243130 5.202130,
        -1.729963 0.133059 5.218683,
        -1.713657 0.241243 5.218683,
        -1.725613 0.132733 5.236763,
        -1.709404 0.240272 5.236763,
        -1.725613 0.132733 5.255363,
        -1.709404 0.240272 5.255363,
        -1.729963 0.133059 5.273443,
        -1.713657 0.241243 5.273443,
        -1.738421 0.133693 5.289996,
        -1.721926 0.243130 5.289996,
        -1.750515 0.134599 5.304097,
        -1.600225 0.557019 5.177165,
        -1.569014 0.590656 5.177165,
        -1.588422 0.547606 5.188029,
        -1.511911 0.630065 5.188029,
        -1.578940 0.540044 5.202130,
        -1.503662 0.621174 5.202130,
        -1.572309 0.534756 5.218683,
        -1.497893 0.614957 5.218683,
        -1.568898 0.532036 5.236763,
        -1.494926 0.611759 5.236763,
        -1.568898 0.532036 5.255363,
        -1.494926 0.611759 5.255363,
        -1.572309 0.534756 5.273443,
        -1.497893 0.614957 5.273443,
        -1.578940 0.540044 5.289996,
        -1.503662 0.621174 5.289996,
        -1.588422 0.547606 5.304097,
        -1.333100 0.770044 5.177165,
        -1.311757 0.778420 5.177165,
        -1.326550 0.756442 5.188029,
        -1.221839 0.797538 5.188029,
        -1.321287 0.745515 5.202130,
        -1.218264 0.785949 5.202130,
        -1.317607 0.737874 5.218683,
        -1.215764 0.777844 5.218683,
        -1.315714 0.733943 5.236763,
        -1.214478 0.773676 5.236763,
        -1.315714 0.733943 5.255363,
        -1.214478 0.773676 5.255363,
        -1.317607 0.737874 5.273443,
        -1.215764 0.777844 5.273443,
        -1.321287 0.745515 5.289996,
        -1.218264 0.785949 5.289996,
        -1.326550 0.756442 5.304097,
        -0.885578 0.837497 5.177165,
        -0.840841 0.827286 5.177165,
        -0.887828 0.822569 5.188029,
        -0.778161 0.797538 5.188029,
        -0.889635 0.810576 5.202130,
        -0.781736 0.785949 5.202130,
        -0.890900 0.802189 5.218683,
        -0.784236 0.777844 5.218683,
        -0.891550 0.797876 5.236763,
        -0.785522 0.773676 5.236763,
        -0.891550 0.797876 5.255363,
        -0.785522 0.773676 5.255363,
        -0.890900 0.802189 5.273443,
        -0.784236 0.777844 5.273443,
        -0.889635 0.810576 5.289996,
        -0.781736 0.785949 5.289996,
        -0.887828 0.822569 5.304097,
        -0.567530 0.712672 5.177165,
        -0.549604 0.698377 5.177165,
        -0.576034 0.700199 5.188029,
        -0.488089 0.630065 5.188029,
        -0.582866 0.690178 5.202130,
        -0.496338 0.621174 5.202130,
        -0.587644 0.683170 5.218683,
        -0.502107 0.614957 5.218683,
        -0.590102 0.679566 5.236763,
        -0.505074 0.611759 5.236763,
        -0.590102 0.679566 5.255363,
        -0.505074 0.611759 5.255363,
        -0.587644 0.683170 5.273443,
        -0.502107 0.614957 5.273443,
        -0.582866 0.690178 5.289996,
        -0.496338 0.621174 5.289996,
        -0.576034 0.700199 5.304097,
        -0.285353 0.358834 5.177165,
        -0.271828 0.314985 5.177165,
        -0.299406 0.353318 5.188029,
        -0.266250 0.245829 5.188029,
        -0.310696 0.348887 5.202130,
        -0.278074 0.243130 5.202130,
        -0.318591 0.345789 5.218683,
        -0.286343 0.241243 5.218683,
        -0.322652 0.344195 5.236763,
        -0.290596 0.240272 5.236763,
        -0.322652 0.344195 5.255363,
        -0.290596 0.240272 5.255363,
        -0.318591 0.345789 5.273443,
        -0.286343 0.241243 5.273443,
        -0.310696 0.348887 5.289996,
        -0.278074 0.243130 5.289996,
        -0.299406 0.353318 5.304097,
        -0.234430 0.020984 5.177165,
        -0.237847 -0.001688 5.177165,
        -0.249485 0.022112 5.188029,
        -0.266250 -0.089118 5.188029,
        -0.261579 0.023019 5.202130,
        -0.278074 -0.086420 5.202130,
        -0.270037 0.023652 5.218683,
        -0.286343 -0.084532 5.218683,
        -0.274387 0.023978 5.236763,
        -0.290596 -0.083561 5.236763,
        -0.274387 0.023978 5.255363,
        -0.290596 -0.083561 5.255363,
        -0.270037 0.023652 5.273443,
        -0.286343 -0.084532 5.273443,
        -0.261579 0.023019 5.289996,
        -0.278074 -0.086420 5.289996,
        -0.249485 0.022112 5.304097,
        -0.399775 -0.400308 5.177165,
        -0.430986 -0.433946 5.177165,
        -0.411578 -0.390895 5.188029,
        -0.488089 -0.473354 5.188029,
        -0.421060 -0.383334 5.202130,
        -0.496338 -0.464463 5.202130,
        -0.427692 -0.378045 5.218683,
        -0.502107 -0.458246 5.218683,
        -0.431102 -0.375325 5.236763,
        -0.505074 -0.455048 5.236763,
        -0.431102 -0.375325 5.255363,
        -0.505074 -0.455048 5.255363,
        -0.427692 -0.378045 5.273443,
        -0.502107 -0.458246 5.273443,
        -0.421060 -0.383334 5.289996,
        -0.496338 -0.464463 5.289996,
        -0.411578 -0.390895 5.304097,
        -0.666900 -0.613333 5.177165,
        -0.688243 -0.621710 5.177165,
        -0.673451 -0.599731 5.188029,
        -0.778161 -0.640828 5.188029,
        -0.678713 -0.588805 5.202130,
        -0.781736 -0.629239 5.202130,
        -0.682393 -0.581163 5.218683,
        -0.784236 -0.621133 5.218683,
        -0.684286 -0.577232 5.236763,
        -0.785522 -0.616965 5.236763,
        -0.684286 -0.577232 5.255363,
        -0.785522 -0.616965 5.255363,
        -0.682393 -0.581163 5.273443,
        -0.784236 -0.621133 5.273443,
        -0.678713 -0.588805 5.289996,
        -0.781736 -0.629239 5.289996,
        -0.673451 -0.599731 5.304097,
        -1.000000 -0.689361 5.177165,
        -1.000000 -0.674264 5.188029,
        -1.000000 -0.662136 5.202130,
        -1.000000 -0.653655 5.218683,
        -1.000000 -0.649292 5.236763,
        -1.000000 -0.649292 5.255363,
        -1.000000 -0.653655 5.273443,
        -1.000000 -0.662136 5.289996,
        -1.000000 -0.674264 5.304097,
        -1.326550 -0.599731 5.304097,
        -1.321287 -0.588805 5.289996,
        -1.317607 -0.581163 5.273443,
        -1.315714 -0.577232 5.255363,
        -1.315714 -0.577232 5.236763,
        -1.317607 -0.581163 5.218683,
        -1.321287 -0.588805 5.202130,
        -1.588422 -0.390895 5.304097,
        -1.578940 -0.383334 5.289996,
        -1.572309 -0.378045 5.273443,
        -1.568898 -0.375325 5.255363,
        -1.568898 -0.375325 5.236763,
        -1.572309 -0.378045 5.218683,
        -1.578940 -0.383334 5.202130,
        -1.664862 -0.305503 5.177165,
        -1.651788 -0.297954 5.188029,
        -1.641285 -0.291891 5.202130,
        -1.633939 -0.287650 5.218683,
        -1.630161 -0.285468 5.236763,
        -1.630161 -0.285468 5.255363,
        -1.633939 -0.287650 5.273443,
        -1.641285 -0.291891 5.289996,
        -1.651788 -0.297954 5.304097,
        -1.750515 0.022112 5.304097,
        -1.738421 0.023019 5.289996,
        -1.729963 0.023652 5.273443,
        -1.725613 0.023978 5.255363,
        -1.725613 0.023978 5.236763,
        -1.729963 0.023652 5.218683,
        -1.738421 0.023019 5.202130,
        -1.700594 0.353318 5.304097,
        -1.689304 0.348887 5.289996,
        -1.681409 0.345789 5.273443,
        -1.677348 0.344195 5.255363,
        -1.677348 0.344195 5.236763,
        -1.681409 0.345789 5.218683,
        -1.689304 0.348887 5.202130,
        -1.664862 0.462214 5.177165,
        -1.651788 0.454665 5.188029,
        -1.641285 0.448601 5.202130,
        -1.633939 0.444360 5.218683,
        -1.630161 0.442179 5.236763,
        -1.630161 0.442179 5.255363,
        -1.633939 0.444360 5.273443,
        -1.641285 0.448601 5.289996,
        -1.651788 0.454665 5.304097,
        -1.423966 0.700199 5.304097,
        -1.417134 0.690178 5.289996,
        -1.412356 0.683170 5.273443,
        -1.409898 0.679566 5.255363,
        -1.409898 0.679566 5.236763,
        -1.412356 0.683170 5.218683,
        -1.417134 0.690178 5.202130,
        -1.112172 0.822569 5.304097,
        -1.110365 0.810576 5.289996,
        -1.109100 0.802189 5.273443,
        -1.108450 0.797876 5.255363,
        -1.108450 0.797876 5.236763,
        -1.109100 0.802189 5.218683,
        -1.110365 0.810576 5.202130,
        -1.000000 0.846072 5.177165,
        -1.000000 0.830975 5.188029,
        -1.000000 0.818847 5.202130,
        -1.000000 0.810365 5.218683,
        -1.000000 0.806003 5.236763,
        -1.000000 0.806003 5.255363,
        -1.000000 0.810365 5.273443,
        -1.000000 0.818847 5.289996,
        -1.000000 0.830975 5.304097,
        -0.673451 0.756442 5.304097,
        -0.678713 0.745515 5.289996,
        -0.682393 0.737874 5.273443,
        -0.684286 0.733943 5.255363,
        -0.684286 0.733943 5.236763,
        -0.682393 0.737874 5.218683,
        -0.678713 0.745515 5.202130,
        -0.411578 0.547606 5.304097,
        -0.421060 0.540044 5.289996,
        -0.427692 0.534756 5.273443,
        -0.431102 0.532036 5.255363,
        -0.431102 0.532036 5.236763,
        -0.427692 0.534756 5.218683,
        -0.421060 0.540044 5.202130,
        -0.335138 0.462214 5.177165,
        -0.348212 0.454665 5.188029,
        -0.358715 0.448601 5.202130,
        -0.366061 0.444360 5.218683,
        -0.369839 0.442179 5.236763,
        -0.369839 0.442179 5.255363,
        -0.366061 0.444360 5.273443,
        -0.358715 0.448601 5.289996,
        -0.348212 0.454665 5.304097,
        -0.249485 0.134599 5.304097,
        -0.261579 0.133693 5.289996,
        -0.270037 0.133059 5.273443,
        -0.274387 0.132733 5.255363,
        -0.274387 0.132733 5.236763,
        -0.270037 0.133059 5.218683,
        -0.261579 0.133693 5.202130,
        -0.299406 -0.196607 5.304097,
        -0.310696 -0.192177 5.289996,
        -0.318591 -0.189078 5.273443,
        -0.322652 -0.187484 5.255363,
        -0.322652 -0.187484 5.236763,
        -0.318591 -0.189078 5.218683,
        -0.310696 -0.192177 5.202130,
        -0.335138 -0.305503 5.177165,
        -0.348212 -0.297954 5.188029,
        -0.358715 -0.291891 5.202130,
        -0.366061 -0.287650 5.218683,
        -0.369839 -0.285468 5.236763,
        -0.369839 -0.285468 5.255363,
        -0.366061 -0.287650 5.273443,
        -0.358715 -0.291891 5.289996,
        -0.348212 -0.297954 5.304097,
        -0.576034 -0.543488 5.304097,
        -0.582866 -0.533468 5.289996,
        -0.587644 -0.526460 5.273443,
        -0.590102 -0.522855 5.255363,
        -0.590102 -0.522855 5.236763,
        -0.587644 -0.526460 5.218683,
        -0.582866 -0.533468 5.202130,
        -0.887828 -0.665858 5.304097,
        -0.889635 -0.653866 5.289996,
        -0.890900 -0.645479 5.273443,
        -0.891550 -0.641165 5.255363,
        -0.891550 -0.641165 5.236763,
        -0.890900 -0.645479 5.218683,
        -0.889635 -0.653866 5.202130,
        -0.840383 -0.672585 4.370078,
        -1.000000 -0.689361 4.370078,
        -0.687742 -0.622989 4.370078,
        -0.548748 -0.542740 4.370078,
        -0.429476 -0.435347 4.370078,
        -0.335138 -0.305503 4.370078,
        -0.269858 -0.158882 4.370078,
        -0.236489 -0.001893 4.370078,
        -0.236489 0.158604 4.370078,
        -0.269858 0.315593 4.370078,
        -0.335138 0.462214 4.370078,
        -0.429476 0.592058 4.370078,
        -0.548748 0.699451 4.370078,
        -0.687742 0.779699 4.370078,
        -0.840383 0.829296 4.370078,
        -1.000000 0.846072 4.370078,
        -1.159617 0.829296 4.370078,
        -1.312259 0.779699 4.370078,
        -1.451252 0.699451 4.370078,
        -1.570525 0.592058 4.370078,
        -1.664862 0.462214 4.370078,
        -1.730142 0.315593 4.370078,
        -1.763511 0.158604 4.370078,
        -1.763511 -0.001893 4.370078,
        -1.730142 -0.158882 4.370078,
        -1.664862 -0.305503 4.370078,
        -1.570525 -0.435347 4.370078,
        -1.451252 -0.542740 4.370078,
        -1.312259 -0.622989 4.370078,
        -1.159617 -0.672585 4.370078,
        -1.472441 0.078356 4.370078,
        -1.456343 -0.043921 4.370078,
        -1.409146 -0.157865 4.370078,
        -1.334066 -0.255711 4.370078,
        -1.236220 -0.330791 4.370078,
        -1.236220 0.487501 4.370078,
        -1.334066 0.412422 4.370078,
        -1.409146 0.314576 4.370078,
        -1.456343 0.200632 4.370078,
        -0.763780 0.487501 4.370078,
        -0.877723 0.534698 4.370078,
        -1.000000 0.550796 4.370078,
        -1.122277 0.534698 4.370078,
        -0.763780 -0.330791 4.370078,
        -0.665934 -0.255711 4.370078,
        -0.590854 -0.157865 4.370078,
        -0.543657 -0.043921 4.370078,
        -1.122277 -0.377987 4.370078,
        -1.000000 -0.394085 4.370078,
        -0.877723 -0.377987 4.370078,
        -0.527559 0.078356 4.370078,
        -0.543657 0.200632 4.370078,
        -0.590854 0.314576 4.370078,
        -0.665934 0.412422 4.370078,
        -0.527559 1.535433 2.047244,
        -1.472441 1.535433 2.047244,
        -0.527559 1.535433 0.866142,
        -1.472441 1.535433 0.866142,
        2.000000 0.249850 0.787089,
        2.000000 0.249850 0.723654,
        2.000000 0.403989 0.723654,
        2.000000 0.249850 1.041134,
        2.000000 0.249850 0.994181,
        2.000000 0.403989 0.994181,
        2.000000 0.779592 0.930159,
        2.000000 0.779592 0.878907,
        2.000000 0.809577 0.878907,
        2.000000 0.589106 0.787924,
        2.000000 0.582138 0.787089,
        2.000000 0.622298 0.787089,
        2.000000 0.579050 1.184204,
        2.000000 0.579050 1.132952,
        2.000000 0.622298 1.132952,
        2.000000 0.465061 1.202470,
        2.000000 0.477351 1.203975,
        2.000000 0.413589 1.203975,
        2.000000 0.506400 1.042117,
        2.000000 0.496122 1.041134,
        2.000000 0.549105 1.041134,
        2.000000 1.716230 2.851361,
        2.000000 1.271023 5.511811,
        2.000000 0.860173 5.511811,
        2.000000 1.870354 2.819103,
        2.000000 1.822210 2.842621,
        2.000000 1.582762 2.559055,
        2.000000 1.769765 2.853598,
        2.000000 1.409364 2.559055,
        2.000000 1.961874 2.690965,
        2.000000 1.942392 2.740880,
        2.000000 1.911250 2.784482,
        2.000000 1.582762 0.000000,
        2.000000 1.968504 -0.000000,
        2.000000 1.582762 0.723654,
        2.000000 1.968504 0.723654,
        2.000000 1.582762 0.787089,
        2.000000 1.968504 0.787089,
        2.000000 1.582762 0.994181,
        2.000000 1.968504 0.994181,
        2.000000 1.582762 1.041134,
        2.000000 1.968504 1.041134,
        2.000000 1.582762 1.203975,
        2.000000 1.968504 1.203975,
        2.000000 1.968504 2.637795,
        2.000000 0.918936 1.086286,
        2.000000 0.860173 1.086286,
        2.000000 0.935269 1.042485,
        2.000000 0.860173 1.041134,
        2.000000 0.958111 1.042485,
        2.000000 0.860173 1.203975,
        2.000000 1.409364 1.203975,
        2.000000 0.897117 1.202624,
        2.000000 1.409364 1.041134,
        2.000000 1.409364 0.994181,
        2.000000 1.135811 0.788441,
        2.000000 1.119478 0.832241,
        2.000000 1.052794 0.832241,
        2.000000 0.860173 0.787089,
        2.000000 0.875298 0.788441,
        2.000000 0.860173 0.994181,
        2.000000 0.875298 0.948580,
        2.000000 1.097659 0.948580,
        2.000000 1.158653 0.788441,
        2.000000 1.409364 0.787089,
        2.000000 1.037403 0.788441,
        2.000000 1.014561 0.788441,
        2.000000 0.919345 0.788441,
        2.000000 1.075554 0.948580,
        2.000000 0.993451 0.825076,
        2.000000 0.981526 0.810873,
        2.000000 0.964981 0.798978,
        2.000000 0.946769 0.791811,
        2.000000 0.981526 0.927375,
        2.000000 0.987063 0.921970,
        2.000000 0.997005 0.908042,
        2.000000 1.002962 0.892802,
        2.000000 0.920983 0.948580,
        2.000000 0.945425 0.945881,
        2.000000 0.964753 0.938823,
        2.000000 1.005678 0.870557,
        2.000000 1.005201 0.860399,
        2.000000 1.001329 0.841644,
        2.000000 1.409364 0.723654,
        2.000000 1.409364 0.000000,
        2.000000 0.860173 0.723654,
        2.000000 0.249850 -0.000000,
        2.000000 -0.267559 0.716120,
        2.000000 -0.295064 0.712739,
        2.000000 -1.251884 0.000000,
        2.000000 -0.299520 0.712824,
        2.000000 -0.326400 0.717031,
        2.000000 -1.251884 0.723654,
        2.000000 -0.342139 0.723654,
        2.000000 -1.251884 0.787089,
        2.000000 -0.352661 0.728083,
        2.000000 -0.374924 0.744882,
        2.000000 -0.391844 0.765787,
        2.000000 -0.401793 0.787089,
        2.000000 -0.403228 0.790162,
        2.000000 -0.423375 0.796540,
        2.000000 -0.463800 0.817920,
        2.000000 -0.494314 0.844814,
        2.000000 -0.498928 0.850140,
        2.000000 -0.522863 0.886898,
        2.000000 -0.537858 0.929576,
        2.000000 -1.251884 0.994181,
        2.000000 -0.542134 0.968918,
        2.000000 -0.541613 0.982814,
        2.000000 -0.539318 0.994181,
        2.000000 -1.251884 1.041134,
        2.000000 -0.488621 1.098715,
        2.000000 -0.478024 1.108544,
        2.000000 -1.251884 1.203975,
        2.000000 -0.439769 1.134018,
        2.000000 -0.397239 1.149076,
        2.000000 -0.532554 1.027682,
        2.000000 -0.526126 1.041134,
        2.000000 -0.513292 1.067996,
        2.000000 -0.357685 1.153367,
        2.000000 -0.281401 1.201187,
        2.000000 -0.308157 1.178273,
        2.000000 -0.344592 1.152655,
        2.000000 -0.331498 1.151090,
        2.000000 0.249850 5.511811,
        2.000000 -1.114312 5.511811,
        2.000000 -1.255319 4.901044,
        2.000000 -0.097844 1.240661,
        2.000000 -0.040707 1.220527,
        2.000000 -1.251884 2.559055,
        2.000000 -0.144772 1.245591,
        2.000000 -0.276904 1.203975,
        2.000000 -0.253771 1.218318,
        2.000000 -0.201281 1.238607,
        2.000000 -1.968504 -0.000000,
        2.000000 -1.425281 0.000000,
        2.000000 -1.968504 0.723654,
        2.000000 -1.425281 0.723654,
        2.000000 -1.968504 0.787089,
        2.000000 -1.425281 0.787089,
        2.000000 -1.968504 0.994181,
        2.000000 -1.425281 0.994181,
        2.000000 -1.968504 1.041134,
        2.000000 -1.425281 1.041134,
        2.000000 -1.968504 1.203975,
        2.000000 -1.425281 1.203975,
        2.000000 -1.968504 1.811901,
        2.000000 -1.425281 2.559055,
        2.000000 -1.255319 2.559055,
        2.000000 0.716511 0.902814,
        2.000000 0.737306 0.902814,
        2.000000 0.748113 0.994181,
        2.000000 0.679832 0.816850,
        2.000000 0.682289 0.807434,
        2.000000 0.682820 0.807434,
        2.000000 0.659631 0.994181,
        2.000000 0.659631 0.874964,
        2.000000 0.685277 0.816686,
        2.000000 0.683742 0.811354,
        2.000000 0.659631 0.787089,
        2.000000 0.659631 0.821123,
        2.000000 0.627517 0.902814,
        2.000000 0.622298 0.994181,
        2.000000 0.649950 0.902814,
        2.000000 0.672382 0.788686,
        2.000000 0.671706 0.787089,
        2.000000 0.663581 0.767891,
        2.000000 0.622298 0.723654,
        2.000000 0.631652 0.736207,
        2.000000 0.631652 0.754055,
        2.000000 0.643031 0.751762,
        2.000000 0.646870 0.752098,
        2.000000 0.651284 0.753477,
        2.000000 0.655041 0.755774,
        2.000000 0.659631 0.738188,
        2.000000 0.653127 0.735609,
        2.000000 0.659631 0.723654,
        2.000000 0.644587 0.734570,
        2.000000 0.640159 0.734728,
        2.000000 0.659087 0.759919,
        2.000000 0.659631 0.760883,
        2.000000 0.685400 0.771166,
        2.000000 0.676206 0.753316,
        2.000000 0.748113 0.723654,
        2.000000 0.667956 0.743719,
        2.000000 0.660999 0.738731,
        2.000000 0.475182 0.789666,
        2.000000 0.467823 0.787089,
        2.000000 0.492594 0.788441,
        2.000000 0.428817 0.842923,
        2.000000 0.431928 0.875305,
        2.000000 0.424817 0.837173,
        2.000000 0.422075 0.830094,
        2.000000 0.482495 0.794456,
        2.000000 0.444845 0.787178,
        2.000000 0.437186 0.790108,
        2.000000 0.413589 0.787089,
        2.000000 0.424276 0.802965,
        2.000000 0.421806 0.809694,
        2.000000 0.476315 0.888407,
        2.000000 0.469425 0.889141,
        2.000000 0.458700 0.856393,
        2.000000 0.450853 0.902934,
        2.000000 0.413589 0.994181,
        2.000000 0.435958 0.897130,
        2.000000 0.431928 0.894791,
        2.000000 0.434952 0.848256,
        2.000000 0.443480 0.852636,
        2.000000 0.445823 0.884030,
        2.000000 0.458389 0.888086,
        2.000000 0.430577 0.794744,
        2.000000 0.428477 0.796857,
        2.000000 0.548928 0.850423,
        2.000000 0.539833 0.813165,
        2.000000 0.549105 0.850306,
        2.000000 0.547046 0.808648,
        2.000000 0.549105 0.807843,
        2.000000 0.492594 0.806124,
        2.000000 0.492062 0.806124,
        2.000000 0.488845 0.801244,
        2.000000 0.498376 0.898067,
        2.000000 0.503750 0.892985,
        2.000000 0.542845 0.885007,
        2.000000 0.420752 0.819060,
        2.000000 0.420806 0.821423,
        2.000000 0.492594 0.861142,
        2.000000 0.491919 0.869878,
        2.000000 0.489857 0.877074,
        2.000000 0.487509 0.881224,
        2.000000 0.507874 0.886549,
        2.000000 0.511039 0.877506,
        2.000000 0.540617 0.878531,
        2.000000 0.471308 0.905433,
        2.000000 0.483175 0.904385,
        2.000000 0.491683 0.901846,
        2.000000 0.484489 0.884463,
        2.000000 0.480942 0.886770,
        2.000000 0.545646 0.853855,
        2.000000 0.543348 0.857425,
        2.000000 0.512652 0.862042,
        2.000000 0.541001 0.863428,
        2.000000 0.539956 0.871948,
        2.000000 0.466984 0.786796,
        2.000000 0.549105 0.723654,
        2.000000 0.445551 0.787089,
        2.000000 0.413589 0.723654,
        2.000000 0.456359 0.785742,
        2.000000 0.457021 0.785739,
        2.000000 0.509575 1.203639,
        2.000000 0.526325 1.198776,
        2.000000 0.549105 1.203975,
        2.000000 0.526325 1.177163,
        2.000000 0.523593 1.047756,
        2.000000 0.492519 1.058488,
        2.000000 0.510622 1.061870,
        2.000000 0.526325 1.068930,
        2.000000 0.526325 1.049117,
        2.000000 0.428294 1.114852,
        2.000000 0.524541 1.178125,
        2.000000 0.508298 1.184306,
        2.000000 0.436033 1.085912,
        2.000000 0.443840 1.075070,
        2.000000 0.446967 1.071976,
        2.000000 0.457424 1.064573,
        2.000000 0.468828 1.060157,
        2.000000 0.484980 1.058204,
        2.000000 0.444945 1.168894,
        2.000000 0.436226 1.156775,
        2.000000 0.455857 1.177900,
        2.000000 0.468450 1.183730,
        2.000000 0.488582 1.186659,
        2.000000 0.482384 1.186412,
        2.000000 0.428121 1.120754,
        2.000000 0.430825 1.143002,
        2.000000 0.430857 1.098826,
        2.000000 0.488378 1.205326,
        2.000000 0.413589 5.511811,
        2.000000 0.549105 5.511811,
        2.000000 0.488654 1.205326,
        2.000000 0.505402 1.203975,
        2.000000 0.417939 1.166572,
        2.000000 0.429554 1.181747,
        2.000000 0.433380 1.185407,
        2.000000 0.448352 1.195943,
        2.000000 0.403989 1.203975,
        2.000000 0.410335 1.148783,
        2.000000 0.413589 1.156394,
        2.000000 0.413589 1.083205,
        2.000000 0.409652 1.093198,
        2.000000 0.403989 1.041134,
        2.000000 0.406425 1.119526,
        2.000000 0.406706 1.127874,
        2.000000 0.439865 1.050935,
        2.000000 0.426975 1.061643,
        2.000000 0.413589 1.041134,
        2.000000 0.416213 1.076543,
        2.000000 0.481992 1.039783,
        2.000000 0.472337 1.040239,
        2.000000 0.467984 1.041134,
        2.000000 0.454979 1.043810,
        2.000000 0.546404 0.890461,
        2.000000 0.549105 0.994181,
        2.000000 0.622298 1.203975,
        2.000000 0.622298 1.202624,
        2.000000 0.640862 1.202624,
        2.000000 0.659631 1.203975,
        2.000000 0.640862 1.184204,
        2.000000 0.659631 1.041134,
        2.000000 0.579050 1.060743,
        2.000000 0.622298 1.060743,
        2.000000 0.579050 1.114613,
        2.000000 0.622298 1.114613,
        2.000000 0.636318 1.114613,
        2.000000 0.636318 1.132952,
        2.000000 0.622298 1.184204,
        2.000000 0.644505 1.060743,
        2.000000 0.644505 1.042485,
        2.000000 0.622298 1.041134,
        2.000000 0.622298 1.042485,
        2.000000 0.558377 1.042485,
        2.000000 0.558377 1.202624,
        2.000000 0.748113 1.041134,
        2.000000 0.746226 1.045856,
        2.000000 0.718803 1.042485,
        2.000000 0.720440 1.202624,
        2.000000 0.748113 1.203975,
        2.000000 0.674756 1.042485,
        2.000000 0.674756 1.202624,
        2.000000 0.800787 1.095689,
        2.000000 0.792909 1.079120,
        2.000000 0.809577 1.041134,
        2.000000 0.786521 1.176015,
        2.000000 0.796463 1.162087,
        2.000000 0.809577 1.203975,
        2.000000 0.780983 1.064918,
        2.000000 0.764439 1.053023,
        2.000000 0.748113 1.046598,
        2.000000 0.780983 1.181420,
        2.000000 0.744883 1.199926,
        2.000000 0.748113 1.198747,
        2.000000 0.764211 1.192868,
        2.000000 0.802420 1.146847,
        2.000000 0.805135 1.124602,
        2.000000 0.804659 1.114444,
        2.000000 0.852252 1.086286,
        2.000000 0.836860 1.042485,
        2.000000 0.814019 1.042485,
        2.000000 0.860173 1.163664,
        2.000000 0.875012 1.202624,
        2.000000 0.539833 0.792452,
        2.000000 0.512652 0.788441,
        2.000000 0.549105 0.789191,
        2.000000 0.549105 0.787089,
        2.000000 0.553886 0.787509,
        2.000000 0.557911 0.787089,
        2.000000 0.570863 0.785739,
        2.000000 0.635755 0.752710,
        2.000000 0.613747 0.833630,
        2.000000 0.616042 0.827847,
        2.000000 0.611593 0.880872,
        2.000000 0.610365 0.838463,
        2.000000 0.549105 0.892943,
        2.000000 0.552810 0.896346,
        2.000000 0.557677 0.899341,
        2.000000 0.568411 0.903499,
        2.000000 0.584494 0.905433,
        2.000000 0.617078 0.819551,
        2.000000 0.616292 0.812191,
        2.000000 0.614004 0.805790,
        2.000000 0.610443 0.800442,
        2.000000 0.604184 0.794826,
        2.000000 0.599625 0.792014,
        2.000000 0.598565 0.904185,
        2.000000 0.611593 0.900357,
        2.000000 0.582529 0.889141,
        2.000000 0.576592 0.888696,
        2.000000 0.560629 0.873750,
        2.000000 0.571226 0.887276,
        2.000000 0.566728 0.884884,
        2.000000 0.560811 0.871081,
        2.000000 0.561607 0.867966,
        2.000000 0.563052 0.865259,
        2.000000 0.565009 0.863107,
        2.000000 0.572080 0.858685,
        2.000000 0.596549 0.887435,
        2.000000 0.584494 0.853282,
        2.000000 0.607897 0.883037,
        2.000000 0.592261 0.850139,
        2.000000 0.605582 0.842731,
        2.000000 0.563702 0.882209,
        2.000000 0.561982 0.879657,
        2.000000 0.560992 0.876949,
        2.000000 0.559591 0.803746,
        2.000000 0.570330 0.838709,
        2.000000 0.558374 0.844189,
        2.000000 0.572828 0.802113,
        2.000000 0.573713 0.802119,
        2.000000 0.583501 0.833193,
        2.000000 0.583996 0.803271,
        2.000000 0.596488 0.817586,
        2.000000 0.596292 0.820081,
        2.000000 0.589171 0.805165,
        2.000000 0.591000 0.806275,
        2.000000 0.593302 0.808318,
        2.000000 0.595053 0.810907,
        2.000000 0.596072 0.813760,
        2.000000 0.595380 0.823214,
        2.000000 0.593830 0.825873,
        2.000000 0.591330 0.828475,
        2.000000 0.841404 0.948580,
        2.000000 0.841404 0.930159,
        2.000000 0.845047 0.806698,
        2.000000 0.845047 0.788441,
        2.000000 0.809577 0.787089,
        2.000000 0.779592 0.806698,
        2.000000 0.809577 0.806698,
        2.000000 0.779592 0.860569,
        2.000000 0.809577 0.860569,
        2.000000 0.836860 0.860569,
        2.000000 0.836860 0.878907,
        2.000000 0.809577 0.930159,
        2.000000 0.809577 0.788441,
        2.000000 0.758919 0.788441,
        2.000000 0.748113 0.787089,
        2.000000 0.758919 0.948580,
        2.000000 0.809577 0.948580,
        2.000000 0.809577 0.994181,
        2.000000 0.691678 0.787089,
        2.000000 0.112489 1.076780,
        2.000000 0.143056 1.050367,
        2.000000 0.249850 1.203975,
        2.000000 -0.016089 1.203975,
        2.000000 0.010074 1.186385,
        2.000000 0.047286 1.143480,
        2.000000 0.071556 1.096438,
        2.000000 0.078758 1.093974,
        2.000000 -0.188354 0.787089,
        2.000000 -0.188417 0.786820,
        2.000000 -0.201849 0.761416,
        2.000000 -0.219477 0.741630,
        2.000000 -0.242161 0.725861,
        2.000000 -0.247914 0.723654,
        2.000000 0.142148 0.839121,
        2.000000 0.109423 0.811776,
        2.000000 0.163715 0.868743,
        2.000000 -0.209671 0.902881,
        2.000000 -0.057102 0.982581,
        2.000000 -0.229526 0.920968,
        2.000000 -0.253678 0.933927,
        2.000000 0.113144 0.955963,
        2.000000 0.107836 0.977842,
        2.000000 0.099067 0.994181,
        2.000000 -0.467579 0.994181,
        2.000000 -0.034640 0.857482,
        2.000000 -0.021807 0.922237,
        2.000000 -0.042493 0.854525,
        2.000000 -0.049559 0.849687,
        2.000000 -0.033922 0.788643,
        2.000000 -0.041504 0.791329,
        2.000000 -0.049070 0.796335,
        2.000000 -0.052878 0.800128,
        2.000000 -0.460954 0.925956,
        2.000000 -0.447277 0.902651,
        2.000000 -0.389463 0.890987,
        2.000000 -0.426854 0.881691,
        2.000000 -0.402090 0.866446,
        2.000000 -0.347335 0.928656,
        2.000000 -0.370626 0.912496,
        2.000000 -0.470404 0.971195,
        2.000000 -0.469073 0.953843,
        2.000000 0.179482 0.982866,
        2.000000 0.184275 0.947285,
        2.000000 0.184182 0.941824,
        2.000000 0.178483 0.904539,
        2.000000 0.074513 0.795250,
        2.000000 0.038538 0.787885,
        2.000000 -0.028638 0.787885,
        2.000000 -0.322181 0.938259,
        2.000000 -0.295064 0.941592,
        2.000000 -0.281156 0.940764,
        2.000000 -0.026361 0.858476,
        2.000000 -0.025253 0.858396,
        2.000000 -0.021837 0.857640,
        2.000000 -0.061657 0.823181,
        2.000000 -0.061511 0.826373,
        2.000000 -0.181207 0.837982,
        2.000000 -0.059552 0.835117,
        2.000000 -0.055440 0.843078,
        2.000000 -0.057754 0.807317,
        2.000000 -0.060666 0.815056,
        2.000000 -0.181804 0.814939,
        2.000000 -0.181207 0.826596,
        2.000000 0.090602 0.885957,
        2.000000 0.103120 0.903720,
        2.000000 0.110959 0.924016,
        2.000000 0.113683 0.946146,
        2.000000 -0.019530 0.857338,
        2.000000 0.031706 0.857338,
        2.000000 0.052020 0.861214,
        2.000000 0.072124 0.870493,
        2.000000 0.088980 0.884217,
        2.000000 0.015766 1.034955,
        2.000000 -0.457283 1.024098,
        2.000000 -0.467023 0.998700,
        2.000000 0.024875 1.034955,
        2.000000 0.097280 0.997509,
        2.000000 0.084022 1.012332,
        2.000000 0.066357 1.024654,
        2.000000 0.046482 1.032296,
        2.000000 -0.445440 1.041134,
        2.000000 -0.296202 1.067974,
        2.000000 -0.304570 1.072537,
        2.000000 -0.004902 1.097045,
        2.000000 -0.029219 1.128921,
        2.000000 -0.039169 1.138260,
        2.000000 -0.071430 1.159944,
        2.000000 -0.107306 1.173084,
        2.000000 -0.330108 1.081808,
        2.000000 -0.356547 1.085052,
        2.000000 -0.368204 1.084456,
        2.000000 0.014559 1.041134,
        2.000000 0.010959 1.059560,
        2.000000 -0.143634 1.177277,
        2.000000 -0.148724 1.177200,
        2.000000 -0.280270 1.101683,
        2.000000 -0.186681 1.171574,
        2.000000 -0.255287 1.132589,
        2.000000 -0.223794 1.156207,
        2.000000 -0.396324 1.077842,
        2.000000 -0.421727 1.064411,
        2.000000 -0.441513 1.046782,
        2.000000 0.149534 1.041134,
        2.000000 0.165952 1.017737,
        2.000000 0.175092 0.994181,
        2.000000 0.336098 1.202624,
        2.000000 0.336098 1.060743,
        2.000000 0.399876 1.060743,
        2.000000 0.399876 1.042485,
        2.000000 0.315426 1.042485,
        2.000000 0.315426 1.202624,
        2.000000 0.397911 0.930159,
        2.000000 0.403989 0.787089,
        2.000000 0.401554 0.806698,
        2.000000 0.401554 0.788441,
        2.000000 0.315426 0.788441,
        2.000000 0.336098 0.860569,
        2.000000 0.336098 0.806698,
        2.000000 0.393367 0.860569,
        2.000000 0.393367 0.878907,
        2.000000 0.336098 0.878907,
        2.000000 0.336098 0.930159,
        2.000000 0.315426 0.948580,
        2.000000 0.397911 0.948580,
        2.000000 0.403989 5.511811,
        2.000000 0.809577 5.511811,
        2.000000 0.748113 5.511811,
        2.000000 0.659631 5.511811,
        2.000000 0.622298 5.511811,
        2.000000 0.809577 0.723654,
        2.000000 0.860173 -0.000000,
        2.000000 0.809577 -0.000000,
        2.000000 0.748113 -0.000000,
        2.000000 0.659631 -0.000000,
        2.000000 0.622298 -0.000000,
        2.000000 0.549105 -0.000000,
        2.000000 0.413589 -0.000000,
        2.000000 0.403989 -0.000000,
        0.507874 -1.968504 1.811901,
        0.507874 -1.968504 0.984252,
        1.492126 -1.968504 0.984252,
        1.492126 -1.968504 1.811901,
        1.712429 -1.496063 0.984252,
        1.712429 -1.496063 2.834646,
        1.712429 -1.496063 3.858268,
        0.287571 -1.496063 0.984252,
        0.287571 -1.496063 2.834646,
        0.287571 -1.496063 3.858268,
        1.748031 -1.191330 -0.000000,
        1.511811 -1.191330 -0.000000,
        1.511811 -0.935424 -0.000000,
        1.763780 1.692913 -0.000000,
        1.748031 -0.935424 -0.000000,
        1.748031 1.092135 -0.000000,
        1.763780 1.299213 -0.000000,
        1.748031 -1.722441 -0.000000,
        1.763780 -1.141732 -0.000000,
        1.763780 -1.535433 -0.000000,
        0.488189 1.092135 -0.000000,
        0.488189 1.348041 -0.000000,
        1.511811 1.348041 -0.000000,
        1.511811 1.092135 -0.000000,
        0.251969 1.092135 -0.000000,
        0.251969 -0.935424 -0.000000,
        0.251969 -1.722441 -0.000000,
        0.251969 -1.191330 -0.000000,
        0.488189 -1.191330 -0.000000,
        0.488189 -0.935424 -0.000000,
        1.511811 -1.191330 2.440945,
        1.748031 -1.191330 2.834646,
        0.488189 -1.191330 2.440945,
        0.251969 -1.191330 2.834646,
        0.488189 1.092135 2.440945,
        1.511811 1.092135 2.440945,
        1.748031 1.092135 5.098426,
        0.251969 1.092135 5.098426,
        1.511811 -0.935424 2.440945,
        0.488189 -0.935424 2.440945,
        0.251969 -0.935424 5.098426,
        1.748031 -0.935424 5.098426,
        1.674385 1.968504 0.708517,
        0.325615 1.968504 0.708517,
        0.325615 1.968504 2.528218,
        1.674385 1.968504 2.528218,
        0.548748 0.699451 5.511811,
        0.687742 0.779699 5.511811,
        1.763511 0.158604 5.511811,
        1.763511 -0.001893 5.511811,
        0.269858 0.315593 5.511811,
        0.335138 0.462214 5.511811,
        0.429476 0.592058 5.511811,
        1.730142 -0.158882 5.511811,
        1.664862 -0.305503 5.511811,
        1.570525 -0.435347 5.511811,
        1.451252 -0.542740 5.511811,
        1.312259 -0.622989 5.511811,
        1.159617 -0.672585 5.511811,
        1.000000 -0.689361 5.511811,
        0.840383 -0.672585 5.511811,
        0.687742 -0.622989 5.511811,
        0.548748 -0.542740 5.511811,
        0.429476 -0.435347 5.511811,
        0.335138 -0.305503 5.511811,
        1.159617 0.829296 5.511811,
        1.000000 0.846072 5.511811,
        0.840383 0.829296 5.511811,
        0.269858 -0.158882 5.511811,
        0.236489 -0.001893 5.511811,
        0.236489 0.158604 5.511811,
        1.312259 0.779699 5.511811,
        1.451252 0.699451 5.511811,
        1.570525 0.592058 5.511811,
        1.730142 0.315593 5.511811,
        1.664862 0.462214 5.511811,
        0.251969 -1.722441 0.472441,
        1.748031 -1.722441 0.472441,
        0.251969 -1.496063 0.698819,
        1.748031 -1.496063 0.698819,
        0.251969 -1.496063 2.834646,
        1.748031 -1.496063 2.834646,
        0.251969 -0.797629 5.098426,
        1.748031 -0.797629 5.098426,
        0.251969 -0.797629 4.173228,
        1.748031 -0.797629 4.173228,
        1.409146 0.314576 4.173228,
        1.334066 0.412422 4.173228,
        1.748031 0.954340 4.173228,
        1.236220 0.487501 4.173228,
        0.543657 -0.043921 4.173228,
        0.527559 0.078356 4.173228,
        0.251969 0.954340 4.173228,
        0.543657 0.200632 4.173228,
        0.590854 -0.157865 4.173228,
        0.665934 -0.255711 4.173228,
        0.763780 -0.330791 4.173228,
        1.236220 -0.330791 4.173228,
        1.334066 -0.255711 4.173228,
        1.409146 -0.157865 4.173228,
        0.877723 -0.377987 4.173228,
        1.000000 -0.394085 4.173228,
        1.122277 -0.377987 4.173228,
        1.122277 0.534698 4.173228,
        1.000000 0.550796 4.173228,
        0.877723 0.534698 4.173228,
        0.763780 0.487501 4.173228,
        0.665934 0.412422 4.173228,
        0.590854 0.314576 4.173228,
        1.456343 -0.043921 4.173228,
        1.472441 0.078356 4.173228,
        1.456343 0.200632 4.173228,
        0.251969 0.954340 5.098426,
        1.748031 0.954340 5.098426,
        0.488189 1.348041 2.440945,
        1.511811 1.348041 2.440945,
        1.472441 1.348041 0.866142,
        0.527559 1.348041 0.866142,
        0.527559 1.348041 2.047244,
        1.472441 1.348041 2.047244,
        1.114422 -0.680787 5.314961,
        1.226289 -0.655254 5.314961,
        1.159159 -0.670576 5.314961,
        1.450396 -0.541667 5.314961,
        1.432470 -0.555962 5.314961,
        1.333100 -0.613333 5.314961,
        1.311757 -0.621710 5.314961,
        1.522180 -0.484420 5.314961,
        1.569014 -0.433946 5.314961,
        1.600225 -0.400308 5.314961,
        1.664862 -0.305503 5.314961,
        1.714647 -0.202123 5.314961,
        1.728172 -0.158275 5.314961,
        1.748469 -0.092478 5.314961,
        1.762152 -0.001688 5.314961,
        1.765570 0.020984 5.314961,
        1.765570 0.135727 5.314961,
        1.748469 0.249189 5.314961,
        1.762152 0.158399 5.314961,
        1.714647 0.358834 5.314961,
        1.728172 0.314985 5.314961,
        1.600225 0.557019 5.314961,
        1.664862 0.462214 5.314961,
        1.522180 0.641131 5.314961,
        1.569014 0.590656 5.314961,
        1.311757 0.778420 5.314961,
        1.333100 0.770044 5.314961,
        1.432470 0.712672 5.314961,
        1.450396 0.698377 5.314961,
        1.226289 0.811965 5.314961,
        1.159159 0.827286 5.314961,
        1.114422 0.837497 5.314961,
        1.000000 0.846072 5.314961,
        0.885578 0.837497 5.314961,
        0.840841 0.827286 5.314961,
        0.773711 0.811965 5.314961,
        0.688243 0.778420 5.314961,
        0.666900 0.770044 5.314961,
        0.567530 0.712672 5.314961,
        0.477820 0.641131 5.314961,
        0.549604 0.698377 5.314961,
        0.399775 0.557019 5.314961,
        0.430986 0.590656 5.314961,
        0.285353 0.358834 5.314961,
        0.335138 0.462214 5.314961,
        0.251532 0.249189 5.314961,
        0.271828 0.314985 5.314961,
        0.237847 -0.001688 5.314961,
        0.234430 0.020984 5.314961,
        0.234430 0.135727 5.314961,
        0.237847 0.158399 5.314961,
        0.251532 -0.092478 5.314961,
        0.271828 -0.158275 5.314961,
        0.285353 -0.202123 5.314961,
        0.335138 -0.305503 5.314961,
        0.399775 -0.400308 5.314961,
        0.430986 -0.433946 5.314961,
        0.477820 -0.484420 5.314961,
        0.549604 -0.541667 5.314961,
        0.567530 -0.555962 5.314961,
        0.666900 -0.613333 5.314961,
        0.773711 -0.655254 5.314961,
        0.688243 -0.621710 5.314961,
        1.000000 -0.689361 5.314961,
        0.885578 -0.680787 5.314961,
        0.840841 -0.670576 5.314961,
        1.221839 -0.640828 5.304097,
        1.511911 -0.473354 5.304097,
        1.733750 -0.089118 5.304097,
        1.733750 0.245829 5.304097,
        1.511911 0.630065 5.304097,
        1.221839 0.797538 5.304097,
        0.778161 0.797538 5.304097,
        0.488089 0.630065 5.304097,
        0.266250 0.245829 5.304097,
        0.266250 -0.089118 5.304097,
        0.488089 -0.473354 5.304097,
        0.778161 -0.640828 5.304097,
        1.159159 -0.670576 5.177165,
        1.114422 -0.680787 5.177165,
        1.112172 -0.665858 5.188029,
        1.450396 -0.541667 5.177165,
        1.432470 -0.555962 5.177165,
        1.423966 -0.543488 5.188029,
        1.728172 -0.158275 5.177165,
        1.714647 -0.202123 5.177165,
        1.700594 -0.196607 5.188029,
        1.762152 0.158399 5.177165,
        1.765570 0.135727 5.177165,
        1.750515 0.134599 5.188029,
        1.569014 0.590656 5.177165,
        1.600225 0.557019 5.177165,
        1.588422 0.547606 5.188029,
        1.311757 0.778420 5.177165,
        1.333100 0.770044 5.177165,
        1.326550 0.756442 5.188029,
        0.840841 0.827286 5.177165,
        0.885578 0.837497 5.177165,
        0.887828 0.822569 5.188029,
        0.549604 0.698377 5.177165,
        0.567530 0.712672 5.177165,
        0.576034 0.700199 5.188029,
        0.271828 0.314985 5.177165,
        0.285353 0.358834 5.177165,
        0.299406 0.353318 5.188029,
        0.237847 -0.001688 5.177165,
        0.234430 0.020984 5.177165,
        0.249485 0.022112 5.188029,
        0.430986 -0.433946 5.177165,
        0.399775 -0.400308 5.177165,
        0.411578 -0.390895 5.188029,
        0.688243 -0.621710 5.177165,
        0.666900 -0.613333 5.177165,
        0.673451 -0.599731 5.188029,
        0.773711 -0.655254 5.177165,
        0.477820 -0.484420 5.177165,
        0.251532 -0.092478 5.177165,
        0.251532 0.249189 5.177165,
        0.477820 0.641131 5.177165,
        0.773711 0.811965 5.177165,
        1.226289 0.811965 5.177165,
        1.522180 0.641131 5.177165,
        1.748469 0.249189 5.177165,
        1.748469 -0.092478 5.177165,
        1.522180 -0.484420 5.177165,
        1.226289 -0.655254 5.177165,
        0.885578 -0.680787 5.177165,
        0.840841 -0.670576 5.177165,
        0.887828 -0.665858 5.188029,
        0.778161 -0.640828 5.188029,
        0.889635 -0.653866 5.202130,
        0.781736 -0.629239 5.202130,
        0.890900 -0.645479 5.218683,
        0.784236 -0.621133 5.218683,
        0.891550 -0.641165 5.236763,
        0.785522 -0.616965 5.236763,
        0.891550 -0.641165 5.255363,
        0.785522 -0.616965 5.255363,
        0.890900 -0.645479 5.273443,
        0.784236 -0.621133 5.273443,
        0.889635 -0.653866 5.289996,
        0.781736 -0.629239 5.289996,
        0.887828 -0.665858 5.304097,
        0.567530 -0.555962 5.177165,
        0.549604 -0.541667 5.177165,
        0.576034 -0.543488 5.188029,
        0.488089 -0.473354 5.188029,
        0.582866 -0.533468 5.202130,
        0.496338 -0.464463 5.202130,
        0.587644 -0.526460 5.218683,
        0.502107 -0.458246 5.218683,
        0.590102 -0.522855 5.236763,
        0.505074 -0.455048 5.236763,
        0.590102 -0.522855 5.255363,
        0.505074 -0.455048 5.255363,
        0.587644 -0.526460 5.273443,
        0.502107 -0.458246 5.273443,
        0.582866 -0.533468 5.289996,
        0.496338 -0.464463 5.289996,
        0.576034 -0.543488 5.304097,
        0.285353 -0.202123 5.177165,
        0.271828 -0.158275 5.177165,
        0.299406 -0.196607 5.188029,
        0.266250 -0.089118 5.188029,
        0.310696 -0.192177 5.202130,
        0.278074 -0.086420 5.202130,
        0.318591 -0.189078 5.218683,
        0.286343 -0.084532 5.218683,
        0.322652 -0.187484 5.236763,
        0.290596 -0.083561 5.236763,
        0.322652 -0.187484 5.255363,
        0.290596 -0.083561 5.255363,
        0.318591 -0.189078 5.273443,
        0.286343 -0.084532 5.273443,
        0.310696 -0.192177 5.289996,
        0.278074 -0.086420 5.289996,
        0.299406 -0.196607 5.304097,
        0.234430 0.135727 5.177165,
        0.237847 0.158399 5.177165,
        0.249485 0.134599 5.188029,
        0.266250 0.245829 5.188029,
        0.261579 0.133693 5.202130,
        0.278074 0.243130 5.202130,
        0.270037 0.133059 5.218683,
        0.286343 0.241243 5.218683,
        0.274387 0.132733 5.236763,
        0.290596 0.240272 5.236763,
        0.274387 0.132733 5.255363,
        0.290596 0.240272 5.255363,
        0.270037 0.133059 5.273443,
        0.286343 0.241243 5.273443,
        0.261579 0.133693 5.289996,
        0.278074 0.243130 5.289996,
        0.249485 0.134599 5.304097,
        0.399775 0.557019 5.177165,
        0.430986 0.590656 5.177165,
        0.411578 0.547606 5.188029,
        0.488089 0.630065 5.188029,
        0.421060 0.540044 5.202130,
        0.496338 0.621174 5.202130,
        0.427692 0.534756 5.218683,
        0.502107 0.614957 5.218683,
        0.431102 0.532036 5.236763,
        0.505074 0.611759 5.236763,
        0.431102 0.532036 5.255363,
        0.505074 0.611759 5.255363,
        0.427692 0.534756 5.273443,
        0.502107 0.614957 5.273443,
        0.421060 0.540044 5.289996,
        0.496338 0.621174 5.289996,
        0.411578 0.547606 5.304097,
        0.666900 0.770044 5.177165,
        0.688243 0.778420 5.177165,
        0.673451 0.756442 5.188029,
        0.778161 0.797538 5.188029,
        0.678713 0.745515 5.202130,
        0.781736 0.785949 5.202130,
        0.682393 0.737874 5.218683,
        0.784236 0.777844 5.218683,
        0.684286 0.733943 5.236763,
        0.785522 0.773676 5.236763,
        0.684286 0.733943 5.255363,
        0.785522 0.773676 5.255363,
        0.682393 0.737874 5.273443,
        0.784236 0.777844 5.273443,
        0.678713 0.745515 5.289996,
        0.781736 0.785949 5.289996,
        0.673451 0.756442 5.304097,
        1.114422 0.837497 5.177165,
        1.159159 0.827286 5.177165,
        1.112172 0.822569 5.188029,
        1.221839 0.797538 5.188029,
        1.110365 0.810576 5.202130,
        1.218264 0.785949 5.202130,
        1.109100 0.802189 5.218683,
        1.215764 0.777844 5.218683,
        1.108450 0.797876 5.236763,
        1.214478 0.773676 5.236763,
        1.108450 0.797876 5.255363,
        1.214478 0.773676 5.255363,
        1.109100 0.802189 5.273443,
        1.215764 0.777844 5.273443,
        1.110365 0.810576 5.289996,
        1.218264 0.785949 5.289996,
        1.112172 0.822569 5.304097,
        1.432470 0.712672 5.177165,
        1.450396 0.698377 5.177165,
        1.423966 0.700199 5.188029,
        1.511911 0.630065 5.188029,
        1.417134 0.690178 5.202130,
        1.503662 0.621174 5.202130,
        1.412356 0.683170 5.218683,
        1.497893 0.614957 5.218683,
        1.409898 0.679566 5.236763,
        1.494926 0.611759 5.236763,
        1.409898 0.679566 5.255363,
        1.494926 0.611759 5.255363,
        1.412356 0.683170 5.273443,
        1.497893 0.614957 5.273443,
        1.417134 0.690178 5.289996,
        1.503662 0.621174 5.289996,
        1.423966 0.700199 5.304097,
        1.714647 0.358834 5.177165,
        1.728172 0.314985 5.177165,
        1.700594 0.353318 5.188029,
        1.733750 0.245829 5.188029,
        1.689304 0.348887 5.202130,
        1.721926 0.243130 5.202130,
        1.681409 0.345789 5.218683,
        1.713657 0.241243 5.218683,
        1.677348 0.344195 5.236763,
        1.709404 0.240272 5.236763,
        1.677348 0.344195 5.255363,
        1.709404 0.240272 5.255363,
        1.681409 0.345789 5.273443,
        1.713657 0.241243 5.273443,
        1.689304 0.348887 5.289996,
        1.721926 0.243130 5.289996,
        1.700594 0.353318 5.304097,
        1.765570 0.020984 5.177165,
        1.762152 -0.001688 5.177165,
        1.750515 0.022112 5.188029,
        1.733750 -0.089118 5.188029,
        1.738421 0.023019 5.202130,
        1.721926 -0.086420 5.202130,
        1.729963 0.023652 5.218683,
        1.713657 -0.084532 5.218683,
        1.725613 0.023978 5.236763,
        1.709404 -0.083561 5.236763,
        1.725613 0.023978 5.255363,
        1.709404 -0.083561 5.255363,
        1.729963 0.023652 5.273443,
        1.713657 -0.084532 5.273443,
        1.738421 0.023019 5.289996,
        1.721926 -0.086420 5.289996,
        1.750515 0.022112 5.304097,
        1.600225 -0.400308 5.177165,
        1.569014 -0.433946 5.177165,
        1.588422 -0.390895 5.188029,
        1.511911 -0.473354 5.188029,
        1.578940 -0.383334 5.202130,
        1.503662 -0.464463 5.202130,
        1.572309 -0.378045 5.218683,
        1.497893 -0.458246 5.218683,
        1.568898 -0.375325 5.236763,
        1.494926 -0.455048 5.236763,
        1.568898 -0.375325 5.255363,
        1.494926 -0.455048 5.255363,
        1.572309 -0.378045 5.273443,
        1.497893 -0.458246 5.273443,
        1.578940 -0.383334 5.289996,
        1.503662 -0.464463 5.289996,
        1.588422 -0.390895 5.304097,
        1.333100 -0.613333 5.177165,
        1.311757 -0.621710 5.177165,
        1.326550 -0.599731 5.188029,
        1.221839 -0.640828 5.188029,
        1.321287 -0.588805 5.202130,
        1.218264 -0.629239 5.202130,
        1.317607 -0.581163 5.218683,
        1.215764 -0.621133 5.218683,
        1.315714 -0.577232 5.236763,
        1.214478 -0.616965 5.236763,
        1.315714 -0.577232 5.255363,
        1.214478 -0.616965 5.255363,
        1.317607 -0.581163 5.273443,
        1.215764 -0.621133 5.273443,
        1.321287 -0.588805 5.289996,
        1.218264 -0.629239 5.289996,
        1.326550 -0.599731 5.304097,
        1.000000 -0.689361 5.177165,
        1.000000 -0.674264 5.188029,
        1.000000 -0.662136 5.202130,
        1.000000 -0.653655 5.218683,
        1.000000 -0.649292 5.236763,
        1.000000 -0.649292 5.255363,
        1.000000 -0.653655 5.273443,
        1.000000 -0.662136 5.289996,
        1.000000 -0.674264 5.304097,
        0.673451 -0.599731 5.304097,
        0.678713 -0.588805 5.289996,
        0.682393 -0.581163 5.273443,
        0.684286 -0.577232 5.255363,
        0.684286 -0.577232 5.236763,
        0.682393 -0.581163 5.218683,
        0.678713 -0.588805 5.202130,
        0.411578 -0.390895 5.304097,
        0.421060 -0.383334 5.289996,
        0.427692 -0.378045 5.273443,
        0.431102 -0.375325 5.255363,
        0.431102 -0.375325 5.236763,
        0.427692 -0.378045 5.218683,
        0.421060 -0.383334 5.202130,
        0.335138 -0.305503 5.177165,
        0.348212 -0.297954 5.188029,
        0.358715 -0.291891 5.202130,
        0.366061 -0.287650 5.218683,
        0.369839 -0.285468 5.236763,
        0.369839 -0.285468 5.255363,
        0.366061 -0.287650 5.273443,
        0.358715 -0.291891 5.289996,
        0.348212 -0.297954 5.304097,
        0.249485 0.022112 5.304097,
        0.261579 0.023019 5.289996,
        0.270037 0.023652 5.273443,
        0.274387 0.023978 5.255363,
        0.274387 0.023978 5.236763,
        0.270037 0.023652 5.218683,
        0.261579 0.023019 5.202130,
        0.299406 0.353318 5.304097,
        0.310696 0.348887 5.289996,
        0.318591 0.345789 5.273443,
        0.322652 0.344195 5.255363,
        0.322652 0.344195 5.236763,
        0.318591 0.345789 5.218683,
        0.310696 0.348887 5.202130,
        0.335138 0.462214 5.177165,
        0.348212 0.454665 5.188029,
        0.358715 0.448601 5.202130,
        0.366061 0.444360 5.218683,
        0.369839 0.442179 5.236763,
        0.369839 0.442179 5.255363,
        0.366061 0.444360 5.273443,
        0.358715 0.448601 5.289996,
        0.348212 0.454665 5.304097,
        0.576034 0.700199 5.304097,
        0.582866 0.690178 5.289996,
        0.587644 0.683170 5.273443,
        0.590102 0.679566 5.255363,
        0.590102 0.679566 5.236763,
        0.587644 0.683170 5.218683,
        0.582866 0.690178 5.202130,
        0.887828 0.822569 5.304097,
        0.889635 0.810576 5.289996,
        0.890900 0.802189 5.273443,
        0.891550 0.797876 5.255363,
        0.891550 0.797876 5.236763,
        0.890900 0.802189 5.218683,
        0.889635 0.810576 5.202130,
        1.000000 0.846072 5.177165,
        1.000000 0.830975 5.188029,
        1.000000 0.818847 5.202130,
        1.000000 0.810365 5.218683,
        1.000000 0.806003 5.236763,
        1.000000 0.806003 5.255363,
        1.000000 0.810365 5.273443,
        1.000000 0.818847 5.289996,
        1.000000 0.830975 5.304097,
        1.326550 0.756442 5.304097,
        1.321287 0.745515 5.289996,
        1.317607 0.737874 5.273443,
        1.315714 0.733943 5.255363,
        1.315714 0.733943 5.236763,
        1.317607 0.737874 5.218683,
        1.321287 0.745515 5.202130,
        1.588422 0.547606 5.304097,
        1.578940 0.540044 5.289996,
        1.572309 0.534756 5.273443,
        1.568898 0.532036 5.255363,
        1.568898 0.532036 5.236763,
        1.572309 0.534756 5.218683,
        1.578940 0.540044 5.202130,
        1.664862 0.462214 5.177165,
        1.651788 0.454665 5.188029,
        1.641285 0.448601 5.202130,
        1.633939 0.444360 5.218683,
        1.630161 0.442179 5.236763,
        1.630161 0.442179 5.255363,
        1.633939 0.444360 5.273443,
        1.641285 0.448601 5.289996,
        1.651788 0.454665 5.304097,
        1.750515 0.134599 5.304097,
        1.738421 0.133693 5.289996,
        1.729963 0.133059 5.273443,
        1.725613 0.132733 5.255363,
        1.725613 0.132733 5.236763,
        1.729963 0.133059 5.218683,
        1.738421 0.133693 5.202130,
        1.700594 -0.196607 5.304097,
        1.689304 -0.192177 5.289996,
        1.681409 -0.189078 5.273443,
        1.677348 -0.187484 5.255363,
        1.677348 -0.187484 5.236763,
        1.681409 -0.189078 5.218683,
        1.689304 -0.192177 5.202130,
        1.664862 -0.305503 5.177165,
        1.651788 -0.297954 5.188029,
        1.641285 -0.291891 5.202130,
        1.633939 -0.287650 5.218683,
        1.630161 -0.285468 5.236763,
        1.630161 -0.285468 5.255363,
        1.633939 -0.287650 5.273443,
        1.641285 -0.291891 5.289996,
        1.651788 -0.297954 5.304097,
        1.423966 -0.543488 5.304097,
        1.417134 -0.533468 5.289996,
        1.412356 -0.526460 5.273443,
        1.409898 -0.522855 5.255363,
        1.409898 -0.522855 5.236763,
        1.412356 -0.526460 5.218683,
        1.417134 -0.533468 5.202130,
        1.112172 -0.665858 5.304097,
        1.110365 -0.653866 5.289996,
        1.109100 -0.645479 5.273443,
        1.108450 -0.641165 5.255363,
        1.108450 -0.641165 5.236763,
        1.109100 -0.645479 5.218683,
        1.110365 -0.653866 5.202130,
        1.159617 -0.672585 4.370078,
        1.000000 -0.689361 4.370078,
        1.312259 -0.622989 4.370078,
        1.451252 -0.542740 4.370078,
        1.570525 -0.435347 4.370078,
        1.664862 -0.305503 4.370078,
        1.730142 -0.158882 4.370078,
        1.763511 -0.001893 4.370078,
        1.763511 0.158604 4.370078,
        1.730142 0.315593 4.370078,
        1.664862 0.462214 4.370078,
        1.570525 0.592058 4.370078,
        1.451252 0.699451 4.370078,
        1.312259 0.779699 4.370078,
        1.159617 0.829296 4.370078,
        1.000000 0.846072 4.370078,
        0.840383 0.829296 4.370078,
        0.687742 0.779699 4.370078,
        0.548748 0.699451 4.370078,
        0.429476 0.592058 4.370078,
        0.335138 0.462214 4.370078,
        0.269858 0.315593 4.370078,
        0.236489 0.158604 4.370078,
        0.236489 -0.001893 4.370078,
        0.269858 -0.158882 4.370078,
        0.335138 -0.305503 4.370078,
        0.429476 -0.435347 4.370078,
        0.548748 -0.542740 4.370078,
        0.687742 -0.622989 4.370078,
        0.840383 -0.672585 4.370078,
        1.236220 -0.330791 4.370078,
        1.334066 -0.255711 4.370078,
        1.409146 -0.157865 4.370078,
        1.456343 -0.043921 4.370078,
        1.334066 0.412422 4.370078,
        1.236220 0.487501 4.370078,
        1.122277 0.534698 4.370078,
        1.000000 0.550796 4.370078,
        0.877723 0.534698 4.370078,
        0.763780 0.487501 4.370078,
        1.472441 0.078356 4.370078,
        1.456343 0.200632 4.370078,
        1.409146 0.314576 4.370078,
        0.763780 -0.330791 4.370078,
        0.877723 -0.377987 4.370078,
        1.000000 -0.394085 4.370078,
        1.122277 -0.377987 4.370078,
        0.527559 0.078356 4.370078,
        0.543657 -0.043921 4.370078,
        0.590854 -0.157865 4.370078,
        0.665934 -0.255711 4.370078,
        0.665934 0.412422 4.370078,
        0.590854 0.314576 4.370078,
        0.543657 0.200632 4.370078,
        1.472441 1.535433 2.047244,
        0.527559 1.535433 2.047244,
        1.472441 1.535433 0.866142,
        0.527559 1.535433 0.866142,
        1.763780 -1.535433 2.559055,
        1.763780 -1.141732 2.559055,
        1.763780 1.299213 2.559055,
        1.763780 1.692913 2.559055,
      ]
    }
    coordIndex [
      0, 1, 2, -1,
      2, 1, 3, -1,
      2, 3, 4, -1,
      4, 3, 5, -1,
      4, 5, 6, -1,
      6, 5, 7, -1,
      8, 9, 5, -1,
      5, 10, 11, -1,
      5, 9, 7, -1,
      7, 9, 12, -1,
      7, 12, 13, -1,
      11, 14, 5, -1,
      5, 14, 15, -1,
      5, 15, 16, -1,
      16, 17, 5, -1,
      5, 17, 18, -1,
      5, 18, 8, -1,
      19, 20, 3, -1,
      3, 20, 21, -1,
      3, 21, 22, -1,
      23, 24, 1, -1,
      1, 24, 25, -1,
      1, 25, 3, -1,
      3, 25, 26, -1,
      3, 26, 27, -1,
      27, 28, 3, -1,
      3, 28, 29, -1,
      3, 29, 19, -1,
      30, 4, 31, -1,
      31, 4, 6, -1,
      31, 6, 32, -1,
      2, 33, 0, -1,
      0, 33, 34, -1,
      0, 34, 35, -1,
      10, 36, 22, -1,
      22, 36, 37, -1,
      22, 37, 38, -1,
      38, 39, 22, -1,
      22, 39, 40, -1,
      22, 40, 3, -1,
      41, 10, 5, -1,
      42, 43, 40, -1,
      40, 43, 44, -1,
      40, 44, 3, -1,
      3, 44, 45, -1,
      3, 45, 5, -1,
      5, 45, 46, -1,
      5, 46, 41, -1,
      47, 36, 48, -1,
      48, 36, 10, -1,
      48, 10, 49, -1,
      49, 10, 41, -1,
      49, 41, 50, -1,
      50, 41, 51, -1,
      51, 41, 52, -1,
      52, 41, 53, -1,
      52, 53, 54, -1,
      54, 53, 55, -1,
      54, 55, 43, -1,
      43, 55, 44, -1,
      39, 38, 56, -1,
      47, 48, 57, -1,
      57, 48, 58, -1,
      57, 58, 56, -1,
      56, 58, 59, -1,
      56, 59, 39, -1,
      49, 50, 60, -1,
      42, 40, 61, -1,
      61, 40, 62, -1,
      61, 62, 60, -1,
      60, 62, 63, -1,
      60, 63, 49, -1,
      64, 22, 65, -1,
      65, 22, 21, -1,
      65, 21, 66, -1,
      66, 21, 11, -1,
      66, 11, 67, -1,
      67, 11, 10, -1,
      67, 10, 64, -1,
      64, 10, 22, -1,
      11, 21, 20, -1,
      11, 20, 14, -1,
      14, 20, 19, -1,
      14, 19, 15, -1,
      15, 19, 29, -1,
      15, 29, 16, -1,
      16, 29, 28, -1,
      16, 28, 17, -1,
      17, 28, 27, -1,
      17, 27, 18, -1,
      18, 27, 26, -1,
      18, 26, 8, -1,
      8, 26, 25, -1,
      8, 25, 9, -1,
      12, 9, 24, -1,
      24, 9, 25, -1,
      68, 69, 24, -1,
      13, 70, 71, -1,
      71, 72, 13, -1,
      13, 72, 73, -1,
      13, 73, 74, -1,
      74, 75, 13, -1,
      13, 75, 76, -1,
      13, 76, 23, -1,
      23, 76, 77, -1,
      23, 77, 78, -1,
      79, 80, 24, -1,
      24, 80, 81, -1,
      24, 81, 68, -1,
      82, 83, 12, -1,
      12, 83, 84, -1,
      12, 84, 85, -1,
      85, 86, 12, -1,
      12, 86, 87, -1,
      12, 87, 13, -1,
      13, 87, 88, -1,
      13, 88, 70, -1,
      78, 89, 23, -1,
      23, 89, 90, -1,
      23, 90, 91, -1,
      69, 92, 24, -1,
      24, 92, 93, -1,
      24, 93, 12, -1,
      12, 93, 94, -1,
      12, 94, 82, -1,
      91, 95, 23, -1,
      23, 95, 96, -1,
      23, 96, 24, -1,
      24, 96, 97, -1,
      24, 97, 79, -1,
      1, 0, 35, -1,
      6, 7, 32, -1,
      32, 7, 13, -1,
      32, 13, 35, -1,
      35, 13, 23, -1,
      35, 23, 1, -1,
      45, 98, 46, -1,
      46, 98, 99, -1,
      98, 100, 99, -1,
      99, 100, 101, -1,
      102, 34, 33, -1,
      31, 103, 30, -1,
      30, 103, 101, -1,
      30, 101, 33, -1,
      33, 101, 100, -1,
      33, 100, 102, -1,
      102, 55, 34, -1,
      34, 55, 53, -1,
      34, 53, 31, -1,
      31, 53, 103, -1,
      98, 45, 100, -1,
      100, 45, 44, -1,
      100, 44, 102, -1,
      102, 44, 55, -1,
      103, 53, 101, -1,
      101, 53, 41, -1,
      101, 41, 99, -1,
      99, 41, 46, -1,
      62, 104, 63, -1,
      63, 104, 105, -1,
      104, 106, 105, -1,
      105, 106, 107, -1,
      108, 106, 109, -1,
      109, 106, 110, -1,
      111, 112, 113, -1,
      113, 112, 114, -1,
      108, 115, 106, -1,
      106, 115, 116, -1,
      106, 116, 117, -1,
      118, 119, 107, -1,
      107, 119, 120, -1,
      114, 121, 113, -1,
      113, 121, 122, -1,
      113, 122, 110, -1,
      122, 123, 110, -1,
      110, 123, 124, -1,
      110, 124, 125, -1,
      117, 126, 106, -1,
      106, 126, 127, -1,
      106, 127, 107, -1,
      107, 127, 128, -1,
      107, 128, 118, -1,
      125, 129, 110, -1,
      110, 129, 130, -1,
      110, 130, 109, -1,
      120, 131, 107, -1,
      107, 131, 132, -1,
      107, 132, 113, -1,
      113, 132, 133, -1,
      113, 133, 111, -1,
      110, 134, 113, -1,
      113, 134, 135, -1,
      134, 59, 135, -1,
      135, 59, 58, -1,
      59, 134, 110, -1,
      104, 62, 106, -1,
      106, 62, 40, -1,
      106, 40, 110, -1,
      110, 40, 39, -1,
      110, 39, 59, -1,
      63, 105, 107, -1,
      135, 58, 113, -1,
      113, 58, 48, -1,
      113, 48, 107, -1,
      107, 48, 49, -1,
      107, 49, 63, -1,
      54, 61, 52, -1,
      52, 61, 60, -1,
      54, 43, 61, -1,
      61, 43, 42, -1,
      51, 52, 50, -1,
      50, 52, 60, -1,
      56, 136, 57, -1,
      57, 136, 137, -1,
      138, 36, 137, -1,
      36, 138, 37, -1,
      37, 138, 139, -1,
      37, 139, 136, -1,
      136, 139, 140, -1,
      136, 140, 137, -1,
      137, 140, 141, -1,
      137, 141, 138, -1,
      38, 37, 56, -1,
      56, 37, 136, -1,
      36, 47, 137, -1,
      137, 47, 57, -1,
      76, 75, 142, -1,
      74, 143, 75, -1,
      75, 143, 144, -1,
      75, 144, 142, -1,
      145, 146, 73, -1,
      73, 146, 147, -1,
      73, 147, 74, -1,
      74, 147, 148, -1,
      74, 148, 143, -1,
      145, 73, 149, -1,
      149, 73, 72, -1,
      149, 72, 150, -1,
      150, 72, 151, -1,
      151, 72, 71, -1,
      151, 71, 152, -1,
      152, 71, 153, -1,
      153, 71, 70, -1,
      153, 70, 154, -1,
      154, 70, 155, -1,
      155, 70, 88, -1,
      155, 88, 156, -1,
      156, 88, 157, -1,
      157, 88, 87, -1,
      157, 87, 158, -1,
      86, 159, 87, -1,
      87, 159, 160, -1,
      87, 160, 158, -1,
      85, 161, 86, -1,
      86, 161, 162, -1,
      86, 162, 159, -1,
      84, 163, 85, -1,
      85, 163, 164, -1,
      85, 164, 161, -1,
      83, 165, 84, -1,
      84, 165, 166, -1,
      84, 166, 163, -1,
      167, 168, 82, -1,
      82, 168, 169, -1,
      82, 169, 83, -1,
      83, 169, 170, -1,
      83, 170, 165, -1,
      167, 82, 171, -1,
      171, 82, 94, -1,
      171, 94, 172, -1,
      172, 94, 173, -1,
      173, 94, 93, -1,
      173, 93, 174, -1,
      174, 93, 175, -1,
      175, 93, 92, -1,
      175, 92, 176, -1,
      176, 92, 177, -1,
      177, 92, 69, -1,
      177, 69, 178, -1,
      178, 69, 179, -1,
      179, 69, 68, -1,
      179, 68, 180, -1,
      81, 181, 68, -1,
      68, 181, 182, -1,
      68, 182, 180, -1,
      80, 183, 81, -1,
      81, 183, 184, -1,
      81, 184, 181, -1,
      79, 185, 80, -1,
      80, 185, 186, -1,
      80, 186, 183, -1,
      97, 187, 79, -1,
      79, 187, 188, -1,
      79, 188, 185, -1,
      189, 190, 96, -1,
      96, 190, 191, -1,
      96, 191, 97, -1,
      97, 191, 192, -1,
      97, 192, 187, -1,
      189, 96, 193, -1,
      193, 96, 95, -1,
      193, 95, 194, -1,
      194, 95, 195, -1,
      195, 95, 91, -1,
      195, 91, 196, -1,
      196, 91, 197, -1,
      197, 91, 90, -1,
      197, 90, 198, -1,
      198, 90, 199, -1,
      199, 90, 89, -1,
      199, 89, 200, -1,
      200, 89, 201, -1,
      201, 89, 78, -1,
      201, 78, 202, -1,
      77, 203, 78, -1,
      78, 203, 204, -1,
      78, 204, 202, -1,
      142, 205, 76, -1,
      76, 205, 206, -1,
      76, 206, 77, -1,
      77, 206, 207, -1,
      77, 207, 203, -1,
      144, 143, 208, -1,
      145, 149, 209, -1,
      154, 155, 210, -1,
      160, 159, 211, -1,
      166, 165, 212, -1,
      167, 171, 213, -1,
      176, 177, 214, -1,
      182, 181, 215, -1,
      188, 187, 216, -1,
      189, 193, 217, -1,
      198, 199, 218, -1,
      204, 203, 219, -1,
      220, 221, 222, -1,
      223, 224, 225, -1,
      226, 227, 228, -1,
      229, 230, 231, -1,
      232, 233, 234, -1,
      235, 236, 237, -1,
      238, 239, 240, -1,
      241, 242, 243, -1,
      244, 245, 246, -1,
      247, 248, 249, -1,
      250, 251, 252, -1,
      253, 254, 255, -1,
      253, 255, 256, -1,
      250, 252, 257, -1,
      247, 249, 258, -1,
      244, 246, 259, -1,
      241, 243, 260, -1,
      238, 240, 261, -1,
      235, 237, 262, -1,
      232, 234, 263, -1,
      229, 231, 264, -1,
      226, 228, 265, -1,
      223, 225, 266, -1,
      220, 222, 267, -1,
      268, 269, 270, -1,
      270, 269, 271, -1,
      270, 271, 272, -1,
      272, 271, 273, -1,
      272, 273, 274, -1,
      274, 273, 275, -1,
      274, 275, 276, -1,
      276, 275, 277, -1,
      276, 277, 278, -1,
      278, 277, 279, -1,
      278, 279, 280, -1,
      280, 279, 281, -1,
      280, 281, 282, -1,
      282, 281, 283, -1,
      282, 283, 284, -1,
      284, 283, 219, -1,
      285, 286, 287, -1,
      287, 286, 288, -1,
      287, 288, 289, -1,
      289, 288, 290, -1,
      289, 290, 291, -1,
      291, 290, 292, -1,
      291, 292, 293, -1,
      293, 292, 294, -1,
      293, 294, 295, -1,
      295, 294, 296, -1,
      295, 296, 297, -1,
      297, 296, 298, -1,
      297, 298, 299, -1,
      299, 298, 300, -1,
      299, 300, 301, -1,
      301, 300, 218, -1,
      302, 303, 304, -1,
      304, 303, 305, -1,
      304, 305, 306, -1,
      306, 305, 307, -1,
      306, 307, 308, -1,
      308, 307, 309, -1,
      308, 309, 310, -1,
      310, 309, 311, -1,
      310, 311, 312, -1,
      312, 311, 313, -1,
      312, 313, 314, -1,
      314, 313, 315, -1,
      314, 315, 316, -1,
      316, 315, 317, -1,
      316, 317, 318, -1,
      318, 317, 217, -1,
      319, 320, 321, -1,
      321, 320, 322, -1,
      321, 322, 323, -1,
      323, 322, 324, -1,
      323, 324, 325, -1,
      325, 324, 326, -1,
      325, 326, 327, -1,
      327, 326, 328, -1,
      327, 328, 329, -1,
      329, 328, 330, -1,
      329, 330, 331, -1,
      331, 330, 332, -1,
      331, 332, 333, -1,
      333, 332, 334, -1,
      333, 334, 335, -1,
      335, 334, 216, -1,
      336, 337, 338, -1,
      338, 337, 339, -1,
      338, 339, 340, -1,
      340, 339, 341, -1,
      340, 341, 342, -1,
      342, 341, 343, -1,
      342, 343, 344, -1,
      344, 343, 345, -1,
      344, 345, 346, -1,
      346, 345, 347, -1,
      346, 347, 348, -1,
      348, 347, 349, -1,
      348, 349, 350, -1,
      350, 349, 351, -1,
      350, 351, 352, -1,
      352, 351, 215, -1,
      353, 354, 355, -1,
      355, 354, 356, -1,
      355, 356, 357, -1,
      357, 356, 358, -1,
      357, 358, 359, -1,
      359, 358, 360, -1,
      359, 360, 361, -1,
      361, 360, 362, -1,
      361, 362, 363, -1,
      363, 362, 364, -1,
      363, 364, 365, -1,
      365, 364, 366, -1,
      365, 366, 367, -1,
      367, 366, 368, -1,
      367, 368, 369, -1,
      369, 368, 214, -1,
      370, 371, 372, -1,
      372, 371, 373, -1,
      372, 373, 374, -1,
      374, 373, 375, -1,
      374, 375, 376, -1,
      376, 375, 377, -1,
      376, 377, 378, -1,
      378, 377, 379, -1,
      378, 379, 380, -1,
      380, 379, 381, -1,
      380, 381, 382, -1,
      382, 381, 383, -1,
      382, 383, 384, -1,
      384, 383, 385, -1,
      384, 385, 386, -1,
      386, 385, 213, -1,
      387, 388, 389, -1,
      389, 388, 390, -1,
      389, 390, 391, -1,
      391, 390, 392, -1,
      391, 392, 393, -1,
      393, 392, 394, -1,
      393, 394, 395, -1,
      395, 394, 396, -1,
      395, 396, 397, -1,
      397, 396, 398, -1,
      397, 398, 399, -1,
      399, 398, 400, -1,
      399, 400, 401, -1,
      401, 400, 402, -1,
      401, 402, 403, -1,
      403, 402, 212, -1,
      404, 405, 406, -1,
      406, 405, 407, -1,
      406, 407, 408, -1,
      408, 407, 409, -1,
      408, 409, 410, -1,
      410, 409, 411, -1,
      410, 411, 412, -1,
      412, 411, 413, -1,
      412, 413, 414, -1,
      414, 413, 415, -1,
      414, 415, 416, -1,
      416, 415, 417, -1,
      416, 417, 418, -1,
      418, 417, 419, -1,
      418, 419, 420, -1,
      420, 419, 211, -1,
      421, 422, 423, -1,
      423, 422, 424, -1,
      423, 424, 425, -1,
      425, 424, 426, -1,
      425, 426, 427, -1,
      427, 426, 428, -1,
      427, 428, 429, -1,
      429, 428, 430, -1,
      429, 430, 431, -1,
      431, 430, 432, -1,
      431, 432, 433, -1,
      433, 432, 434, -1,
      433, 434, 435, -1,
      435, 434, 436, -1,
      435, 436, 437, -1,
      437, 436, 210, -1,
      438, 439, 440, -1,
      440, 439, 441, -1,
      440, 441, 442, -1,
      442, 441, 443, -1,
      442, 443, 444, -1,
      444, 443, 445, -1,
      444, 445, 446, -1,
      446, 445, 447, -1,
      446, 447, 448, -1,
      448, 447, 449, -1,
      448, 449, 450, -1,
      450, 449, 451, -1,
      450, 451, 452, -1,
      452, 451, 453, -1,
      452, 453, 454, -1,
      454, 453, 209, -1,
      455, 456, 457, -1,
      457, 456, 458, -1,
      457, 458, 459, -1,
      459, 458, 460, -1,
      459, 460, 461, -1,
      461, 460, 462, -1,
      461, 462, 463, -1,
      463, 462, 464, -1,
      463, 464, 465, -1,
      465, 464, 466, -1,
      465, 466, 467, -1,
      467, 466, 468, -1,
      467, 468, 469, -1,
      469, 468, 470, -1,
      469, 470, 471, -1,
      471, 470, 208, -1,
      472, 268, 473, -1,
      473, 268, 270, -1,
      473, 270, 474, -1,
      474, 270, 272, -1,
      474, 272, 475, -1,
      475, 272, 274, -1,
      475, 274, 476, -1,
      476, 274, 276, -1,
      476, 276, 477, -1,
      477, 276, 278, -1,
      477, 278, 478, -1,
      478, 278, 280, -1,
      478, 280, 479, -1,
      479, 280, 282, -1,
      479, 282, 480, -1,
      480, 282, 284, -1,
      480, 284, 205, -1,
      205, 284, 206, -1,
      219, 203, 284, -1,
      284, 203, 207, -1,
      284, 207, 206, -1,
      202, 204, 481, -1,
      481, 204, 219, -1,
      481, 219, 482, -1,
      482, 219, 283, -1,
      482, 283, 483, -1,
      483, 283, 281, -1,
      483, 281, 484, -1,
      484, 281, 279, -1,
      484, 279, 485, -1,
      485, 279, 277, -1,
      485, 277, 486, -1,
      486, 277, 275, -1,
      486, 275, 487, -1,
      487, 275, 273, -1,
      487, 273, 255, -1,
      255, 273, 271, -1,
      255, 271, 256, -1,
      256, 271, 269, -1,
      254, 285, 255, -1,
      255, 285, 287, -1,
      255, 287, 487, -1,
      487, 287, 289, -1,
      487, 289, 486, -1,
      486, 289, 291, -1,
      486, 291, 485, -1,
      485, 291, 293, -1,
      485, 293, 484, -1,
      484, 293, 295, -1,
      484, 295, 483, -1,
      483, 295, 297, -1,
      483, 297, 482, -1,
      482, 297, 299, -1,
      482, 299, 481, -1,
      481, 299, 301, -1,
      481, 301, 202, -1,
      202, 301, 201, -1,
      218, 199, 301, -1,
      301, 199, 200, -1,
      301, 200, 201, -1,
      197, 198, 488, -1,
      488, 198, 218, -1,
      488, 218, 489, -1,
      489, 218, 300, -1,
      489, 300, 490, -1,
      490, 300, 298, -1,
      490, 298, 491, -1,
      491, 298, 296, -1,
      491, 296, 492, -1,
      492, 296, 294, -1,
      492, 294, 493, -1,
      493, 294, 292, -1,
      493, 292, 494, -1,
      494, 292, 290, -1,
      494, 290, 252, -1,
      252, 290, 288, -1,
      252, 288, 257, -1,
      257, 288, 286, -1,
      251, 495, 252, -1,
      252, 495, 496, -1,
      252, 496, 494, -1,
      494, 496, 497, -1,
      494, 497, 493, -1,
      493, 497, 498, -1,
      493, 498, 492, -1,
      492, 498, 499, -1,
      492, 499, 491, -1,
      491, 499, 500, -1,
      491, 500, 490, -1,
      490, 500, 501, -1,
      490, 501, 489, -1,
      489, 501, 502, -1,
      489, 502, 488, -1,
      488, 502, 503, -1,
      488, 503, 197, -1,
      197, 503, 196, -1,
      495, 302, 496, -1,
      496, 302, 304, -1,
      496, 304, 497, -1,
      497, 304, 306, -1,
      497, 306, 498, -1,
      498, 306, 308, -1,
      498, 308, 499, -1,
      499, 308, 310, -1,
      499, 310, 500, -1,
      500, 310, 312, -1,
      500, 312, 501, -1,
      501, 312, 314, -1,
      501, 314, 502, -1,
      502, 314, 316, -1,
      502, 316, 503, -1,
      503, 316, 318, -1,
      503, 318, 196, -1,
      196, 318, 195, -1,
      217, 193, 318, -1,
      318, 193, 194, -1,
      318, 194, 195, -1,
      190, 189, 504, -1,
      504, 189, 217, -1,
      504, 217, 505, -1,
      505, 217, 317, -1,
      505, 317, 506, -1,
      506, 317, 315, -1,
      506, 315, 507, -1,
      507, 315, 313, -1,
      507, 313, 508, -1,
      508, 313, 311, -1,
      508, 311, 509, -1,
      509, 311, 309, -1,
      509, 309, 510, -1,
      510, 309, 307, -1,
      510, 307, 249, -1,
      249, 307, 305, -1,
      249, 305, 258, -1,
      258, 305, 303, -1,
      248, 319, 249, -1,
      249, 319, 321, -1,
      249, 321, 510, -1,
      510, 321, 323, -1,
      510, 323, 509, -1,
      509, 323, 325, -1,
      509, 325, 508, -1,
      508, 325, 327, -1,
      508, 327, 507, -1,
      507, 327, 329, -1,
      507, 329, 506, -1,
      506, 329, 331, -1,
      506, 331, 505, -1,
      505, 331, 333, -1,
      505, 333, 504, -1,
      504, 333, 335, -1,
      504, 335, 190, -1,
      190, 335, 191, -1,
      216, 187, 335, -1,
      335, 187, 192, -1,
      335, 192, 191, -1,
      185, 188, 511, -1,
      511, 188, 216, -1,
      511, 216, 512, -1,
      512, 216, 334, -1,
      512, 334, 513, -1,
      513, 334, 332, -1,
      513, 332, 514, -1,
      514, 332, 330, -1,
      514, 330, 515, -1,
      515, 330, 328, -1,
      515, 328, 516, -1,
      516, 328, 326, -1,
      516, 326, 517, -1,
      517, 326, 324, -1,
      517, 324, 246, -1,
      246, 324, 322, -1,
      246, 322, 259, -1,
      259, 322, 320, -1,
      245, 518, 246, -1,
      246, 518, 519, -1,
      246, 519, 517, -1,
      517, 519, 520, -1,
      517, 520, 516, -1,
      516, 520, 521, -1,
      516, 521, 515, -1,
      515, 521, 522, -1,
      515, 522, 514, -1,
      514, 522, 523, -1,
      514, 523, 513, -1,
      513, 523, 524, -1,
      513, 524, 512, -1,
      512, 524, 525, -1,
      512, 525, 511, -1,
      511, 525, 526, -1,
      511, 526, 185, -1,
      185, 526, 186, -1,
      518, 336, 519, -1,
      519, 336, 338, -1,
      519, 338, 520, -1,
      520, 338, 340, -1,
      520, 340, 521, -1,
      521, 340, 342, -1,
      521, 342, 522, -1,
      522, 342, 344, -1,
      522, 344, 523, -1,
      523, 344, 346, -1,
      523, 346, 524, -1,
      524, 346, 348, -1,
      524, 348, 525, -1,
      525, 348, 350, -1,
      525, 350, 526, -1,
      526, 350, 352, -1,
      526, 352, 186, -1,
      186, 352, 183, -1,
      215, 181, 352, -1,
      352, 181, 184, -1,
      352, 184, 183, -1,
      180, 182, 527, -1,
      527, 182, 215, -1,
      527, 215, 528, -1,
      528, 215, 351, -1,
      528, 351, 529, -1,
      529, 351, 349, -1,
      529, 349, 530, -1,
      530, 349, 347, -1,
      530, 347, 531, -1,
      531, 347, 345, -1,
      531, 345, 532, -1,
      532, 345, 343, -1,
      532, 343, 533, -1,
      533, 343, 341, -1,
      533, 341, 243, -1,
      243, 341, 339, -1,
      243, 339, 260, -1,
      260, 339, 337, -1,
      242, 353, 243, -1,
      243, 353, 355, -1,
      243, 355, 533, -1,
      533, 355, 357, -1,
      533, 357, 532, -1,
      532, 357, 359, -1,
      532, 359, 531, -1,
      531, 359, 361, -1,
      531, 361, 530, -1,
      530, 361, 363, -1,
      530, 363, 529, -1,
      529, 363, 365, -1,
      529, 365, 528, -1,
      528, 365, 367, -1,
      528, 367, 527, -1,
      527, 367, 369, -1,
      527, 369, 180, -1,
      180, 369, 179, -1,
      214, 177, 369, -1,
      369, 177, 178, -1,
      369, 178, 179, -1,
      175, 176, 534, -1,
      534, 176, 214, -1,
      534, 214, 535, -1,
      535, 214, 368, -1,
      535, 368, 536, -1,
      536, 368, 366, -1,
      536, 366, 537, -1,
      537, 366, 364, -1,
      537, 364, 538, -1,
      538, 364, 362, -1,
      538, 362, 539, -1,
      539, 362, 360, -1,
      539, 360, 540, -1,
      540, 360, 358, -1,
      540, 358, 240, -1,
      240, 358, 356, -1,
      240, 356, 261, -1,
      261, 356, 354, -1,
      239, 541, 240, -1,
      240, 541, 542, -1,
      240, 542, 540, -1,
      540, 542, 543, -1,
      540, 543, 539, -1,
      539, 543, 544, -1,
      539, 544, 538, -1,
      538, 544, 545, -1,
      538, 545, 537, -1,
      537, 545, 546, -1,
      537, 546, 536, -1,
      536, 546, 547, -1,
      536, 547, 535, -1,
      535, 547, 548, -1,
      535, 548, 534, -1,
      534, 548, 549, -1,
      534, 549, 175, -1,
      175, 549, 174, -1,
      541, 370, 542, -1,
      542, 370, 372, -1,
      542, 372, 543, -1,
      543, 372, 374, -1,
      543, 374, 544, -1,
      544, 374, 376, -1,
      544, 376, 545, -1,
      545, 376, 378, -1,
      545, 378, 546, -1,
      546, 378, 380, -1,
      546, 380, 547, -1,
      547, 380, 382, -1,
      547, 382, 548, -1,
      548, 382, 384, -1,
      548, 384, 549, -1,
      549, 384, 386, -1,
      549, 386, 174, -1,
      174, 386, 173, -1,
      213, 171, 386, -1,
      386, 171, 172, -1,
      386, 172, 173, -1,
      168, 167, 550, -1,
      550, 167, 213, -1,
      550, 213, 551, -1,
      551, 213, 385, -1,
      551, 385, 552, -1,
      552, 385, 383, -1,
      552, 383, 553, -1,
      553, 383, 381, -1,
      553, 381, 554, -1,
      554, 381, 379, -1,
      554, 379, 555, -1,
      555, 379, 377, -1,
      555, 377, 556, -1,
      556, 377, 375, -1,
      556, 375, 237, -1,
      237, 375, 373, -1,
      237, 373, 262, -1,
      262, 373, 371, -1,
      236, 387, 237, -1,
      237, 387, 389, -1,
      237, 389, 556, -1,
      556, 389, 391, -1,
      556, 391, 555, -1,
      555, 391, 393, -1,
      555, 393, 554, -1,
      554, 393, 395, -1,
      554, 395, 553, -1,
      553, 395, 397, -1,
      553, 397, 552, -1,
      552, 397, 399, -1,
      552, 399, 551, -1,
      551, 399, 401, -1,
      551, 401, 550, -1,
      550, 401, 403, -1,
      550, 403, 168, -1,
      168, 403, 169, -1,
      212, 165, 403, -1,
      403, 165, 170, -1,
      403, 170, 169, -1,
      163, 166, 557, -1,
      557, 166, 212, -1,
      557, 212, 558, -1,
      558, 212, 402, -1,
      558, 402, 559, -1,
      559, 402, 400, -1,
      559, 400, 560, -1,
      560, 400, 398, -1,
      560, 398, 561, -1,
      561, 398, 396, -1,
      561, 396, 562, -1,
      562, 396, 394, -1,
      562, 394, 563, -1,
      563, 394, 392, -1,
      563, 392, 234, -1,
      234, 392, 390, -1,
      234, 390, 263, -1,
      263, 390, 388, -1,
      233, 564, 234, -1,
      234, 564, 565, -1,
      234, 565, 563, -1,
      563, 565, 566, -1,
      563, 566, 562, -1,
      562, 566, 567, -1,
      562, 567, 561, -1,
      561, 567, 568, -1,
      561, 568, 560, -1,
      560, 568, 569, -1,
      560, 569, 559, -1,
      559, 569, 570, -1,
      559, 570, 558, -1,
      558, 570, 571, -1,
      558, 571, 557, -1,
      557, 571, 572, -1,
      557, 572, 163, -1,
      163, 572, 164, -1,
      564, 404, 565, -1,
      565, 404, 406, -1,
      565, 406, 566, -1,
      566, 406, 408, -1,
      566, 408, 567, -1,
      567, 408, 410, -1,
      567, 410, 568, -1,
      568, 410, 412, -1,
      568, 412, 569, -1,
      569, 412, 414, -1,
      569, 414, 570, -1,
      570, 414, 416, -1,
      570, 416, 571, -1,
      571, 416, 418, -1,
      571, 418, 572, -1,
      572, 418, 420, -1,
      572, 420, 164, -1,
      164, 420, 161, -1,
      211, 159, 420, -1,
      420, 159, 162, -1,
      420, 162, 161, -1,
      158, 160, 573, -1,
      573, 160, 211, -1,
      573, 211, 574, -1,
      574, 211, 419, -1,
      574, 419, 575, -1,
      575, 419, 417, -1,
      575, 417, 576, -1,
      576, 417, 415, -1,
      576, 415, 577, -1,
      577, 415, 413, -1,
      577, 413, 578, -1,
      578, 413, 411, -1,
      578, 411, 579, -1,
      579, 411, 409, -1,
      579, 409, 231, -1,
      231, 409, 407, -1,
      231, 407, 264, -1,
      264, 407, 405, -1,
      230, 421, 231, -1,
      231, 421, 423, -1,
      231, 423, 579, -1,
      579, 423, 425, -1,
      579, 425, 578, -1,
      578, 425, 427, -1,
      578, 427, 577, -1,
      577, 427, 429, -1,
      577, 429, 576, -1,
      576, 429, 431, -1,
      576, 431, 575, -1,
      575, 431, 433, -1,
      575, 433, 574, -1,
      574, 433, 435, -1,
      574, 435, 573, -1,
      573, 435, 437, -1,
      573, 437, 158, -1,
      158, 437, 157, -1,
      210, 155, 437, -1,
      437, 155, 156, -1,
      437, 156, 157, -1,
      153, 154, 580, -1,
      580, 154, 210, -1,
      580, 210, 581, -1,
      581, 210, 436, -1,
      581, 436, 582, -1,
      582, 436, 434, -1,
      582, 434, 583, -1,
      583, 434, 432, -1,
      583, 432, 584, -1,
      584, 432, 430, -1,
      584, 430, 585, -1,
      585, 430, 428, -1,
      585, 428, 586, -1,
      586, 428, 426, -1,
      586, 426, 228, -1,
      228, 426, 424, -1,
      228, 424, 265, -1,
      265, 424, 422, -1,
      227, 587, 228, -1,
      228, 587, 588, -1,
      228, 588, 586, -1,
      586, 588, 589, -1,
      586, 589, 585, -1,
      585, 589, 590, -1,
      585, 590, 584, -1,
      584, 590, 591, -1,
      584, 591, 583, -1,
      583, 591, 592, -1,
      583, 592, 582, -1,
      582, 592, 593, -1,
      582, 593, 581, -1,
      581, 593, 594, -1,
      581, 594, 580, -1,
      580, 594, 595, -1,
      580, 595, 153, -1,
      153, 595, 152, -1,
      587, 438, 588, -1,
      588, 438, 440, -1,
      588, 440, 589, -1,
      589, 440, 442, -1,
      589, 442, 590, -1,
      590, 442, 444, -1,
      590, 444, 591, -1,
      591, 444, 446, -1,
      591, 446, 592, -1,
      592, 446, 448, -1,
      592, 448, 593, -1,
      593, 448, 450, -1,
      593, 450, 594, -1,
      594, 450, 452, -1,
      594, 452, 595, -1,
      595, 452, 454, -1,
      595, 454, 152, -1,
      152, 454, 151, -1,
      209, 149, 454, -1,
      454, 149, 150, -1,
      454, 150, 151, -1,
      146, 145, 596, -1,
      596, 145, 209, -1,
      596, 209, 597, -1,
      597, 209, 453, -1,
      597, 453, 598, -1,
      598, 453, 451, -1,
      598, 451, 599, -1,
      599, 451, 449, -1,
      599, 449, 600, -1,
      600, 449, 447, -1,
      600, 447, 601, -1,
      601, 447, 445, -1,
      601, 445, 602, -1,
      602, 445, 443, -1,
      602, 443, 225, -1,
      225, 443, 441, -1,
      225, 441, 266, -1,
      266, 441, 439, -1,
      224, 455, 225, -1,
      225, 455, 457, -1,
      225, 457, 602, -1,
      602, 457, 459, -1,
      602, 459, 601, -1,
      601, 459, 461, -1,
      601, 461, 600, -1,
      600, 461, 463, -1,
      600, 463, 599, -1,
      599, 463, 465, -1,
      599, 465, 598, -1,
      598, 465, 467, -1,
      598, 467, 597, -1,
      597, 467, 469, -1,
      597, 469, 596, -1,
      596, 469, 471, -1,
      596, 471, 146, -1,
      146, 471, 147, -1,
      208, 143, 471, -1,
      471, 143, 148, -1,
      471, 148, 147, -1,
      142, 144, 603, -1,
      603, 144, 208, -1,
      603, 208, 604, -1,
      604, 208, 470, -1,
      604, 470, 605, -1,
      605, 470, 468, -1,
      605, 468, 606, -1,
      606, 468, 466, -1,
      606, 466, 607, -1,
      607, 466, 464, -1,
      607, 464, 608, -1,
      608, 464, 462, -1,
      608, 462, 609, -1,
      609, 462, 460, -1,
      609, 460, 222, -1,
      222, 460, 458, -1,
      222, 458, 267, -1,
      267, 458, 456, -1,
      221, 472, 222, -1,
      222, 472, 473, -1,
      222, 473, 609, -1,
      609, 473, 474, -1,
      609, 474, 608, -1,
      608, 474, 475, -1,
      608, 475, 607, -1,
      607, 475, 476, -1,
      607, 476, 606, -1,
      606, 476, 477, -1,
      606, 477, 605, -1,
      605, 477, 478, -1,
      605, 478, 604, -1,
      604, 478, 479, -1,
      604, 479, 603, -1,
      603, 479, 480, -1,
      603, 480, 142, -1,
      142, 480, 205, -1,
      221, 610, 611, -1,
      456, 612, 267, -1,
      267, 612, 610, -1,
      267, 610, 220, -1,
      220, 610, 221, -1,
      456, 455, 612, -1,
      612, 455, 224, -1,
      612, 224, 613, -1,
      224, 223, 613, -1,
      613, 223, 266, -1,
      613, 266, 614, -1,
      266, 439, 614, -1,
      614, 439, 438, -1,
      614, 438, 615, -1,
      438, 587, 615, -1,
      615, 587, 227, -1,
      615, 227, 616, -1,
      422, 617, 265, -1,
      265, 617, 616, -1,
      265, 616, 226, -1,
      226, 616, 227, -1,
      422, 421, 617, -1,
      617, 421, 230, -1,
      617, 230, 618, -1,
      230, 229, 618, -1,
      618, 229, 264, -1,
      618, 264, 619, -1,
      264, 405, 619, -1,
      619, 405, 404, -1,
      619, 404, 620, -1,
      404, 564, 620, -1,
      620, 564, 233, -1,
      620, 233, 621, -1,
      388, 622, 263, -1,
      263, 622, 621, -1,
      263, 621, 232, -1,
      232, 621, 233, -1,
      388, 387, 622, -1,
      622, 387, 236, -1,
      622, 236, 623, -1,
      236, 235, 623, -1,
      623, 235, 262, -1,
      623, 262, 624, -1,
      262, 371, 624, -1,
      624, 371, 370, -1,
      624, 370, 625, -1,
      370, 541, 625, -1,
      625, 541, 239, -1,
      625, 239, 626, -1,
      354, 627, 261, -1,
      261, 627, 626, -1,
      261, 626, 238, -1,
      238, 626, 239, -1,
      354, 353, 627, -1,
      627, 353, 242, -1,
      627, 242, 628, -1,
      242, 241, 628, -1,
      628, 241, 260, -1,
      628, 260, 629, -1,
      260, 337, 629, -1,
      629, 337, 336, -1,
      629, 336, 630, -1,
      336, 518, 630, -1,
      630, 518, 245, -1,
      630, 245, 631, -1,
      320, 632, 259, -1,
      259, 632, 631, -1,
      259, 631, 244, -1,
      244, 631, 245, -1,
      320, 319, 632, -1,
      632, 319, 248, -1,
      632, 248, 633, -1,
      248, 247, 633, -1,
      633, 247, 258, -1,
      633, 258, 634, -1,
      258, 303, 634, -1,
      634, 303, 302, -1,
      634, 302, 635, -1,
      302, 495, 635, -1,
      635, 495, 251, -1,
      635, 251, 636, -1,
      286, 637, 257, -1,
      257, 637, 636, -1,
      257, 636, 250, -1,
      250, 636, 251, -1,
      286, 285, 637, -1,
      637, 285, 254, -1,
      637, 254, 638, -1,
      254, 253, 638, -1,
      638, 253, 256, -1,
      638, 256, 639, -1,
      256, 269, 639, -1,
      639, 269, 268, -1,
      639, 268, 611, -1,
      611, 268, 472, -1,
      611, 472, 221, -1,
      640, 633, 641, -1,
      641, 633, 634, -1,
      641, 634, 642, -1,
      642, 634, 635, -1,
      642, 635, 643, -1,
      643, 635, 636, -1,
      643, 636, 644, -1,
      645, 628, 646, -1,
      646, 628, 629, -1,
      646, 629, 647, -1,
      647, 629, 630, -1,
      647, 630, 648, -1,
      648, 630, 631, -1,
      648, 631, 640, -1,
      640, 631, 632, -1,
      640, 632, 633, -1,
      649, 623, 650, -1,
      650, 623, 624, -1,
      650, 624, 651, -1,
      651, 624, 625, -1,
      651, 625, 652, -1,
      652, 625, 626, -1,
      652, 626, 645, -1,
      645, 626, 627, -1,
      645, 627, 628, -1,
      653, 613, 654, -1,
      654, 613, 614, -1,
      654, 614, 655, -1,
      655, 614, 615, -1,
      655, 615, 656, -1,
      636, 637, 644, -1,
      644, 637, 638, -1,
      644, 638, 657, -1,
      657, 638, 639, -1,
      657, 639, 658, -1,
      658, 639, 611, -1,
      658, 611, 659, -1,
      659, 611, 610, -1,
      659, 610, 653, -1,
      653, 610, 612, -1,
      653, 612, 613, -1,
      615, 616, 656, -1,
      656, 616, 617, -1,
      656, 617, 660, -1,
      660, 617, 618, -1,
      660, 618, 661, -1,
      661, 618, 619, -1,
      661, 619, 662, -1,
      662, 619, 620, -1,
      662, 620, 663, -1,
      663, 620, 621, -1,
      663, 621, 649, -1,
      649, 621, 622, -1,
      649, 622, 623, -1,
      127, 658, 128, -1,
      128, 658, 659, -1,
      128, 659, 118, -1,
      118, 659, 653, -1,
      118, 653, 119, -1,
      119, 653, 654, -1,
      119, 654, 120, -1,
      120, 654, 655, -1,
      120, 655, 131, -1,
      131, 655, 656, -1,
      131, 656, 132, -1,
      132, 656, 660, -1,
      132, 660, 133, -1,
      133, 660, 661, -1,
      133, 661, 111, -1,
      111, 661, 662, -1,
      111, 662, 112, -1,
      112, 662, 663, -1,
      112, 663, 114, -1,
      114, 663, 649, -1,
      114, 649, 121, -1,
      121, 649, 650, -1,
      121, 650, 122, -1,
      122, 650, 651, -1,
      122, 651, 123, -1,
      123, 651, 652, -1,
      123, 652, 124, -1,
      124, 652, 645, -1,
      124, 645, 125, -1,
      125, 645, 646, -1,
      125, 646, 129, -1,
      129, 646, 647, -1,
      129, 647, 130, -1,
      130, 647, 648, -1,
      130, 648, 109, -1,
      109, 648, 640, -1,
      109, 640, 108, -1,
      108, 640, 641, -1,
      108, 641, 115, -1,
      115, 641, 642, -1,
      115, 642, 116, -1,
      116, 642, 643, -1,
      116, 643, 117, -1,
      117, 643, 644, -1,
      117, 644, 126, -1,
      126, 644, 657, -1,
      126, 657, 127, -1,
      127, 657, 658, -1,
      31, 32, 34, -1,
      34, 32, 35, -1,
      2, 4, 33, -1,
      33, 4, 30, -1,
      664, 141, 665, -1,
      665, 141, 140, -1,
      666, 138, 664, -1,
      664, 138, 141, -1,
      667, 139, 666, -1,
      666, 139, 138, -1,
      665, 140, 667, -1,
      667, 140, 139, -1,
      65, 66, 665, -1,
      665, 66, 664, -1,
      67, 64, 666, -1,
      666, 64, 667, -1,
      67, 666, 66, -1,
      66, 666, 664, -1,
      65, 665, 64, -1,
      64, 665, 667, -1,
      668, 669, 670, -1,
      671, 672, 673, -1,
      674, 675, 676, -1,
      677, 678, 679, -1,
      680, 681, 682, -1,
      683, 684, 685, -1,
      686, 687, 688, -1,
      689, 690, 691, -1,
      692, 693, 694, -1,
      694, 693, 695, -1,
      694, 695, 696, -1,
      697, 698, 694, -1,
      694, 698, 699, -1,
      694, 699, 692, -1,
      700, 701, 702, -1,
      702, 701, 703, -1,
      702, 703, 704, -1,
      704, 703, 705, -1,
      704, 705, 706, -1,
      706, 705, 707, -1,
      706, 707, 708, -1,
      708, 707, 709, -1,
      708, 709, 710, -1,
      710, 709, 711, -1,
      710, 711, 694, -1,
      694, 711, 712, -1,
      694, 712, 697, -1,
      713, 714, 715, -1,
      715, 714, 716, -1,
      715, 716, 717, -1,
      696, 718, 719, -1,
      719, 718, 720, -1,
      719, 720, 721, -1,
      720, 717, 721, -1,
      721, 717, 716, -1,
      721, 716, 722, -1,
      723, 724, 725, -1,
      726, 727, 728, -1,
      728, 727, 729, -1,
      730, 731, 732, -1,
      732, 731, 723, -1,
      733, 734, 726, -1,
      726, 734, 735, -1,
      726, 735, 727, -1,
      732, 722, 730, -1,
      730, 722, 728, -1,
      730, 728, 736, -1,
      734, 737, 738, -1,
      738, 739, 734, -1,
      734, 739, 740, -1,
      734, 740, 735, -1,
      741, 742, 736, -1,
      736, 742, 743, -1,
      736, 743, 744, -1,
      729, 745, 728, -1,
      728, 745, 746, -1,
      728, 746, 736, -1,
      736, 746, 747, -1,
      736, 747, 741, -1,
      744, 748, 736, -1,
      736, 748, 749, -1,
      736, 749, 734, -1,
      734, 749, 750, -1,
      734, 750, 737, -1,
      725, 733, 723, -1,
      723, 733, 726, -1,
      723, 726, 732, -1,
      732, 726, 751, -1,
      752, 751, 753, -1,
      754, 755, 756, -1,
      754, 756, 757, -1,
      756, 758, 757, -1,
      757, 758, 759, -1,
      757, 759, 760, -1,
      760, 759, 761, -1,
      760, 761, 762, -1,
      761, 763, 762, -1,
      762, 763, 764, -1,
      762, 764, 765, -1,
      765, 766, 762, -1,
      762, 766, 767, -1,
      762, 767, 768, -1,
      768, 769, 762, -1,
      762, 769, 770, -1,
      762, 770, 771, -1,
      771, 772, 762, -1,
      762, 772, 773, -1,
      762, 773, 774, -1,
      774, 773, 775, -1,
      775, 776, 774, -1,
      774, 776, 777, -1,
      774, 777, 778, -1,
      779, 780, 781, -1,
      781, 780, 782, -1,
      781, 782, 783, -1,
      777, 784, 778, -1,
      778, 784, 785, -1,
      778, 785, 781, -1,
      781, 785, 786, -1,
      781, 786, 779, -1,
      783, 787, 788, -1,
      788, 787, 789, -1,
      789, 787, 790, -1,
      789, 790, 791, -1,
      792, 793, 794, -1,
      795, 796, 792, -1,
      792, 794, 797, -1,
      795, 792, 798, -1,
      783, 788, 781, -1,
      781, 788, 799, -1,
      781, 799, 797, -1,
      797, 799, 800, -1,
      797, 800, 792, -1,
      792, 800, 801, -1,
      792, 801, 798, -1,
      802, 803, 804, -1,
      804, 803, 805, -1,
      804, 805, 806, -1,
      806, 805, 807, -1,
      806, 807, 808, -1,
      808, 807, 809, -1,
      808, 809, 810, -1,
      810, 809, 811, -1,
      810, 811, 812, -1,
      812, 811, 813, -1,
      812, 813, 814, -1,
      814, 813, 815, -1,
      814, 815, 794, -1,
      794, 815, 816, -1,
      794, 816, 797, -1,
      817, 818, 819, -1,
      820, 821, 822, -1,
      819, 823, 817, -1,
      817, 823, 824, -1,
      817, 824, 825, -1,
      825, 824, 820, -1,
      825, 820, 826, -1,
      826, 820, 822, -1,
      827, 828, 679, -1,
      679, 828, 829, -1,
      679, 829, 830, -1,
      830, 829, 823, -1,
      823, 829, 831, -1,
      823, 831, 824, -1,
      832, 828, 833, -1,
      833, 828, 827, -1,
      833, 827, 834, -1,
      835, 836, 837, -1,
      838, 839, 827, -1,
      827, 839, 840, -1,
      827, 840, 841, -1,
      842, 843, 844, -1,
      844, 843, 845, -1,
      844, 845, 835, -1,
      835, 845, 846, -1,
      835, 846, 836, -1,
      841, 847, 827, -1,
      827, 847, 848, -1,
      827, 848, 834, -1,
      849, 850, 851, -1,
      851, 850, 852, -1,
      851, 852, 844, -1,
      844, 852, 853, -1,
      844, 853, 842, -1,
      854, 855, 856, -1,
      857, 858, 859, -1,
      859, 858, 860, -1,
      854, 856, 861, -1,
      862, 863, 864, -1,
      864, 865, 866, -1,
      867, 868, 869, -1,
      870, 871, 872, -1,
      872, 871, 873, -1,
      857, 874, 858, -1,
      858, 874, 875, -1,
      858, 875, 876, -1,
      876, 875, 869, -1,
      876, 869, 877, -1,
      877, 869, 868, -1,
      863, 878, 864, -1,
      864, 878, 879, -1,
      864, 879, 865, -1,
      880, 881, 882, -1,
      882, 881, 883, -1,
      882, 883, 884, -1,
      885, 886, 856, -1,
      856, 886, 887, -1,
      856, 887, 861, -1,
      888, 889, 890, -1,
      866, 891, 864, -1,
      864, 891, 892, -1,
      864, 892, 871, -1,
      871, 892, 860, -1,
      871, 860, 873, -1,
      873, 860, 858, -1,
      893, 894, 869, -1,
      869, 894, 895, -1,
      869, 895, 896, -1,
      889, 897, 890, -1,
      890, 897, 898, -1,
      890, 898, 899, -1,
      870, 900, 871, -1,
      871, 900, 901, -1,
      871, 901, 902, -1,
      896, 903, 869, -1,
      869, 903, 904, -1,
      869, 904, 867, -1,
      905, 906, 907, -1,
      907, 906, 908, -1,
      907, 908, 898, -1,
      898, 908, 909, -1,
      898, 909, 899, -1,
      855, 910, 911, -1,
      862, 864, 912, -1,
      912, 864, 913, -1,
      912, 913, 914, -1,
      911, 910, 913, -1,
      913, 910, 915, -1,
      913, 915, 914, -1,
      916, 917, 918, -1,
      918, 917, 919, -1,
      918, 919, 688, -1,
      686, 688, 920, -1,
      921, 922, 919, -1,
      919, 922, 923, -1,
      919, 923, 688, -1,
      688, 923, 924, -1,
      688, 924, 920, -1,
      925, 926, 927, -1,
      928, 929, 919, -1,
      919, 929, 930, -1,
      919, 930, 931, -1,
      931, 932, 919, -1,
      919, 932, 933, -1,
      919, 933, 921, -1,
      934, 935, 936, -1,
      936, 935, 937, -1,
      927, 938, 925, -1,
      925, 938, 939, -1,
      925, 939, 940, -1,
      940, 939, 937, -1,
      940, 937, 941, -1,
      941, 937, 935, -1,
      926, 925, 919, -1,
      919, 925, 942, -1,
      919, 942, 928, -1,
      684, 943, 944, -1,
      944, 943, 945, -1,
      945, 943, 946, -1,
      945, 946, 947, -1,
      685, 948, 949, -1,
      949, 950, 685, -1,
      685, 950, 951, -1,
      685, 951, 683, -1,
      952, 953, 685, -1,
      685, 953, 954, -1,
      685, 954, 948, -1,
      955, 956, 957, -1,
      957, 956, 958, -1,
      957, 958, 952, -1,
      952, 958, 959, -1,
      952, 959, 953, -1,
      960, 961, 962, -1,
      962, 961, 963, -1,
      964, 965, 871, -1,
      871, 965, 966, -1,
      871, 966, 962, -1,
      962, 966, 967, -1,
      962, 967, 960, -1,
      888, 890, 902, -1,
      902, 890, 968, -1,
      902, 968, 871, -1,
      871, 968, 969, -1,
      871, 969, 964, -1,
      970, 971, 972, -1,
      970, 972, 973, -1,
      973, 972, 974, -1,
      973, 974, 975, -1,
      976, 977, 978, -1,
      978, 977, 979, -1,
      980, 975, 981, -1,
      981, 975, 974, -1,
      981, 974, 682, -1,
      682, 974, 982, -1,
      682, 982, 680, -1,
      979, 977, 980, -1,
      980, 977, 983, -1,
      980, 983, 975, -1,
      975, 983, 984, -1,
      975, 984, 985, -1,
      985, 984, 986, -1,
      985, 986, 987, -1,
      971, 970, 988, -1,
      988, 970, 918, -1,
      988, 918, 987, -1,
      987, 918, 688, -1,
      987, 688, 985, -1,
      989, 990, 991, -1,
      992, 993, 973, -1,
      989, 991, 975, -1,
      975, 991, 994, -1,
      975, 994, 973, -1,
      973, 994, 995, -1,
      973, 995, 992, -1,
      996, 997, 998, -1,
      999, 1000, 1001, -1,
      997, 1002, 998, -1,
      998, 1002, 1003, -1,
      998, 1003, 989, -1,
      989, 1003, 1004, -1,
      989, 1004, 990, -1,
      999, 1001, 1005, -1,
      992, 1006, 993, -1,
      993, 1006, 1007, -1,
      993, 1007, 1001, -1,
      1001, 1007, 1008, -1,
      1001, 1008, 1005, -1,
      1000, 1009, 1001, -1,
      1001, 1009, 1010, -1,
      1001, 1010, 998, -1,
      998, 1010, 1011, -1,
      998, 1011, 996, -1,
      714, 1012, 716, -1,
      716, 1012, 1013, -1,
      716, 1013, 998, -1,
      998, 1013, 1014, -1,
      998, 1014, 1001, -1,
      1001, 1014, 1015, -1,
      1001, 1015, 718, -1,
      718, 1015, 1016, -1,
      718, 1016, 720, -1,
      880, 905, 881, -1,
      881, 905, 907, -1,
      881, 907, 1017, -1,
      1017, 907, 1018, -1,
      1017, 1018, 1019, -1,
      1019, 1018, 1020, -1,
      1019, 1020, 1021, -1,
      1021, 1020, 1022, -1,
      1023, 1022, 911, -1,
      911, 1022, 1020, -1,
      911, 1020, 855, -1,
      855, 1020, 1018, -1,
      855, 1018, 856, -1,
      1023, 911, 678, -1,
      678, 911, 835, -1,
      678, 835, 679, -1,
      679, 835, 837, -1,
      679, 837, 827, -1,
      827, 837, 1024, -1,
      827, 1024, 838, -1,
      1025, 1026, 1027, -1,
      1025, 1027, 1028, -1,
      968, 1029, 969, -1,
      969, 1029, 1030, -1,
      969, 1030, 1031, -1,
      1031, 1032, 969, -1,
      969, 1032, 1033, -1,
      969, 1033, 830, -1,
      1034, 1035, 679, -1,
      679, 1035, 1036, -1,
      679, 1036, 1037, -1,
      1037, 1038, 679, -1,
      679, 1038, 1039, -1,
      679, 1039, 677, -1,
      1033, 1040, 830, -1,
      830, 1040, 1041, -1,
      830, 1041, 679, -1,
      679, 1041, 1027, -1,
      679, 1027, 1034, -1,
      1034, 1027, 1026, -1,
      1042, 1043, 1044, -1,
      1044, 1043, 1045, -1,
      1044, 1045, 1046, -1,
      1044, 1047, 1042, -1,
      1042, 1047, 1048, -1,
      1042, 1048, 1049, -1,
      1049, 1050, 1042, -1,
      1042, 1050, 1051, -1,
      1042, 1051, 1052, -1,
      1052, 1051, 1053, -1,
      1052, 1053, 1054, -1,
      1054, 1053, 1055, -1,
      1054, 1055, 1027, -1,
      1027, 1055, 1056, -1,
      1027, 1056, 1028, -1,
      1057, 1058, 1046, -1,
      1046, 1058, 1059, -1,
      1046, 1059, 1044, -1,
      1060, 1061, 884, -1,
      884, 1061, 1062, -1,
      884, 1062, 882, -1,
      1060, 1063, 1061, -1,
      1061, 1063, 1064, -1,
      1061, 1064, 1065, -1,
      1065, 1064, 1066, -1,
      1065, 1067, 1068, -1,
      1066, 1069, 1065, -1,
      1065, 1069, 1070, -1,
      1065, 1070, 1071, -1,
      1071, 1072, 1065, -1,
      1065, 1072, 1073, -1,
      1065, 1073, 1067, -1,
      1068, 1074, 1065, -1,
      1065, 1074, 1075, -1,
      1065, 1075, 1076, -1,
      1077, 1078, 728, -1,
      728, 1078, 1079, -1,
      728, 1079, 726, -1,
      726, 1079, 1080, -1,
      726, 1080, 1081, -1,
      1082, 1083, 1084, -1,
      1084, 1083, 1085, -1,
      1085, 1083, 1086, -1,
      1086, 1083, 1079, -1,
      1086, 1079, 1087, -1,
      1087, 1079, 1078, -1,
      1087, 1078, 676, -1,
      676, 1078, 1088, -1,
      676, 1088, 674, -1,
      1080, 1089, 1081, -1,
      1081, 1089, 1090, -1,
      1081, 1090, 1091, -1,
      1091, 1090, 1092, -1,
      1077, 728, 1093, -1,
      1093, 728, 1094, -1,
      1093, 1094, 1092, -1,
      1092, 1094, 819, -1,
      1092, 819, 1091, -1,
      1091, 819, 818, -1,
      1091, 818, 1095, -1,
      1096, 1097, 1098, -1,
      1098, 1097, 671, -1,
      1099, 1100, 1098, -1,
      1098, 1100, 1101, -1,
      1101, 1102, 1098, -1,
      1098, 1102, 1103, -1,
      1098, 1103, 1096, -1,
      668, 1104, 669, -1,
      669, 1104, 1105, -1,
      669, 1105, 1106, -1,
      1106, 1107, 669, -1,
      669, 1107, 1108, -1,
      669, 1108, 1109, -1,
      1110, 1111, 668, -1,
      1110, 668, 1112, -1,
      1113, 1114, 1115, -1,
      1115, 1114, 1116, -1,
      1117, 1118, 1114, -1,
      1114, 1118, 1119, -1,
      1114, 1119, 1120, -1,
      1121, 1122, 1123, -1,
      1123, 1122, 1124, -1,
      1125, 1126, 1104, -1,
      1104, 1126, 1127, -1,
      1104, 1127, 1128, -1,
      1129, 1130, 1131, -1,
      1131, 1130, 1132, -1,
      1131, 1132, 1133, -1,
      1134, 1120, 1135, -1,
      1135, 1120, 1136, -1,
      1135, 1136, 1131, -1,
      1131, 1136, 1137, -1,
      1131, 1137, 1129, -1,
      1138, 1139, 672, -1,
      672, 1139, 1140, -1,
      672, 1140, 668, -1,
      668, 1140, 1141, -1,
      668, 1141, 1112, -1,
      1111, 1142, 668, -1,
      668, 1142, 1143, -1,
      668, 1143, 1104, -1,
      1104, 1143, 1144, -1,
      1104, 1144, 1125, -1,
      1134, 1145, 1120, -1,
      1120, 1145, 1146, -1,
      1120, 1146, 1114, -1,
      1114, 1146, 1147, -1,
      1114, 1147, 1116, -1,
      1121, 1148, 1122, -1,
      1122, 1148, 1149, -1,
      1122, 1149, 1150, -1,
      1151, 1152, 1153, -1,
      1153, 1152, 1154, -1,
      1153, 1154, 1122, -1,
      1122, 1154, 1155, -1,
      1122, 1155, 1124, -1,
      1128, 1156, 1104, -1,
      1104, 1156, 1157, -1,
      1104, 1157, 1158, -1,
      1158, 1157, 1151, -1,
      1158, 1151, 1159, -1,
      1159, 1151, 1153, -1,
      1160, 1161, 1122, -1,
      1122, 1161, 1162, -1,
      1122, 1162, 1114, -1,
      1114, 1162, 1163, -1,
      1114, 1163, 1117, -1,
      1150, 1164, 1122, -1,
      1122, 1164, 1165, -1,
      1122, 1165, 1166, -1,
      1166, 1167, 1122, -1,
      1122, 1167, 1168, -1,
      1122, 1168, 1160, -1,
      1169, 1170, 1171, -1,
      1171, 1120, 1169, -1,
      1169, 1120, 1119, -1,
      1169, 1119, 1172, -1,
      1172, 1119, 1173, -1,
      1173, 1174, 1172, -1,
      1172, 1174, 1175, -1,
      1172, 1175, 1176, -1,
      1177, 1178, 1179, -1,
      1180, 1181, 1178, -1,
      1181, 1182, 1178, -1,
      1178, 1182, 1183, -1,
      1178, 1183, 1184, -1,
      1179, 1185, 1177, -1,
      1177, 1185, 1186, -1,
      1177, 1186, 1187, -1,
      1170, 1169, 1177, -1,
      1177, 1169, 1188, -1,
      1177, 1188, 1178, -1,
      1178, 1188, 1189, -1,
      1178, 1189, 1180, -1,
      1184, 1190, 1178, -1,
      1178, 1190, 1191, -1,
      1178, 1191, 1192, -1,
      1192, 1191, 1193, -1,
      1192, 1193, 1194, -1,
      1194, 1193, 1195, -1,
      1196, 1197, 1187, -1,
      1187, 1197, 1198, -1,
      1187, 1198, 1177, -1,
      1097, 1199, 671, -1,
      671, 1199, 1200, -1,
      671, 1200, 672, -1,
      672, 1200, 1201, -1,
      672, 1201, 1138, -1,
      1202, 952, 1098, -1,
      1202, 1203, 952, -1,
      952, 1203, 1204, -1,
      952, 1204, 957, -1,
      957, 1204, 1205, -1,
      957, 1205, 1206, -1,
      673, 957, 671, -1,
      671, 957, 1206, -1,
      671, 1206, 1098, -1,
      1098, 1206, 1207, -1,
      1098, 1207, 1202, -1,
      1208, 1209, 673, -1,
      1208, 1210, 1209, -1,
      1209, 1210, 1211, -1,
      1209, 1211, 1212, -1,
      1213, 1214, 1215, -1,
      1215, 1214, 1210, -1,
      1215, 1210, 1216, -1,
      1216, 1210, 1208, -1,
      1216, 1208, 1217, -1,
      1217, 1208, 1218, -1,
      670, 1209, 668, -1,
      668, 1209, 1212, -1,
      668, 1212, 672, -1,
      672, 1212, 1219, -1,
      672, 1219, 673, -1,
      673, 1219, 1220, -1,
      673, 1220, 1208, -1,
      684, 944, 685, -1,
      685, 944, 1221, -1,
      685, 1221, 952, -1,
      952, 1221, 792, -1,
      952, 792, 1098, -1,
      1098, 792, 796, -1,
      1098, 796, 1099, -1,
      670, 913, 1209, -1,
      1209, 913, 864, -1,
      1209, 864, 673, -1,
      673, 864, 871, -1,
      673, 871, 957, -1,
      957, 871, 962, -1,
      957, 962, 955, -1,
      955, 962, 963, -1,
      695, 689, 696, -1,
      696, 689, 691, -1,
      696, 691, 718, -1,
      718, 691, 1222, -1,
      718, 1222, 1001, -1,
      1001, 1222, 1223, -1,
      1001, 1223, 993, -1,
      993, 1223, 1224, -1,
      993, 1224, 973, -1,
      973, 1224, 1225, -1,
      973, 1225, 970, -1,
      970, 1225, 945, -1,
      970, 945, 918, -1,
      918, 945, 947, -1,
      918, 947, 916, -1,
      722, 716, 728, -1,
      728, 716, 998, -1,
      728, 998, 1094, -1,
      1094, 998, 989, -1,
      1094, 989, 819, -1,
      819, 989, 975, -1,
      819, 975, 823, -1,
      823, 975, 985, -1,
      823, 985, 830, -1,
      830, 985, 688, -1,
      830, 688, 969, -1,
      969, 688, 687, -1,
      969, 687, 964, -1,
      751, 726, 753, -1,
      753, 726, 1081, -1,
      753, 1081, 1226, -1,
      1226, 1081, 1091, -1,
      1226, 1091, 851, -1,
      851, 1091, 1095, -1,
      851, 1095, 849, -1,
      752, 753, 1227, -1,
      1227, 753, 1226, -1,
      1227, 1226, 1228, -1,
      1228, 1226, 851, -1,
      1228, 851, 1229, -1,
      1229, 851, 844, -1,
      1229, 844, 1230, -1,
      1230, 844, 835, -1,
      1230, 835, 1231, -1,
      1231, 835, 911, -1,
      1231, 911, 1232, -1,
      1232, 911, 913, -1,
      1232, 913, 1233, -1,
      1233, 913, 670, -1,
      1233, 670, 1234, -1,
      1234, 670, 669, -1,
      1234, 669, 754, -1,
      754, 669, 1109, -1,
      754, 1109, 755, -1,
      1235, 7, 1236, -1,
      1236, 7, 5, -1,
      1236, 5, 1237, -1,
      1237, 5, 802, -1,
      802, 804, 1237, -1,
      1237, 804, 806, -1,
      1237, 806, 808, -1,
      814, 1238, 812, -1,
      812, 1238, 1237, -1,
      812, 1237, 810, -1,
      810, 1237, 808, -1,
      15, 14, 5, -1,
      5, 14, 11, -1,
      5, 11, 10, -1,
      13, 12, 7, -1,
      7, 12, 9, -1,
      7, 9, 5, -1,
      5, 9, 8, -1,
      5, 8, 18, -1,
      18, 17, 5, -1,
      5, 17, 16, -1,
      5, 16, 15, -1,
      1239, 1237, 1240, -1,
      1240, 1237, 1238, -1,
      1240, 1238, 1241, -1,
      1236, 1242, 1235, -1,
      1235, 1242, 1243, -1,
      1235, 1243, 1244, -1,
      1245, 1246, 1247, -1,
      701, 700, 1248, -1,
      1249, 1250, 1251, -1,
      701, 1248, 10, -1,
      1247, 1249, 1245, -1,
      1245, 1249, 1251, -1,
      1245, 1251, 1252, -1,
      1252, 1251, 1253, -1,
      1252, 1253, 1254, -1,
      752, 1227, 1251, -1,
      1251, 1227, 1228, -1,
      1251, 1228, 1229, -1,
      1255, 10, 1256, -1,
      1256, 10, 1248, -1,
      1256, 1248, 1257, -1,
      1257, 1248, 1251, -1,
      1257, 1251, 1258, -1,
      1258, 1251, 1250, -1,
      1255, 1259, 10, -1,
      10, 1259, 1260, -1,
      10, 1260, 5, -1,
      1229, 1230, 1251, -1,
      1251, 1230, 1231, -1,
      1251, 1231, 1232, -1,
      1254, 803, 1252, -1,
      1252, 803, 802, -1,
      1252, 802, 1261, -1,
      1261, 802, 5, -1,
      1261, 5, 1262, -1,
      1262, 5, 1260, -1,
      1262, 1260, 1263, -1,
      1263, 1260, 1264, -1,
      1232, 1233, 1251, -1,
      1251, 1233, 1234, -1,
      1251, 1234, 1253, -1,
      1253, 1234, 754, -1,
      1253, 754, 757, -1,
      1246, 1245, 1265, -1,
      1265, 1245, 1266, -1,
      1265, 1266, 1267, -1,
      1267, 1266, 1268, -1,
      1267, 1268, 1263, -1,
      1263, 1268, 1262, -1,
      1259, 1255, 1269, -1,
      1258, 1250, 1270, -1,
      1270, 1250, 1271, -1,
      1270, 1271, 1269, -1,
      1269, 1271, 1272, -1,
      1269, 1272, 1259, -1,
      1249, 1247, 1273, -1,
      1264, 1260, 1274, -1,
      1274, 1260, 1275, -1,
      1274, 1275, 1273, -1,
      1273, 1275, 1276, -1,
      1273, 1276, 1249, -1,
      709, 707, 1277, -1,
      1277, 707, 705, -1,
      705, 703, 1277, -1,
      1277, 703, 701, -1,
      1277, 701, 1278, -1,
      1278, 701, 10, -1,
      1278, 10, 1279, -1,
      1279, 10, 11, -1,
      1279, 11, 1280, -1,
      1280, 11, 712, -1,
      1280, 712, 1277, -1,
      1277, 712, 711, -1,
      1277, 711, 709, -1,
      712, 11, 14, -1,
      712, 14, 697, -1,
      697, 14, 15, -1,
      697, 15, 698, -1,
      698, 15, 16, -1,
      698, 16, 699, -1,
      699, 16, 17, -1,
      699, 17, 692, -1,
      692, 17, 18, -1,
      692, 18, 693, -1,
      693, 18, 8, -1,
      693, 8, 695, -1,
      695, 8, 9, -1,
      695, 9, 689, -1,
      690, 689, 12, -1,
      12, 689, 9, -1,
      1281, 1282, 12, -1,
      792, 1283, 1284, -1,
      1285, 1286, 12, -1,
      12, 1286, 1287, -1,
      12, 1287, 1281, -1,
      792, 1284, 793, -1,
      793, 1284, 1288, -1,
      793, 1288, 1289, -1,
      1289, 1290, 793, -1,
      793, 1290, 1291, -1,
      793, 1291, 1292, -1,
      1292, 1293, 793, -1,
      793, 1293, 1294, -1,
      793, 1294, 13, -1,
      13, 1294, 1295, -1,
      13, 1295, 1296, -1,
      1296, 1297, 13, -1,
      13, 1297, 1298, -1,
      13, 1298, 1299, -1,
      1300, 690, 1301, -1,
      1301, 690, 12, -1,
      1301, 12, 1302, -1,
      1302, 12, 1282, -1,
      1299, 1303, 13, -1,
      13, 1303, 1304, -1,
      13, 1304, 12, -1,
      12, 1304, 1305, -1,
      12, 1305, 1285, -1,
      1300, 1306, 690, -1,
      690, 1306, 1307, -1,
      690, 1307, 691, -1,
      691, 1307, 1308, -1,
      691, 1308, 1222, -1,
      1283, 792, 1309, -1,
      1309, 792, 1221, -1,
      1309, 1221, 1310, -1,
      1310, 1221, 944, -1,
      1310, 944, 945, -1,
      945, 1225, 1310, -1,
      1310, 1225, 1224, -1,
      1310, 1224, 1308, -1,
      1308, 1224, 1223, -1,
      1308, 1223, 1222, -1,
      7, 1235, 1244, -1,
      794, 793, 13, -1,
      1238, 814, 1241, -1,
      1241, 814, 794, -1,
      1241, 794, 1244, -1,
      1244, 794, 13, -1,
      1244, 13, 7, -1,
      1261, 1311, 1252, -1,
      1252, 1311, 1312, -1,
      1311, 1313, 1312, -1,
      1312, 1313, 1314, -1,
      1315, 1243, 1242, -1,
      1240, 1316, 1239, -1,
      1239, 1316, 1314, -1,
      1239, 1314, 1242, -1,
      1242, 1314, 1313, -1,
      1242, 1313, 1315, -1,
      1315, 1268, 1243, -1,
      1243, 1268, 1266, -1,
      1243, 1266, 1240, -1,
      1240, 1266, 1316, -1,
      1311, 1261, 1313, -1,
      1313, 1261, 1262, -1,
      1313, 1262, 1315, -1,
      1315, 1262, 1268, -1,
      1316, 1266, 1314, -1,
      1314, 1266, 1245, -1,
      1314, 1245, 1312, -1,
      1312, 1245, 1252, -1,
      1275, 1317, 1276, -1,
      1276, 1317, 1318, -1,
      1317, 1319, 1318, -1,
      1318, 1319, 1320, -1,
      1321, 1322, 1323, -1,
      1323, 1322, 1324, -1,
      1325, 1319, 1326, -1,
      1326, 1319, 1327, -1,
      1326, 1327, 1328, -1,
      1325, 1329, 1319, -1,
      1319, 1329, 1330, -1,
      1319, 1330, 1331, -1,
      1332, 1333, 1320, -1,
      1320, 1333, 1334, -1,
      1331, 1335, 1319, -1,
      1319, 1335, 1336, -1,
      1319, 1336, 1320, -1,
      1320, 1336, 1337, -1,
      1320, 1337, 1332, -1,
      1324, 1338, 1323, -1,
      1323, 1338, 1339, -1,
      1323, 1339, 1327, -1,
      1327, 1339, 1340, -1,
      1327, 1340, 1341, -1,
      1341, 1342, 1327, -1,
      1327, 1342, 1343, -1,
      1327, 1343, 1328, -1,
      1334, 1344, 1320, -1,
      1320, 1344, 1345, -1,
      1320, 1345, 1323, -1,
      1323, 1345, 1346, -1,
      1323, 1346, 1321, -1,
      1327, 1347, 1323, -1,
      1323, 1347, 1348, -1,
      1347, 1272, 1348, -1,
      1348, 1272, 1271, -1,
      1272, 1347, 1327, -1,
      1317, 1275, 1319, -1,
      1319, 1275, 1260, -1,
      1319, 1260, 1327, -1,
      1327, 1260, 1259, -1,
      1327, 1259, 1272, -1,
      1276, 1318, 1320, -1,
      1348, 1271, 1323, -1,
      1323, 1271, 1250, -1,
      1323, 1250, 1320, -1,
      1320, 1250, 1249, -1,
      1320, 1249, 1276, -1,
      1267, 1274, 1265, -1,
      1265, 1274, 1273, -1,
      1267, 1263, 1274, -1,
      1274, 1263, 1264, -1,
      1246, 1265, 1247, -1,
      1247, 1265, 1273, -1,
      1269, 1349, 1270, -1,
      1270, 1349, 1350, -1,
      1351, 1257, 1350, -1,
      1257, 1351, 1256, -1,
      1256, 1351, 1352, -1,
      1256, 1352, 1349, -1,
      1349, 1352, 1353, -1,
      1349, 1353, 1350, -1,
      1350, 1353, 1354, -1,
      1350, 1354, 1351, -1,
      1255, 1256, 1269, -1,
      1269, 1256, 1349, -1,
      1257, 1258, 1350, -1,
      1350, 1258, 1270, -1,
      1294, 1293, 1355, -1,
      1292, 1356, 1293, -1,
      1293, 1356, 1357, -1,
      1293, 1357, 1355, -1,
      1358, 1359, 1291, -1,
      1291, 1359, 1360, -1,
      1291, 1360, 1292, -1,
      1292, 1360, 1361, -1,
      1292, 1361, 1356, -1,
      1358, 1291, 1362, -1,
      1362, 1291, 1290, -1,
      1362, 1290, 1363, -1,
      1363, 1290, 1364, -1,
      1364, 1290, 1289, -1,
      1364, 1289, 1365, -1,
      1365, 1289, 1366, -1,
      1366, 1289, 1288, -1,
      1366, 1288, 1367, -1,
      1367, 1288, 1368, -1,
      1368, 1288, 1284, -1,
      1368, 1284, 1369, -1,
      1369, 1284, 1370, -1,
      1370, 1284, 1283, -1,
      1370, 1283, 1371, -1,
      1309, 1372, 1283, -1,
      1283, 1372, 1373, -1,
      1283, 1373, 1371, -1,
      1310, 1374, 1309, -1,
      1309, 1374, 1375, -1,
      1309, 1375, 1372, -1,
      1308, 1376, 1310, -1,
      1310, 1376, 1377, -1,
      1310, 1377, 1374, -1,
      1307, 1378, 1308, -1,
      1308, 1378, 1379, -1,
      1308, 1379, 1376, -1,
      1380, 1381, 1306, -1,
      1306, 1381, 1382, -1,
      1306, 1382, 1307, -1,
      1307, 1382, 1383, -1,
      1307, 1383, 1378, -1,
      1380, 1306, 1384, -1,
      1384, 1306, 1300, -1,
      1384, 1300, 1385, -1,
      1385, 1300, 1386, -1,
      1386, 1300, 1301, -1,
      1386, 1301, 1387, -1,
      1387, 1301, 1388, -1,
      1388, 1301, 1302, -1,
      1388, 1302, 1389, -1,
      1389, 1302, 1390, -1,
      1390, 1302, 1282, -1,
      1390, 1282, 1391, -1,
      1391, 1282, 1392, -1,
      1392, 1282, 1281, -1,
      1392, 1281, 1393, -1,
      1287, 1394, 1281, -1,
      1281, 1394, 1395, -1,
      1281, 1395, 1393, -1,
      1286, 1396, 1287, -1,
      1287, 1396, 1397, -1,
      1287, 1397, 1394, -1,
      1285, 1398, 1286, -1,
      1286, 1398, 1399, -1,
      1286, 1399, 1396, -1,
      1305, 1400, 1285, -1,
      1285, 1400, 1401, -1,
      1285, 1401, 1398, -1,
      1402, 1403, 1304, -1,
      1304, 1403, 1404, -1,
      1304, 1404, 1305, -1,
      1305, 1404, 1405, -1,
      1305, 1405, 1400, -1,
      1402, 1304, 1406, -1,
      1406, 1304, 1303, -1,
      1406, 1303, 1407, -1,
      1407, 1303, 1408, -1,
      1408, 1303, 1299, -1,
      1408, 1299, 1409, -1,
      1409, 1299, 1410, -1,
      1410, 1299, 1298, -1,
      1410, 1298, 1411, -1,
      1411, 1298, 1412, -1,
      1412, 1298, 1297, -1,
      1412, 1297, 1413, -1,
      1413, 1297, 1414, -1,
      1414, 1297, 1296, -1,
      1414, 1296, 1415, -1,
      1295, 1416, 1296, -1,
      1296, 1416, 1417, -1,
      1296, 1417, 1415, -1,
      1355, 1418, 1294, -1,
      1294, 1418, 1419, -1,
      1294, 1419, 1295, -1,
      1295, 1419, 1420, -1,
      1295, 1420, 1416, -1,
      1357, 1356, 1421, -1,
      1358, 1362, 1422, -1,
      1367, 1368, 1423, -1,
      1373, 1372, 1424, -1,
      1379, 1378, 1425, -1,
      1380, 1384, 1426, -1,
      1389, 1390, 1427, -1,
      1395, 1394, 1428, -1,
      1401, 1400, 1429, -1,
      1402, 1406, 1430, -1,
      1411, 1412, 1431, -1,
      1417, 1416, 1432, -1,
      1433, 1434, 1435, -1,
      1436, 1437, 1438, -1,
      1439, 1440, 1441, -1,
      1442, 1443, 1444, -1,
      1445, 1446, 1447, -1,
      1448, 1449, 1450, -1,
      1451, 1452, 1453, -1,
      1454, 1455, 1456, -1,
      1457, 1458, 1459, -1,
      1460, 1461, 1462, -1,
      1463, 1464, 1465, -1,
      1466, 1467, 1468, -1,
      1466, 1468, 1469, -1,
      1463, 1465, 1470, -1,
      1460, 1462, 1471, -1,
      1457, 1459, 1472, -1,
      1454, 1456, 1473, -1,
      1451, 1453, 1474, -1,
      1448, 1450, 1475, -1,
      1445, 1447, 1476, -1,
      1442, 1444, 1477, -1,
      1439, 1441, 1478, -1,
      1436, 1438, 1479, -1,
      1433, 1435, 1480, -1,
      1481, 1482, 1483, -1,
      1483, 1482, 1484, -1,
      1483, 1484, 1485, -1,
      1485, 1484, 1486, -1,
      1485, 1486, 1487, -1,
      1487, 1486, 1488, -1,
      1487, 1488, 1489, -1,
      1489, 1488, 1490, -1,
      1489, 1490, 1491, -1,
      1491, 1490, 1492, -1,
      1491, 1492, 1493, -1,
      1493, 1492, 1494, -1,
      1493, 1494, 1495, -1,
      1495, 1494, 1496, -1,
      1495, 1496, 1497, -1,
      1497, 1496, 1432, -1,
      1498, 1499, 1500, -1,
      1500, 1499, 1501, -1,
      1500, 1501, 1502, -1,
      1502, 1501, 1503, -1,
      1502, 1503, 1504, -1,
      1504, 1503, 1505, -1,
      1504, 1505, 1506, -1,
      1506, 1505, 1507, -1,
      1506, 1507, 1508, -1,
      1508, 1507, 1509, -1,
      1508, 1509, 1510, -1,
      1510, 1509, 1511, -1,
      1510, 1511, 1512, -1,
      1512, 1511, 1513, -1,
      1512, 1513, 1514, -1,
      1514, 1513, 1431, -1,
      1515, 1516, 1517, -1,
      1517, 1516, 1518, -1,
      1517, 1518, 1519, -1,
      1519, 1518, 1520, -1,
      1519, 1520, 1521, -1,
      1521, 1520, 1522, -1,
      1521, 1522, 1523, -1,
      1523, 1522, 1524, -1,
      1523, 1524, 1525, -1,
      1525, 1524, 1526, -1,
      1525, 1526, 1527, -1,
      1527, 1526, 1528, -1,
      1527, 1528, 1529, -1,
      1529, 1528, 1530, -1,
      1529, 1530, 1531, -1,
      1531, 1530, 1430, -1,
      1532, 1533, 1534, -1,
      1534, 1533, 1535, -1,
      1534, 1535, 1536, -1,
      1536, 1535, 1537, -1,
      1536, 1537, 1538, -1,
      1538, 1537, 1539, -1,
      1538, 1539, 1540, -1,
      1540, 1539, 1541, -1,
      1540, 1541, 1542, -1,
      1542, 1541, 1543, -1,
      1542, 1543, 1544, -1,
      1544, 1543, 1545, -1,
      1544, 1545, 1546, -1,
      1546, 1545, 1547, -1,
      1546, 1547, 1548, -1,
      1548, 1547, 1429, -1,
      1549, 1550, 1551, -1,
      1551, 1550, 1552, -1,
      1551, 1552, 1553, -1,
      1553, 1552, 1554, -1,
      1553, 1554, 1555, -1,
      1555, 1554, 1556, -1,
      1555, 1556, 1557, -1,
      1557, 1556, 1558, -1,
      1557, 1558, 1559, -1,
      1559, 1558, 1560, -1,
      1559, 1560, 1561, -1,
      1561, 1560, 1562, -1,
      1561, 1562, 1563, -1,
      1563, 1562, 1564, -1,
      1563, 1564, 1565, -1,
      1565, 1564, 1428, -1,
      1566, 1567, 1568, -1,
      1568, 1567, 1569, -1,
      1568, 1569, 1570, -1,
      1570, 1569, 1571, -1,
      1570, 1571, 1572, -1,
      1572, 1571, 1573, -1,
      1572, 1573, 1574, -1,
      1574, 1573, 1575, -1,
      1574, 1575, 1576, -1,
      1576, 1575, 1577, -1,
      1576, 1577, 1578, -1,
      1578, 1577, 1579, -1,
      1578, 1579, 1580, -1,
      1580, 1579, 1581, -1,
      1580, 1581, 1582, -1,
      1582, 1581, 1427, -1,
      1583, 1584, 1585, -1,
      1585, 1584, 1586, -1,
      1585, 1586, 1587, -1,
      1587, 1586, 1588, -1,
      1587, 1588, 1589, -1,
      1589, 1588, 1590, -1,
      1589, 1590, 1591, -1,
      1591, 1590, 1592, -1,
      1591, 1592, 1593, -1,
      1593, 1592, 1594, -1,
      1593, 1594, 1595, -1,
      1595, 1594, 1596, -1,
      1595, 1596, 1597, -1,
      1597, 1596, 1598, -1,
      1597, 1598, 1599, -1,
      1599, 1598, 1426, -1,
      1600, 1601, 1602, -1,
      1602, 1601, 1603, -1,
      1602, 1603, 1604, -1,
      1604, 1603, 1605, -1,
      1604, 1605, 1606, -1,
      1606, 1605, 1607, -1,
      1606, 1607, 1608, -1,
      1608, 1607, 1609, -1,
      1608, 1609, 1610, -1,
      1610, 1609, 1611, -1,
      1610, 1611, 1612, -1,
      1612, 1611, 1613, -1,
      1612, 1613, 1614, -1,
      1614, 1613, 1615, -1,
      1614, 1615, 1616, -1,
      1616, 1615, 1425, -1,
      1617, 1618, 1619, -1,
      1619, 1618, 1620, -1,
      1619, 1620, 1621, -1,
      1621, 1620, 1622, -1,
      1621, 1622, 1623, -1,
      1623, 1622, 1624, -1,
      1623, 1624, 1625, -1,
      1625, 1624, 1626, -1,
      1625, 1626, 1627, -1,
      1627, 1626, 1628, -1,
      1627, 1628, 1629, -1,
      1629, 1628, 1630, -1,
      1629, 1630, 1631, -1,
      1631, 1630, 1632, -1,
      1631, 1632, 1633, -1,
      1633, 1632, 1424, -1,
      1634, 1635, 1636, -1,
      1636, 1635, 1637, -1,
      1636, 1637, 1638, -1,
      1638, 1637, 1639, -1,
      1638, 1639, 1640, -1,
      1640, 1639, 1641, -1,
      1640, 1641, 1642, -1,
      1642, 1641, 1643, -1,
      1642, 1643, 1644, -1,
      1644, 1643, 1645, -1,
      1644, 1645, 1646, -1,
      1646, 1645, 1647, -1,
      1646, 1647, 1648, -1,
      1648, 1647, 1649, -1,
      1648, 1649, 1650, -1,
      1650, 1649, 1423, -1,
      1651, 1652, 1653, -1,
      1653, 1652, 1654, -1,
      1653, 1654, 1655, -1,
      1655, 1654, 1656, -1,
      1655, 1656, 1657, -1,
      1657, 1656, 1658, -1,
      1657, 1658, 1659, -1,
      1659, 1658, 1660, -1,
      1659, 1660, 1661, -1,
      1661, 1660, 1662, -1,
      1661, 1662, 1663, -1,
      1663, 1662, 1664, -1,
      1663, 1664, 1665, -1,
      1665, 1664, 1666, -1,
      1665, 1666, 1667, -1,
      1667, 1666, 1422, -1,
      1668, 1669, 1670, -1,
      1670, 1669, 1671, -1,
      1670, 1671, 1672, -1,
      1672, 1671, 1673, -1,
      1672, 1673, 1674, -1,
      1674, 1673, 1675, -1,
      1674, 1675, 1676, -1,
      1676, 1675, 1677, -1,
      1676, 1677, 1678, -1,
      1678, 1677, 1679, -1,
      1678, 1679, 1680, -1,
      1680, 1679, 1681, -1,
      1680, 1681, 1682, -1,
      1682, 1681, 1683, -1,
      1682, 1683, 1684, -1,
      1684, 1683, 1421, -1,
      1685, 1481, 1686, -1,
      1686, 1481, 1483, -1,
      1686, 1483, 1687, -1,
      1687, 1483, 1485, -1,
      1687, 1485, 1688, -1,
      1688, 1485, 1487, -1,
      1688, 1487, 1689, -1,
      1689, 1487, 1489, -1,
      1689, 1489, 1690, -1,
      1690, 1489, 1491, -1,
      1690, 1491, 1691, -1,
      1691, 1491, 1493, -1,
      1691, 1493, 1692, -1,
      1692, 1493, 1495, -1,
      1692, 1495, 1693, -1,
      1693, 1495, 1497, -1,
      1693, 1497, 1418, -1,
      1418, 1497, 1419, -1,
      1432, 1416, 1497, -1,
      1497, 1416, 1420, -1,
      1497, 1420, 1419, -1,
      1415, 1417, 1694, -1,
      1694, 1417, 1432, -1,
      1694, 1432, 1695, -1,
      1695, 1432, 1496, -1,
      1695, 1496, 1696, -1,
      1696, 1496, 1494, -1,
      1696, 1494, 1697, -1,
      1697, 1494, 1492, -1,
      1697, 1492, 1698, -1,
      1698, 1492, 1490, -1,
      1698, 1490, 1699, -1,
      1699, 1490, 1488, -1,
      1699, 1488, 1700, -1,
      1700, 1488, 1486, -1,
      1700, 1486, 1468, -1,
      1468, 1486, 1484, -1,
      1468, 1484, 1469, -1,
      1469, 1484, 1482, -1,
      1467, 1498, 1468, -1,
      1468, 1498, 1500, -1,
      1468, 1500, 1700, -1,
      1700, 1500, 1502, -1,
      1700, 1502, 1699, -1,
      1699, 1502, 1504, -1,
      1699, 1504, 1698, -1,
      1698, 1504, 1506, -1,
      1698, 1506, 1697, -1,
      1697, 1506, 1508, -1,
      1697, 1508, 1696, -1,
      1696, 1508, 1510, -1,
      1696, 1510, 1695, -1,
      1695, 1510, 1512, -1,
      1695, 1512, 1694, -1,
      1694, 1512, 1514, -1,
      1694, 1514, 1415, -1,
      1415, 1514, 1414, -1,
      1431, 1412, 1514, -1,
      1514, 1412, 1413, -1,
      1514, 1413, 1414, -1,
      1410, 1411, 1701, -1,
      1701, 1411, 1431, -1,
      1701, 1431, 1702, -1,
      1702, 1431, 1513, -1,
      1702, 1513, 1703, -1,
      1703, 1513, 1511, -1,
      1703, 1511, 1704, -1,
      1704, 1511, 1509, -1,
      1704, 1509, 1705, -1,
      1705, 1509, 1507, -1,
      1705, 1507, 1706, -1,
      1706, 1507, 1505, -1,
      1706, 1505, 1707, -1,
      1707, 1505, 1503, -1,
      1707, 1503, 1465, -1,
      1465, 1503, 1501, -1,
      1465, 1501, 1470, -1,
      1470, 1501, 1499, -1,
      1464, 1708, 1465, -1,
      1465, 1708, 1709, -1,
      1465, 1709, 1707, -1,
      1707, 1709, 1710, -1,
      1707, 1710, 1706, -1,
      1706, 1710, 1711, -1,
      1706, 1711, 1705, -1,
      1705, 1711, 1712, -1,
      1705, 1712, 1704, -1,
      1704, 1712, 1713, -1,
      1704, 1713, 1703, -1,
      1703, 1713, 1714, -1,
      1703, 1714, 1702, -1,
      1702, 1714, 1715, -1,
      1702, 1715, 1701, -1,
      1701, 1715, 1716, -1,
      1701, 1716, 1410, -1,
      1410, 1716, 1409, -1,
      1708, 1515, 1709, -1,
      1709, 1515, 1517, -1,
      1709, 1517, 1710, -1,
      1710, 1517, 1519, -1,
      1710, 1519, 1711, -1,
      1711, 1519, 1521, -1,
      1711, 1521, 1712, -1,
      1712, 1521, 1523, -1,
      1712, 1523, 1713, -1,
      1713, 1523, 1525, -1,
      1713, 1525, 1714, -1,
      1714, 1525, 1527, -1,
      1714, 1527, 1715, -1,
      1715, 1527, 1529, -1,
      1715, 1529, 1716, -1,
      1716, 1529, 1531, -1,
      1716, 1531, 1409, -1,
      1409, 1531, 1408, -1,
      1430, 1406, 1531, -1,
      1531, 1406, 1407, -1,
      1531, 1407, 1408, -1,
      1403, 1402, 1717, -1,
      1717, 1402, 1430, -1,
      1717, 1430, 1718, -1,
      1718, 1430, 1530, -1,
      1718, 1530, 1719, -1,
      1719, 1530, 1528, -1,
      1719, 1528, 1720, -1,
      1720, 1528, 1526, -1,
      1720, 1526, 1721, -1,
      1721, 1526, 1524, -1,
      1721, 1524, 1722, -1,
      1722, 1524, 1522, -1,
      1722, 1522, 1723, -1,
      1723, 1522, 1520, -1,
      1723, 1520, 1462, -1,
      1462, 1520, 1518, -1,
      1462, 1518, 1471, -1,
      1471, 1518, 1516, -1,
      1461, 1532, 1462, -1,
      1462, 1532, 1534, -1,
      1462, 1534, 1723, -1,
      1723, 1534, 1536, -1,
      1723, 1536, 1722, -1,
      1722, 1536, 1538, -1,
      1722, 1538, 1721, -1,
      1721, 1538, 1540, -1,
      1721, 1540, 1720, -1,
      1720, 1540, 1542, -1,
      1720, 1542, 1719, -1,
      1719, 1542, 1544, -1,
      1719, 1544, 1718, -1,
      1718, 1544, 1546, -1,
      1718, 1546, 1717, -1,
      1717, 1546, 1548, -1,
      1717, 1548, 1403, -1,
      1403, 1548, 1404, -1,
      1429, 1400, 1548, -1,
      1548, 1400, 1405, -1,
      1548, 1405, 1404, -1,
      1398, 1401, 1724, -1,
      1724, 1401, 1429, -1,
      1724, 1429, 1725, -1,
      1725, 1429, 1547, -1,
      1725, 1547, 1726, -1,
      1726, 1547, 1545, -1,
      1726, 1545, 1727, -1,
      1727, 1545, 1543, -1,
      1727, 1543, 1728, -1,
      1728, 1543, 1541, -1,
      1728, 1541, 1729, -1,
      1729, 1541, 1539, -1,
      1729, 1539, 1730, -1,
      1730, 1539, 1537, -1,
      1730, 1537, 1459, -1,
      1459, 1537, 1535, -1,
      1459, 1535, 1472, -1,
      1472, 1535, 1533, -1,
      1458, 1731, 1459, -1,
      1459, 1731, 1732, -1,
      1459, 1732, 1730, -1,
      1730, 1732, 1733, -1,
      1730, 1733, 1729, -1,
      1729, 1733, 1734, -1,
      1729, 1734, 1728, -1,
      1728, 1734, 1735, -1,
      1728, 1735, 1727, -1,
      1727, 1735, 1736, -1,
      1727, 1736, 1726, -1,
      1726, 1736, 1737, -1,
      1726, 1737, 1725, -1,
      1725, 1737, 1738, -1,
      1725, 1738, 1724, -1,
      1724, 1738, 1739, -1,
      1724, 1739, 1398, -1,
      1398, 1739, 1399, -1,
      1731, 1549, 1732, -1,
      1732, 1549, 1551, -1,
      1732, 1551, 1733, -1,
      1733, 1551, 1553, -1,
      1733, 1553, 1734, -1,
      1734, 1553, 1555, -1,
      1734, 1555, 1735, -1,
      1735, 1555, 1557, -1,
      1735, 1557, 1736, -1,
      1736, 1557, 1559, -1,
      1736, 1559, 1737, -1,
      1737, 1559, 1561, -1,
      1737, 1561, 1738, -1,
      1738, 1561, 1563, -1,
      1738, 1563, 1739, -1,
      1739, 1563, 1565, -1,
      1739, 1565, 1399, -1,
      1399, 1565, 1396, -1,
      1428, 1394, 1565, -1,
      1565, 1394, 1397, -1,
      1565, 1397, 1396, -1,
      1393, 1395, 1740, -1,
      1740, 1395, 1428, -1,
      1740, 1428, 1741, -1,
      1741, 1428, 1564, -1,
      1741, 1564, 1742, -1,
      1742, 1564, 1562, -1,
      1742, 1562, 1743, -1,
      1743, 1562, 1560, -1,
      1743, 1560, 1744, -1,
      1744, 1560, 1558, -1,
      1744, 1558, 1745, -1,
      1745, 1558, 1556, -1,
      1745, 1556, 1746, -1,
      1746, 1556, 1554, -1,
      1746, 1554, 1456, -1,
      1456, 1554, 1552, -1,
      1456, 1552, 1473, -1,
      1473, 1552, 1550, -1,
      1455, 1566, 1456, -1,
      1456, 1566, 1568, -1,
      1456, 1568, 1746, -1,
      1746, 1568, 1570, -1,
      1746, 1570, 1745, -1,
      1745, 1570, 1572, -1,
      1745, 1572, 1744, -1,
      1744, 1572, 1574, -1,
      1744, 1574, 1743, -1,
      1743, 1574, 1576, -1,
      1743, 1576, 1742, -1,
      1742, 1576, 1578, -1,
      1742, 1578, 1741, -1,
      1741, 1578, 1580, -1,
      1741, 1580, 1740, -1,
      1740, 1580, 1582, -1,
      1740, 1582, 1393, -1,
      1393, 1582, 1392, -1,
      1427, 1390, 1582, -1,
      1582, 1390, 1391, -1,
      1582, 1391, 1392, -1,
      1388, 1389, 1747, -1,
      1747, 1389, 1427, -1,
      1747, 1427, 1748, -1,
      1748, 1427, 1581, -1,
      1748, 1581, 1749, -1,
      1749, 1581, 1579, -1,
      1749, 1579, 1750, -1,
      1750, 1579, 1577, -1,
      1750, 1577, 1751, -1,
      1751, 1577, 1575, -1,
      1751, 1575, 1752, -1,
      1752, 1575, 1573, -1,
      1752, 1573, 1753, -1,
      1753, 1573, 1571, -1,
      1753, 1571, 1453, -1,
      1453, 1571, 1569, -1,
      1453, 1569, 1474, -1,
      1474, 1569, 1567, -1,
      1452, 1754, 1453, -1,
      1453, 1754, 1755, -1,
      1453, 1755, 1753, -1,
      1753, 1755, 1756, -1,
      1753, 1756, 1752, -1,
      1752, 1756, 1757, -1,
      1752, 1757, 1751, -1,
      1751, 1757, 1758, -1,
      1751, 1758, 1750, -1,
      1750, 1758, 1759, -1,
      1750, 1759, 1749, -1,
      1749, 1759, 1760, -1,
      1749, 1760, 1748, -1,
      1748, 1760, 1761, -1,
      1748, 1761, 1747, -1,
      1747, 1761, 1762, -1,
      1747, 1762, 1388, -1,
      1388, 1762, 1387, -1,
      1754, 1583, 1755, -1,
      1755, 1583, 1585, -1,
      1755, 1585, 1756, -1,
      1756, 1585, 1587, -1,
      1756, 1587, 1757, -1,
      1757, 1587, 1589, -1,
      1757, 1589, 1758, -1,
      1758, 1589, 1591, -1,
      1758, 1591, 1759, -1,
      1759, 1591, 1593, -1,
      1759, 1593, 1760, -1,
      1760, 1593, 1595, -1,
      1760, 1595, 1761, -1,
      1761, 1595, 1597, -1,
      1761, 1597, 1762, -1,
      1762, 1597, 1599, -1,
      1762, 1599, 1387, -1,
      1387, 1599, 1386, -1,
      1426, 1384, 1599, -1,
      1599, 1384, 1385, -1,
      1599, 1385, 1386, -1,
      1381, 1380, 1763, -1,
      1763, 1380, 1426, -1,
      1763, 1426, 1764, -1,
      1764, 1426, 1598, -1,
      1764, 1598, 1765, -1,
      1765, 1598, 1596, -1,
      1765, 1596, 1766, -1,
      1766, 1596, 1594, -1,
      1766, 1594, 1767, -1,
      1767, 1594, 1592, -1,
      1767, 1592, 1768, -1,
      1768, 1592, 1590, -1,
      1768, 1590, 1769, -1,
      1769, 1590, 1588, -1,
      1769, 1588, 1450, -1,
      1450, 1588, 1586, -1,
      1450, 1586, 1475, -1,
      1475, 1586, 1584, -1,
      1449, 1600, 1450, -1,
      1450, 1600, 1602, -1,
      1450, 1602, 1769, -1,
      1769, 1602, 1604, -1,
      1769, 1604, 1768, -1,
      1768, 1604, 1606, -1,
      1768, 1606, 1767, -1,
      1767, 1606, 1608, -1,
      1767, 1608, 1766, -1,
      1766, 1608, 1610, -1,
      1766, 1610, 1765, -1,
      1765, 1610, 1612, -1,
      1765, 1612, 1764, -1,
      1764, 1612, 1614, -1,
      1764, 1614, 1763, -1,
      1763, 1614, 1616, -1,
      1763, 1616, 1381, -1,
      1381, 1616, 1382, -1,
      1425, 1378, 1616, -1,
      1616, 1378, 1383, -1,
      1616, 1383, 1382, -1,
      1376, 1379, 1770, -1,
      1770, 1379, 1425, -1,
      1770, 1425, 1771, -1,
      1771, 1425, 1615, -1,
      1771, 1615, 1772, -1,
      1772, 1615, 1613, -1,
      1772, 1613, 1773, -1,
      1773, 1613, 1611, -1,
      1773, 1611, 1774, -1,
      1774, 1611, 1609, -1,
      1774, 1609, 1775, -1,
      1775, 1609, 1607, -1,
      1775, 1607, 1776, -1,
      1776, 1607, 1605, -1,
      1776, 1605, 1447, -1,
      1447, 1605, 1603, -1,
      1447, 1603, 1476, -1,
      1476, 1603, 1601, -1,
      1446, 1777, 1447, -1,
      1447, 1777, 1778, -1,
      1447, 1778, 1776, -1,
      1776, 1778, 1779, -1,
      1776, 1779, 1775, -1,
      1775, 1779, 1780, -1,
      1775, 1780, 1774, -1,
      1774, 1780, 1781, -1,
      1774, 1781, 1773, -1,
      1773, 1781, 1782, -1,
      1773, 1782, 1772, -1,
      1772, 1782, 1783, -1,
      1772, 1783, 1771, -1,
      1771, 1783, 1784, -1,
      1771, 1784, 1770, -1,
      1770, 1784, 1785, -1,
      1770, 1785, 1376, -1,
      1376, 1785, 1377, -1,
      1777, 1617, 1778, -1,
      1778, 1617, 1619, -1,
      1778, 1619, 1779, -1,
      1779, 1619, 1621, -1,
      1779, 1621, 1780, -1,
      1780, 1621, 1623, -1,
      1780, 1623, 1781, -1,
      1781, 1623, 1625, -1,
      1781, 1625, 1782, -1,
      1782, 1625, 1627, -1,
      1782, 1627, 1783, -1,
      1783, 1627, 1629, -1,
      1783, 1629, 1784, -1,
      1784, 1629, 1631, -1,
      1784, 1631, 1785, -1,
      1785, 1631, 1633, -1,
      1785, 1633, 1377, -1,
      1377, 1633, 1374, -1,
      1424, 1372, 1633, -1,
      1633, 1372, 1375, -1,
      1633, 1375, 1374, -1,
      1371, 1373, 1786, -1,
      1786, 1373, 1424, -1,
      1786, 1424, 1787, -1,
      1787, 1424, 1632, -1,
      1787, 1632, 1788, -1,
      1788, 1632, 1630, -1,
      1788, 1630, 1789, -1,
      1789, 1630, 1628, -1,
      1789, 1628, 1790, -1,
      1790, 1628, 1626, -1,
      1790, 1626, 1791, -1,
      1791, 1626, 1624, -1,
      1791, 1624, 1792, -1,
      1792, 1624, 1622, -1,
      1792, 1622, 1444, -1,
      1444, 1622, 1620, -1,
      1444, 1620, 1477, -1,
      1477, 1620, 1618, -1,
      1443, 1634, 1444, -1,
      1444, 1634, 1636, -1,
      1444, 1636, 1792, -1,
      1792, 1636, 1638, -1,
      1792, 1638, 1791, -1,
      1791, 1638, 1640, -1,
      1791, 1640, 1790, -1,
      1790, 1640, 1642, -1,
      1790, 1642, 1789, -1,
      1789, 1642, 1644, -1,
      1789, 1644, 1788, -1,
      1788, 1644, 1646, -1,
      1788, 1646, 1787, -1,
      1787, 1646, 1648, -1,
      1787, 1648, 1786, -1,
      1786, 1648, 1650, -1,
      1786, 1650, 1371, -1,
      1371, 1650, 1370, -1,
      1423, 1368, 1650, -1,
      1650, 1368, 1369, -1,
      1650, 1369, 1370, -1,
      1366, 1367, 1793, -1,
      1793, 1367, 1423, -1,
      1793, 1423, 1794, -1,
      1794, 1423, 1649, -1,
      1794, 1649, 1795, -1,
      1795, 1649, 1647, -1,
      1795, 1647, 1796, -1,
      1796, 1647, 1645, -1,
      1796, 1645, 1797, -1,
      1797, 1645, 1643, -1,
      1797, 1643, 1798, -1,
      1798, 1643, 1641, -1,
      1798, 1641, 1799, -1,
      1799, 1641, 1639, -1,
      1799, 1639, 1441, -1,
      1441, 1639, 1637, -1,
      1441, 1637, 1478, -1,
      1478, 1637, 1635, -1,
      1440, 1800, 1441, -1,
      1441, 1800, 1801, -1,
      1441, 1801, 1799, -1,
      1799, 1801, 1802, -1,
      1799, 1802, 1798, -1,
      1798, 1802, 1803, -1,
      1798, 1803, 1797, -1,
      1797, 1803, 1804, -1,
      1797, 1804, 1796, -1,
      1796, 1804, 1805, -1,
      1796, 1805, 1795, -1,
      1795, 1805, 1806, -1,
      1795, 1806, 1794, -1,
      1794, 1806, 1807, -1,
      1794, 1807, 1793, -1,
      1793, 1807, 1808, -1,
      1793, 1808, 1366, -1,
      1366, 1808, 1365, -1,
      1800, 1651, 1801, -1,
      1801, 1651, 1653, -1,
      1801, 1653, 1802, -1,
      1802, 1653, 1655, -1,
      1802, 1655, 1803, -1,
      1803, 1655, 1657, -1,
      1803, 1657, 1804, -1,
      1804, 1657, 1659, -1,
      1804, 1659, 1805, -1,
      1805, 1659, 1661, -1,
      1805, 1661, 1806, -1,
      1806, 1661, 1663, -1,
      1806, 1663, 1807, -1,
      1807, 1663, 1665, -1,
      1807, 1665, 1808, -1,
      1808, 1665, 1667, -1,
      1808, 1667, 1365, -1,
      1365, 1667, 1364, -1,
      1422, 1362, 1667, -1,
      1667, 1362, 1363, -1,
      1667, 1363, 1364, -1,
      1359, 1358, 1809, -1,
      1809, 1358, 1422, -1,
      1809, 1422, 1810, -1,
      1810, 1422, 1666, -1,
      1810, 1666, 1811, -1,
      1811, 1666, 1664, -1,
      1811, 1664, 1812, -1,
      1812, 1664, 1662, -1,
      1812, 1662, 1813, -1,
      1813, 1662, 1660, -1,
      1813, 1660, 1814, -1,
      1814, 1660, 1658, -1,
      1814, 1658, 1815, -1,
      1815, 1658, 1656, -1,
      1815, 1656, 1438, -1,
      1438, 1656, 1654, -1,
      1438, 1654, 1479, -1,
      1479, 1654, 1652, -1,
      1437, 1668, 1438, -1,
      1438, 1668, 1670, -1,
      1438, 1670, 1815, -1,
      1815, 1670, 1672, -1,
      1815, 1672, 1814, -1,
      1814, 1672, 1674, -1,
      1814, 1674, 1813, -1,
      1813, 1674, 1676, -1,
      1813, 1676, 1812, -1,
      1812, 1676, 1678, -1,
      1812, 1678, 1811, -1,
      1811, 1678, 1680, -1,
      1811, 1680, 1810, -1,
      1810, 1680, 1682, -1,
      1810, 1682, 1809, -1,
      1809, 1682, 1684, -1,
      1809, 1684, 1359, -1,
      1359, 1684, 1360, -1,
      1421, 1356, 1684, -1,
      1684, 1356, 1361, -1,
      1684, 1361, 1360, -1,
      1355, 1357, 1816, -1,
      1816, 1357, 1421, -1,
      1816, 1421, 1817, -1,
      1817, 1421, 1683, -1,
      1817, 1683, 1818, -1,
      1818, 1683, 1681, -1,
      1818, 1681, 1819, -1,
      1819, 1681, 1679, -1,
      1819, 1679, 1820, -1,
      1820, 1679, 1677, -1,
      1820, 1677, 1821, -1,
      1821, 1677, 1675, -1,
      1821, 1675, 1822, -1,
      1822, 1675, 1673, -1,
      1822, 1673, 1435, -1,
      1435, 1673, 1671, -1,
      1435, 1671, 1480, -1,
      1480, 1671, 1669, -1,
      1434, 1685, 1435, -1,
      1435, 1685, 1686, -1,
      1435, 1686, 1822, -1,
      1822, 1686, 1687, -1,
      1822, 1687, 1821, -1,
      1821, 1687, 1688, -1,
      1821, 1688, 1820, -1,
      1820, 1688, 1689, -1,
      1820, 1689, 1819, -1,
      1819, 1689, 1690, -1,
      1819, 1690, 1818, -1,
      1818, 1690, 1691, -1,
      1818, 1691, 1817, -1,
      1817, 1691, 1692, -1,
      1817, 1692, 1816, -1,
      1816, 1692, 1693, -1,
      1816, 1693, 1355, -1,
      1355, 1693, 1418, -1,
      1434, 1823, 1824, -1,
      1669, 1825, 1480, -1,
      1480, 1825, 1823, -1,
      1480, 1823, 1433, -1,
      1433, 1823, 1434, -1,
      1669, 1668, 1825, -1,
      1825, 1668, 1437, -1,
      1825, 1437, 1826, -1,
      1437, 1436, 1826, -1,
      1826, 1436, 1479, -1,
      1826, 1479, 1827, -1,
      1479, 1652, 1827, -1,
      1827, 1652, 1651, -1,
      1827, 1651, 1828, -1,
      1651, 1800, 1828, -1,
      1828, 1800, 1440, -1,
      1828, 1440, 1829, -1,
      1635, 1830, 1478, -1,
      1478, 1830, 1829, -1,
      1478, 1829, 1439, -1,
      1439, 1829, 1440, -1,
      1635, 1634, 1830, -1,
      1830, 1634, 1443, -1,
      1830, 1443, 1831, -1,
      1443, 1442, 1831, -1,
      1831, 1442, 1477, -1,
      1831, 1477, 1832, -1,
      1477, 1618, 1832, -1,
      1832, 1618, 1617, -1,
      1832, 1617, 1833, -1,
      1617, 1777, 1833, -1,
      1833, 1777, 1446, -1,
      1833, 1446, 1834, -1,
      1601, 1835, 1476, -1,
      1476, 1835, 1834, -1,
      1476, 1834, 1445, -1,
      1445, 1834, 1446, -1,
      1601, 1600, 1835, -1,
      1835, 1600, 1449, -1,
      1835, 1449, 1836, -1,
      1449, 1448, 1836, -1,
      1836, 1448, 1475, -1,
      1836, 1475, 1837, -1,
      1475, 1584, 1837, -1,
      1837, 1584, 1583, -1,
      1837, 1583, 1838, -1,
      1583, 1754, 1838, -1,
      1838, 1754, 1452, -1,
      1838, 1452, 1839, -1,
      1567, 1840, 1474, -1,
      1474, 1840, 1839, -1,
      1474, 1839, 1451, -1,
      1451, 1839, 1452, -1,
      1567, 1566, 1840, -1,
      1840, 1566, 1455, -1,
      1840, 1455, 1841, -1,
      1455, 1454, 1841, -1,
      1841, 1454, 1473, -1,
      1841, 1473, 1842, -1,
      1473, 1550, 1842, -1,
      1842, 1550, 1549, -1,
      1842, 1549, 1843, -1,
      1549, 1731, 1843, -1,
      1843, 1731, 1458, -1,
      1843, 1458, 1844, -1,
      1533, 1845, 1472, -1,
      1472, 1845, 1844, -1,
      1472, 1844, 1457, -1,
      1457, 1844, 1458, -1,
      1533, 1532, 1845, -1,
      1845, 1532, 1461, -1,
      1845, 1461, 1846, -1,
      1461, 1460, 1846, -1,
      1846, 1460, 1471, -1,
      1846, 1471, 1847, -1,
      1471, 1516, 1847, -1,
      1847, 1516, 1515, -1,
      1847, 1515, 1848, -1,
      1515, 1708, 1848, -1,
      1848, 1708, 1464, -1,
      1848, 1464, 1849, -1,
      1499, 1850, 1470, -1,
      1470, 1850, 1849, -1,
      1470, 1849, 1463, -1,
      1463, 1849, 1464, -1,
      1499, 1498, 1850, -1,
      1850, 1498, 1467, -1,
      1850, 1467, 1851, -1,
      1467, 1466, 1851, -1,
      1851, 1466, 1469, -1,
      1851, 1469, 1852, -1,
      1469, 1482, 1852, -1,
      1852, 1482, 1481, -1,
      1852, 1481, 1824, -1,
      1824, 1481, 1685, -1,
      1824, 1685, 1434, -1,
      1853, 1826, 1854, -1,
      1854, 1826, 1827, -1,
      1854, 1827, 1855, -1,
      1855, 1827, 1828, -1,
      1855, 1828, 1856, -1,
      1857, 1835, 1858, -1,
      1858, 1835, 1836, -1,
      1858, 1836, 1859, -1,
      1859, 1836, 1837, -1,
      1859, 1837, 1860, -1,
      1860, 1837, 1838, -1,
      1860, 1838, 1861, -1,
      1861, 1838, 1839, -1,
      1861, 1839, 1862, -1,
      1828, 1829, 1856, -1,
      1856, 1829, 1830, -1,
      1856, 1830, 1863, -1,
      1863, 1830, 1831, -1,
      1863, 1831, 1864, -1,
      1864, 1831, 1832, -1,
      1864, 1832, 1865, -1,
      1865, 1832, 1833, -1,
      1865, 1833, 1857, -1,
      1857, 1833, 1834, -1,
      1857, 1834, 1835, -1,
      1866, 1851, 1867, -1,
      1867, 1851, 1852, -1,
      1867, 1852, 1868, -1,
      1868, 1852, 1824, -1,
      1868, 1824, 1869, -1,
      1869, 1824, 1823, -1,
      1869, 1823, 1853, -1,
      1853, 1823, 1825, -1,
      1853, 1825, 1826, -1,
      1870, 1846, 1871, -1,
      1871, 1846, 1847, -1,
      1871, 1847, 1872, -1,
      1872, 1847, 1848, -1,
      1872, 1848, 1873, -1,
      1873, 1848, 1849, -1,
      1873, 1849, 1866, -1,
      1866, 1849, 1850, -1,
      1866, 1850, 1851, -1,
      1839, 1840, 1862, -1,
      1862, 1840, 1841, -1,
      1862, 1841, 1874, -1,
      1874, 1841, 1842, -1,
      1874, 1842, 1875, -1,
      1875, 1842, 1843, -1,
      1875, 1843, 1876, -1,
      1876, 1843, 1844, -1,
      1876, 1844, 1870, -1,
      1870, 1844, 1845, -1,
      1870, 1845, 1846, -1,
      1336, 1868, 1337, -1,
      1337, 1868, 1869, -1,
      1337, 1869, 1332, -1,
      1332, 1869, 1853, -1,
      1332, 1853, 1333, -1,
      1333, 1853, 1854, -1,
      1333, 1854, 1334, -1,
      1334, 1854, 1855, -1,
      1334, 1855, 1344, -1,
      1344, 1855, 1856, -1,
      1344, 1856, 1345, -1,
      1345, 1856, 1863, -1,
      1345, 1863, 1346, -1,
      1346, 1863, 1864, -1,
      1346, 1864, 1321, -1,
      1321, 1864, 1865, -1,
      1321, 1865, 1322, -1,
      1322, 1865, 1857, -1,
      1322, 1857, 1324, -1,
      1324, 1857, 1858, -1,
      1324, 1858, 1338, -1,
      1338, 1858, 1859, -1,
      1338, 1859, 1339, -1,
      1339, 1859, 1860, -1,
      1339, 1860, 1340, -1,
      1340, 1860, 1861, -1,
      1340, 1861, 1341, -1,
      1341, 1861, 1862, -1,
      1341, 1862, 1342, -1,
      1342, 1862, 1874, -1,
      1342, 1874, 1343, -1,
      1343, 1874, 1875, -1,
      1343, 1875, 1328, -1,
      1328, 1875, 1876, -1,
      1328, 1876, 1326, -1,
      1326, 1876, 1870, -1,
      1326, 1870, 1325, -1,
      1325, 1870, 1871, -1,
      1325, 1871, 1329, -1,
      1329, 1871, 1872, -1,
      1329, 1872, 1330, -1,
      1330, 1872, 1873, -1,
      1330, 1873, 1331, -1,
      1331, 1873, 1866, -1,
      1331, 1866, 1335, -1,
      1335, 1866, 1867, -1,
      1335, 1867, 1336, -1,
      1336, 1867, 1868, -1,
      1240, 1241, 1243, -1,
      1243, 1241, 1244, -1,
      1236, 1237, 1242, -1,
      1242, 1237, 1239, -1,
      1877, 1354, 1878, -1,
      1878, 1354, 1353, -1,
      1879, 1351, 1877, -1,
      1877, 1351, 1354, -1,
      1880, 1352, 1879, -1,
      1879, 1352, 1351, -1,
      1878, 1353, 1880, -1,
      1880, 1353, 1352, -1,
      1279, 1280, 1878, -1,
      1878, 1280, 1877, -1,
      1277, 1278, 1879, -1,
      1879, 1278, 1880, -1,
      1277, 1879, 1280, -1,
      1280, 1879, 1877, -1,
      1279, 1878, 1278, -1,
      1278, 1878, 1880, -1,
      1254, 1253, 1881, -1,
      1881, 1253, 1882, -1,
      1881, 815, 813, -1,
      1881, 813, 1254, -1,
      1254, 813, 811, -1,
      1254, 811, 809, -1,
      809, 807, 1254, -1,
      1254, 807, 805, -1,
      1254, 805, 803, -1,
      757, 760, 1253, -1,
      1253, 760, 762, -1,
      1253, 762, 774, -1,
      797, 1882, 781, -1,
      781, 1882, 1253, -1,
      781, 1253, 778, -1,
      778, 1253, 774, -1,
      815, 1881, 816, -1,
      816, 1881, 1882, -1,
      816, 1882, 797, -1,
      1251, 1248, 1883, -1,
      1883, 1248, 1884, -1,
      1883, 696, 719, -1,
      1883, 719, 1251, -1,
      1251, 719, 721, -1,
      1251, 721, 722, -1,
      722, 732, 1251, -1,
      1251, 732, 751, -1,
      1251, 751, 752, -1,
      700, 702, 1248, -1,
      1248, 702, 704, -1,
      1248, 704, 706, -1,
      694, 1884, 710, -1,
      710, 1884, 1248, -1,
      710, 1248, 708, -1,
      708, 1248, 706, -1,
      696, 1883, 694, -1,
      694, 1883, 1884, -1,
    ]
  }
}

Shape {
  appearance Appearance {
    material Material {
      diffuseColor 0.0000 0.0000 0.0000
      specularColor 0.0000 0.0000 0.0000
      ambientIntensity 0.2
      transparency 0.0000
      shininess 0.5
    }
  }
  geometry IndexedFaceSet {
    ccw TRUE
    solid FALSE
    coord DEF co Coordinate {
      point [
        2.000000 0.579050 1.184204,
        2.000000 0.579050 1.132952,
        2.000000 0.622298 1.132952,
        2.000000 0.465061 1.202470,
        2.000000 0.477351 1.203975,
        2.000000 0.506400 1.042117,
        2.000000 0.496122 1.041134,
        2.000000 0.509575 1.203639,
        2.000000 0.526325 1.198776,
        2.000000 0.526325 1.177163,
        2.000000 0.523593 1.047756,
        2.000000 0.492519 1.058488,
        2.000000 0.510622 1.061870,
        2.000000 0.526325 1.068930,
        2.000000 0.526325 1.049117,
        2.000000 0.428294 1.114852,
        2.000000 0.524541 1.178125,
        2.000000 0.508298 1.184306,
        2.000000 0.436033 1.085912,
        2.000000 0.443840 1.075070,
        2.000000 0.446967 1.071976,
        2.000000 0.457424 1.064573,
        2.000000 0.468828 1.060157,
        2.000000 0.484980 1.058204,
        2.000000 0.444945 1.168894,
        2.000000 0.436226 1.156775,
        2.000000 0.455857 1.177900,
        2.000000 0.468450 1.183730,
        2.000000 0.488582 1.186659,
        2.000000 0.482384 1.186412,
        2.000000 0.428121 1.120754,
        2.000000 0.430825 1.143002,
        2.000000 0.430857 1.098826,
        2.000000 0.488378 1.205326,
        2.000000 0.488654 1.205326,
        2.000000 0.505402 1.203975,
        2.000000 0.417939 1.166572,
        2.000000 0.429554 1.181747,
        2.000000 0.433380 1.185407,
        2.000000 0.448352 1.195943,
        2.000000 0.410335 1.148783,
        2.000000 0.413589 1.156394,
        2.000000 0.413589 1.083205,
        2.000000 0.409652 1.093198,
        2.000000 0.406425 1.119526,
        2.000000 0.406706 1.127874,
        2.000000 0.439865 1.050935,
        2.000000 0.426975 1.061643,
        2.000000 0.416213 1.076543,
        2.000000 0.481992 1.039783,
        2.000000 0.472337 1.040239,
        2.000000 0.467984 1.041134,
        2.000000 0.454979 1.043810,
        2.000000 0.622298 1.202624,
        2.000000 0.640862 1.202624,
        2.000000 0.640862 1.184204,
        2.000000 0.579050 1.060743,
        2.000000 0.622298 1.060743,
        2.000000 0.579050 1.114613,
        2.000000 0.622298 1.114613,
        2.000000 0.636318 1.114613,
        2.000000 0.636318 1.132952,
        2.000000 0.622298 1.184204,
        2.000000 0.644505 1.060743,
        2.000000 0.644505 1.042485,
        2.000000 0.622298 1.042485,
        2.000000 0.558377 1.042485,
        2.000000 0.558377 1.202624,
        2.000000 0.746226 1.045856,
        2.000000 0.718803 1.042485,
        2.000000 0.720440 1.202624,
        2.000000 0.674756 1.042485,
        2.000000 0.674756 1.202624,
        2.000000 0.800787 1.095689,
        2.000000 0.792909 1.079120,
        2.000000 0.786521 1.176015,
        2.000000 0.796463 1.162087,
        2.000000 0.780983 1.064918,
        2.000000 0.764439 1.053023,
        2.000000 0.748113 1.046598,
        2.000000 0.780983 1.181420,
        2.000000 0.744883 1.199926,
        2.000000 0.748113 1.198747,
        2.000000 0.764211 1.192868,
        2.000000 0.802420 1.146847,
        2.000000 0.805135 1.124602,
        2.000000 0.804659 1.114444,
        2.000000 0.336098 1.202624,
        2.000000 0.336098 1.060743,
        2.000000 0.399876 1.060743,
        2.000000 0.399876 1.042485,
        2.000000 0.315426 1.042485,
        2.000000 0.315426 1.202624,
        2.000039 0.399876 1.060743,
        2.000039 0.399876 1.042485,
        2.000039 0.336098 1.060743,
        2.000039 0.336098 1.202624,
        2.000039 0.315426 1.202624,
        2.000039 0.315426 1.042485,
        2.000039 0.481992 1.039783,
        2.000039 0.506400 1.042117,
        2.000039 0.523593 1.047756,
        2.000039 0.526325 1.049117,
        2.000039 0.526325 1.068930,
        2.000039 0.510622 1.061870,
        2.000039 0.492519 1.058488,
        2.000039 0.484980 1.058204,
        2.000039 0.468828 1.060157,
        2.000039 0.457424 1.064573,
        2.000039 0.446967 1.071976,
        2.000039 0.443840 1.075070,
        2.000039 0.436033 1.085912,
        2.000039 0.430857 1.098826,
        2.000039 0.428294 1.114852,
        2.000039 0.428121 1.120754,
        2.000039 0.430825 1.143002,
        2.000039 0.436226 1.156775,
        2.000039 0.444945 1.168894,
        2.000039 0.455857 1.177900,
        2.000039 0.468450 1.183730,
        2.000039 0.482384 1.186412,
        2.000039 0.488582 1.186659,
        2.000039 0.508298 1.184306,
        2.000039 0.524541 1.178125,
        2.000039 0.526325 1.177163,
        2.000039 0.526325 1.198776,
        2.000039 0.488378 1.205326,
        2.000039 0.488654 1.205326,
        2.000039 0.509575 1.203639,
        2.000039 0.465061 1.202470,
        2.000039 0.448352 1.195943,
        2.000039 0.433380 1.185407,
        2.000039 0.429554 1.181747,
        2.000039 0.417939 1.166572,
        2.000039 0.410335 1.148783,
        2.000039 0.406706 1.127874,
        2.000039 0.406425 1.119526,
        2.000039 0.426975 1.061643,
        2.000039 0.416213 1.076543,
        2.000039 0.409652 1.093198,
        2.000039 0.472337 1.040239,
        2.000039 0.439865 1.050935,
        2.000039 0.454979 1.043810,
        2.000039 0.644505 1.060743,
        2.000039 0.644505 1.042485,
        2.000039 0.579050 1.060743,
        2.000039 0.579050 1.114613,
        2.000039 0.636318 1.114613,
        2.000039 0.636318 1.132952,
        2.000039 0.579050 1.132952,
        2.000039 0.579050 1.184204,
        2.000039 0.640862 1.184204,
        2.000039 0.640862 1.202624,
        2.000039 0.558377 1.202624,
        2.000039 0.558377 1.042485,
        2.000039 0.774262 1.087341,
        2.000039 0.766288 1.077444,
        2.000039 0.780983 1.064918,
        2.000039 0.763342 1.074770,
        2.000039 0.764439 1.053023,
        2.000039 0.752737 1.067824,
        2.000039 0.746226 1.045856,
        2.000039 0.739044 1.062937,
        2.000039 0.718803 1.042485,
        2.000039 0.718680 1.060743,
        2.000039 0.674756 1.042485,
        2.000039 0.695429 1.060743,
        2.000039 0.674756 1.202624,
        2.000039 0.695429 1.184204,
        2.000039 0.720440 1.202624,
        2.000039 0.719622 1.184204,
        2.000039 0.744883 1.199926,
        2.000039 0.740228 1.181931,
        2.000039 0.764211 1.192868,
        2.000039 0.754121 1.176922,
        2.000039 0.780983 1.181420,
        2.000039 0.765837 1.169139,
        2.000039 0.786521 1.176015,
        2.000039 0.771093 1.163821,
        2.000039 0.796463 1.162087,
        2.000039 0.777106 1.154606,
        2.000039 0.802420 1.146847,
        2.000039 0.781420 1.142484,
        2.000039 0.805135 1.124602,
        2.000039 0.783399 1.124028,
        2.000039 0.804659 1.114444,
        2.000039 0.782872 1.113914,
        2.000039 0.800787 1.095689,
        2.000039 0.779770 1.099236,
        2.000039 0.792909 1.079120,
        2.000000 0.719622 1.184204,
        2.000000 0.695429 1.184204,
        2.000000 0.695429 1.060743,
        2.000000 0.718680 1.060743,
        2.000000 0.766288 1.077444,
        2.000000 0.763342 1.074770,
        2.000000 0.752737 1.067824,
        2.000000 0.739044 1.062937,
        2.000000 0.783399 1.124028,
        2.000000 0.782872 1.113914,
        2.000000 0.779770 1.099236,
        2.000000 0.774262 1.087341,
        2.000000 0.765837 1.169139,
        2.000000 0.771093 1.163821,
        2.000000 0.777106 1.154606,
        2.000000 0.781420 1.142484,
        2.000000 0.740228 1.181931,
        2.000000 0.754121 1.176922,
      ]
    }
    coordIndex [
      93, 94, 89, -1,
      89, 94, 90, -1,
      95, 93, 88, -1,
      88, 93, 89, -1,
      96, 95, 87, -1,
      87, 95, 88, -1,
      97, 96, 92, -1,
      92, 96, 87, -1,
      98, 97, 91, -1,
      91, 97, 92, -1,
      94, 98, 90, -1,
      90, 98, 91, -1,
      96, 97, 95, -1,
      95, 97, 98, -1,
      95, 98, 93, -1,
      93, 98, 94, -1,
      99, 49, 6, -1,
      99, 6, 100, -1,
      6, 5, 100, -1,
      100, 5, 10, -1,
      100, 10, 101, -1,
      101, 10, 14, -1,
      101, 14, 102, -1,
      103, 102, 13, -1,
      13, 102, 14, -1,
      103, 13, 12, -1,
      103, 12, 104, -1,
      104, 12, 11, -1,
      104, 11, 105, -1,
      105, 11, 23, -1,
      105, 23, 106, -1,
      106, 23, 22, -1,
      106, 22, 107, -1,
      107, 22, 21, -1,
      107, 21, 108, -1,
      108, 21, 20, -1,
      108, 20, 109, -1,
      109, 20, 19, -1,
      109, 19, 110, -1,
      110, 19, 18, -1,
      110, 18, 111, -1,
      111, 18, 32, -1,
      111, 32, 112, -1,
      112, 32, 15, -1,
      112, 15, 113, -1,
      113, 15, 30, -1,
      113, 30, 114, -1,
      114, 30, 31, -1,
      114, 31, 115, -1,
      115, 31, 25, -1,
      115, 25, 116, -1,
      116, 25, 24, -1,
      116, 24, 117, -1,
      117, 24, 26, -1,
      117, 26, 118, -1,
      118, 26, 27, -1,
      118, 27, 119, -1,
      119, 27, 29, -1,
      119, 29, 120, -1,
      120, 29, 28, -1,
      120, 28, 121, -1,
      121, 28, 17, -1,
      121, 17, 122, -1,
      122, 17, 16, -1,
      122, 16, 123, -1,
      123, 16, 9, -1,
      123, 9, 124, -1,
      125, 124, 8, -1,
      8, 124, 9, -1,
      33, 126, 127, -1,
      125, 8, 7, -1,
      125, 7, 128, -1,
      128, 7, 35, -1,
      128, 35, 127, -1,
      127, 35, 34, -1,
      127, 34, 33, -1,
      126, 33, 4, -1,
      126, 4, 129, -1,
      4, 3, 129, -1,
      129, 3, 39, -1,
      129, 39, 130, -1,
      130, 39, 38, -1,
      130, 38, 131, -1,
      131, 38, 37, -1,
      131, 37, 132, -1,
      132, 37, 36, -1,
      132, 36, 133, -1,
      133, 36, 41, -1,
      133, 41, 134, -1,
      41, 40, 134, -1,
      134, 40, 45, -1,
      134, 45, 135, -1,
      135, 45, 44, -1,
      135, 44, 136, -1,
      47, 137, 138, -1,
      136, 44, 43, -1,
      136, 43, 139, -1,
      139, 43, 42, -1,
      139, 42, 138, -1,
      138, 42, 48, -1,
      138, 48, 47, -1,
      49, 99, 140, -1,
      137, 47, 46, -1,
      137, 46, 141, -1,
      141, 46, 52, -1,
      141, 52, 142, -1,
      142, 52, 51, -1,
      142, 51, 140, -1,
      140, 51, 50, -1,
      140, 50, 49, -1,
      123, 124, 125, -1,
      118, 131, 117, -1,
      117, 131, 132, -1,
      117, 132, 116, -1,
      116, 132, 133, -1,
      116, 133, 115, -1,
      123, 125, 122, -1,
      122, 125, 128, -1,
      122, 128, 121, -1,
      121, 128, 127, -1,
      121, 127, 120, -1,
      120, 127, 126, -1,
      120, 126, 119, -1,
      119, 126, 129, -1,
      119, 129, 118, -1,
      118, 129, 130, -1,
      118, 130, 131, -1,
      136, 114, 135, -1,
      135, 114, 115, -1,
      135, 115, 134, -1,
      134, 115, 133, -1,
      102, 103, 101, -1,
      101, 103, 104, -1,
      101, 104, 100, -1,
      100, 104, 105, -1,
      100, 105, 99, -1,
      99, 105, 106, -1,
      99, 106, 140, -1,
      140, 106, 107, -1,
      140, 107, 142, -1,
      142, 107, 108, -1,
      142, 108, 141, -1,
      141, 108, 109, -1,
      141, 109, 137, -1,
      137, 109, 110, -1,
      137, 110, 138, -1,
      138, 110, 111, -1,
      138, 111, 139, -1,
      139, 111, 112, -1,
      139, 112, 136, -1,
      136, 112, 113, -1,
      136, 113, 114, -1,
      143, 144, 63, -1,
      63, 144, 64, -1,
      56, 145, 57, -1,
      57, 145, 143, -1,
      57, 143, 63, -1,
      146, 145, 58, -1,
      58, 145, 56, -1,
      60, 147, 59, -1,
      59, 147, 146, -1,
      59, 146, 58, -1,
      148, 147, 61, -1,
      61, 147, 60, -1,
      1, 149, 2, -1,
      2, 149, 148, -1,
      2, 148, 61, -1,
      150, 149, 0, -1,
      0, 149, 1, -1,
      55, 151, 62, -1,
      62, 151, 150, -1,
      62, 150, 0, -1,
      152, 151, 54, -1,
      54, 151, 55, -1,
      67, 153, 53, -1,
      53, 153, 152, -1,
      53, 152, 54, -1,
      154, 153, 66, -1,
      66, 153, 67, -1,
      64, 144, 65, -1,
      65, 144, 154, -1,
      65, 154, 66, -1,
      154, 144, 143, -1,
      143, 145, 154, -1,
      154, 145, 146, -1,
      154, 146, 153, -1,
      151, 152, 150, -1,
      150, 152, 153, -1,
      150, 153, 149, -1,
      149, 153, 146, -1,
      149, 146, 148, -1,
      148, 146, 147, -1,
      155, 156, 157, -1,
      157, 156, 158, -1,
      157, 158, 159, -1,
      159, 158, 160, -1,
      159, 160, 161, -1,
      161, 160, 162, -1,
      161, 162, 163, -1,
      163, 162, 164, -1,
      163, 164, 165, -1,
      165, 164, 166, -1,
      165, 166, 167, -1,
      167, 166, 168, -1,
      167, 168, 169, -1,
      169, 168, 170, -1,
      169, 170, 171, -1,
      171, 170, 172, -1,
      171, 172, 173, -1,
      173, 172, 174, -1,
      173, 174, 175, -1,
      175, 174, 176, -1,
      175, 176, 177, -1,
      177, 176, 178, -1,
      177, 178, 179, -1,
      179, 178, 180, -1,
      179, 180, 181, -1,
      181, 180, 182, -1,
      181, 182, 183, -1,
      183, 182, 184, -1,
      183, 184, 185, -1,
      185, 184, 186, -1,
      185, 186, 187, -1,
      187, 186, 188, -1,
      187, 188, 189, -1,
      189, 188, 155, -1,
      189, 155, 157, -1,
      163, 165, 69, -1,
      69, 165, 71, -1,
      77, 157, 159, -1,
      163, 69, 68, -1,
      163, 68, 161, -1,
      161, 68, 79, -1,
      161, 79, 159, -1,
      159, 79, 78, -1,
      159, 78, 77, -1,
      157, 77, 74, -1,
      157, 74, 189, -1,
      189, 74, 73, -1,
      189, 73, 187, -1,
      187, 73, 86, -1,
      187, 86, 185, -1,
      185, 86, 85, -1,
      185, 85, 183, -1,
      183, 85, 84, -1,
      183, 84, 181, -1,
      181, 84, 76, -1,
      181, 76, 179, -1,
      179, 76, 75, -1,
      179, 75, 177, -1,
      177, 75, 80, -1,
      177, 80, 175, -1,
      70, 169, 171, -1,
      175, 80, 83, -1,
      175, 83, 173, -1,
      173, 83, 82, -1,
      173, 82, 171, -1,
      171, 82, 81, -1,
      171, 81, 70, -1,
      167, 169, 72, -1,
      72, 169, 70, -1,
      165, 167, 71, -1,
      71, 167, 72, -1,
      170, 168, 190, -1,
      190, 168, 191, -1,
      168, 166, 191, -1,
      191, 166, 192, -1,
      166, 164, 192, -1,
      192, 164, 193, -1,
      156, 194, 195, -1,
      156, 195, 158, -1,
      158, 195, 196, -1,
      158, 196, 160, -1,
      160, 196, 197, -1,
      160, 197, 162, -1,
      162, 197, 193, -1,
      162, 193, 164, -1,
      184, 198, 199, -1,
      184, 199, 186, -1,
      186, 199, 200, -1,
      186, 200, 188, -1,
      188, 200, 201, -1,
      188, 201, 155, -1,
      155, 201, 194, -1,
      155, 194, 156, -1,
      176, 202, 203, -1,
      176, 203, 178, -1,
      178, 203, 204, -1,
      178, 204, 180, -1,
      180, 204, 205, -1,
      180, 205, 182, -1,
      182, 205, 198, -1,
      182, 198, 184, -1,
      170, 190, 206, -1,
      170, 206, 172, -1,
      172, 206, 207, -1,
      172, 207, 174, -1,
      174, 207, 202, -1,
      174, 202, 176, -1,
    ]
  }
}

Shape {
  appearance Appearance {
    material Material {
      diffuseColor 0.1529 1.0000 0.7804
      specularColor 0.0784 0.5020 0.3882
      ambientIntensity 0.2
      transparency 0.0000
      shininess 0.5
    }
  }
  geometry IndexedFaceSet {
    ccw TRUE
    solid FALSE
    coord DEF co Coordinate {
      point [
        2.000000 0.719622 1.184204,
        2.000000 0.695429 1.184204,
        2.000000 0.695429 1.060743,
        2.000000 0.718680 1.060743,
        2.000000 0.766288 1.077444,
        2.000000 0.763342 1.074770,
        2.000000 0.752737 1.067824,
        2.000000 0.739044 1.062937,
        2.000000 0.783399 1.124028,
        2.000000 0.782872 1.113914,
        2.000000 0.779770 1.099236,
        2.000000 0.774262 1.087341,
        2.000000 0.765837 1.169139,
        2.000000 0.771093 1.163821,
        2.000000 0.777106 1.154606,
        2.000000 0.781420 1.142484,
        2.000000 0.740228 1.181931,
        2.000000 0.754121 1.176922,
      ]
    }
    coordIndex [
      1, 2, 0, -1,
      0, 2, 3, -1,
      0, 3, 7, -1,
      7, 6, 0, -1,
      0, 6, 5, -1,
      0, 5, 4, -1,
      4, 11, 0, -1,
      0, 11, 10, -1,
      0, 10, 9, -1,
      9, 8, 0, -1,
      0, 8, 15, -1,
      0, 15, 14, -1,
      14, 13, 0, -1,
      0, 13, 12, -1,
      0, 12, 16, -1,
      16, 12, 17, -1,
    ]
  }
}

Shape {
  appearance Appearance {
    material Material {
      diffuseColor 0.0000 0.0000 0.0000
      specularColor 0.0000 0.0000 0.0000
      ambientIntensity 0.2
      transparency 0.0000
      shininess 0.5
    }
  }
  geometry IndexedFaceSet {
    ccw TRUE
    solid FALSE
    coord DEF co Coordinate {
      point [
        2.000000 0.918936 1.086286,
        2.000000 0.860173 1.086286,
        2.000000 0.935269 1.042485,
        2.000000 0.958111 1.042485,
        2.000000 0.897117 1.202624,
        2.000000 0.852252 1.086286,
        2.000000 0.836860 1.042485,
        2.000000 0.814019 1.042485,
        2.000000 0.860173 1.163664,
        2.000000 0.875012 1.202624,
        2.000039 0.858802 1.104380,
        2.000039 0.852252 1.086286,
        2.000039 0.912550 1.104380,
        2.000039 0.918936 1.086286,
        2.000039 0.882749 1.170940,
        2.000039 0.875012 1.202624,
        2.000039 0.814019 1.042485,
        2.000039 0.836860 1.042485,
        2.000039 0.884135 1.175720,
        2.000039 0.885369 1.182157,
        2.000039 0.897117 1.202624,
        2.000039 0.885860 1.182157,
        2.000039 0.887155 1.175382,
        2.000039 0.888357 1.170940,
        2.000039 0.958111 1.042485,
        2.000039 0.935269 1.042485,
        2.000000 0.858802 1.104380,
        2.000000 0.912550 1.104380,
        2.000000 0.888357 1.170940,
        2.000000 0.885860 1.182157,
        2.000000 0.887155 1.175382,
        2.000000 0.885369 1.182157,
        2.000000 0.882749 1.170940,
        2.000000 0.884135 1.175720,
      ]
    }
    coordIndex [
      10, 11, 12, -1,
      12, 11, 13, -1,
      14, 15, 10, -1,
      10, 15, 16, -1,
      10, 16, 11, -1,
      11, 16, 17, -1,
      14, 18, 15, -1,
      15, 18, 19, -1,
      15, 19, 20, -1,
      20, 19, 21, -1,
      20, 21, 22, -1,
      22, 23, 20, -1,
      20, 23, 12, -1,
      20, 12, 24, -1,
      24, 12, 13, -1,
      24, 13, 25, -1,
      20, 24, 4, -1,
      4, 24, 3, -1,
      15, 20, 9, -1,
      9, 20, 4, -1,
      7, 16, 8, -1,
      8, 16, 15, -1,
      8, 15, 9, -1,
      17, 16, 6, -1,
      6, 16, 7, -1,
      11, 17, 5, -1,
      5, 17, 6, -1,
      0, 13, 1, -1,
      1, 13, 11, -1,
      1, 11, 5, -1,
      25, 13, 2, -1,
      2, 13, 0, -1,
      24, 25, 3, -1,
      3, 25, 2, -1,
      10, 12, 26, -1,
      26, 12, 27, -1,
      12, 23, 27, -1,
      27, 23, 28, -1,
      21, 29, 30, -1,
      21, 30, 22, -1,
      22, 30, 28, -1,
      22, 28, 23, -1,
      21, 19, 29, -1,
      29, 19, 31, -1,
      14, 32, 33, -1,
      14, 33, 18, -1,
      18, 33, 31, -1,
      18, 31, 19, -1,
      14, 10, 32, -1,
      32, 10, 26, -1,
    ]
  }
}

Shape {
  appearance Appearance {
    material Material {
      diffuseColor 0.1529 1.0000 0.7804
      specularColor 0.0784 0.5020 0.3882
      ambientIntensity 0.2
      transparency 0.0000
      shininess 0.5
    }
  }
  geometry IndexedFaceSet {
    ccw TRUE
    solid FALSE
    coord DEF co Coordinate {
      point [
        2.000000 0.858802 1.104380,
        2.000000 0.912550 1.104380,
        2.000000 0.888357 1.170940,
        2.000000 0.885860 1.182157,
        2.000000 0.887155 1.175382,
        2.000000 0.885369 1.182157,
        2.000000 0.882749 1.170940,
        2.000000 0.884135 1.175720,
      ]
    }
    coordIndex [
      3, 5, 4, -1,
      4, 5, 7, -1,
      4, 7, 2, -1,
      2, 7, 6, -1,
      2, 6, 1, -1,
      1, 6, 0, -1,
    ]
  }
}

Shape {
  appearance Appearance {
    material Material {
      diffuseColor 0.0000 0.0000 0.0000
      specularColor 0.0000 0.0000 0.0000
      ambientIntensity 0.2
      transparency 0.0000
      shininess 0.5
    }
  }
  geometry IndexedFaceSet {
    ccw TRUE
    solid FALSE
    coord DEF co Coordinate {
      point [
        2.000000 0.475182 0.789666,
        2.000000 0.467823 0.787089,
        2.000000 0.492594 0.788441,
        2.000000 0.428817 0.842923,
        2.000000 0.431928 0.875305,
        2.000000 0.424817 0.837173,
        2.000000 0.422075 0.830094,
        2.000000 0.482495 0.794456,
        2.000000 0.444845 0.787178,
        2.000000 0.437186 0.790108,
        2.000000 0.424276 0.802965,
        2.000000 0.421806 0.809694,
        2.000000 0.476315 0.888407,
        2.000000 0.469425 0.889141,
        2.000000 0.458700 0.856393,
        2.000000 0.450853 0.902934,
        2.000000 0.435958 0.897130,
        2.000000 0.431928 0.894791,
        2.000000 0.434952 0.848256,
        2.000000 0.443480 0.852636,
        2.000000 0.445823 0.884030,
        2.000000 0.458389 0.888086,
        2.000000 0.430577 0.794744,
        2.000000 0.428477 0.796857,
        2.000000 0.492594 0.806124,
        2.000000 0.492062 0.806124,
        2.000000 0.488845 0.801244,
        2.000000 0.498376 0.898067,
        2.000000 0.503750 0.892985,
        2.000000 0.420752 0.819060,
        2.000000 0.420806 0.821423,
        2.000000 0.492594 0.861142,
        2.000000 0.491919 0.869878,
        2.000000 0.489857 0.877074,
        2.000000 0.487509 0.881224,
        2.000000 0.507874 0.886549,
        2.000000 0.511039 0.877506,
        2.000000 0.471308 0.905433,
        2.000000 0.483175 0.904385,
        2.000000 0.491683 0.901846,
        2.000000 0.484489 0.884463,
        2.000000 0.480942 0.886770,
        2.000000 0.512652 0.862042,
        2.000000 0.466984 0.786796,
        2.000000 0.445551 0.787089,
        2.000000 0.456359 0.785742,
        2.000000 0.457021 0.785739,
        2.000000 0.512652 0.788441,
        2.000000 0.397911 0.930159,
        2.000000 0.401554 0.806698,
        2.000000 0.401554 0.788441,
        2.000000 0.315426 0.788441,
        2.000000 0.336098 0.860569,
        2.000000 0.336098 0.806698,
        2.000000 0.393367 0.860569,
        2.000000 0.393367 0.878907,
        2.000000 0.336098 0.878907,
        2.000000 0.336098 0.930159,
        2.000000 0.315426 0.948580,
        2.000000 0.397911 0.948580,
        2.000039 0.401554 0.806698,
        2.000039 0.401554 0.788441,
        2.000039 0.336098 0.806698,
        2.000039 0.336098 0.860569,
        2.000039 0.393367 0.860569,
        2.000039 0.393367 0.878907,
        2.000039 0.336098 0.878907,
        2.000039 0.336098 0.930159,
        2.000039 0.397911 0.930159,
        2.000039 0.397911 0.948580,
        2.000039 0.315426 0.948580,
        2.000039 0.315426 0.788441,
        2.000039 0.512652 0.862042,
        2.000039 0.492594 0.845832,
        2.000039 0.492594 0.834861,
        2.000039 0.492062 0.806124,
        2.000039 0.492594 0.806124,
        2.000039 0.491479 0.825326,
        2.000039 0.492594 0.788441,
        2.000039 0.512652 0.788441,
        2.000039 0.441267 0.823881,
        2.000039 0.442257 0.828475,
        2.000039 0.424817 0.837173,
        2.000039 0.445205 0.809067,
        2.000039 0.430577 0.794744,
        2.000039 0.446910 0.807352,
        2.000039 0.437186 0.790108,
        2.000039 0.450907 0.804623,
        2.000039 0.444845 0.787178,
        2.000039 0.455445 0.802958,
        2.000039 0.428817 0.842923,
        2.000039 0.444018 0.832216,
        2.000039 0.434952 0.848256,
        2.000039 0.446419 0.835189,
        2.000039 0.443480 0.852636,
        2.000039 0.456359 0.785742,
        2.000039 0.457021 0.785739,
        2.000039 0.462220 0.802195,
        2.000039 0.466984 0.786796,
        2.000039 0.470518 0.803233,
        2.000039 0.475182 0.789666,
        2.000039 0.476492 0.805599,
        2.000039 0.482495 0.794456,
        2.000039 0.482042 0.809569,
        2.000039 0.488845 0.801244,
        2.000039 0.483998 0.811528,
        2.000039 0.488699 0.818074,
        2.000039 0.448995 0.837172,
        2.000039 0.453722 0.839428,
        2.000039 0.458700 0.856393,
        2.000039 0.465822 0.842230,
        2.000039 0.492594 0.861142,
        2.000039 0.422075 0.830094,
        2.000039 0.420806 0.821423,
        2.000039 0.441097 0.820698,
        2.000039 0.420752 0.819060,
        2.000039 0.441607 0.816093,
        2.000039 0.421806 0.809694,
        2.000039 0.442925 0.812448,
        2.000039 0.424276 0.802965,
        2.000039 0.428477 0.796857,
        2.000039 0.431928 0.894791,
        2.000039 0.431928 0.875305,
        2.000039 0.435958 0.897130,
        2.000039 0.445823 0.884030,
        2.000039 0.450853 0.902934,
        2.000039 0.458389 0.888086,
        2.000039 0.471308 0.905433,
        2.000039 0.469425 0.889141,
        2.000039 0.483175 0.904385,
        2.000039 0.476315 0.888407,
        2.000039 0.491683 0.901846,
        2.000039 0.480942 0.886770,
        2.000039 0.498376 0.898067,
        2.000039 0.484489 0.884463,
        2.000039 0.503750 0.892985,
        2.000039 0.487509 0.881224,
        2.000039 0.507874 0.886549,
        2.000039 0.489857 0.877074,
        2.000039 0.511039 0.877506,
        2.000039 0.491919 0.869878,
        2.000000 0.446419 0.835189,
        2.000000 0.448995 0.837172,
        2.000000 0.453722 0.839428,
        2.000000 0.465822 0.842230,
        2.000000 0.441097 0.820698,
        2.000000 0.441267 0.823881,
        2.000000 0.442257 0.828475,
        2.000000 0.444018 0.832216,
        2.000000 0.446910 0.807352,
        2.000000 0.445205 0.809067,
        2.000000 0.442925 0.812448,
        2.000000 0.441607 0.816093,
        2.000000 0.462220 0.802195,
        2.000000 0.455445 0.802958,
        2.000000 0.450907 0.804623,
        2.000000 0.483998 0.811528,
        2.000000 0.482042 0.809569,
        2.000000 0.476492 0.805599,
        2.000000 0.470518 0.803233,
        2.000000 0.492594 0.834861,
        2.000000 0.491479 0.825326,
        2.000000 0.488699 0.818074,
        2.000000 0.492594 0.845832,
      ]
    }
    coordIndex [
      60, 61, 49, -1,
      49, 61, 50, -1,
      62, 60, 53, -1,
      53, 60, 49, -1,
      63, 62, 52, -1,
      52, 62, 53, -1,
      64, 63, 54, -1,
      54, 63, 52, -1,
      65, 64, 55, -1,
      55, 64, 54, -1,
      66, 65, 56, -1,
      56, 65, 55, -1,
      67, 66, 57, -1,
      57, 66, 56, -1,
      68, 67, 48, -1,
      48, 67, 57, -1,
      69, 68, 59, -1,
      59, 68, 48, -1,
      70, 69, 58, -1,
      58, 69, 59, -1,
      71, 70, 51, -1,
      51, 70, 58, -1,
      61, 71, 50, -1,
      50, 71, 51, -1,
      71, 61, 60, -1,
      60, 62, 71, -1,
      71, 62, 63, -1,
      71, 63, 70, -1,
      68, 69, 67, -1,
      67, 69, 70, -1,
      67, 70, 66, -1,
      66, 70, 63, -1,
      66, 63, 65, -1,
      65, 63, 64, -1,
      72, 73, 74, -1,
      75, 76, 77, -1,
      78, 79, 76, -1,
      76, 79, 72, -1,
      76, 72, 77, -1,
      77, 72, 74, -1,
      80, 81, 82, -1,
      83, 84, 85, -1,
      85, 84, 86, -1,
      85, 86, 87, -1,
      87, 86, 88, -1,
      87, 88, 89, -1,
      82, 81, 90, -1,
      90, 81, 91, -1,
      90, 91, 92, -1,
      92, 91, 93, -1,
      92, 93, 94, -1,
      88, 95, 89, -1,
      89, 95, 96, -1,
      89, 96, 97, -1,
      97, 96, 98, -1,
      97, 98, 99, -1,
      99, 98, 100, -1,
      99, 100, 101, -1,
      101, 100, 102, -1,
      101, 102, 103, -1,
      103, 102, 104, -1,
      103, 104, 105, -1,
      105, 104, 75, -1,
      105, 75, 106, -1,
      106, 75, 77, -1,
      93, 107, 94, -1,
      94, 107, 108, -1,
      94, 108, 109, -1,
      109, 108, 110, -1,
      109, 110, 111, -1,
      82, 112, 80, -1,
      80, 112, 113, -1,
      80, 113, 114, -1,
      114, 113, 115, -1,
      114, 115, 116, -1,
      116, 115, 117, -1,
      116, 117, 118, -1,
      118, 117, 119, -1,
      118, 119, 83, -1,
      83, 119, 120, -1,
      83, 120, 84, -1,
      121, 122, 123, -1,
      123, 122, 124, -1,
      123, 124, 125, -1,
      125, 124, 126, -1,
      125, 126, 127, -1,
      127, 126, 128, -1,
      127, 128, 129, -1,
      129, 128, 130, -1,
      129, 130, 131, -1,
      131, 130, 132, -1,
      131, 132, 133, -1,
      133, 132, 134, -1,
      133, 134, 135, -1,
      135, 134, 136, -1,
      135, 136, 137, -1,
      137, 136, 138, -1,
      137, 138, 139, -1,
      139, 138, 140, -1,
      139, 140, 72, -1,
      72, 140, 111, -1,
      72, 111, 73, -1,
      73, 111, 110, -1,
      127, 37, 15, -1,
      127, 15, 125, -1,
      125, 15, 16, -1,
      125, 16, 123, -1,
      123, 16, 17, -1,
      123, 17, 121, -1,
      122, 121, 4, -1,
      4, 121, 17, -1,
      122, 4, 20, -1,
      122, 20, 124, -1,
      124, 20, 21, -1,
      124, 21, 126, -1,
      126, 21, 13, -1,
      126, 13, 128, -1,
      128, 13, 12, -1,
      128, 12, 130, -1,
      130, 12, 41, -1,
      130, 41, 132, -1,
      132, 41, 40, -1,
      132, 40, 134, -1,
      134, 40, 34, -1,
      134, 34, 136, -1,
      136, 34, 33, -1,
      136, 33, 138, -1,
      138, 33, 32, -1,
      138, 32, 140, -1,
      140, 32, 31, -1,
      140, 31, 111, -1,
      109, 111, 14, -1,
      14, 111, 31, -1,
      109, 14, 19, -1,
      109, 19, 94, -1,
      94, 19, 18, -1,
      94, 18, 92, -1,
      92, 18, 3, -1,
      92, 3, 90, -1,
      90, 3, 5, -1,
      90, 5, 82, -1,
      82, 5, 6, -1,
      82, 6, 112, -1,
      112, 6, 30, -1,
      112, 30, 113, -1,
      113, 30, 29, -1,
      113, 29, 115, -1,
      115, 29, 11, -1,
      115, 11, 117, -1,
      117, 11, 10, -1,
      117, 10, 119, -1,
      119, 10, 23, -1,
      119, 23, 120, -1,
      120, 23, 22, -1,
      120, 22, 84, -1,
      46, 96, 95, -1,
      84, 22, 9, -1,
      84, 9, 86, -1,
      86, 9, 8, -1,
      86, 8, 88, -1,
      88, 8, 44, -1,
      88, 44, 95, -1,
      95, 44, 45, -1,
      95, 45, 46, -1,
      96, 46, 43, -1,
      96, 43, 98, -1,
      98, 43, 1, -1,
      98, 1, 100, -1,
      1, 0, 100, -1,
      100, 0, 7, -1,
      100, 7, 102, -1,
      102, 7, 26, -1,
      102, 26, 104, -1,
      104, 26, 25, -1,
      104, 25, 75, -1,
      76, 75, 24, -1,
      24, 75, 25, -1,
      78, 76, 2, -1,
      2, 76, 24, -1,
      79, 78, 47, -1,
      47, 78, 2, -1,
      72, 79, 42, -1,
      42, 79, 47, -1,
      72, 42, 36, -1,
      72, 36, 139, -1,
      139, 36, 35, -1,
      139, 35, 137, -1,
      137, 35, 28, -1,
      137, 28, 135, -1,
      135, 28, 27, -1,
      135, 27, 133, -1,
      133, 27, 39, -1,
      133, 39, 131, -1,
      131, 39, 38, -1,
      131, 38, 129, -1,
      129, 38, 37, -1,
      129, 37, 127, -1,
      93, 141, 142, -1,
      93, 142, 107, -1,
      107, 142, 143, -1,
      107, 143, 108, -1,
      108, 143, 144, -1,
      108, 144, 110, -1,
      114, 145, 146, -1,
      114, 146, 80, -1,
      80, 146, 147, -1,
      80, 147, 81, -1,
      81, 147, 148, -1,
      81, 148, 91, -1,
      91, 148, 141, -1,
      91, 141, 93, -1,
      85, 149, 150, -1,
      85, 150, 83, -1,
      83, 150, 151, -1,
      83, 151, 118, -1,
      118, 151, 152, -1,
      118, 152, 116, -1,
      116, 152, 145, -1,
      116, 145, 114, -1,
      97, 153, 154, -1,
      97, 154, 89, -1,
      89, 154, 155, -1,
      89, 155, 87, -1,
      87, 155, 149, -1,
      87, 149, 85, -1,
      105, 156, 157, -1,
      105, 157, 103, -1,
      103, 157, 158, -1,
      103, 158, 101, -1,
      101, 158, 159, -1,
      101, 159, 99, -1,
      99, 159, 153, -1,
      99, 153, 97, -1,
      74, 160, 161, -1,
      74, 161, 77, -1,
      77, 161, 162, -1,
      77, 162, 106, -1,
      106, 162, 156, -1,
      106, 156, 105, -1,
      74, 73, 160, -1,
      160, 73, 163, -1,
      73, 110, 163, -1,
      163, 110, 144, -1,
    ]
  }
}

Shape {
  appearance Appearance {
    material Material {
      diffuseColor 0.1529 1.0000 0.7804
      specularColor 0.0784 0.5020 0.3882
      ambientIntensity 0.2
      transparency 0.0000
      shininess 0.5
    }
  }
  geometry IndexedFaceSet {
    ccw TRUE
    solid FALSE
    coord DEF co Coordinate {
      point [
        2.000000 0.446419 0.835189,
        2.000000 0.448995 0.837172,
        2.000000 0.453722 0.839428,
        2.000000 0.465822 0.842230,
        2.000000 0.441097 0.820698,
        2.000000 0.441267 0.823881,
        2.000000 0.442257 0.828475,
        2.000000 0.444018 0.832216,
        2.000000 0.446910 0.807352,
        2.000000 0.445205 0.809067,
        2.000000 0.442925 0.812448,
        2.000000 0.441607 0.816093,
        2.000000 0.462220 0.802195,
        2.000000 0.455445 0.802958,
        2.000000 0.450907 0.804623,
        2.000000 0.483998 0.811528,
        2.000000 0.482042 0.809569,
        2.000000 0.476492 0.805599,
        2.000000 0.470518 0.803233,
        2.000000 0.492594 0.834861,
        2.000000 0.491479 0.825326,
        2.000000 0.488699 0.818074,
        2.000000 0.492594 0.845832,
      ]
    }
    coordIndex [
      19, 22, 3, -1,
      16, 15, 3, -1,
      2, 1, 18, -1,
      2, 18, 3, -1,
      3, 18, 17, -1,
      3, 17, 16, -1,
      15, 21, 3, -1,
      3, 21, 20, -1,
      3, 20, 19, -1,
      1, 0, 18, -1,
      18, 0, 7, -1,
      18, 7, 6, -1,
      6, 5, 18, -1,
      18, 5, 4, -1,
      18, 4, 11, -1,
      14, 13, 8, -1,
      8, 13, 12, -1,
      8, 12, 18, -1,
      11, 10, 18, -1,
      18, 10, 9, -1,
      18, 9, 8, -1,
    ]
  }
}

Shape {
  appearance Appearance {
    material Material {
      diffuseColor 0.0000 0.0000 0.0000
      specularColor 0.0000 0.0000 0.0000
      ambientIntensity 0.2
      transparency 0.0000
      shininess 0.5
    }
  }
  geometry IndexedFaceSet {
    ccw TRUE
    solid FALSE
    coord DEF co Coordinate {
      point [
        2.000000 0.779592 0.930159,
        2.000000 0.779592 0.878907,
        2.000000 0.809577 0.878907,
        2.000000 0.589106 0.787924,
        2.000000 0.582138 0.787089,
        2.000000 0.875298 0.788441,
        2.000000 0.875298 0.948580,
        2.000000 0.919345 0.788441,
        2.000000 0.993451 0.825076,
        2.000000 0.981526 0.810873,
        2.000000 0.964981 0.798978,
        2.000000 0.946769 0.791811,
        2.000000 0.981526 0.927375,
        2.000000 0.987063 0.921970,
        2.000000 0.997005 0.908042,
        2.000000 1.002962 0.892802,
        2.000000 0.920983 0.948580,
        2.000000 0.945425 0.945881,
        2.000000 0.964753 0.938823,
        2.000000 1.005678 0.870557,
        2.000000 1.005201 0.860399,
        2.000000 1.001329 0.841644,
        2.000000 0.716511 0.902814,
        2.000000 0.737306 0.902814,
        2.000000 0.679832 0.816850,
        2.000000 0.682289 0.807434,
        2.000000 0.682820 0.807434,
        2.000000 0.659631 0.874964,
        2.000000 0.685277 0.816686,
        2.000000 0.683742 0.811354,
        2.000000 0.659631 0.821123,
        2.000000 0.627517 0.902814,
        2.000000 0.649950 0.902814,
        2.000000 0.672382 0.788686,
        2.000000 0.671706 0.787089,
        2.000000 0.663581 0.767891,
        2.000000 0.631652 0.736207,
        2.000000 0.631652 0.754055,
        2.000000 0.643031 0.751762,
        2.000000 0.646870 0.752098,
        2.000000 0.651284 0.753477,
        2.000000 0.655041 0.755774,
        2.000000 0.659631 0.738188,
        2.000000 0.653127 0.735609,
        2.000000 0.644587 0.734570,
        2.000000 0.640159 0.734728,
        2.000000 0.659087 0.759919,
        2.000000 0.659631 0.760883,
        2.000000 0.685400 0.771166,
        2.000000 0.676206 0.753316,
        2.000000 0.667956 0.743719,
        2.000000 0.660999 0.738731,
        2.000000 0.548928 0.850423,
        2.000000 0.539833 0.813165,
        2.000000 0.549105 0.850306,
        2.000000 0.547046 0.808648,
        2.000000 0.549105 0.807843,
        2.000000 0.542845 0.885007,
        2.000000 0.540617 0.878531,
        2.000000 0.545646 0.853855,
        2.000000 0.543348 0.857425,
        2.000000 0.541001 0.863428,
        2.000000 0.539956 0.871948,
        2.000000 0.546404 0.890461,
        2.000000 0.539833 0.792452,
        2.000000 0.549105 0.789191,
        2.000000 0.553886 0.787509,
        2.000000 0.557911 0.787089,
        2.000000 0.570863 0.785739,
        2.000000 0.635755 0.752710,
        2.000000 0.613747 0.833630,
        2.000000 0.616042 0.827847,
        2.000000 0.611593 0.880872,
        2.000000 0.610365 0.838463,
        2.000000 0.549105 0.892943,
        2.000000 0.552810 0.896346,
        2.000000 0.557677 0.899341,
        2.000000 0.568411 0.903499,
        2.000000 0.584494 0.905433,
        2.000000 0.617078 0.819551,
        2.000000 0.616292 0.812191,
        2.000000 0.614004 0.805790,
        2.000000 0.610443 0.800442,
        2.000000 0.604184 0.794826,
        2.000000 0.599625 0.792014,
        2.000000 0.598565 0.904185,
        2.000000 0.611593 0.900357,
        2.000000 0.582529 0.889141,
        2.000000 0.576592 0.888696,
        2.000000 0.560629 0.873750,
        2.000000 0.571226 0.887276,
        2.000000 0.566728 0.884884,
        2.000000 0.560811 0.871081,
        2.000000 0.561607 0.867966,
        2.000000 0.563052 0.865259,
        2.000000 0.565009 0.863107,
        2.000000 0.572080 0.858685,
        2.000000 0.596549 0.887435,
        2.000000 0.584494 0.853282,
        2.000000 0.607897 0.883037,
        2.000000 0.592261 0.850139,
        2.000000 0.605582 0.842731,
        2.000000 0.563702 0.882209,
        2.000000 0.561982 0.879657,
        2.000000 0.560992 0.876949,
        2.000000 0.559591 0.803746,
        2.000000 0.570330 0.838709,
        2.000000 0.558374 0.844189,
        2.000000 0.572828 0.802113,
        2.000000 0.573713 0.802119,
        2.000000 0.583501 0.833193,
        2.000000 0.583996 0.803271,
        2.000000 0.596488 0.817586,
        2.000000 0.596292 0.820081,
        2.000000 0.589171 0.805165,
        2.000000 0.591000 0.806275,
        2.000000 0.593302 0.808318,
        2.000000 0.595053 0.810907,
        2.000000 0.596072 0.813760,
        2.000000 0.595380 0.823214,
        2.000000 0.593830 0.825873,
        2.000000 0.591330 0.828475,
        2.000000 0.841404 0.948580,
        2.000000 0.841404 0.930159,
        2.000000 0.845047 0.806698,
        2.000000 0.845047 0.788441,
        2.000000 0.779592 0.806698,
        2.000000 0.809577 0.806698,
        2.000000 0.779592 0.860569,
        2.000000 0.809577 0.860569,
        2.000000 0.836860 0.860569,
        2.000000 0.836860 0.878907,
        2.000000 0.809577 0.930159,
        2.000000 0.809577 0.788441,
        2.000000 0.758919 0.788441,
        2.000000 0.758919 0.948580,
        2.000000 0.809577 0.948580,
        2.000000 0.691678 0.787089,
        2.000039 0.539833 0.813165,
        2.000039 0.547046 0.808648,
        2.000039 0.572828 0.802113,
        2.000039 0.559591 0.803746,
        2.000039 0.539833 0.792452,
        2.000039 0.553886 0.787509,
        2.000039 0.570863 0.785739,
        2.000039 0.589106 0.787924,
        2.000039 0.599625 0.792014,
        2.000039 0.604184 0.794826,
        2.000039 0.610443 0.800442,
        2.000039 0.614004 0.805790,
        2.000039 0.616292 0.812191,
        2.000039 0.617078 0.819551,
        2.000039 0.616042 0.827847,
        2.000039 0.613747 0.833630,
        2.000039 0.610365 0.838463,
        2.000039 0.605582 0.842731,
        2.000039 0.592261 0.850139,
        2.000039 0.584494 0.853282,
        2.000039 0.572080 0.858685,
        2.000039 0.565009 0.863107,
        2.000039 0.563052 0.865259,
        2.000039 0.561607 0.867966,
        2.000039 0.560811 0.871081,
        2.000039 0.560629 0.873750,
        2.000039 0.560992 0.876949,
        2.000039 0.561982 0.879657,
        2.000039 0.563702 0.882209,
        2.000039 0.566728 0.884884,
        2.000039 0.571226 0.887276,
        2.000039 0.576592 0.888696,
        2.000039 0.582529 0.889141,
        2.000039 0.596549 0.887435,
        2.000039 0.607897 0.883037,
        2.000039 0.611593 0.880872,
        2.000039 0.611593 0.900357,
        2.000039 0.598565 0.904185,
        2.000039 0.584494 0.905433,
        2.000039 0.568411 0.903499,
        2.000039 0.557677 0.899341,
        2.000039 0.552810 0.896346,
        2.000039 0.546404 0.890461,
        2.000039 0.542845 0.885007,
        2.000039 0.540617 0.878531,
        2.000039 0.539956 0.871948,
        2.000039 0.541001 0.863428,
        2.000039 0.543348 0.857425,
        2.000039 0.545646 0.853855,
        2.000039 0.570330 0.838709,
        2.000039 0.558374 0.844189,
        2.000039 0.548928 0.850423,
        2.000039 0.583501 0.833193,
        2.000039 0.591330 0.828475,
        2.000039 0.593830 0.825873,
        2.000039 0.595380 0.823214,
        2.000039 0.596292 0.820081,
        2.000039 0.596488 0.817586,
        2.000039 0.596072 0.813760,
        2.000039 0.595053 0.810907,
        2.000039 0.593302 0.808318,
        2.000039 0.591000 0.806275,
        2.000039 0.589171 0.805165,
        2.000039 0.583996 0.803271,
        2.000039 0.573713 0.802119,
        2.000039 0.716511 0.902814,
        2.000039 0.737306 0.902814,
        2.000039 0.685277 0.816686,
        2.000039 0.683742 0.811354,
        2.000039 0.682820 0.807434,
        2.000039 0.682289 0.807434,
        2.000039 0.679832 0.816850,
        2.000039 0.649950 0.902814,
        2.000039 0.627517 0.902814,
        2.000039 0.672382 0.788686,
        2.000039 0.663581 0.767891,
        2.000039 0.659087 0.759919,
        2.000039 0.655041 0.755774,
        2.000039 0.651284 0.753477,
        2.000039 0.646870 0.752098,
        2.000039 0.643031 0.751762,
        2.000039 0.635755 0.752710,
        2.000039 0.631652 0.754055,
        2.000039 0.631652 0.736207,
        2.000039 0.640159 0.734728,
        2.000039 0.644587 0.734570,
        2.000039 0.653127 0.735609,
        2.000039 0.660999 0.738731,
        2.000039 0.667956 0.743719,
        2.000039 0.676206 0.753316,
        2.000039 0.685400 0.771166,
        2.000039 0.845047 0.806698,
        2.000039 0.845047 0.788441,
        2.000039 0.779592 0.806698,
        2.000039 0.779592 0.860569,
        2.000039 0.836860 0.860569,
        2.000039 0.836860 0.878907,
        2.000039 0.779592 0.878907,
        2.000039 0.779592 0.930159,
        2.000039 0.841404 0.930159,
        2.000039 0.841404 0.948580,
        2.000039 0.758919 0.948580,
        2.000039 0.758919 0.788441,
        2.000039 0.974804 0.833296,
        2.000039 0.966830 0.823399,
        2.000039 0.981526 0.810873,
        2.000039 0.963884 0.820726,
        2.000039 0.964981 0.798978,
        2.000039 0.953279 0.813780,
        2.000039 0.946769 0.791811,
        2.000039 0.939586 0.808892,
        2.000039 0.919345 0.788441,
        2.000039 0.919222 0.806698,
        2.000039 0.875298 0.788441,
        2.000039 0.895971 0.806698,
        2.000039 0.875298 0.948580,
        2.000039 0.895971 0.930159,
        2.000039 0.920983 0.948580,
        2.000039 0.920164 0.930159,
        2.000039 0.945425 0.945881,
        2.000039 0.940770 0.927886,
        2.000039 0.964753 0.938823,
        2.000039 0.954663 0.922878,
        2.000039 0.981526 0.927375,
        2.000039 0.966380 0.915094,
        2.000039 0.987063 0.921970,
        2.000039 0.971635 0.909776,
        2.000039 0.997005 0.908042,
        2.000039 0.977648 0.900561,
        2.000039 1.002962 0.892802,
        2.000039 0.981962 0.888439,
        2.000039 1.005678 0.870557,
        2.000039 0.983941 0.869983,
        2.000039 1.005201 0.860399,
        2.000039 0.983415 0.859869,
        2.000039 1.001329 0.841644,
        2.000039 0.980312 0.845191,
        2.000039 0.993451 0.825076,
        2.000000 0.920164 0.930159,
        2.000000 0.895971 0.930159,
        2.000000 0.895971 0.806698,
        2.000000 0.919222 0.806698,
        2.000000 0.966830 0.823399,
        2.000000 0.963884 0.820726,
        2.000000 0.953279 0.813780,
        2.000000 0.939586 0.808892,
        2.000000 0.983941 0.869983,
        2.000000 0.983415 0.859869,
        2.000000 0.980312 0.845191,
        2.000000 0.974804 0.833296,
        2.000000 0.966380 0.915094,
        2.000000 0.971635 0.909776,
        2.000000 0.977648 0.900561,
        2.000000 0.981962 0.888439,
        2.000000 0.940770 0.927886,
        2.000000 0.954663 0.922878,
      ]
    }
    coordIndex [
      53, 138, 139, -1,
      140, 108, 105, -1,
      140, 105, 141, -1,
      141, 105, 56, -1,
      141, 56, 139, -1,
      139, 56, 55, -1,
      139, 55, 53, -1,
      142, 138, 64, -1,
      64, 138, 53, -1,
      143, 142, 65, -1,
      65, 142, 64, -1,
      68, 144, 67, -1,
      67, 144, 143, -1,
      67, 143, 66, -1,
      66, 143, 65, -1,
      145, 144, 4, -1,
      4, 144, 68, -1,
      4, 3, 145, -1,
      145, 3, 84, -1,
      145, 84, 146, -1,
      146, 84, 83, -1,
      146, 83, 147, -1,
      147, 83, 82, -1,
      147, 82, 148, -1,
      148, 82, 81, -1,
      148, 81, 149, -1,
      149, 81, 80, -1,
      149, 80, 150, -1,
      150, 80, 79, -1,
      150, 79, 151, -1,
      151, 79, 71, -1,
      151, 71, 152, -1,
      152, 71, 70, -1,
      152, 70, 153, -1,
      153, 70, 73, -1,
      153, 73, 154, -1,
      154, 73, 101, -1,
      154, 101, 155, -1,
      155, 101, 100, -1,
      155, 100, 156, -1,
      156, 100, 98, -1,
      156, 98, 157, -1,
      157, 98, 96, -1,
      157, 96, 158, -1,
      158, 96, 95, -1,
      158, 95, 159, -1,
      159, 95, 94, -1,
      159, 94, 160, -1,
      160, 94, 93, -1,
      160, 93, 161, -1,
      161, 93, 92, -1,
      161, 92, 162, -1,
      162, 92, 89, -1,
      162, 89, 163, -1,
      163, 89, 104, -1,
      163, 104, 164, -1,
      164, 104, 103, -1,
      164, 103, 165, -1,
      165, 103, 102, -1,
      165, 102, 166, -1,
      166, 102, 91, -1,
      166, 91, 167, -1,
      167, 91, 90, -1,
      167, 90, 168, -1,
      168, 90, 88, -1,
      168, 88, 169, -1,
      169, 88, 87, -1,
      169, 87, 170, -1,
      170, 87, 97, -1,
      170, 97, 171, -1,
      171, 97, 99, -1,
      171, 99, 172, -1,
      172, 99, 72, -1,
      172, 72, 173, -1,
      174, 173, 86, -1,
      86, 173, 72, -1,
      174, 86, 85, -1,
      174, 85, 175, -1,
      175, 85, 78, -1,
      175, 78, 176, -1,
      176, 78, 77, -1,
      176, 77, 177, -1,
      177, 77, 76, -1,
      177, 76, 178, -1,
      178, 76, 75, -1,
      178, 75, 179, -1,
      180, 179, 74, -1,
      74, 179, 75, -1,
      74, 63, 180, -1,
      180, 63, 57, -1,
      180, 57, 181, -1,
      181, 57, 58, -1,
      181, 58, 182, -1,
      182, 58, 62, -1,
      182, 62, 183, -1,
      183, 62, 61, -1,
      183, 61, 184, -1,
      184, 61, 60, -1,
      184, 60, 185, -1,
      185, 60, 59, -1,
      185, 59, 186, -1,
      106, 187, 188, -1,
      186, 59, 52, -1,
      186, 52, 189, -1,
      189, 52, 54, -1,
      189, 54, 188, -1,
      188, 54, 107, -1,
      188, 107, 106, -1,
      187, 106, 110, -1,
      187, 110, 190, -1,
      190, 110, 121, -1,
      190, 121, 191, -1,
      191, 121, 120, -1,
      191, 120, 192, -1,
      192, 120, 119, -1,
      192, 119, 193, -1,
      193, 119, 113, -1,
      193, 113, 194, -1,
      194, 113, 112, -1,
      194, 112, 195, -1,
      195, 112, 118, -1,
      195, 118, 196, -1,
      196, 118, 117, -1,
      196, 117, 197, -1,
      197, 117, 116, -1,
      197, 116, 198, -1,
      198, 116, 115, -1,
      198, 115, 199, -1,
      199, 115, 114, -1,
      199, 114, 200, -1,
      200, 114, 111, -1,
      200, 111, 201, -1,
      201, 111, 109, -1,
      201, 109, 202, -1,
      202, 109, 108, -1,
      202, 108, 140, -1,
      165, 166, 179, -1,
      179, 166, 178, -1,
      178, 166, 167, -1,
      178, 167, 177, -1,
      197, 148, 149, -1,
      190, 157, 187, -1,
      187, 157, 158, -1,
      197, 149, 196, -1,
      196, 149, 150, -1,
      196, 150, 195, -1,
      195, 150, 151, -1,
      195, 151, 194, -1,
      194, 151, 152, -1,
      194, 152, 193, -1,
      193, 152, 153, -1,
      193, 153, 192, -1,
      192, 153, 154, -1,
      192, 154, 191, -1,
      191, 154, 155, -1,
      191, 155, 190, -1,
      190, 155, 156, -1,
      190, 156, 157, -1,
      148, 197, 147, -1,
      147, 197, 198, -1,
      147, 198, 146, -1,
      144, 140, 143, -1,
      143, 140, 141, -1,
      143, 141, 142, -1,
      142, 141, 139, -1,
      142, 139, 138, -1,
      167, 168, 177, -1,
      177, 168, 169, -1,
      177, 169, 176, -1,
      176, 169, 170, -1,
      176, 170, 175, -1,
      175, 170, 171, -1,
      175, 171, 174, -1,
      174, 171, 172, -1,
      174, 172, 173, -1,
      198, 199, 146, -1,
      146, 199, 200, -1,
      146, 200, 145, -1,
      145, 200, 201, -1,
      145, 201, 144, -1,
      144, 201, 202, -1,
      144, 202, 140, -1,
      179, 180, 165, -1,
      165, 180, 181, -1,
      165, 181, 164, -1,
      164, 181, 182, -1,
      164, 182, 163, -1,
      163, 182, 183, -1,
      163, 183, 162, -1,
      162, 183, 184, -1,
      162, 184, 161, -1,
      161, 184, 185, -1,
      161, 185, 160, -1,
      160, 185, 186, -1,
      160, 186, 159, -1,
      159, 186, 189, -1,
      159, 189, 158, -1,
      158, 189, 188, -1,
      158, 188, 187, -1,
      203, 204, 22, -1,
      22, 204, 23, -1,
      205, 203, 28, -1,
      28, 203, 22, -1,
      205, 28, 29, -1,
      205, 29, 206, -1,
      206, 29, 26, -1,
      206, 26, 207, -1,
      208, 207, 25, -1,
      25, 207, 26, -1,
      209, 208, 24, -1,
      24, 208, 25, -1,
      32, 210, 27, -1,
      27, 210, 209, -1,
      27, 209, 24, -1,
      211, 210, 31, -1,
      31, 210, 32, -1,
      33, 212, 30, -1,
      30, 212, 211, -1,
      30, 211, 31, -1,
      35, 213, 34, -1,
      34, 213, 212, -1,
      34, 212, 33, -1,
      214, 213, 47, -1,
      47, 213, 35, -1,
      47, 46, 214, -1,
      214, 46, 41, -1,
      214, 41, 215, -1,
      215, 41, 40, -1,
      215, 40, 216, -1,
      216, 40, 39, -1,
      216, 39, 217, -1,
      217, 39, 38, -1,
      217, 38, 218, -1,
      218, 38, 69, -1,
      218, 69, 219, -1,
      219, 69, 37, -1,
      219, 37, 220, -1,
      221, 220, 36, -1,
      36, 220, 37, -1,
      221, 36, 45, -1,
      221, 45, 222, -1,
      222, 45, 44, -1,
      222, 44, 223, -1,
      223, 44, 43, -1,
      223, 43, 224, -1,
      224, 43, 42, -1,
      224, 42, 225, -1,
      42, 51, 225, -1,
      225, 51, 50, -1,
      225, 50, 226, -1,
      226, 50, 49, -1,
      226, 49, 227, -1,
      227, 49, 48, -1,
      227, 48, 228, -1,
      23, 204, 137, -1,
      137, 204, 228, -1,
      137, 228, 48, -1,
      206, 207, 228, -1,
      204, 203, 228, -1,
      228, 203, 205, -1,
      228, 205, 206, -1,
      210, 211, 209, -1,
      209, 211, 212, -1,
      209, 212, 208, -1,
      207, 208, 228, -1,
      228, 208, 212, -1,
      228, 212, 227, -1,
      212, 213, 227, -1,
      227, 213, 214, -1,
      227, 214, 226, -1,
      226, 214, 215, -1,
      226, 215, 225, -1,
      225, 215, 216, -1,
      225, 216, 224, -1,
      224, 216, 217, -1,
      224, 217, 223, -1,
      223, 217, 218, -1,
      223, 218, 222, -1,
      222, 218, 219, -1,
      222, 219, 221, -1,
      221, 219, 220, -1,
      229, 230, 124, -1,
      124, 230, 125, -1,
      126, 231, 127, -1,
      127, 231, 229, -1,
      127, 229, 124, -1,
      232, 231, 128, -1,
      128, 231, 126, -1,
      130, 233, 129, -1,
      129, 233, 232, -1,
      129, 232, 128, -1,
      234, 233, 131, -1,
      131, 233, 130, -1,
      1, 235, 2, -1,
      2, 235, 234, -1,
      2, 234, 131, -1,
      236, 235, 0, -1,
      0, 235, 1, -1,
      123, 237, 132, -1,
      132, 237, 236, -1,
      132, 236, 0, -1,
      238, 237, 122, -1,
      122, 237, 123, -1,
      135, 239, 136, -1,
      136, 239, 238, -1,
      136, 238, 122, -1,
      240, 239, 134, -1,
      134, 239, 135, -1,
      125, 230, 133, -1,
      133, 230, 240, -1,
      133, 240, 134, -1,
      237, 238, 236, -1,
      236, 238, 239, -1,
      236, 239, 235, -1,
      230, 229, 240, -1,
      240, 229, 231, -1,
      240, 231, 232, -1,
      233, 234, 232, -1,
      232, 234, 235, -1,
      232, 235, 240, -1,
      240, 235, 239, -1,
      241, 242, 243, -1,
      243, 242, 244, -1,
      243, 244, 245, -1,
      245, 244, 246, -1,
      245, 246, 247, -1,
      247, 246, 248, -1,
      247, 248, 249, -1,
      249, 248, 250, -1,
      249, 250, 251, -1,
      251, 250, 252, -1,
      251, 252, 253, -1,
      253, 252, 254, -1,
      253, 254, 255, -1,
      255, 254, 256, -1,
      255, 256, 257, -1,
      257, 256, 258, -1,
      257, 258, 259, -1,
      259, 258, 260, -1,
      259, 260, 261, -1,
      261, 260, 262, -1,
      261, 262, 263, -1,
      263, 262, 264, -1,
      263, 264, 265, -1,
      265, 264, 266, -1,
      265, 266, 267, -1,
      267, 266, 268, -1,
      267, 268, 269, -1,
      269, 268, 270, -1,
      269, 270, 271, -1,
      271, 270, 272, -1,
      271, 272, 273, -1,
      273, 272, 274, -1,
      273, 274, 275, -1,
      275, 274, 241, -1,
      275, 241, 243, -1,
      249, 251, 7, -1,
      7, 251, 5, -1,
      249, 7, 11, -1,
      249, 11, 247, -1,
      247, 11, 10, -1,
      247, 10, 245, -1,
      245, 10, 9, -1,
      245, 9, 243, -1,
      243, 9, 8, -1,
      243, 8, 275, -1,
      275, 8, 21, -1,
      275, 21, 273, -1,
      273, 21, 20, -1,
      273, 20, 271, -1,
      271, 20, 19, -1,
      271, 19, 269, -1,
      269, 19, 15, -1,
      269, 15, 267, -1,
      267, 15, 14, -1,
      267, 14, 265, -1,
      265, 14, 13, -1,
      265, 13, 263, -1,
      263, 13, 12, -1,
      263, 12, 261, -1,
      261, 12, 18, -1,
      261, 18, 259, -1,
      259, 18, 17, -1,
      259, 17, 257, -1,
      257, 17, 16, -1,
      257, 16, 255, -1,
      253, 255, 6, -1,
      6, 255, 16, -1,
      251, 253, 5, -1,
      5, 253, 6, -1,
      256, 254, 276, -1,
      276, 254, 277, -1,
      254, 252, 277, -1,
      277, 252, 278, -1,
      252, 250, 278, -1,
      278, 250, 279, -1,
      242, 280, 281, -1,
      242, 281, 244, -1,
      244, 281, 282, -1,
      244, 282, 246, -1,
      246, 282, 283, -1,
      246, 283, 248, -1,
      248, 283, 279, -1,
      248, 279, 250, -1,
      270, 284, 285, -1,
      270, 285, 272, -1,
      272, 285, 286, -1,
      272, 286, 274, -1,
      274, 286, 287, -1,
      274, 287, 241, -1,
      241, 287, 280, -1,
      241, 280, 242, -1,
      262, 288, 289, -1,
      262, 289, 264, -1,
      264, 289, 290, -1,
      264, 290, 266, -1,
      266, 290, 291, -1,
      266, 291, 268, -1,
      268, 291, 284, -1,
      268, 284, 270, -1,
      256, 276, 292, -1,
      256, 292, 258, -1,
      258, 292, 293, -1,
      258, 293, 260, -1,
      260, 293, 288, -1,
      260, 288, 262, -1,
    ]
  }
}

Shape {
  appearance Appearance {
    material Material {
      diffuseColor 0.1529 1.0000 0.7804
      specularColor 0.0784 0.5020 0.3882
      ambientIntensity 0.2
      transparency 0.0000
      shininess 0.5
    }
  }
  geometry IndexedFaceSet {
    ccw TRUE
    solid FALSE
    coord DEF co Coordinate {
      point [
        2.000000 0.920164 0.930159,
        2.000000 0.895971 0.930159,
        2.000000 0.895971 0.806698,
        2.000000 0.919222 0.806698,
        2.000000 0.966830 0.823399,
        2.000000 0.963884 0.820726,
        2.000000 0.953279 0.813780,
        2.000000 0.939586 0.808892,
        2.000000 0.983941 0.869983,
        2.000000 0.983415 0.859869,
        2.000000 0.980312 0.845191,
        2.000000 0.974804 0.833296,
        2.000000 0.966380 0.915094,
        2.000000 0.971635 0.909776,
        2.000000 0.977648 0.900561,
        2.000000 0.981962 0.888439,
        2.000000 0.940770 0.927886,
        2.000000 0.954663 0.922878,
      ]
    }
    coordIndex [
      1, 2, 0, -1,
      0, 2, 3, -1,
      0, 3, 7, -1,
      7, 6, 0, -1,
      0, 6, 5, -1,
      0, 5, 4, -1,
      4, 11, 0, -1,
      0, 11, 10, -1,
      0, 10, 9, -1,
      9, 8, 0, -1,
      0, 8, 15, -1,
      0, 15, 14, -1,
      14, 13, 0, -1,
      0, 13, 12, -1,
      0, 12, 16, -1,
      16, 12, 17, -1,
    ]
  }
}

Shape {
  appearance Appearance {
    material Material {
      diffuseColor 0.0000 0.0000 0.0000
      specularColor 0.0000 0.0000 0.0000
      ambientIntensity 0.2
      transparency 0.0000
      shininess 0.5
    }
  }
  geometry IndexedFaceSet {
    ccw TRUE
    solid FALSE
    coord DEF co Coordinate {
      point [
        2.000000 1.135811 0.788441,
        2.000000 1.119478 0.832241,
        2.000000 1.052794 0.832241,
        2.000000 1.097659 0.948580,
        2.000000 1.158653 0.788441,
        2.000000 1.037403 0.788441,
        2.000000 1.014561 0.788441,
        2.000000 1.075554 0.948580,
        2.000039 1.059344 0.850335,
        2.000039 1.052794 0.832241,
        2.000039 1.113092 0.850335,
        2.000039 1.119478 0.832241,
        2.000039 1.083291 0.916896,
        2.000039 1.075554 0.948580,
        2.000039 1.014561 0.788441,
        2.000039 1.037403 0.788441,
        2.000039 1.084678 0.921675,
        2.000039 1.085911 0.928112,
        2.000039 1.097659 0.948580,
        2.000039 1.086402 0.928112,
        2.000039 1.087697 0.921337,
        2.000039 1.088899 0.916896,
        2.000039 1.158653 0.788441,
        2.000039 1.135811 0.788441,
        2.000000 1.059344 0.850335,
        2.000000 1.113092 0.850335,
        2.000000 1.088899 0.916896,
        2.000000 1.086402 0.928112,
        2.000000 1.087697 0.921337,
        2.000000 1.085911 0.928112,
        2.000000 1.083291 0.916896,
        2.000000 1.084678 0.921675,
      ]
    }
    coordIndex [
      8, 9, 10, -1,
      10, 9, 11, -1,
      12, 13, 8, -1,
      8, 13, 14, -1,
      8, 14, 9, -1,
      9, 14, 15, -1,
      12, 16, 13, -1,
      13, 16, 17, -1,
      13, 17, 18, -1,
      18, 17, 19, -1,
      18, 19, 20, -1,
      20, 21, 18, -1,
      18, 21, 10, -1,
      18, 10, 22, -1,
      22, 10, 11, -1,
      22, 11, 23, -1,
      18, 22, 3, -1,
      3, 22, 4, -1,
      13, 18, 7, -1,
      7, 18, 3, -1,
      14, 13, 6, -1,
      6, 13, 7, -1,
      15, 14, 5, -1,
      5, 14, 6, -1,
      9, 15, 2, -1,
      2, 15, 5, -1,
      11, 9, 1, -1,
      1, 9, 2, -1,
      23, 11, 0, -1,
      0, 11, 1, -1,
      22, 23, 4, -1,
      4, 23, 0, -1,
      8, 10, 24, -1,
      24, 10, 25, -1,
      10, 21, 25, -1,
      25, 21, 26, -1,
      19, 27, 28, -1,
      19, 28, 20, -1,
      20, 28, 26, -1,
      20, 26, 21, -1,
      19, 17, 27, -1,
      27, 17, 29, -1,
      12, 30, 31, -1,
      12, 31, 16, -1,
      16, 31, 29, -1,
      16, 29, 17, -1,
      12, 8, 30, -1,
      30, 8, 24, -1,
    ]
  }
}

Shape {
  appearance Appearance {
    material Material {
      diffuseColor 0.1529 1.0000 0.7804
      specularColor 0.0784 0.5020 0.3882
      ambientIntensity 0.2
      transparency 0.0000
      shininess 0.5
    }
  }
  geometry IndexedFaceSet {
    ccw TRUE
    solid FALSE
    coord DEF co Coordinate {
      point [
        2.000000 1.059344 0.850335,
        2.000000 1.113092 0.850335,
        2.000000 1.088899 0.916896,
        2.000000 1.086402 0.928112,
        2.000000 1.087697 0.921337,
        2.000000 1.085911 0.928112,
        2.000000 1.083291 0.916896,
        2.000000 1.084678 0.921675,
      ]
    }
    coordIndex [
      3, 5, 4, -1,
      4, 5, 7, -1,
      4, 7, 2, -1,
      2, 7, 6, -1,
      2, 6, 1, -1,
      1, 6, 0, -1,
    ]
  }
}

Shape {
  appearance Appearance {
    material Material {
      diffuseColor 0.0000 0.0000 0.0000
      specularColor 0.0000 0.0000 0.0000
      ambientIntensity 0.2
      transparency 0.0000
      shininess 0.5
    }
  }
  geometry IndexedFaceSet {
    ccw TRUE
    solid FALSE
    coord DEF co Coordinate {
      point [
        2.000000 -0.267559 0.716120,
        2.000000 -0.295064 0.712739,
        2.000000 -0.299520 0.712824,
        2.000000 -0.326400 0.717031,
        2.000000 -0.342139 0.723654,
        2.000000 -0.352661 0.728083,
        2.000000 -0.374924 0.744882,
        2.000000 -0.391844 0.765787,
        2.000000 -0.401793 0.787089,
        2.000000 -0.403228 0.790162,
        2.000000 -0.423375 0.796540,
        2.000000 -0.463800 0.817920,
        2.000000 -0.494314 0.844814,
        2.000000 -0.498928 0.850140,
        2.000000 -0.522863 0.886898,
        2.000000 -0.537858 0.929576,
        2.000000 -0.542134 0.968918,
        2.000000 -0.541613 0.982814,
        2.000000 -0.539318 0.994181,
        2.000000 -0.488621 1.098715,
        2.000000 -0.478024 1.108544,
        2.000000 -0.439769 1.134018,
        2.000000 -0.397239 1.149076,
        2.000000 -0.532554 1.027682,
        2.000000 -0.526126 1.041134,
        2.000000 -0.513292 1.067996,
        2.000000 -0.357685 1.153367,
        2.000000 -0.281401 1.201187,
        2.000000 -0.308157 1.178273,
        2.000000 -0.344592 1.152655,
        2.000000 -0.331498 1.151090,
        2.000000 -0.097844 1.240661,
        2.000000 -0.040707 1.220527,
        2.000000 -0.144772 1.245591,
        2.000000 -0.276904 1.203975,
        2.000000 -0.253771 1.218318,
        2.000000 -0.201281 1.238607,
        2.000000 0.112489 1.076780,
        2.000000 0.143056 1.050367,
        2.000000 -0.016089 1.203975,
        2.000000 0.010074 1.186385,
        2.000000 0.047286 1.143480,
        2.000000 0.071556 1.096438,
        2.000000 0.078758 1.093974,
        2.000000 -0.188354 0.787089,
        2.000000 -0.188417 0.786820,
        2.000000 -0.201849 0.761416,
        2.000000 -0.219477 0.741630,
        2.000000 -0.242161 0.725861,
        2.000000 -0.247914 0.723654,
        2.000000 0.142148 0.839121,
        2.000000 0.109423 0.811776,
        2.000000 0.163715 0.868743,
        2.000000 -0.209671 0.902881,
        2.000000 -0.057102 0.982581,
        2.000000 -0.229526 0.920968,
        2.000000 -0.253678 0.933927,
        2.000000 0.113144 0.955963,
        2.000000 0.107836 0.977842,
        2.000000 0.099067 0.994181,
        2.000000 -0.467579 0.994181,
        2.000000 -0.034640 0.857482,
        2.000000 -0.021807 0.922237,
        2.000000 -0.042493 0.854525,
        2.000000 -0.049559 0.849687,
        2.000000 -0.033922 0.788643,
        2.000000 -0.041504 0.791329,
        2.000000 -0.049070 0.796335,
        2.000000 -0.052878 0.800128,
        2.000000 -0.460954 0.925956,
        2.000000 -0.447277 0.902651,
        2.000000 -0.389463 0.890987,
        2.000000 -0.426854 0.881691,
        2.000000 -0.402090 0.866446,
        2.000000 -0.347335 0.928656,
        2.000000 -0.370626 0.912496,
        2.000000 -0.470404 0.971195,
        2.000000 -0.469073 0.953843,
        2.000000 0.179482 0.982866,
        2.000000 0.184275 0.947285,
        2.000000 0.184182 0.941824,
        2.000000 0.178483 0.904539,
        2.000000 0.074513 0.795250,
        2.000000 0.038538 0.787885,
        2.000000 -0.028638 0.787885,
        2.000000 -0.322181 0.938259,
        2.000000 -0.295064 0.941592,
        2.000000 -0.281156 0.940764,
        2.000000 -0.026361 0.858476,
        2.000000 -0.025253 0.858396,
        2.000000 -0.021837 0.857640,
        2.000000 -0.061657 0.823181,
        2.000000 -0.061511 0.826373,
        2.000000 -0.181207 0.837982,
        2.000000 -0.059552 0.835117,
        2.000000 -0.055440 0.843078,
        2.000000 -0.057754 0.807317,
        2.000000 -0.060666 0.815056,
        2.000000 -0.181804 0.814939,
        2.000000 -0.181207 0.826596,
        2.000000 0.090602 0.885957,
        2.000000 0.103120 0.903720,
        2.000000 0.110959 0.924016,
        2.000000 0.113683 0.946146,
        2.000000 -0.019530 0.857338,
        2.000000 0.031706 0.857338,
        2.000000 0.052020 0.861214,
        2.000000 0.072124 0.870493,
        2.000000 0.088980 0.884217,
        2.000000 0.015766 1.034955,
        2.000000 -0.457283 1.024098,
        2.000000 -0.467023 0.998700,
        2.000000 0.024875 1.034955,
        2.000000 0.097280 0.997509,
        2.000000 0.084022 1.012332,
        2.000000 0.066357 1.024654,
        2.000000 0.046482 1.032296,
        2.000000 -0.445440 1.041134,
        2.000000 -0.296202 1.067974,
        2.000000 -0.304570 1.072537,
        2.000000 -0.004902 1.097045,
        2.000000 -0.029219 1.128921,
        2.000000 -0.039169 1.138260,
        2.000000 -0.071430 1.159944,
        2.000000 -0.107306 1.173084,
        2.000000 -0.330108 1.081808,
        2.000000 -0.356547 1.085052,
        2.000000 -0.368204 1.084456,
        2.000000 0.014559 1.041134,
        2.000000 0.010959 1.059560,
        2.000000 -0.143634 1.177277,
        2.000000 -0.148724 1.177200,
        2.000000 -0.280270 1.101683,
        2.000000 -0.186681 1.171574,
        2.000000 -0.255287 1.132589,
        2.000000 -0.223794 1.156207,
        2.000000 -0.396324 1.077842,
        2.000000 -0.421727 1.064411,
        2.000000 -0.441513 1.046782,
        2.000000 0.149534 1.041134,
        2.000000 0.165952 1.017737,
        2.000000 0.175092 0.994181,
        2.000039 -0.391844 0.765787,
        2.000039 -0.374924 0.744882,
        2.000039 -0.402090 0.866446,
        2.000039 -0.201849 0.761416,
        2.000039 -0.188417 0.786820,
        2.000039 -0.181804 0.814939,
        2.000039 -0.325673 0.792279,
        2.000039 -0.316569 0.786029,
        2.000039 -0.352661 0.728083,
        2.000039 -0.306029 0.782161,
        2.000039 0.113683 0.946146,
        2.000039 0.110959 0.924016,
        2.000039 0.178483 0.904539,
        2.000039 -0.021807 0.922237,
        2.000039 -0.057102 0.982581,
        2.000039 -0.181207 0.837982,
        2.000039 -0.209671 0.902881,
        2.000039 -0.181207 0.826596,
        2.000039 -0.242161 0.725861,
        2.000039 -0.219477 0.741630,
        2.000039 -0.426854 0.881691,
        2.000039 -0.423375 0.796540,
        2.000039 -0.403228 0.790162,
        2.000039 0.015766 1.034955,
        2.000039 0.024875 1.034955,
        2.000039 0.071556 1.096438,
        2.000039 0.046482 1.032296,
        2.000039 0.078758 1.093974,
        2.000039 0.066357 1.024654,
        2.000039 0.112489 1.076780,
        2.000039 0.143056 1.050367,
        2.000039 -0.304570 1.072537,
        2.000039 -0.296202 1.067974,
        2.000039 -0.331498 1.151090,
        2.000039 -0.280270 1.101683,
        2.000039 -0.308157 1.178273,
        2.000039 -0.255287 1.132589,
        2.000039 -0.281401 1.201187,
        2.000039 -0.223794 1.156207,
        2.000039 -0.253771 1.218318,
        2.000039 -0.332947 0.800525,
        2.000039 -0.337817 0.809910,
        2.000039 -0.340324 0.820398,
        2.000039 -0.326400 0.717031,
        2.000039 -0.299520 0.712824,
        2.000039 -0.296203 0.781054,
        2.000039 -0.295064 0.712739,
        2.000039 -0.286702 0.782066,
        2.000039 -0.267559 0.716120,
        2.000039 -0.276667 0.785565,
        2.000039 -0.267779 0.791358,
        2.000039 -0.260249 0.799451,
        2.000039 0.163715 0.868743,
        2.000039 0.103120 0.903720,
        2.000039 0.142148 0.839121,
        2.000039 -0.201281 1.238607,
        2.000039 -0.186681 1.171574,
        2.000039 -0.144772 1.245591,
        2.000039 0.010074 1.186385,
        2.000039 -0.029219 1.128921,
        2.000039 0.047286 1.143480,
        2.000039 -0.004902 1.097045,
        2.000039 0.010959 1.059560,
        2.000039 -0.447277 0.902651,
        2.000039 -0.494314 0.844814,
        2.000039 -0.463800 0.817920,
        2.000039 -0.467023 0.998700,
        2.000039 -0.541613 0.982814,
        2.000039 -0.470404 0.971195,
        2.000039 -0.542134 0.968918,
        2.000039 -0.469073 0.953843,
        2.000039 -0.537858 0.929576,
        2.000039 -0.460954 0.925956,
        2.000039 -0.522863 0.886898,
        2.000039 -0.498928 0.850140,
        2.000039 -0.254795 0.841549,
        2.000039 -0.252139 0.831005,
        2.000039 -0.252120 0.820130,
        2.000039 -0.254895 0.809218,
        2.000039 0.084022 1.012332,
        2.000039 0.097280 0.997509,
        2.000039 0.165952 1.017737,
        2.000039 0.107836 0.977842,
        2.000039 0.179482 0.982866,
        2.000039 0.113144 0.955963,
        2.000039 0.184275 0.947285,
        2.000039 0.184182 0.941824,
        2.000039 0.090602 0.885957,
        2.000039 0.088980 0.884217,
        2.000039 0.109423 0.811776,
        2.000039 0.072124 0.870493,
        2.000039 0.074513 0.795250,
        2.000039 0.052020 0.861214,
        2.000039 0.038538 0.787885,
        2.000039 0.031706 0.857338,
        2.000039 -0.028638 0.787885,
        2.000039 -0.019530 0.857338,
        2.000039 -0.033922 0.788643,
        2.000039 -0.330108 1.081808,
        2.000039 -0.344592 1.152655,
        2.000039 -0.356547 1.085052,
        2.000039 -0.357685 1.153367,
        2.000039 -0.368204 1.084456,
        2.000039 -0.397239 1.149076,
        2.000039 -0.396324 1.077842,
        2.000039 -0.439769 1.134018,
        2.000039 -0.421727 1.064411,
        2.000039 -0.478024 1.108544,
        2.000039 -0.441513 1.046782,
        2.000039 -0.488621 1.098715,
        2.000039 -0.457283 1.024098,
        2.000039 -0.513292 1.067996,
        2.000039 -0.532554 1.027682,
        2.000039 -0.148724 1.177200,
        2.000039 -0.143634 1.177277,
        2.000039 -0.097844 1.240661,
        2.000039 -0.107306 1.173084,
        2.000039 -0.040707 1.220527,
        2.000039 -0.071430 1.159944,
        2.000039 -0.039169 1.138260,
        2.000039 -0.340324 0.830518,
        2.000039 -0.337650 0.841446,
        2.000039 -0.389463 0.890987,
        2.000039 -0.332307 0.851303,
        2.000039 -0.370626 0.912496,
        2.000039 -0.324791 0.859398,
        2.000039 -0.347335 0.928656,
        2.000039 -0.315676 0.865336,
        2.000039 -0.322181 0.938259,
        2.000039 -0.305615 0.868847,
        2.000039 -0.295064 0.941592,
        2.000039 -0.296203 0.869862,
        2.000039 -0.281156 0.940764,
        2.000039 -0.286959 0.868883,
        2.000039 -0.253678 0.933927,
        2.000039 -0.276364 0.865156,
        2.000039 -0.229526 0.920968,
        2.000039 -0.267167 0.859017,
        2.000039 -0.259791 0.850870,
        2.000039 -0.025253 0.858396,
        2.000039 -0.052878 0.800128,
        2.000039 -0.049070 0.796335,
        2.000039 -0.034640 0.857482,
        2.000039 -0.042493 0.854525,
        2.000039 -0.061511 0.826373,
        2.000039 -0.061657 0.823181,
        2.000039 -0.060666 0.815056,
        2.000039 -0.057754 0.807317,
        2.000039 -0.021837 0.857640,
        2.000039 -0.041504 0.791329,
        2.000039 -0.026361 0.858476,
        2.000039 -0.049559 0.849687,
        2.000039 -0.055440 0.843078,
        2.000039 -0.059552 0.835117,
        2.000000 -0.296203 0.869862,
        2.000000 -0.286959 0.868883,
        2.000000 -0.276364 0.865156,
        2.000000 -0.267167 0.859017,
        2.000000 -0.259791 0.850870,
        2.000000 -0.254795 0.841549,
        2.000000 -0.252139 0.831005,
        2.000000 -0.252120 0.820130,
        2.000000 -0.254895 0.809218,
        2.000000 -0.260249 0.799451,
        2.000000 -0.267779 0.791358,
        2.000000 -0.276667 0.785565,
        2.000000 -0.286702 0.782066,
        2.000000 -0.296203 0.781054,
        2.000000 -0.306029 0.782161,
        2.000000 -0.316569 0.786029,
        2.000000 -0.325673 0.792279,
        2.000000 -0.332947 0.800525,
        2.000000 -0.337817 0.809910,
        2.000000 -0.340324 0.820398,
        2.000000 -0.340324 0.830518,
        2.000000 -0.337650 0.841446,
        2.000000 -0.332307 0.851303,
        2.000000 -0.324791 0.859398,
        2.000000 -0.315676 0.865336,
        2.000000 -0.305615 0.868847,
      ]
    }
    coordIndex [
      142, 143, 144, -1,
      145, 146, 147, -1,
      148, 143, 149, -1,
      149, 143, 150, -1,
      149, 150, 151, -1,
      152, 153, 154, -1,
      155, 156, 157, -1,
      157, 156, 158, -1,
      157, 158, 159, -1,
      159, 158, 160, -1,
      159, 160, 147, -1,
      147, 160, 161, -1,
      147, 161, 145, -1,
      162, 163, 144, -1,
      144, 163, 164, -1,
      144, 164, 142, -1,
      165, 166, 167, -1,
      167, 166, 168, -1,
      167, 168, 169, -1,
      169, 168, 170, -1,
      169, 170, 171, -1,
      171, 170, 172, -1,
      173, 174, 175, -1,
      175, 174, 176, -1,
      175, 176, 177, -1,
      177, 176, 178, -1,
      177, 178, 179, -1,
      179, 178, 180, -1,
      179, 180, 181, -1,
      148, 182, 143, -1,
      143, 182, 183, -1,
      143, 183, 144, -1,
      144, 183, 184, -1,
      150, 185, 151, -1,
      151, 185, 186, -1,
      151, 186, 187, -1,
      187, 186, 188, -1,
      187, 188, 189, -1,
      189, 188, 190, -1,
      189, 190, 191, -1,
      191, 190, 160, -1,
      191, 160, 192, -1,
      192, 160, 193, -1,
      154, 153, 194, -1,
      194, 153, 195, -1,
      194, 195, 196, -1,
      181, 180, 197, -1,
      197, 180, 198, -1,
      197, 198, 199, -1,
      200, 201, 202, -1,
      202, 201, 203, -1,
      202, 203, 167, -1,
      167, 203, 204, -1,
      167, 204, 165, -1,
      205, 206, 162, -1,
      162, 206, 207, -1,
      162, 207, 163, -1,
      208, 209, 210, -1,
      210, 209, 211, -1,
      210, 211, 212, -1,
      212, 211, 213, -1,
      212, 213, 214, -1,
      214, 213, 215, -1,
      214, 215, 205, -1,
      205, 215, 216, -1,
      205, 216, 206, -1,
      217, 218, 158, -1,
      158, 218, 219, -1,
      158, 219, 160, -1,
      160, 219, 220, -1,
      160, 220, 193, -1,
      170, 221, 172, -1,
      172, 221, 222, -1,
      172, 222, 223, -1,
      223, 222, 224, -1,
      223, 224, 225, -1,
      225, 224, 226, -1,
      225, 226, 227, -1,
      227, 226, 152, -1,
      227, 152, 228, -1,
      228, 152, 154, -1,
      195, 229, 196, -1,
      196, 229, 230, -1,
      196, 230, 231, -1,
      231, 230, 232, -1,
      231, 232, 233, -1,
      233, 232, 234, -1,
      233, 234, 235, -1,
      235, 234, 236, -1,
      235, 236, 237, -1,
      237, 236, 238, -1,
      237, 238, 239, -1,
      173, 175, 240, -1,
      240, 175, 241, -1,
      240, 241, 242, -1,
      242, 241, 243, -1,
      242, 243, 244, -1,
      244, 243, 245, -1,
      244, 245, 246, -1,
      246, 245, 247, -1,
      246, 247, 248, -1,
      248, 247, 249, -1,
      248, 249, 250, -1,
      250, 249, 251, -1,
      250, 251, 252, -1,
      252, 251, 253, -1,
      252, 253, 208, -1,
      208, 253, 254, -1,
      208, 254, 209, -1,
      198, 255, 199, -1,
      199, 255, 256, -1,
      199, 256, 257, -1,
      257, 256, 258, -1,
      257, 258, 259, -1,
      259, 258, 260, -1,
      259, 260, 200, -1,
      200, 260, 261, -1,
      200, 261, 201, -1,
      184, 262, 144, -1,
      144, 262, 263, -1,
      144, 263, 264, -1,
      264, 263, 265, -1,
      264, 265, 266, -1,
      266, 265, 267, -1,
      266, 267, 268, -1,
      268, 267, 269, -1,
      268, 269, 270, -1,
      270, 269, 271, -1,
      270, 271, 272, -1,
      272, 271, 273, -1,
      272, 273, 274, -1,
      274, 273, 275, -1,
      274, 275, 276, -1,
      276, 275, 277, -1,
      276, 277, 278, -1,
      278, 277, 279, -1,
      278, 279, 158, -1,
      158, 279, 280, -1,
      158, 280, 217, -1,
      281, 282, 283, -1,
      284, 285, 286, -1,
      287, 288, 281, -1,
      281, 288, 289, -1,
      281, 289, 282, -1,
      238, 290, 239, -1,
      239, 290, 281, -1,
      239, 281, 291, -1,
      291, 281, 283, -1,
      287, 281, 286, -1,
      286, 281, 292, -1,
      286, 292, 284, -1,
      285, 293, 286, -1,
      286, 293, 294, -1,
      286, 294, 295, -1,
      227, 79, 78, -1,
      227, 78, 225, -1,
      225, 78, 141, -1,
      225, 141, 223, -1,
      141, 140, 223, -1,
      223, 140, 139, -1,
      223, 139, 172, -1,
      139, 38, 172, -1,
      172, 38, 37, -1,
      172, 37, 171, -1,
      171, 37, 43, -1,
      171, 43, 169, -1,
      169, 43, 42, -1,
      169, 42, 167, -1,
      167, 42, 41, -1,
      167, 41, 202, -1,
      202, 41, 40, -1,
      202, 40, 200, -1,
      200, 40, 39, -1,
      200, 39, 259, -1,
      39, 32, 259, -1,
      259, 32, 31, -1,
      259, 31, 257, -1,
      257, 31, 33, -1,
      257, 33, 199, -1,
      27, 179, 34, -1,
      34, 179, 181, -1,
      34, 181, 35, -1,
      35, 181, 197, -1,
      35, 197, 36, -1,
      36, 197, 199, -1,
      36, 199, 33, -1,
      179, 27, 28, -1,
      179, 28, 177, -1,
      177, 28, 30, -1,
      177, 30, 175, -1,
      175, 30, 29, -1,
      175, 29, 241, -1,
      241, 29, 26, -1,
      241, 26, 243, -1,
      243, 26, 22, -1,
      243, 22, 245, -1,
      245, 22, 21, -1,
      245, 21, 247, -1,
      247, 21, 20, -1,
      247, 20, 249, -1,
      249, 20, 19, -1,
      249, 19, 251, -1,
      16, 211, 209, -1,
      251, 19, 25, -1,
      251, 25, 253, -1,
      253, 25, 24, -1,
      253, 24, 254, -1,
      24, 23, 254, -1,
      254, 23, 18, -1,
      254, 18, 209, -1,
      209, 18, 17, -1,
      209, 17, 16, -1,
      211, 16, 15, -1,
      211, 15, 213, -1,
      213, 15, 14, -1,
      213, 14, 215, -1,
      215, 14, 13, -1,
      215, 13, 216, -1,
      216, 13, 12, -1,
      216, 12, 206, -1,
      206, 12, 11, -1,
      206, 11, 207, -1,
      207, 11, 10, -1,
      207, 10, 163, -1,
      163, 10, 9, -1,
      163, 9, 164, -1,
      164, 9, 8, -1,
      164, 8, 142, -1,
      8, 7, 142, -1,
      142, 7, 6, -1,
      142, 6, 143, -1,
      143, 6, 5, -1,
      143, 5, 150, -1,
      150, 5, 4, -1,
      150, 4, 185, -1,
      4, 3, 185, -1,
      185, 3, 2, -1,
      185, 2, 186, -1,
      186, 2, 1, -1,
      186, 1, 188, -1,
      99, 159, 147, -1,
      188, 1, 0, -1,
      188, 0, 190, -1,
      190, 0, 49, -1,
      190, 49, 160, -1,
      49, 48, 160, -1,
      160, 48, 47, -1,
      160, 47, 161, -1,
      161, 47, 46, -1,
      161, 46, 145, -1,
      145, 46, 45, -1,
      145, 45, 146, -1,
      146, 45, 44, -1,
      146, 44, 147, -1,
      147, 44, 98, -1,
      147, 98, 99, -1,
      157, 159, 93, -1,
      93, 159, 99, -1,
      155, 157, 62, -1,
      62, 157, 93, -1,
      156, 155, 54, -1,
      54, 155, 62, -1,
      158, 156, 53, -1,
      53, 156, 54, -1,
      158, 53, 55, -1,
      158, 55, 278, -1,
      278, 55, 56, -1,
      278, 56, 276, -1,
      276, 56, 87, -1,
      276, 87, 274, -1,
      274, 87, 86, -1,
      274, 86, 272, -1,
      272, 86, 85, -1,
      272, 85, 270, -1,
      270, 85, 74, -1,
      270, 74, 268, -1,
      268, 74, 75, -1,
      268, 75, 266, -1,
      266, 75, 71, -1,
      266, 71, 264, -1,
      264, 71, 73, -1,
      264, 73, 144, -1,
      144, 73, 72, -1,
      144, 72, 162, -1,
      162, 72, 70, -1,
      162, 70, 205, -1,
      205, 70, 69, -1,
      205, 69, 214, -1,
      214, 69, 77, -1,
      214, 77, 212, -1,
      212, 77, 76, -1,
      212, 76, 210, -1,
      208, 210, 60, -1,
      60, 210, 76, -1,
      60, 111, 208, -1,
      208, 111, 110, -1,
      208, 110, 252, -1,
      252, 110, 117, -1,
      252, 117, 250, -1,
      117, 138, 250, -1,
      250, 138, 137, -1,
      250, 137, 248, -1,
      248, 137, 136, -1,
      248, 136, 246, -1,
      246, 136, 127, -1,
      246, 127, 244, -1,
      244, 127, 126, -1,
      244, 126, 242, -1,
      242, 126, 125, -1,
      242, 125, 240, -1,
      240, 125, 119, -1,
      240, 119, 173, -1,
      173, 119, 118, -1,
      173, 118, 174, -1,
      174, 118, 132, -1,
      174, 132, 176, -1,
      176, 132, 134, -1,
      176, 134, 178, -1,
      178, 134, 135, -1,
      178, 135, 180, -1,
      180, 135, 133, -1,
      180, 133, 198, -1,
      198, 133, 131, -1,
      198, 131, 255, -1,
      255, 131, 130, -1,
      255, 130, 256, -1,
      109, 165, 128, -1,
      128, 165, 204, -1,
      128, 204, 129, -1,
      129, 204, 203, -1,
      129, 203, 120, -1,
      120, 203, 201, -1,
      120, 201, 121, -1,
      121, 201, 261, -1,
      121, 261, 122, -1,
      122, 261, 260, -1,
      122, 260, 123, -1,
      123, 260, 258, -1,
      123, 258, 124, -1,
      124, 258, 256, -1,
      124, 256, 130, -1,
      166, 165, 112, -1,
      112, 165, 109, -1,
      166, 112, 116, -1,
      166, 116, 168, -1,
      168, 116, 115, -1,
      168, 115, 170, -1,
      170, 115, 114, -1,
      170, 114, 221, -1,
      221, 114, 113, -1,
      221, 113, 222, -1,
      222, 113, 59, -1,
      222, 59, 224, -1,
      59, 58, 224, -1,
      224, 58, 57, -1,
      224, 57, 226, -1,
      226, 57, 103, -1,
      226, 103, 152, -1,
      152, 103, 102, -1,
      152, 102, 153, -1,
      153, 102, 101, -1,
      153, 101, 195, -1,
      195, 101, 100, -1,
      195, 100, 229, -1,
      229, 100, 108, -1,
      229, 108, 230, -1,
      230, 108, 107, -1,
      230, 107, 232, -1,
      232, 107, 106, -1,
      232, 106, 234, -1,
      234, 106, 105, -1,
      234, 105, 236, -1,
      238, 236, 104, -1,
      104, 236, 105, -1,
      238, 104, 90, -1,
      238, 90, 290, -1,
      290, 90, 89, -1,
      290, 89, 281, -1,
      281, 89, 88, -1,
      281, 88, 292, -1,
      292, 88, 61, -1,
      292, 61, 284, -1,
      284, 61, 63, -1,
      284, 63, 285, -1,
      285, 63, 64, -1,
      285, 64, 293, -1,
      293, 64, 95, -1,
      293, 95, 294, -1,
      294, 95, 94, -1,
      294, 94, 295, -1,
      295, 94, 92, -1,
      295, 92, 286, -1,
      286, 92, 91, -1,
      286, 91, 287, -1,
      287, 91, 97, -1,
      287, 97, 288, -1,
      288, 97, 96, -1,
      288, 96, 289, -1,
      289, 96, 68, -1,
      289, 68, 282, -1,
      282, 68, 67, -1,
      282, 67, 283, -1,
      283, 67, 66, -1,
      283, 66, 291, -1,
      291, 66, 65, -1,
      291, 65, 239, -1,
      239, 65, 84, -1,
      239, 84, 237, -1,
      235, 237, 83, -1,
      83, 237, 84, -1,
      235, 83, 82, -1,
      235, 82, 233, -1,
      233, 82, 51, -1,
      233, 51, 231, -1,
      231, 51, 50, -1,
      231, 50, 196, -1,
      196, 50, 52, -1,
      196, 52, 194, -1,
      194, 52, 81, -1,
      194, 81, 154, -1,
      154, 81, 80, -1,
      154, 80, 228, -1,
      228, 80, 79, -1,
      228, 79, 227, -1,
      273, 296, 297, -1,
      273, 297, 275, -1,
      275, 297, 298, -1,
      275, 298, 277, -1,
      277, 298, 299, -1,
      277, 299, 279, -1,
      279, 299, 300, -1,
      279, 300, 280, -1,
      280, 300, 301, -1,
      280, 301, 217, -1,
      217, 301, 302, -1,
      217, 302, 218, -1,
      218, 302, 303, -1,
      218, 303, 219, -1,
      219, 303, 304, -1,
      219, 304, 220, -1,
      220, 304, 305, -1,
      220, 305, 193, -1,
      193, 305, 306, -1,
      193, 306, 192, -1,
      192, 306, 307, -1,
      192, 307, 191, -1,
      191, 307, 308, -1,
      191, 308, 189, -1,
      189, 308, 309, -1,
      189, 309, 187, -1,
      187, 309, 310, -1,
      187, 310, 151, -1,
      151, 310, 311, -1,
      151, 311, 149, -1,
      149, 311, 312, -1,
      149, 312, 148, -1,
      148, 312, 313, -1,
      148, 313, 182, -1,
      182, 313, 314, -1,
      182, 314, 183, -1,
      183, 314, 315, -1,
      183, 315, 184, -1,
      184, 315, 316, -1,
      184, 316, 262, -1,
      262, 316, 317, -1,
      262, 317, 263, -1,
      263, 317, 318, -1,
      263, 318, 265, -1,
      265, 318, 319, -1,
      265, 319, 267, -1,
      267, 319, 320, -1,
      267, 320, 269, -1,
      269, 320, 321, -1,
      269, 321, 271, -1,
      271, 321, 296, -1,
      271, 296, 273, -1,
    ]
  }
}

Shape {
  appearance Appearance {
    material Material {
      diffuseColor 0.1529 1.0000 0.7804
      specularColor 0.0784 0.5020 0.3882
      ambientIntensity 0.2
      transparency 0.0000
      shininess 0.5
    }
  }
  geometry IndexedFaceSet {
    ccw TRUE
    solid FALSE
    coord DEF co Coordinate {
      point [
        2.000000 -0.296203 0.869862,
        2.000000 -0.286959 0.868883,
        2.000000 -0.276364 0.865156,
        2.000000 -0.267167 0.859017,
        2.000000 -0.259791 0.850870,
        2.000000 -0.254795 0.841549,
        2.000000 -0.252139 0.831005,
        2.000000 -0.252120 0.820130,
        2.000000 -0.254895 0.809218,
        2.000000 -0.260249 0.799451,
        2.000000 -0.267779 0.791358,
        2.000000 -0.276667 0.785565,
        2.000000 -0.286702 0.782066,
        2.000000 -0.296203 0.781054,
        2.000000 -0.306029 0.782161,
        2.000000 -0.316569 0.786029,
        2.000000 -0.325673 0.792279,
        2.000000 -0.332947 0.800525,
        2.000000 -0.337817 0.809910,
        2.000000 -0.340324 0.820398,
        2.000000 -0.340324 0.830518,
        2.000000 -0.337650 0.841446,
        2.000000 -0.332307 0.851303,
        2.000000 -0.324791 0.859398,
        2.000000 -0.315676 0.865336,
        2.000000 -0.305615 0.868847,
        -2.000000 -1.425281 2.559055,
        -2.236220 -1.535433 2.559055,
        -2.000000 -1.425281 0.000000,
        -2.236220 -1.535433 0.000000,
        -2.000000 -1.251884 2.559055,
        -2.000000 -1.251884 0.000000,
        -2.236220 -1.141732 2.559055,
        -2.236220 -1.141732 0.000000,
        -2.000000 1.409364 2.559055,
        -2.236220 1.299213 2.559055,
        -2.000000 1.409364 0.000000,
        -2.236220 1.299213 0.000000,
        -2.000000 1.582762 2.559055,
        -2.000000 1.582762 0.000000,
        -2.236220 1.692913 2.559055,
        -2.236220 1.692913 0.000000,
      ]
    }
    coordIndex [
      25, 13, 0, -1,
      0, 13, 12, -1,
      0, 12, 1, -1,
      19, 25, 20, -1,
      20, 25, 24, -1,
      19, 18, 25, -1,
      25, 18, 17, -1,
      25, 17, 16, -1,
      10, 4, 3, -1,
      24, 23, 20, -1,
      20, 23, 22, -1,
      20, 22, 21, -1,
      16, 15, 25, -1,
      25, 15, 14, -1,
      25, 14, 13, -1,
      12, 11, 1, -1,
      1, 11, 10, -1,
      1, 10, 2, -1,
      2, 10, 3, -1,
      8, 7, 9, -1,
      9, 7, 6, -1,
      9, 6, 10, -1,
      10, 6, 5, -1,
      10, 5, 4, -1,
      26, 27, 28, -1,
      28, 27, 29, -1,
      30, 26, 31, -1,
      31, 26, 28, -1,
      32, 30, 33, -1,
      33, 30, 31, -1,
      27, 32, 29, -1,
      29, 32, 33, -1,
      30, 32, 26, -1,
      26, 32, 27, -1,
      33, 31, 29, -1,
      29, 31, 28, -1,
      34, 35, 36, -1,
      36, 35, 37, -1,
      38, 34, 39, -1,
      39, 34, 36, -1,
      40, 38, 41, -1,
      41, 38, 39, -1,
      35, 40, 37, -1,
      37, 40, 41, -1,
      38, 40, 34, -1,
      34, 40, 35, -1,
      41, 39, 37, -1,
      37, 39, 36, -1,
    ]
  }
}
