#VRML V2.0 utf8

Shape {
  appearance Appearance {
    material Material {
      diffuseColor 0.8510 0.8510 0.8510
      specularColor 0.4235 0.4235 0.4235
      ambientIntensity 0.2
      transparency 0.0000
      shininess 0.5
    }
  }
  geometry IndexedFaceSet {
    ccw TRUE
    solid FALSE
    coord DEF co Coordinate {
      point [
        -1.082677 0.098425 0.078740,
        -1.082677 0.098425 -0.039370,
        -1.082677 -0.098425 0.078740,
        -1.082677 -0.098425 -0.039370,
        -0.255906 0.098425 0.078740,
        -0.255906 0.098425 -0.039370,
        -0.255906 -0.098425 0.078740,
        -0.255906 -0.098425 -0.039370,
      ]
    }
    coordIndex [
      0, 1, 2, -1,
      2, 1, 3, -1,
      4, 5, 0, -1,
      0, 5, 1, -1,
      6, 7, 4, -1,
      4, 7, 5, -1,
      2, 3, 6, -1,
      6, 3, 7, -1,
      5, 7, 1, -1,
      1, 7, 3, -1,
      6, 4, 2, -1,
      2, 4, 0, -1,
    ]
  }
}

Shape {
  appearance Appearance {
    material Material {
      diffuseColor 0.2235 0.2235 0.2235
      specularColor 0.1137 0.1137 0.1137
      ambientIntensity 0.2
      transparency 0.0000
      shininess 0.5
    }
  }
  geometry IndexedFaceSet {
    ccw TRUE
    solid FALSE
    coord DEF co Coordinate {
      point [
        -1.043307 -0.570866 0.000000,
        -1.043307 -0.355681 0.000000,
        0.054651 -0.355681 0.000000,
        0.093833 -0.248374 0.000000,
        0.105464 -0.249680 0.000000,
        0.068291 -0.337049 0.000000,
        0.066174 -0.335876 0.000000,
        0.066174 -0.348840 0.000000,
        0.078764 -0.354009 0.000000,
        0.090699 -0.355681 0.000000,
        1.043307 1.043307 0.000000,
        1.043307 0.118110 0.000000,
        0.054651 1.043307 0.000000,
        0.118110 0.118110 0.000000,
        0.079478 -0.250239 0.000000,
        0.066174 -0.255936 0.000000,
        0.066174 -0.240092 0.000000,
        0.118110 -0.118110 0.000000,
        0.114304 -0.252870 0.000000,
        0.122479 -0.258339 0.000000,
        0.129611 -0.266213 0.000000,
        0.138193 -0.297167 0.000000,
        0.136996 -0.309953 0.000000,
        0.133788 -0.320112 0.000000,
        0.107506 -0.342203 0.000000,
        0.096489 -0.343438 0.000000,
        0.116112 -0.339034 0.000000,
        0.123360 -0.334149 0.000000,
        0.128903 -0.328302 0.000000,
        0.080811 -0.341698 0.000000,
        0.124676 -0.350952 0.000000,
        0.164119 -0.354961 0.000000,
        0.113228 -0.354893 0.000000,
        0.105618 -0.355681 0.000000,
        0.134481 -0.275333 0.000000,
        0.137629 -0.287977 0.000000,
        0.147803 -0.267960 0.000000,
        0.140880 -0.256917 0.000000,
        0.208770 -0.236851 0.000000,
        0.224615 -0.236851 0.000000,
        1.043307 -0.118110 0.000000,
        0.224615 -0.354961 0.000000,
        1.043307 -0.355681 0.000000,
        0.134176 -0.344885 0.000000,
        0.143048 -0.335545 0.000000,
        0.164119 -0.341998 0.000000,
        0.149340 -0.324315 0.000000,
        0.208770 -0.341998 0.000000,
        0.130217 -0.246662 0.000000,
        0.118998 -0.240204 0.000000,
        0.105831 -0.236379 0.000000,
        0.152894 -0.311813 0.000000,
        0.154037 -0.298134 0.000000,
        0.152337 -0.281343 0.000000,
        0.093969 -0.235411 0.000000,
        0.079830 -0.236386 0.000000,
        0.098672 -0.356402 0.000000,
        1.043307 -1.043307 0.000000,
        0.095443 -0.356346 0.000000,
        0.054651 -1.043307 0.000000,
        0.043128 -0.236851 0.000000,
        -1.043307 0.570866 0.000000,
        -0.570866 1.043307 0.000000,
        -0.147000 -0.354961 0.000000,
        -0.132461 -0.322590 0.000000,
        -0.125687 -0.333154 0.000000,
        -0.118110 0.118110 0.000000,
        -1.043307 0.118110 0.000000,
        -0.017367 -0.249815 0.000000,
        0.027284 -0.249815 0.000000,
        0.027284 -0.288704 0.000000,
        -0.118110 -0.118110 0.000000,
        -0.017367 -0.236851 0.000000,
        -0.191652 -0.236851 0.000000,
        -0.207496 -0.236851 0.000000,
        -0.043294 -0.236851 0.000000,
        -0.014487 -0.288704 0.000000,
        -0.043294 -0.354961 0.000000,
        -0.014487 -0.301668 0.000000,
        -0.115966 -0.342463 0.000000,
        -0.103633 -0.349629 0.000000,
        -0.090024 -0.353686 0.000000,
        -0.076625 -0.236851 0.000000,
        -0.093689 -0.238675 0.000000,
        -0.128839 -0.261513 0.000000,
        -0.134328 -0.271670 0.000000,
        -0.075410 -0.354961 0.000000,
        -0.137500 -0.283307 0.000000,
        -0.138358 -0.294421 0.000000,
        -0.136701 -0.310228 0.000000,
        -0.236304 -0.354961 0.000000,
        -0.253588 -0.354961 0.000000,
        -1.043307 -0.118110 0.000000,
        0.027284 -0.301668 0.000000,
        0.027284 -0.341998 0.000000,
        -0.020248 -0.341998 0.000000,
        -0.020248 -0.354961 0.000000,
        0.043128 -0.354961 0.000000,
        -0.107508 -0.243528 0.000000,
        -0.120363 -0.252143 0.000000,
        -0.120487 -0.252251 0.000000,
        -0.224353 -0.321833 0.000000,
        -0.175560 -0.321833 0.000000,
        -0.164285 -0.354961 0.000000,
        -0.570866 -1.043307 0.000000,
      ]
    }
    coordIndex [
      0, 1, 2, -1,
      3, 4, 5, -1,
      6, 7, 2, -1,
      2, 7, 8, -1,
      2, 8, 9, -1,
      10, 11, 12, -1,
      12, 11, 13, -1,
      3, 5, 14, -1,
      14, 5, 6, -1,
      14, 6, 15, -1,
      15, 12, 16, -1,
      16, 12, 13, -1,
      16, 13, 17, -1,
      4, 18, 5, -1,
      5, 18, 19, -1,
      5, 19, 20, -1,
      21, 22, 5, -1,
      5, 22, 23, -1,
      24, 25, 26, -1,
      26, 25, 27, -1,
      23, 28, 5, -1,
      5, 28, 27, -1,
      5, 27, 29, -1,
      29, 27, 25, -1,
      30, 31, 32, -1,
      32, 31, 33, -1,
      20, 34, 5, -1,
      5, 34, 35, -1,
      5, 35, 21, -1,
      36, 37, 38, -1,
      38, 37, 17, -1,
      38, 17, 39, -1,
      39, 17, 40, -1,
      39, 40, 41, -1,
      41, 40, 42, -1,
      30, 43, 31, -1,
      31, 43, 44, -1,
      31, 44, 45, -1,
      45, 44, 46, -1,
      45, 46, 47, -1,
      37, 48, 17, -1,
      17, 48, 49, -1,
      17, 49, 50, -1,
      46, 51, 47, -1,
      47, 51, 52, -1,
      47, 52, 38, -1,
      38, 52, 53, -1,
      38, 53, 36, -1,
      50, 54, 17, -1,
      17, 54, 55, -1,
      17, 55, 16, -1,
      31, 41, 33, -1,
      33, 41, 42, -1,
      33, 42, 56, -1,
      56, 42, 57, -1,
      56, 57, 58, -1,
      58, 57, 59, -1,
      58, 59, 9, -1,
      15, 6, 12, -1,
      12, 6, 2, -1,
      12, 2, 60, -1,
      61, 62, 12, -1,
      63, 64, 65, -1,
      66, 67, 61, -1,
      68, 69, 70, -1,
      61, 12, 66, -1,
      66, 12, 60, -1,
      66, 60, 71, -1,
      71, 60, 72, -1,
      71, 72, 68, -1,
      71, 73, 74, -1,
      75, 76, 77, -1,
      77, 76, 78, -1,
      65, 79, 63, -1,
      63, 79, 80, -1,
      63, 80, 81, -1,
      70, 76, 68, -1,
      68, 76, 75, -1,
      68, 75, 71, -1,
      71, 75, 82, -1,
      71, 82, 83, -1,
      73, 84, 85, -1,
      2, 86, 77, -1,
      85, 87, 73, -1,
      73, 87, 88, -1,
      73, 88, 63, -1,
      63, 88, 89, -1,
      63, 89, 64, -1,
      90, 2, 91, -1,
      91, 2, 1, -1,
      91, 1, 74, -1,
      74, 1, 92, -1,
      74, 92, 71, -1,
      93, 94, 78, -1,
      78, 94, 95, -1,
      78, 95, 77, -1,
      77, 95, 96, -1,
      77, 96, 2, -1,
      2, 96, 97, -1,
      2, 97, 60, -1,
      83, 98, 71, -1,
      71, 98, 99, -1,
      71, 99, 73, -1,
      73, 99, 100, -1,
      73, 100, 84, -1,
      101, 102, 90, -1,
      90, 102, 103, -1,
      90, 103, 2, -1,
      2, 103, 63, -1,
      2, 63, 86, -1,
      86, 63, 81, -1,
      9, 59, 2, -1,
      2, 59, 104, -1,
      2, 104, 0, -1,
    ]
  }
}

Shape {
  appearance Appearance {
    material Material {
      diffuseColor 0.8510 0.8510 0.8510
      specularColor 0.4235 0.4235 0.4235
      ambientIntensity 0.2
      transparency 0.0000
      shininess 0.5
    }
  }
  geometry IndexedFaceSet {
    ccw TRUE
    solid FALSE
    coord DEF co Coordinate {
      point [
        0.471172 -0.750124 2.125984,
        0.471172 0.750124 2.125984,
        0.442913 -0.767148 2.125984,
        0.442913 0.767148 2.125984,
        0.367986 -0.805776 2.125984,
        0.289726 -0.837107 2.125984,
        0.367986 0.805776 2.125984,
        -0.442913 -0.767148 2.125984,
        0.289726 0.837107 2.125984,
        -0.513830 -0.721573 2.125984,
        -0.745205 -0.478914 2.125984,
        -0.696307 -0.547582 2.125984,
        0.126066 0.876810 2.125984,
        0.042149 0.884824 2.125984,
        -0.787354 -0.405909 2.125984,
        -0.042149 0.884824 2.125984,
        -0.822373 -0.329229 2.125984,
        -0.849944 -0.249566 2.125984,
        -0.367986 -0.805776 2.125984,
        -0.289726 -0.837107 2.125984,
        -0.208842 -0.860857 2.125984,
        0.208842 0.860857 2.125984,
        -0.641103 -0.611291 2.125984,
        -0.580093 -0.669463 2.125984,
        -0.126066 -0.876810 2.125984,
        -0.042149 -0.884824 2.125984,
        0.042149 -0.884824 2.125984,
        0.126066 -0.876810 2.125984,
        0.208842 -0.860857 2.125984,
        -0.126066 0.876810 2.125984,
        -0.208842 0.860857 2.125984,
        -0.289726 0.837107 2.125984,
        -0.367986 0.805776 2.125984,
        -0.442913 0.767148 2.125984,
        -0.513830 0.721573 2.125984,
        -0.580093 0.669463 2.125984,
        -0.641103 0.611291 2.125984,
        -0.696307 0.547582 2.125984,
        -0.745205 0.478914 2.125984,
        -0.787354 0.405909 2.125984,
        -0.822373 0.329229 2.125984,
        -0.849944 0.249566 2.125984,
        -0.869819 0.167644 2.125984,
        -0.869819 -0.167644 2.125984,
        -0.881816 0.084203 2.125984,
        -0.881816 -0.084203 2.125984,
        -0.885827 0.000000 2.125984,
        -0.984252 0.000000 0.196850,
        -0.975470 -0.131188 0.196850,
        -0.979795 -0.093559 0.521982,
        -0.949281 -0.260035 0.196850,
        -0.966465 -0.186271 0.521982,
        -0.974407 -0.131035 0.521982,
        -0.905472 -0.383931 0.521982,
        -0.913748 -0.365809 0.521982,
        -0.906152 -0.384241 0.196850,
        -0.944383 -0.277296 0.521982,
        -0.948610 -0.259872 0.521982,
        -0.874838 -0.451010 0.521982,
        -0.846852 -0.501591 0.196850,
        -0.845939 -0.501064 0.521982,
        -0.828006 -0.532127 0.521982,
        -0.772440 -0.609990 0.196850,
        -0.773674 -0.608424 0.521982,
        -0.684244 -0.707504 0.196850,
        -0.712337 -0.679212 0.521982,
        -0.772370 -0.609929 0.521982,
        -0.583838 -0.792392 0.196850,
        -0.644548 -0.743848 0.521982,
        -0.683492 -0.706715 0.521982,
        -0.472647 -0.862429 0.521982,
        -0.492126 -0.852387 0.521982,
        -0.473013 -0.863140 0.196850,
        -0.570922 -0.801748 0.521982,
        -0.583449 -0.791897 0.521982,
        -0.408873 -0.895307 0.521982,
        -0.353748 -0.918485 0.196850,
        -0.353365 -0.917529 0.521982,
        -0.321917 -0.930119 0.521982,
        -0.228169 -0.957440 0.196850,
        -0.232046 -0.956507 0.521982,
        -0.098519 -0.979309 0.196850,
        -0.140074 -0.974234 0.521982,
        -0.228135 -0.957261 0.521982,
        0.032889 -0.983702 0.196850,
        -0.046833 -0.983137 0.521982,
        -0.098415 -0.978212 0.521982,
        0.163550 -0.969709 0.521982,
        0.140074 -0.974234 0.521982,
        0.163710 -0.970542 0.196850,
        0.046833 -0.983137 0.521982,
        0.032889 -0.983137 0.521982,
        0.232046 -0.956507 0.521982,
        0.291610 -0.940061 0.196850,
        0.291328 -0.939101 0.521982,
        0.321917 -0.930119 0.521982,
        0.414306 -0.892806 0.196850,
        0.408873 -0.895307 0.521982,
        0.529609 -0.829619 0.196850,
        0.492126 -0.852387 0.521982,
        0.414184 -0.892569 0.521982,
        0.635461 -0.751626 0.196850,
        0.570922 -0.801748 0.521982,
        0.529008 -0.828684 0.521982,
        0.729298 -0.659637 0.521982,
        0.712337 -0.679212 0.521982,
        0.729972 -0.660221 0.196850,
        0.644548 -0.743848 0.521982,
        0.635154 -0.751236 0.521982,
        0.773674 -0.608424 0.521982,
        0.811458 -0.557035 0.196850,
        0.810669 -0.556472 0.521982,
        0.828006 -0.532127 0.521982,
        0.878463 -0.443907 0.196850,
        0.874838 -0.451010 0.521982,
        0.929793 -0.322859 0.196850,
        0.913748 -0.365809 0.521982,
        0.878148 -0.443763 0.521982,
        0.964529 -0.196049 0.196850,
        0.944383 -0.277296 0.521982,
        0.928739 -0.322494 0.521982,
        0.981122 -0.065696 0.521982,
        0.979795 -0.093559 0.521982,
        0.982054 -0.065741 0.196850,
        0.966465 -0.186271 0.521982,
        0.964117 -0.195949 0.521982,
        0.984252 -0.000000 0.521982,
        0.984252 0.000000 0.196850,
        0.981122 0.065696 0.521982,
        0.982054 0.065741 0.196850,
        0.979795 0.093559 0.521982,
        0.964529 0.196049 0.196850,
        0.966465 0.186271 0.521982,
        0.929793 0.322859 0.196850,
        0.944383 0.277296 0.521982,
        0.964117 0.195949 0.521982,
        0.878463 0.443907 0.196850,
        0.913748 0.365809 0.521982,
        0.928739 0.322494 0.521982,
        0.810669 0.556472 0.521982,
        0.828006 0.532127 0.521982,
        0.811458 0.557035 0.196850,
        0.874838 0.451010 0.521982,
        0.878148 0.443763 0.521982,
        0.773674 0.608424 0.521982,
        0.729972 0.660221 0.196850,
        0.729298 0.659637 0.521982,
        0.712337 0.679212 0.521982,
        0.635461 0.751626 0.196850,
        0.644548 0.743848 0.521982,
        0.529609 0.829619 0.196850,
        0.570922 0.801748 0.521982,
        0.635154 0.751236 0.521982,
        0.414306 0.892806 0.196850,
        0.492126 0.852387 0.521982,
        0.529008 0.828684 0.521982,
        0.291328 0.939101 0.521982,
        0.321917 0.930119 0.521982,
        0.291610 0.940061 0.196850,
        0.408873 0.895307 0.521982,
        0.414184 0.892569 0.521982,
        0.232046 0.956507 0.521982,
        0.163710 0.970542 0.196850,
        0.163550 0.969709 0.521982,
        0.140074 0.974234 0.521982,
        0.032889 0.983702 0.196850,
        0.046833 0.983137 0.521982,
        -0.098519 0.979309 0.196850,
        -0.046833 0.983137 0.521982,
        0.032889 0.983137 0.521982,
        -0.228169 0.957440 0.196850,
        -0.140074 0.974234 0.521982,
        -0.098415 0.978212 0.521982,
        -0.353365 0.917529 0.521982,
        -0.321917 0.930119 0.521982,
        -0.353748 0.918485 0.196850,
        -0.232046 0.956507 0.521982,
        -0.228135 0.957261 0.521982,
        -0.408873 0.895307 0.521982,
        -0.473013 0.863140 0.196850,
        -0.472647 0.862429 0.521982,
        -0.492126 0.852387 0.521982,
        -0.583838 0.792392 0.196850,
        -0.570922 0.801748 0.521982,
        -0.684244 0.707504 0.196850,
        -0.644548 0.743848 0.521982,
        -0.583449 0.791897 0.521982,
        -0.772440 0.609990 0.196850,
        -0.712337 0.679212 0.521982,
        -0.683492 0.706715 0.521982,
        -0.845939 0.501064 0.521982,
        -0.828006 0.532127 0.521982,
        -0.846852 0.501591 0.196850,
        -0.773674 0.608424 0.521982,
        -0.772370 0.609929 0.521982,
        -0.874838 0.451010 0.521982,
        -0.906152 0.384241 0.196850,
        -0.905472 0.383931 0.521982,
        -0.913748 0.365809 0.521982,
        -0.949281 0.260035 0.196850,
        -0.944383 0.277296 0.521982,
        -0.975470 0.131188 0.196850,
        -0.966465 0.186271 0.521982,
        -0.948610 0.259872 0.521982,
        -0.984252 0.000000 0.521982,
        -0.979795 0.093559 0.521982,
        -0.974407 0.131035 0.521982,
      ]
    }
    coordIndex [
      0, 1, 2, -1,
      2, 1, 3, -1,
      2, 3, 4, -1,
      4, 3, 5, -1,
      3, 6, 7, -1,
      7, 6, 8, -1,
      7, 8, 9, -1,
      10, 11, 8, -1,
      12, 13, 14, -1,
      14, 13, 15, -1,
      14, 15, 16, -1,
      16, 15, 17, -1,
      7, 18, 3, -1,
      3, 18, 19, -1,
      3, 19, 20, -1,
      10, 8, 14, -1,
      14, 8, 21, -1,
      14, 21, 12, -1,
      11, 22, 8, -1,
      8, 22, 23, -1,
      8, 23, 9, -1,
      20, 24, 3, -1,
      3, 24, 25, -1,
      3, 25, 26, -1,
      26, 27, 3, -1,
      3, 27, 28, -1,
      3, 28, 5, -1,
      15, 29, 17, -1,
      17, 29, 30, -1,
      17, 30, 31, -1,
      31, 32, 17, -1,
      17, 32, 33, -1,
      17, 33, 34, -1,
      34, 35, 17, -1,
      17, 35, 36, -1,
      17, 36, 37, -1,
      37, 38, 17, -1,
      17, 38, 39, -1,
      17, 39, 40, -1,
      40, 41, 17, -1,
      17, 41, 42, -1,
      17, 42, 43, -1,
      43, 42, 44, -1,
      43, 44, 45, -1,
      45, 44, 46, -1,
      47, 48, 49, -1,
      50, 51, 48, -1,
      48, 51, 52, -1,
      48, 52, 49, -1,
      53, 54, 55, -1,
      55, 54, 56, -1,
      55, 56, 50, -1,
      50, 56, 57, -1,
      50, 57, 51, -1,
      53, 55, 58, -1,
      58, 55, 59, -1,
      58, 59, 60, -1,
      60, 59, 61, -1,
      61, 59, 62, -1,
      61, 62, 63, -1,
      64, 65, 62, -1,
      62, 65, 66, -1,
      62, 66, 63, -1,
      67, 68, 64, -1,
      64, 68, 69, -1,
      64, 69, 65, -1,
      70, 71, 72, -1,
      72, 71, 73, -1,
      72, 73, 67, -1,
      67, 73, 74, -1,
      67, 74, 68, -1,
      70, 72, 75, -1,
      75, 72, 76, -1,
      75, 76, 77, -1,
      77, 76, 78, -1,
      78, 76, 79, -1,
      78, 79, 80, -1,
      81, 82, 79, -1,
      79, 82, 83, -1,
      79, 83, 80, -1,
      84, 85, 81, -1,
      81, 85, 86, -1,
      81, 86, 82, -1,
      87, 88, 89, -1,
      89, 88, 90, -1,
      89, 90, 84, -1,
      84, 90, 91, -1,
      84, 91, 85, -1,
      87, 89, 92, -1,
      92, 89, 93, -1,
      92, 93, 94, -1,
      94, 93, 95, -1,
      95, 93, 96, -1,
      95, 96, 97, -1,
      98, 99, 96, -1,
      96, 99, 100, -1,
      96, 100, 97, -1,
      101, 102, 98, -1,
      98, 102, 103, -1,
      98, 103, 99, -1,
      104, 105, 106, -1,
      106, 105, 107, -1,
      106, 107, 101, -1,
      101, 107, 108, -1,
      101, 108, 102, -1,
      104, 106, 109, -1,
      109, 106, 110, -1,
      109, 110, 111, -1,
      111, 110, 112, -1,
      112, 110, 113, -1,
      112, 113, 114, -1,
      115, 116, 113, -1,
      113, 116, 117, -1,
      113, 117, 114, -1,
      118, 119, 115, -1,
      115, 119, 120, -1,
      115, 120, 116, -1,
      121, 122, 123, -1,
      123, 122, 124, -1,
      123, 124, 118, -1,
      118, 124, 125, -1,
      118, 125, 119, -1,
      121, 123, 126, -1,
      126, 123, 127, -1,
      126, 127, 128, -1,
      128, 127, 129, -1,
      128, 129, 130, -1,
      130, 129, 131, -1,
      130, 131, 132, -1,
      133, 134, 131, -1,
      131, 134, 135, -1,
      131, 135, 132, -1,
      136, 137, 133, -1,
      133, 137, 138, -1,
      133, 138, 134, -1,
      139, 140, 141, -1,
      141, 140, 142, -1,
      141, 142, 136, -1,
      136, 142, 143, -1,
      136, 143, 137, -1,
      139, 141, 144, -1,
      144, 141, 145, -1,
      144, 145, 146, -1,
      146, 145, 147, -1,
      147, 145, 148, -1,
      147, 148, 149, -1,
      150, 151, 148, -1,
      148, 151, 152, -1,
      148, 152, 149, -1,
      153, 154, 150, -1,
      150, 154, 155, -1,
      150, 155, 151, -1,
      156, 157, 158, -1,
      158, 157, 159, -1,
      158, 159, 153, -1,
      153, 159, 160, -1,
      153, 160, 154, -1,
      156, 158, 161, -1,
      161, 158, 162, -1,
      161, 162, 163, -1,
      163, 162, 164, -1,
      164, 162, 165, -1,
      164, 165, 166, -1,
      167, 168, 165, -1,
      165, 168, 169, -1,
      165, 169, 166, -1,
      170, 171, 167, -1,
      167, 171, 172, -1,
      167, 172, 168, -1,
      173, 174, 175, -1,
      175, 174, 176, -1,
      175, 176, 170, -1,
      170, 176, 177, -1,
      170, 177, 171, -1,
      173, 175, 178, -1,
      178, 175, 179, -1,
      178, 179, 180, -1,
      180, 179, 181, -1,
      181, 179, 182, -1,
      181, 182, 183, -1,
      184, 185, 182, -1,
      182, 185, 186, -1,
      182, 186, 183, -1,
      187, 188, 184, -1,
      184, 188, 189, -1,
      184, 189, 185, -1,
      190, 191, 192, -1,
      192, 191, 193, -1,
      192, 193, 187, -1,
      187, 193, 194, -1,
      187, 194, 188, -1,
      190, 192, 195, -1,
      195, 192, 196, -1,
      195, 196, 197, -1,
      197, 196, 198, -1,
      198, 196, 199, -1,
      198, 199, 200, -1,
      201, 202, 199, -1,
      199, 202, 203, -1,
      199, 203, 200, -1,
      49, 204, 47, -1,
      47, 204, 205, -1,
      47, 205, 201, -1,
      201, 205, 206, -1,
      201, 206, 202, -1,
    ]
  }
}

Shape {
  appearance Appearance {
    material Material {
      diffuseColor 0.2235 0.2235 0.2235
      specularColor 0.1137 0.1137 0.1137
      ambientIntensity 0.2
      transparency 0.0000
      shininess 0.5
    }
  }
  geometry IndexedFaceSet {
    ccw TRUE
    solid FALSE
    coord DEF co Coordinate {
      point [
        -1.043307 -0.570866 0.000000,
        -1.043307 -0.355681 0.000000,
        1.043307 1.043307 0.000000,
        1.043307 0.118110 0.000000,
        0.054651 1.043307 0.000000,
        0.118110 0.118110 0.000000,
        0.118110 -0.118110 0.000000,
        1.043307 -0.118110 0.000000,
        1.043307 -0.355681 0.000000,
        1.043307 -1.043307 0.000000,
        0.054651 -1.043307 0.000000,
        -1.043307 0.570866 0.000000,
        -0.570866 1.043307 0.000000,
        -0.118110 0.118110 0.000000,
        -1.043307 0.118110 0.000000,
        -0.118110 -0.118110 0.000000,
        -1.043307 -0.118110 0.000000,
        -0.570866 -1.043307 0.000000,
        -0.984252 0.000000 0.196850,
        -0.975470 -0.131188 0.196850,
        -0.949281 -0.260035 0.196850,
        -0.906152 -0.384241 0.196850,
        -0.846852 -0.501591 0.196850,
        -0.772440 -0.609990 0.196850,
        -0.684244 -0.707504 0.196850,
        -0.583838 -0.792392 0.196850,
        -0.473013 -0.863140 0.196850,
        -0.353748 -0.918485 0.196850,
        -0.228169 -0.957440 0.196850,
        -0.098519 -0.979309 0.196850,
        0.032889 -0.983702 0.196850,
        0.163710 -0.970542 0.196850,
        0.291610 -0.940061 0.196850,
        0.414306 -0.892806 0.196850,
        0.529609 -0.829619 0.196850,
        0.635461 -0.751626 0.196850,
        0.729972 -0.660221 0.196850,
        0.811458 -0.557035 0.196850,
        0.878463 -0.443907 0.196850,
        0.929793 -0.322859 0.196850,
        0.964529 -0.196049 0.196850,
        0.982054 -0.065741 0.196850,
        0.984252 0.000000 0.196850,
        0.982054 0.065741 0.196850,
        0.964529 0.196049 0.196850,
        0.929793 0.322859 0.196850,
        0.878463 0.443907 0.196850,
        0.811458 0.557035 0.196850,
        0.729972 0.660221 0.196850,
        0.635461 0.751626 0.196850,
        0.529609 0.829619 0.196850,
        0.414306 0.892806 0.196850,
        0.291610 0.940061 0.196850,
        0.163710 0.970542 0.196850,
        0.032889 0.983702 0.196850,
        -0.098519 0.979309 0.196850,
        -0.228169 0.957440 0.196850,
        -0.353748 0.918485 0.196850,
        -0.473013 0.863140 0.196850,
        -0.583838 0.792392 0.196850,
        -0.684244 0.707504 0.196850,
        -0.772440 0.609990 0.196850,
        -0.846852 0.501591 0.196850,
        -0.906152 0.384241 0.196850,
        -0.949281 0.260035 0.196850,
        -0.975470 0.131188 0.196850,
        0.949229 0.295276 0.196850,
        0.906666 0.407652 0.196850,
        0.850855 0.514072 0.196850,
        0.407652 -0.906666 0.196850,
        0.295276 -0.949229 0.196850,
        1.043307 -0.295276 0.196850,
        1.043307 0.295276 0.196850,
        -1.043307 -0.295276 0.196850,
        -0.949229 -0.295276 0.196850,
        0.295276 -1.043307 0.196850,
        -0.295276 -1.043307 0.196850,
        -0.295276 -0.949229 0.196850,
        -0.295276 1.043307 0.196850,
        -0.295276 0.949229 0.196850,
        0.295276 1.043307 0.196850,
        -0.407652 -0.906666 0.196850,
        -0.514072 -0.850855 0.196850,
        -0.906666 -0.407652 0.196850,
        -0.850855 -0.514072 0.196850,
        -0.782611 -0.612980 0.196850,
        -0.702931 -0.702931 0.196850,
        -0.612980 -0.782611 0.196850,
        0.949229 -0.295276 0.196850,
        0.906666 -0.407652 0.196850,
        0.850855 -0.514072 0.196850,
        0.782611 -0.612980 0.196850,
        0.702931 -0.702931 0.196850,
        0.612980 -0.782611 0.196850,
        0.514072 -0.850855 0.196850,
        0.295276 0.949229 0.196850,
        0.407652 0.906666 0.196850,
        0.514072 0.850855 0.196850,
        0.612980 0.782611 0.196850,
        0.702931 0.702931 0.196850,
        0.782611 0.612980 0.196850,
        -1.043307 0.295276 0.196850,
        -0.949229 0.295276 0.196850,
        -0.906666 0.407652 0.196850,
        -0.850855 0.514072 0.196850,
        -0.782611 0.612980 0.196850,
        -0.702931 0.702931 0.196850,
        -0.612980 0.782611 0.196850,
        -0.514072 0.850855 0.196850,
        -0.407652 0.906666 0.196850,
        1.043307 -0.295276 0.590551,
        1.043307 -1.043307 0.590551,
        1.043307 1.043307 0.590551,
        1.043307 0.295276 0.590551,
        1.043307 -0.118110 0.078740,
        1.043307 0.118110 0.078740,
        0.295276 1.043307 0.590551,
        -0.570866 1.043307 0.314961,
        -0.295276 1.043307 0.314961,
        0.295276 0.949229 0.590551,
        0.407652 0.906666 0.590551,
        0.514072 0.850855 0.590551,
        0.612980 0.782611 0.590551,
        0.702931 0.702931 0.590551,
        0.782611 0.612980 0.590551,
        0.949229 0.295276 0.590551,
        0.906666 0.407652 0.590551,
        0.850855 0.514072 0.590551,
        -1.043307 0.570866 0.314961,
        -1.043307 0.295276 0.314961,
        -1.043307 0.118110 0.078740,
        -1.043307 -0.118110 0.078740,
        -1.043307 -0.570866 0.314961,
        -1.043307 -0.295276 0.314961,
        -0.570866 -1.043307 0.314961,
        0.295276 -1.043307 0.590551,
        -0.295276 -1.043307 0.314961,
        0.949229 -0.295276 0.590551,
        0.906666 -0.407652 0.590551,
        0.850855 -0.514072 0.590551,
        0.782611 -0.612980 0.590551,
        0.702931 -0.702931 0.590551,
        0.612980 -0.782611 0.590551,
        0.295276 -0.949229 0.590551,
        0.407652 -0.906666 0.590551,
        0.514072 -0.850855 0.590551,
        -0.295276 0.949229 0.314961,
        -0.407652 0.906666 0.314961,
        -0.514072 0.850855 0.314961,
        -0.612980 0.782611 0.314961,
        -0.702931 0.702931 0.314961,
        -0.782611 0.612980 0.314961,
        -0.850855 0.514072 0.314961,
        -0.906666 0.407652 0.314961,
        -0.949229 0.295276 0.314961,
        -0.295276 -0.949229 0.314961,
        -0.949229 -0.295276 0.314961,
        -0.906666 -0.407652 0.314961,
        -0.850855 -0.514072 0.314961,
        -0.782611 -0.612980 0.314961,
        -0.702931 -0.702931 0.314961,
        -0.612980 -0.782611 0.314961,
        -0.514072 -0.850855 0.314961,
        -0.407652 -0.906666 0.314961,
        -0.118110 -0.118110 0.078740,
        -0.118110 0.118110 0.078740,
        0.118110 0.118110 0.078740,
        0.118110 -0.118110 0.078740,
      ]
    }
    coordIndex [
      66, 67, 68, -1,
      34, 33, 69, -1,
      69, 33, 70, -1,
      71, 72, 42, -1,
      73, 74, 20, -1,
      33, 32, 70, -1,
      70, 32, 31, -1,
      70, 31, 75, -1,
      75, 31, 30, -1,
      75, 30, 76, -1,
      76, 30, 29, -1,
      76, 29, 77, -1,
      66, 44, 72, -1,
      72, 44, 43, -1,
      72, 43, 42, -1,
      78, 79, 80, -1,
      80, 79, 55, -1,
      29, 28, 77, -1,
      77, 28, 27, -1,
      77, 27, 81, -1,
      81, 27, 26, -1,
      81, 26, 82, -1,
      82, 26, 25, -1,
      20, 74, 21, -1,
      21, 74, 83, -1,
      21, 83, 22, -1,
      22, 83, 84, -1,
      22, 84, 23, -1,
      23, 84, 85, -1,
      23, 85, 24, -1,
      24, 85, 86, -1,
      24, 86, 25, -1,
      25, 86, 87, -1,
      25, 87, 82, -1,
      42, 41, 71, -1,
      71, 41, 40, -1,
      71, 40, 88, -1,
      88, 40, 39, -1,
      88, 39, 89, -1,
      89, 39, 38, -1,
      89, 38, 90, -1,
      90, 38, 37, -1,
      90, 37, 91, -1,
      91, 37, 36, -1,
      91, 36, 92, -1,
      92, 36, 35, -1,
      92, 35, 93, -1,
      93, 35, 34, -1,
      93, 34, 94, -1,
      94, 34, 69, -1,
      55, 54, 80, -1,
      80, 54, 53, -1,
      80, 53, 95, -1,
      95, 53, 52, -1,
      95, 52, 96, -1,
      96, 52, 51, -1,
      96, 51, 97, -1,
      97, 51, 50, -1,
      97, 50, 98, -1,
      98, 50, 49, -1,
      98, 49, 99, -1,
      99, 49, 48, -1,
      99, 48, 100, -1,
      100, 48, 47, -1,
      100, 47, 68, -1,
      68, 47, 46, -1,
      68, 46, 66, -1,
      66, 46, 45, -1,
      66, 45, 44, -1,
      20, 19, 73, -1,
      73, 19, 18, -1,
      73, 18, 101, -1,
      101, 18, 65, -1,
      101, 65, 102, -1,
      102, 65, 64, -1,
      102, 64, 103, -1,
      103, 64, 63, -1,
      103, 63, 104, -1,
      104, 63, 62, -1,
      104, 62, 105, -1,
      105, 62, 61, -1,
      105, 61, 106, -1,
      106, 61, 60, -1,
      106, 60, 107, -1,
      107, 60, 59, -1,
      107, 59, 108, -1,
      108, 59, 58, -1,
      108, 58, 109, -1,
      109, 58, 57, -1,
      109, 57, 79, -1,
      79, 57, 56, -1,
      79, 56, 55, -1,
      110, 111, 71, -1,
      71, 111, 9, -1,
      71, 9, 8, -1,
      112, 113, 2, -1,
      2, 113, 72, -1,
      2, 72, 3, -1,
      8, 7, 71, -1,
      71, 7, 114, -1,
      71, 114, 72, -1,
      72, 114, 115, -1,
      72, 115, 3, -1,
      80, 116, 112, -1,
      117, 118, 12, -1,
      12, 118, 78, -1,
      12, 78, 4, -1,
      4, 78, 80, -1,
      4, 80, 2, -1,
      2, 80, 112, -1,
      116, 119, 112, -1,
      112, 119, 120, -1,
      112, 120, 121, -1,
      121, 122, 112, -1,
      112, 122, 123, -1,
      112, 123, 124, -1,
      125, 113, 126, -1,
      126, 113, 112, -1,
      126, 112, 127, -1,
      127, 112, 124, -1,
      117, 12, 128, -1,
      128, 12, 11, -1,
      129, 128, 101, -1,
      101, 128, 11, -1,
      11, 14, 101, -1,
      101, 14, 130, -1,
      101, 130, 73, -1,
      73, 130, 131, -1,
      73, 131, 16, -1,
      132, 133, 0, -1,
      0, 133, 73, -1,
      0, 73, 1, -1,
      1, 73, 16, -1,
      132, 0, 134, -1,
      134, 0, 17, -1,
      111, 135, 9, -1,
      9, 135, 75, -1,
      136, 134, 76, -1,
      76, 134, 17, -1,
      76, 17, 75, -1,
      75, 17, 10, -1,
      75, 10, 9, -1,
      110, 137, 111, -1,
      111, 137, 138, -1,
      111, 138, 139, -1,
      139, 140, 111, -1,
      111, 140, 141, -1,
      111, 141, 142, -1,
      143, 135, 144, -1,
      144, 135, 111, -1,
      144, 111, 145, -1,
      145, 111, 142, -1,
      79, 146, 109, -1,
      109, 146, 147, -1,
      109, 147, 108, -1,
      108, 147, 148, -1,
      108, 148, 107, -1,
      107, 148, 149, -1,
      107, 149, 106, -1,
      106, 149, 150, -1,
      106, 150, 105, -1,
      105, 150, 151, -1,
      105, 151, 104, -1,
      104, 151, 152, -1,
      104, 152, 103, -1,
      103, 152, 153, -1,
      103, 153, 102, -1,
      102, 153, 154, -1,
      79, 78, 146, -1,
      146, 78, 118, -1,
      80, 95, 116, -1,
      116, 95, 119, -1,
      66, 125, 67, -1,
      67, 125, 126, -1,
      67, 126, 68, -1,
      68, 126, 127, -1,
      68, 127, 100, -1,
      100, 127, 124, -1,
      100, 124, 99, -1,
      99, 124, 123, -1,
      99, 123, 98, -1,
      98, 123, 122, -1,
      98, 122, 97, -1,
      97, 122, 121, -1,
      97, 121, 96, -1,
      96, 121, 120, -1,
      96, 120, 95, -1,
      95, 120, 119, -1,
      66, 72, 125, -1,
      125, 72, 113, -1,
      71, 88, 110, -1,
      110, 88, 137, -1,
      70, 143, 69, -1,
      69, 143, 144, -1,
      69, 144, 94, -1,
      94, 144, 145, -1,
      94, 145, 93, -1,
      93, 145, 142, -1,
      93, 142, 92, -1,
      92, 142, 141, -1,
      92, 141, 91, -1,
      91, 141, 140, -1,
      91, 140, 90, -1,
      90, 140, 139, -1,
      90, 139, 89, -1,
      89, 139, 138, -1,
      89, 138, 88, -1,
      88, 138, 137, -1,
      70, 75, 143, -1,
      143, 75, 135, -1,
      76, 77, 136, -1,
      136, 77, 155, -1,
      74, 156, 83, -1,
      83, 156, 157, -1,
      83, 157, 84, -1,
      84, 157, 158, -1,
      84, 158, 85, -1,
      85, 158, 159, -1,
      85, 159, 86, -1,
      86, 159, 160, -1,
      86, 160, 87, -1,
      87, 160, 161, -1,
      87, 161, 82, -1,
      82, 161, 162, -1,
      82, 162, 81, -1,
      81, 162, 163, -1,
      81, 163, 77, -1,
      77, 163, 155, -1,
      156, 74, 133, -1,
      133, 74, 73, -1,
      101, 102, 129, -1,
      129, 102, 154, -1,
      129, 154, 128, -1,
      128, 154, 153, -1,
      128, 153, 152, -1,
      146, 118, 147, -1,
      147, 118, 117, -1,
      147, 117, 148, -1,
      152, 151, 128, -1,
      128, 151, 150, -1,
      128, 150, 117, -1,
      117, 150, 149, -1,
      117, 149, 148, -1,
      136, 155, 134, -1,
      134, 155, 163, -1,
      156, 133, 157, -1,
      157, 133, 132, -1,
      157, 132, 158, -1,
      158, 132, 159, -1,
      163, 162, 134, -1,
      134, 162, 161, -1,
      134, 161, 132, -1,
      132, 161, 160, -1,
      132, 160, 159, -1,
      131, 164, 16, -1,
      16, 164, 15, -1,
      164, 165, 15, -1,
      15, 165, 13, -1,
      165, 130, 13, -1,
      13, 130, 14, -1,
      165, 164, 130, -1,
      130, 164, 131, -1,
      115, 166, 3, -1,
      3, 166, 5, -1,
      166, 167, 5, -1,
      5, 167, 6, -1,
      167, 114, 6, -1,
      6, 114, 7, -1,
      167, 166, 114, -1,
      114, 166, 115, -1,
    ]
  }
}

Shape {
  appearance Appearance {
    material Material {
      diffuseColor 0.8510 0.8510 0.8510
      specularColor 0.4235 0.4235 0.4235
      ambientIntensity 0.2
      transparency 0.0000
      shininess 0.5
    }
  }
  geometry IndexedFaceSet {
    ccw TRUE
    solid FALSE
    coord DEF co Coordinate {
      point [
        0.471172 -0.750124 2.125984,
        0.471172 0.750124 2.125984,
        0.442913 -0.767148 2.125984,
        0.442913 0.767148 2.125984,
        0.367986 -0.805776 2.125984,
        0.289726 -0.837107 2.125984,
        0.367986 0.805776 2.125984,
        -0.442913 -0.767148 2.125984,
        0.289726 0.837107 2.125984,
        -0.513830 -0.721573 2.125984,
        -0.745205 -0.478914 2.125984,
        -0.696307 -0.547582 2.125984,
        0.126066 0.876810 2.125984,
        0.042149 0.884824 2.125984,
        -0.787354 -0.405909 2.125984,
        -0.042149 0.884824 2.125984,
        -0.822373 -0.329229 2.125984,
        -0.849944 -0.249566 2.125984,
        -0.367986 -0.805776 2.125984,
        -0.289726 -0.837107 2.125984,
        -0.208842 -0.860857 2.125984,
        0.208842 0.860857 2.125984,
        -0.641103 -0.611291 2.125984,
        -0.580093 -0.669463 2.125984,
        -0.126066 -0.876810 2.125984,
        -0.042149 -0.884824 2.125984,
        0.042149 -0.884824 2.125984,
        0.126066 -0.876810 2.125984,
        0.208842 -0.860857 2.125984,
        -0.126066 0.876810 2.125984,
        -0.208842 0.860857 2.125984,
        -0.289726 0.837107 2.125984,
        -0.367986 0.805776 2.125984,
        -0.442913 0.767148 2.125984,
        -0.513830 0.721573 2.125984,
        -0.580093 0.669463 2.125984,
        -0.641103 0.611291 2.125984,
        -0.696307 0.547582 2.125984,
        -0.745205 0.478914 2.125984,
        -0.787354 0.405909 2.125984,
        -0.822373 0.329229 2.125984,
        -0.849944 0.249566 2.125984,
        -0.869819 0.167644 2.125984,
        -0.869819 -0.167644 2.125984,
        -0.881816 0.084203 2.125984,
        -0.881816 -0.084203 2.125984,
        -0.885827 0.000000 2.125984,
        -0.979795 -0.093559 0.521982,
        -0.966465 -0.186271 0.521982,
        -0.974407 -0.131035 0.521982,
        -0.905472 -0.383931 0.521982,
        -0.913748 -0.365809 0.521982,
        -0.944383 -0.277296 0.521982,
        -0.948610 -0.259872 0.521982,
        -0.874838 -0.451010 0.521982,
        -0.845939 -0.501064 0.521982,
        -0.828006 -0.532127 0.521982,
        -0.773674 -0.608424 0.521982,
        -0.712337 -0.679212 0.521982,
        -0.772370 -0.609929 0.521982,
        -0.644548 -0.743848 0.521982,
        -0.683492 -0.706715 0.521982,
        -0.472647 -0.862429 0.521982,
        -0.492126 -0.852387 0.521982,
        -0.570922 -0.801748 0.521982,
        -0.583449 -0.791897 0.521982,
        -0.408873 -0.895307 0.521982,
        -0.353365 -0.917529 0.521982,
        -0.321917 -0.930119 0.521982,
        -0.232046 -0.956507 0.521982,
        -0.140074 -0.974234 0.521982,
        -0.228135 -0.957261 0.521982,
        -0.046833 -0.983137 0.521982,
        -0.098415 -0.978212 0.521982,
        0.163550 -0.969709 0.521982,
        0.140074 -0.974234 0.521982,
        0.046833 -0.983137 0.521982,
        0.032889 -0.983137 0.521982,
        0.232046 -0.956507 0.521982,
        0.291328 -0.939101 0.521982,
        0.321917 -0.930119 0.521982,
        0.408873 -0.895307 0.521982,
        0.492126 -0.852387 0.521982,
        0.414184 -0.892569 0.521982,
        0.570922 -0.801748 0.521982,
        0.529008 -0.828684 0.521982,
        0.729298 -0.659637 0.521982,
        0.712337 -0.679212 0.521982,
        0.644548 -0.743848 0.521982,
        0.635154 -0.751236 0.521982,
        0.773674 -0.608424 0.521982,
        0.810669 -0.556472 0.521982,
        0.828006 -0.532127 0.521982,
        0.874838 -0.451010 0.521982,
        0.913748 -0.365809 0.521982,
        0.878148 -0.443763 0.521982,
        0.944383 -0.277296 0.521982,
        0.928739 -0.322494 0.521982,
        0.981122 -0.065696 0.521982,
        0.979795 -0.093559 0.521982,
        0.966465 -0.186271 0.521982,
        0.964117 -0.195949 0.521982,
        0.984252 -0.000000 0.521982,
        0.981122 0.065696 0.521982,
        0.979795 0.093559 0.521982,
        0.966465 0.186271 0.521982,
        0.944383 0.277296 0.521982,
        0.964117 0.195949 0.521982,
        0.913748 0.365809 0.521982,
        0.928739 0.322494 0.521982,
        0.810669 0.556472 0.521982,
        0.828006 0.532127 0.521982,
        0.874838 0.451010 0.521982,
        0.878148 0.443763 0.521982,
        0.773674 0.608424 0.521982,
        0.729298 0.659637 0.521982,
        0.712337 0.679212 0.521982,
        0.644548 0.743848 0.521982,
        0.570922 0.801748 0.521982,
        0.635154 0.751236 0.521982,
        0.492126 0.852387 0.521982,
        0.529008 0.828684 0.521982,
        0.291328 0.939101 0.521982,
        0.321917 0.930119 0.521982,
        0.408873 0.895307 0.521982,
        0.414184 0.892569 0.521982,
        0.232046 0.956507 0.521982,
        0.163550 0.969709 0.521982,
        0.140074 0.974234 0.521982,
        0.046833 0.983137 0.521982,
        -0.046833 0.983137 0.521982,
        0.032889 0.983137 0.521982,
        -0.140074 0.974234 0.521982,
        -0.098415 0.978212 0.521982,
        -0.353365 0.917529 0.521982,
        -0.321917 0.930119 0.521982,
        -0.232046 0.956507 0.521982,
        -0.228135 0.957261 0.521982,
        -0.408873 0.895307 0.521982,
        -0.472647 0.862429 0.521982,
        -0.492126 0.852387 0.521982,
        -0.570922 0.801748 0.521982,
        -0.644548 0.743848 0.521982,
        -0.583449 0.791897 0.521982,
        -0.712337 0.679212 0.521982,
        -0.683492 0.706715 0.521982,
        -0.845939 0.501064 0.521982,
        -0.828006 0.532127 0.521982,
        -0.773674 0.608424 0.521982,
        -0.772370 0.609929 0.521982,
        -0.874838 0.451010 0.521982,
        -0.905472 0.383931 0.521982,
        -0.913748 0.365809 0.521982,
        -0.944383 0.277296 0.521982,
        -0.966465 0.186271 0.521982,
        -0.948610 0.259872 0.521982,
        -0.984252 0.000000 0.521982,
        -0.979795 0.093559 0.521982,
        -0.974407 0.131035 0.521982,
        0.936249 0.089401 0.603820,
        0.936053 0.090763 0.603820,
        0.921587 0.089363 0.616412,
        0.923511 0.177992 0.603820,
        0.922862 0.180667 0.603820,
        0.908660 0.177892 0.616412,
        0.902410 0.264972 0.603820,
        0.901060 0.268873 0.603820,
        0.887250 0.264760 0.616412,
        0.873137 0.349551 0.603820,
        0.870850 0.354558 0.603820,
        0.857554 0.349156 0.616412,
        0.835956 0.430965 0.603820,
        0.832516 0.436924 0.603820,
        0.819853 0.430292 0.616412,
        0.791205 0.508477 0.603820,
        0.786416 0.515203 0.603820,
        0.774496 0.507410 0.616412,
        0.739289 0.581383 0.603820,
        0.732980 0.588664 0.603820,
        0.721908 0.579791 0.616412,
        0.470254 0.814504 0.603820,
        0.456796 0.821441 0.603820,
        0.449977 0.809216 0.616412,
        0.390701 0.855516 0.603820,
        0.375367 0.861654 0.603820,
        0.369776 0.848867 0.616412,
        0.307610 0.888780 0.603820,
        0.290441 0.893822 0.603820,
        0.286122 0.880593 0.616412,
        0.221733 0.913996 0.603820,
        0.202810 0.917643 0.603820,
        0.199797 0.904096 0.616412,
        0.133848 0.930934 0.603820,
        0.113294 0.932897 0.603820,
        0.111606 0.919159 0.616412,
        0.044751 0.939442 0.603820,
        0.022726 0.939442 0.603820,
        0.022374 0.925640 0.616412,
        -0.044751 0.939442 0.603820,
        -0.068047 0.937218 0.603820,
        -0.067068 0.923478 0.616412,
        -0.133848 0.930934 0.603820,
        -0.158180 0.926245 0.603820,
        -0.155883 0.912694 0.616412,
        -0.221733 0.913996 0.603820,
        -0.246830 0.906627 0.603820,
        -0.243243 0.893388 0.616412,
        -0.307610 0.888780 0.603820,
        -0.333171 0.878547 0.603820,
        -0.328332 0.865741 0.616412,
        -0.390701 0.855516 0.603820,
        -0.416398 0.842268 0.603820,
        -0.410356 0.830011 0.616412,
        -0.470254 0.814504 0.603820,
        -0.495734 0.798128 0.603820,
        -0.488547 0.786531 0.616412,
        -0.545548 0.766115 0.603820,
        -0.570439 0.746541 0.603820,
        -0.562178 0.735707 0.616412,
        -0.615902 0.710788 0.603820,
        -0.639816 0.687986 0.603820,
        -0.630559 0.678015 0.616412,
        -0.680677 0.649024 0.603820,
        -0.703218 0.623011 0.603820,
        -0.693054 0.613992 0.616412,
        -0.739289 0.581383 0.603820,
        -0.760054 0.552223 0.603820,
        -0.749077 0.544236 0.616412,
        -0.791205 0.508477 0.603820,
        -0.809793 0.476282 0.603820,
        -0.798106 0.469399 0.616412,
        -0.835956 0.430965 0.603820,
        -0.851972 0.395897 0.603820,
        -0.839684 0.390180 0.616412,
        -0.873137 0.349551 0.603820,
        -0.886197 0.311817 0.603820,
        -0.873422 0.307317 0.616412,
        -0.902410 0.264972 0.603820,
        -0.912149 0.224828 0.603820,
        -0.899005 0.221585 0.616412,
        -0.923511 0.177992 0.603820,
        -0.929586 0.135742 0.603820,
        -0.916194 0.133784 0.616412,
        0.774496 0.507410 0.722171,
        0.819853 0.430292 0.722171,
        0.810024 0.425133 0.706410,
        0.680677 0.649024 0.734762,
        0.732980 0.588664 0.734762,
        0.721908 0.579791 0.722171,
        0.615902 0.710788 0.734762,
        0.672709 0.656622 0.734762,
        0.662580 0.646759 0.722171,
        0.545548 0.766115 0.734762,
        0.606165 0.718445 0.734762,
        0.597066 0.707687 0.722171,
        0.470254 0.814504 0.734762,
        0.533969 0.773556 0.734762,
        0.525977 0.762009 0.722171,
        0.390701 0.855516 0.734762,
        0.456796 0.821441 0.734762,
        0.449977 0.809216 0.722171,
        0.307610 0.888780 0.734762,
        0.375367 0.861654 0.734762,
        0.369776 0.848867 0.722171,
        0.221733 0.913996 0.734762,
        0.290441 0.893822 0.734762,
        0.286122 0.880593 0.722171,
        0.133848 0.930934 0.734762,
        0.202810 0.917643 0.734762,
        0.199797 0.904096 0.722171,
        0.044751 0.939442 0.734762,
        0.113294 0.932897 0.734762,
        0.111606 0.919159 0.722171,
        -0.936249 -0.089401 0.734762,
        -0.938345 -0.045389 0.734762,
        -0.924829 -0.044734 0.722171,
        -0.923511 -0.177992 0.734762,
        -0.929586 -0.135742 0.734762,
        -0.916194 -0.133784 0.722171,
        -0.902410 -0.264972 0.734762,
        -0.912149 -0.224828 0.734762,
        -0.899005 -0.221585 0.722171,
        -0.873137 -0.349551 0.734762,
        -0.886197 -0.311817 0.734762,
        -0.873422 -0.307317 0.722171,
        -0.835956 -0.430965 0.734762,
        -0.851972 -0.395897 0.734762,
        -0.839684 -0.390180 0.722171,
        -0.791205 -0.508477 0.734762,
        -0.809793 -0.476282 0.734762,
        -0.798106 -0.469399 0.722171,
        -0.739289 -0.581383 0.734762,
        -0.760054 -0.552223 0.734762,
        -0.749077 -0.544236 0.722171,
        -0.680677 -0.649024 0.734762,
        -0.703218 -0.623011 0.734762,
        -0.693054 -0.613992 0.722171,
        -0.615902 -0.710788 0.734762,
        -0.639816 -0.687986 0.734762,
        -0.630559 -0.678015 0.722171,
        -0.545548 -0.766115 0.734762,
        -0.570439 -0.746541 0.734762,
        -0.562178 -0.735707 0.722171,
        -0.470254 -0.814504 0.734762,
        -0.495734 -0.798128 0.734762,
        -0.488547 -0.786531 0.722171,
        -0.390701 -0.855516 0.734762,
        -0.416398 -0.842268 0.734762,
        -0.410356 -0.830011 0.722171,
        -0.307610 -0.888780 0.734762,
        -0.333171 -0.878547 0.734762,
        -0.328332 -0.865741 0.722171,
        -0.221733 -0.913996 0.734762,
        -0.246830 -0.906627 0.734762,
        -0.243243 -0.893388 0.722171,
        -0.133848 -0.930934 0.734762,
        -0.158180 -0.926245 0.734762,
        -0.155883 -0.912694 0.722171,
        -0.044751 -0.939442 0.734762,
        -0.068047 -0.937218 0.734762,
        -0.067068 -0.923478 0.722171,
        0.044751 -0.939442 0.734762,
        0.022726 -0.939442 0.734762,
        0.022374 -0.925640 0.722171,
        0.133848 -0.930934 0.734762,
        0.113294 -0.932897 0.734762,
        0.111606 -0.919159 0.722171,
        0.221733 -0.913996 0.734762,
        0.202810 -0.917643 0.734762,
        0.199797 -0.904096 0.722171,
        0.307610 -0.888780 0.734762,
        0.290441 -0.893822 0.734762,
        0.286122 -0.880593 0.722171,
        0.390701 -0.855516 0.734762,
        0.375367 -0.861654 0.734762,
        0.369776 -0.848867 0.722171,
        0.470254 -0.814504 0.734762,
        0.456796 -0.821441 0.734762,
        0.449977 -0.809216 0.722171,
        0.545548 -0.766115 0.734762,
        0.533969 -0.773556 0.734762,
        0.525977 -0.762009 0.722171,
        0.615902 -0.710788 0.734762,
        0.606165 -0.718445 0.734762,
        0.597066 -0.707687 0.722171,
        0.680677 -0.649024 0.734762,
        0.672709 -0.656622 0.734762,
        0.662580 -0.646759 0.722171,
        0.925910 0.000000 0.722171,
        0.940507 0.000000 0.734762,
        0.936249 -0.089401 0.734762,
        0.936053 -0.090763 0.734762,
        0.921587 -0.089363 0.722171,
        0.923511 -0.177992 0.734762,
        0.922862 -0.180667 0.734762,
        0.908660 -0.177892 0.722171,
        0.902410 -0.264972 0.734762,
        0.901060 -0.268873 0.734762,
        0.887250 -0.264760 0.722171,
        0.873137 -0.349551 0.734762,
        0.870850 -0.354558 0.734762,
        0.857554 -0.349156 0.722171,
        0.835956 -0.430965 0.734762,
        0.832516 -0.436924 0.734762,
        0.819853 -0.430292 0.722171,
        0.791205 -0.508477 0.734762,
        0.786416 -0.515203 0.734762,
        0.774496 -0.507410 0.722171,
        0.739289 -0.581383 0.734762,
        0.732980 -0.588664 0.734762,
        0.721908 -0.579791 0.722171,
        -0.940507 0.000000 0.734762,
        -0.924829 0.044734 0.722171,
        -0.938345 0.045389 0.734762,
        -0.936249 0.089401 0.734762,
        -0.929586 0.135742 0.734762,
        -0.916194 0.133784 0.722171,
        -0.923511 0.177992 0.734762,
        -0.912149 0.224828 0.734762,
        -0.899005 0.221585 0.722171,
        -0.902410 0.264972 0.734762,
        -0.886197 0.311817 0.734762,
        -0.873422 0.307317 0.722171,
        -0.873137 0.349551 0.734762,
        -0.851972 0.395897 0.734762,
        -0.839684 0.390180 0.722171,
        -0.835956 0.430965 0.734762,
        -0.809793 0.476282 0.734762,
        -0.798106 0.469399 0.722171,
        -0.791205 0.508477 0.734762,
        -0.760054 0.552223 0.734762,
        -0.749077 0.544236 0.722171,
        -0.739289 0.581383 0.734762,
        -0.703218 0.623011 0.734762,
        -0.693054 0.613992 0.722171,
        -0.680677 0.649024 0.734762,
        -0.639816 0.687986 0.734762,
        -0.630559 0.678015 0.722171,
        -0.615902 0.710788 0.734762,
        -0.570439 0.746541 0.734762,
        -0.562178 0.735707 0.722171,
        -0.545548 0.766115 0.734762,
        -0.495734 0.798128 0.734762,
        -0.488547 0.786531 0.722171,
        -0.470254 0.814504 0.734762,
        -0.416398 0.842268 0.734762,
        -0.410356 0.830011 0.722171,
        -0.390701 0.855516 0.734762,
        -0.333171 0.878547 0.734762,
        -0.328332 0.865741 0.722171,
        -0.307610 0.888780 0.734762,
        -0.246830 0.906627 0.734762,
        -0.243243 0.893388 0.722171,
        -0.221733 0.913996 0.734762,
        -0.158180 0.926245 0.734762,
        -0.155883 0.912694 0.722171,
        -0.133848 0.930934 0.734762,
        -0.068047 0.937218 0.734762,
        -0.067068 0.923478 0.722171,
        -0.044751 0.939442 0.734762,
        0.022726 0.939442 0.734762,
        0.022374 0.925640 0.722171,
        0.739289 0.581383 0.734762,
        0.786416 0.515203 0.734762,
        0.791205 0.508477 0.734762,
        0.832516 0.436924 0.734762,
        0.835956 0.430965 0.734762,
        0.857554 0.349156 0.722171,
        0.870850 0.354558 0.734762,
        0.873137 0.349551 0.734762,
        0.887250 0.264760 0.722171,
        0.901060 0.268873 0.734762,
        0.902410 0.264972 0.734762,
        0.908660 0.177892 0.722171,
        0.922862 0.180667 0.734762,
        0.923511 0.177992 0.734762,
        0.921587 0.089363 0.722171,
        0.936053 0.090763 0.734762,
        0.936249 0.089401 0.734762,
        0.840848 0.342354 0.688424,
        0.847274 0.344970 0.706410,
        0.867703 0.258927 0.669291,
        0.869964 0.259602 0.688424,
        0.876613 0.261586 0.706410,
        0.890958 0.174426 0.650159,
        0.888642 0.173973 0.669291,
        0.890958 0.174426 0.688424,
        0.897767 0.175759 0.706410,
        0.910539 0.088292 0.632173,
        0.903633 0.087622 0.650159,
        0.901285 0.087394 0.669291,
        0.903633 0.087622 0.688424,
        0.910539 0.088292 0.706410,
        0.925910 0.000000 0.616412,
        0.914810 0.000000 0.632173,
        0.907872 0.000000 0.650159,
        0.905512 0.000000 0.669291,
        0.907872 0.000000 0.688424,
        0.914810 0.000000 0.706410,
        0.597066 0.707687 0.616412,
        0.525977 0.762009 0.616412,
        0.519671 0.752874 0.632173,
        0.921587 -0.089363 0.616412,
        0.936053 -0.090763 0.603820,
        0.936249 -0.089401 0.603820,
        0.910539 -0.088292 0.706410,
        0.903633 -0.087622 0.688424,
        0.901285 -0.087394 0.669291,
        0.903633 -0.087622 0.650159,
        0.910539 -0.088292 0.632173,
        0.940507 0.000000 0.603820,
        0.908660 -0.177892 0.616412,
        0.922862 -0.180667 0.603820,
        0.923511 -0.177992 0.603820,
        0.897767 -0.175759 0.706410,
        0.890958 -0.174426 0.688424,
        0.888642 -0.173973 0.669291,
        0.890958 -0.174426 0.650159,
        0.897767 -0.175759 0.632173,
        0.887250 -0.264760 0.616412,
        0.901060 -0.268873 0.603820,
        0.902410 -0.264972 0.603820,
        0.876613 -0.261586 0.706410,
        0.869964 -0.259602 0.688424,
        0.867703 -0.258927 0.669291,
        0.869964 -0.259602 0.650159,
        0.876613 -0.261586 0.632173,
        0.857554 -0.349156 0.616412,
        0.870850 -0.354558 0.603820,
        0.873137 -0.349551 0.603820,
        0.847274 -0.344970 0.706410,
        0.840848 -0.342354 0.688424,
        0.838662 -0.341464 0.669291,
        0.840848 -0.342354 0.650159,
        0.847274 -0.344970 0.632173,
        0.819853 -0.430292 0.616412,
        0.832516 -0.436924 0.603820,
        0.835956 -0.430965 0.603820,
        0.810024 -0.425133 0.706410,
        0.803880 -0.421909 0.688424,
        0.801791 -0.420812 0.669291,
        0.803880 -0.421909 0.650159,
        0.810024 -0.425133 0.632173,
        0.774496 -0.507410 0.616412,
        0.786416 -0.515203 0.603820,
        0.791205 -0.508477 0.603820,
        0.765211 -0.501327 0.706410,
        0.759407 -0.497525 0.688424,
        0.757433 -0.496232 0.669291,
        0.759407 -0.497525 0.650159,
        0.765211 -0.501327 0.632173,
        0.721908 -0.579791 0.616412,
        0.732980 -0.588664 0.603820,
        0.739289 -0.581383 0.603820,
        0.713254 -0.572840 0.706410,
        0.707844 -0.568496 0.688424,
        0.706004 -0.567018 0.669291,
        0.707844 -0.568496 0.650159,
        0.713254 -0.572840 0.632173,
        0.662580 -0.646759 0.616412,
        0.672709 -0.656622 0.603820,
        0.680677 -0.649024 0.603820,
        0.654637 -0.639005 0.706410,
        0.649672 -0.634159 0.688424,
        0.647983 -0.632510 0.669291,
        0.649672 -0.634159 0.650159,
        0.654637 -0.639005 0.632173,
        0.597066 -0.707687 0.616412,
        0.606165 -0.718445 0.603820,
        0.615902 -0.710788 0.603820,
        0.589908 -0.699204 0.706410,
        0.585434 -0.693900 0.688424,
        0.583912 -0.692097 0.669291,
        0.585434 -0.693900 0.650159,
        0.589908 -0.699204 0.632173,
        0.525977 -0.762009 0.616412,
        0.533969 -0.773556 0.603820,
        0.545548 -0.766115 0.603820,
        0.519671 -0.752874 0.706410,
        0.515730 -0.747164 0.688424,
        0.514389 -0.745222 0.669291,
        0.515730 -0.747164 0.650159,
        0.519671 -0.752874 0.632173,
        0.449977 -0.809216 0.616412,
        0.456796 -0.821441 0.603820,
        0.470254 -0.814504 0.603820,
        0.444582 -0.799514 0.706410,
        0.441211 -0.793451 0.688424,
        0.440064 -0.791388 0.669291,
        0.441211 -0.793451 0.650159,
        0.444582 -0.799514 0.632173,
        0.369776 -0.848867 0.616412,
        0.375367 -0.861654 0.603820,
        0.390701 -0.855516 0.603820,
        0.365343 -0.838691 0.706410,
        0.362572 -0.832330 0.688424,
        0.361630 -0.830166 0.669291,
        0.362572 -0.832330 0.650159,
        0.365343 -0.838691 0.632173,
        0.286122 -0.880593 0.616412,
        0.290441 -0.893822 0.603820,
        0.307610 -0.888780 0.603820,
        0.282692 -0.870036 0.706410,
        0.280548 -0.863437 0.688424,
        0.279819 -0.861193 0.669291,
        0.280548 -0.863437 0.650159,
        0.282692 -0.870036 0.632173,
        0.199797 -0.904096 0.616412,
        0.202810 -0.917643 0.603820,
        0.221733 -0.913996 0.603820,
        0.197402 -0.893258 0.706410,
        0.195904 -0.886483 0.688424,
        0.195395 -0.884179 0.669291,
        0.195904 -0.886483 0.650159,
        0.197402 -0.893258 0.632173,
        0.111606 -0.919159 0.616412,
        0.113294 -0.932897 0.603820,
        0.133848 -0.930934 0.603820,
        0.110268 -0.908140 0.706410,
        0.109432 -0.901252 0.688424,
        0.109147 -0.898909 0.669291,
        0.109432 -0.901252 0.650159,
        0.110268 -0.908140 0.632173,
        0.022374 -0.925640 0.616412,
        0.022726 -0.939442 0.603820,
        0.044751 -0.939442 0.603820,
        0.022105 -0.914543 0.706410,
        0.021937 -0.907607 0.688424,
        0.021881 -0.905247 0.669291,
        0.021937 -0.907607 0.650159,
        0.022105 -0.914543 0.632173,
        -0.067068 -0.923478 0.616412,
        -0.068047 -0.937218 0.603820,
        -0.044751 -0.939442 0.603820,
        -0.066264 -0.912407 0.706410,
        -0.065761 -0.905487 0.688424,
        -0.065591 -0.903133 0.669291,
        -0.065761 -0.905487 0.650159,
        -0.066264 -0.912407 0.632173,
        -0.155883 -0.912694 0.616412,
        -0.158180 -0.926245 0.603820,
        -0.133848 -0.930934 0.603820,
        -0.154015 -0.901752 0.706410,
        -0.152846 -0.894913 0.688424,
        -0.152449 -0.892587 0.669291,
        -0.152846 -0.894913 0.650159,
        -0.154015 -0.901752 0.632173,
        -0.243243 -0.893388 0.616412,
        -0.246830 -0.906627 0.603820,
        -0.221733 -0.913996 0.603820,
        -0.240327 -0.882678 0.706410,
        -0.238505 -0.875983 0.688424,
        -0.237885 -0.873706 0.669291,
        -0.238505 -0.875983 0.650159,
        -0.240327 -0.882678 0.632173,
        -0.328332 -0.865741 0.616412,
        -0.333171 -0.878547 0.603820,
        -0.307610 -0.888780 0.603820,
        -0.324396 -0.855362 0.706410,
        -0.321936 -0.848875 0.688424,
        -0.321099 -0.846668 0.669291,
        -0.321936 -0.848875 0.650159,
        -0.324396 -0.855362 0.632173,
        -0.410356 -0.830011 0.616412,
        -0.416398 -0.842268 0.603820,
        -0.390701 -0.855516 0.603820,
        -0.405436 -0.820060 0.706410,
        -0.402361 -0.813841 0.688424,
        -0.401315 -0.811725 0.669291,
        -0.402361 -0.813841 0.650159,
        -0.405436 -0.820060 0.632173,
        -0.488547 -0.786531 0.616412,
        -0.495734 -0.798128 0.603820,
        -0.470254 -0.814504 0.603820,
        -0.482691 -0.777102 0.706410,
        -0.479030 -0.771208 0.688424,
        -0.477785 -0.769203 0.669291,
        -0.479030 -0.771208 0.650159,
        -0.482691 -0.777102 0.632173,
        -0.562178 -0.735707 0.616412,
        -0.570439 -0.746541 0.603820,
        -0.545548 -0.766115 0.603820,
        -0.555438 -0.726887 0.706410,
        -0.551226 -0.721374 0.688424,
        -0.549793 -0.719500 0.669291,
        -0.551226 -0.721374 0.650159,
        -0.555438 -0.726887 0.632173,
        -0.630559 -0.678015 0.616412,
        -0.639816 -0.687986 0.603820,
        -0.615902 -0.710788 0.603820,
        -0.623000 -0.669887 0.706410,
        -0.618275 -0.664806 0.688424,
        -0.616668 -0.663078 0.669291,
        -0.618275 -0.664806 0.650159,
        -0.623000 -0.669887 0.632173,
        -0.693054 -0.613992 0.616412,
        -0.703218 -0.623011 0.603820,
        -0.680677 -0.649024 0.603820,
        -0.684745 -0.606631 0.706410,
        -0.679552 -0.602030 0.688424,
        -0.677785 -0.600465 0.669291,
        -0.679552 -0.602030 0.650159,
        -0.684745 -0.606631 0.632173,
        -0.749077 -0.544236 0.616412,
        -0.760054 -0.552223 0.603820,
        -0.739289 -0.581383 0.603820,
        -0.740096 -0.537712 0.706410,
        -0.734483 -0.533633 0.688424,
        -0.732574 -0.532246 0.669291,
        -0.734483 -0.533633 0.650159,
        -0.740096 -0.537712 0.632173,
        -0.798106 -0.469399 0.616412,
        -0.809793 -0.476282 0.603820,
        -0.791205 -0.508477 0.603820,
        -0.788538 -0.463772 0.706410,
        -0.782558 -0.460254 0.688424,
        -0.780524 -0.459058 0.669291,
        -0.782558 -0.460254 0.650159,
        -0.788538 -0.463772 0.632173,
        -0.839684 -0.390180 0.616412,
        -0.851972 -0.395897 0.603820,
        -0.835956 -0.430965 0.603820,
        -0.829617 -0.385502 0.706410,
        -0.823326 -0.382578 0.688424,
        -0.821185 -0.381584 0.669291,
        -0.823326 -0.382578 0.650159,
        -0.829617 -0.385502 0.632173,
        -0.873422 -0.307317 0.616412,
        -0.886197 -0.311817 0.603820,
        -0.873137 -0.349551 0.603820,
        -0.862951 -0.303633 0.706410,
        -0.856406 -0.301330 0.688424,
        -0.854180 -0.300546 0.669291,
        -0.856406 -0.301330 0.650159,
        -0.862951 -0.303633 0.632173,
        -0.899005 -0.221585 0.616412,
        -0.912149 -0.224828 0.603820,
        -0.902410 -0.264972 0.603820,
        -0.888227 -0.218928 0.706410,
        -0.881491 -0.217268 0.688424,
        -0.879199 -0.216703 0.669291,
        -0.881491 -0.217268 0.650159,
        -0.888227 -0.218928 0.632173,
        -0.916194 -0.133784 0.616412,
        -0.929586 -0.135742 0.603820,
        -0.923511 -0.177992 0.603820,
        -0.905210 -0.132180 0.706410,
        -0.898345 -0.131178 0.688424,
        -0.896010 -0.130837 0.669291,
        -0.898345 -0.131178 0.650159,
        -0.905210 -0.132180 0.632173,
        -0.924829 -0.044734 0.616412,
        -0.938345 -0.045389 0.603820,
        -0.936249 -0.089401 0.603820,
        -0.913741 -0.044198 0.706410,
        -0.906811 -0.043862 0.688424,
        -0.904454 -0.043748 0.669291,
        -0.906811 -0.043862 0.650159,
        -0.913741 -0.044198 0.632173,
        -0.936249 0.089401 0.603820,
        -0.938345 0.045389 0.603820,
        -0.924829 0.044734 0.616412,
        -0.940507 0.000000 0.603820,
        -0.913741 0.044198 0.706410,
        -0.906811 0.043862 0.688424,
        -0.904454 0.043748 0.669291,
        -0.906811 0.043862 0.650159,
        -0.913741 0.044198 0.632173,
        -0.905210 0.132180 0.706410,
        -0.898345 0.131178 0.688424,
        -0.896010 0.130837 0.669291,
        -0.898345 0.131178 0.650159,
        -0.905210 0.132180 0.632173,
        -0.888227 0.218928 0.706410,
        -0.881491 0.217268 0.688424,
        -0.879199 0.216703 0.669291,
        -0.881491 0.217268 0.650159,
        -0.888227 0.218928 0.632173,
        -0.862951 0.303633 0.706410,
        -0.856406 0.301330 0.688424,
        -0.854180 0.300546 0.669291,
        -0.856406 0.301330 0.650159,
        -0.862951 0.303633 0.632173,
        -0.829617 0.385502 0.706410,
        -0.823326 0.382578 0.688424,
        -0.821185 0.381584 0.669291,
        -0.823326 0.382578 0.650159,
        -0.829617 0.385502 0.632173,
        -0.788538 0.463772 0.706410,
        -0.782558 0.460254 0.688424,
        -0.780524 0.459058 0.669291,
        -0.782558 0.460254 0.650159,
        -0.788538 0.463772 0.632173,
        -0.740096 0.537712 0.706410,
        -0.734483 0.533633 0.688424,
        -0.732574 0.532246 0.669291,
        -0.734483 0.533633 0.650159,
        -0.740096 0.537712 0.632173,
        -0.684745 0.606631 0.706410,
        -0.679552 0.602030 0.688424,
        -0.677785 0.600465 0.669291,
        -0.679552 0.602030 0.650159,
        -0.684745 0.606631 0.632173,
        -0.623000 0.669887 0.706410,
        -0.618275 0.664806 0.688424,
        -0.616668 0.663078 0.669291,
        -0.618275 0.664806 0.650159,
        -0.623000 0.669887 0.632173,
        -0.555438 0.726887 0.706410,
        -0.551226 0.721374 0.688424,
        -0.549793 0.719500 0.669291,
        -0.551226 0.721374 0.650159,
        -0.555438 0.726887 0.632173,
        -0.482691 0.777102 0.706410,
        -0.479030 0.771208 0.688424,
        -0.477785 0.769203 0.669291,
        -0.479030 0.771208 0.650159,
        -0.482691 0.777102 0.632173,
        -0.405436 0.820060 0.706410,
        -0.402361 0.813841 0.688424,
        -0.401315 0.811725 0.669291,
        -0.402361 0.813841 0.650159,
        -0.405436 0.820060 0.632173,
        -0.324396 0.855362 0.706410,
        -0.321936 0.848875 0.688424,
        -0.321099 0.846668 0.669291,
        -0.321936 0.848875 0.650159,
        -0.324396 0.855362 0.632173,
        -0.240327 0.882678 0.706410,
        -0.238505 0.875983 0.688424,
        -0.237885 0.873706 0.669291,
        -0.238505 0.875983 0.650159,
        -0.240327 0.882678 0.632173,
        -0.154015 0.901752 0.706410,
        -0.152846 0.894913 0.688424,
        -0.152449 0.892587 0.669291,
        -0.152846 0.894913 0.650159,
        -0.154015 0.901752 0.632173,
        -0.066264 0.912407 0.706410,
        -0.065761 0.905487 0.688424,
        -0.065591 0.903133 0.669291,
        -0.065761 0.905487 0.650159,
        -0.066264 0.912407 0.632173,
        0.022105 0.914543 0.706410,
        0.021937 0.907607 0.688424,
        0.021881 0.905247 0.669291,
        0.021937 0.907607 0.650159,
        0.022105 0.914543 0.632173,
        0.110268 0.908140 0.706410,
        0.109432 0.901252 0.688424,
        0.109147 0.898909 0.669291,
        0.109432 0.901252 0.650159,
        0.110268 0.908140 0.632173,
        0.197402 0.893258 0.706410,
        0.195904 0.886483 0.688424,
        0.195395 0.884179 0.669291,
        0.195904 0.886483 0.650159,
        0.197402 0.893258 0.632173,
        0.280548 0.863437 0.688424,
        0.279819 0.861193 0.669291,
        0.280548 0.863437 0.650159,
        0.282692 0.870036 0.632173,
        0.361630 0.830166 0.669291,
        0.362572 0.832330 0.650159,
        0.365343 0.838691 0.632173,
        0.441211 0.793451 0.650159,
        0.444582 0.799514 0.632173,
        0.533969 0.773556 0.603820,
        0.680677 0.649024 0.603820,
        0.672709 0.656622 0.603820,
        0.662580 0.646759 0.616412,
        0.589908 0.699204 0.632173,
        0.515730 0.747164 0.650159,
        0.440064 0.791388 0.669291,
        0.362572 0.832330 0.688424,
        0.282692 0.870036 0.706410,
        0.615902 0.710788 0.603820,
        0.606165 0.718445 0.603820,
        0.545548 0.766115 0.603820,
        0.654637 0.639005 0.632173,
        0.585434 0.693900 0.650159,
        0.514389 0.745222 0.669291,
        0.441211 0.793451 0.688424,
        0.365343 0.838691 0.706410,
        0.713254 0.572840 0.632173,
        0.649672 0.634159 0.650159,
        0.583912 0.692097 0.669291,
        0.515730 0.747164 0.688424,
        0.444582 0.799514 0.706410,
        0.765211 0.501327 0.632173,
        0.707844 0.568496 0.650159,
        0.647983 0.632510 0.669291,
        0.585434 0.693900 0.688424,
        0.519671 0.752874 0.706410,
        0.810024 0.425133 0.632173,
        0.759407 0.497525 0.650159,
        0.706004 0.567018 0.669291,
        0.649672 0.634159 0.688424,
        0.589908 0.699204 0.706410,
        0.847274 0.344970 0.632173,
        0.803880 0.421909 0.650159,
        0.757433 0.496232 0.669291,
        0.707844 0.568496 0.688424,
        0.654637 0.639005 0.706410,
        0.876613 0.261586 0.632173,
        0.840848 0.342354 0.650159,
        0.801791 0.420812 0.669291,
        0.759407 0.497525 0.688424,
        0.713254 0.572840 0.706410,
        0.897767 0.175759 0.632173,
        0.869964 0.259602 0.650159,
        0.838662 0.341464 0.669291,
        0.803880 0.421909 0.688424,
        0.765211 0.501327 0.706410,
        -0.979795 0.093559 2.027559,
        -0.979795 0.093559 0.816601,
        -0.984252 0.000000 2.027559,
        -0.984252 0.000000 0.816601,
        -0.979795 -0.093559 2.027559,
        -0.979795 -0.093559 0.816601,
        -0.974407 -0.131035 2.027559,
        -0.974407 -0.131035 0.816601,
        -0.966465 -0.186271 2.027559,
        -0.966465 -0.186271 0.816601,
        -0.948610 -0.259872 2.027559,
        -0.948610 -0.259872 0.816601,
        -0.944383 -0.277296 2.027559,
        -0.944383 -0.277296 0.816601,
        -0.913748 -0.365809 2.027559,
        -0.913748 -0.365809 0.816601,
        -0.905472 -0.383931 2.027559,
        -0.905472 -0.383931 0.816601,
        -0.874838 -0.451010 2.027559,
        -0.874838 -0.451010 0.816601,
        -0.845939 -0.501064 2.027559,
        -0.845939 -0.501064 0.816601,
        -0.828006 -0.532127 2.027559,
        -0.828006 -0.532127 0.816601,
        -0.773674 -0.608424 2.027559,
        -0.773674 -0.608424 0.816601,
        -0.772370 -0.609929 2.027559,
        -0.772370 -0.609929 0.816601,
        -0.712337 -0.679212 2.027559,
        -0.712337 -0.679212 0.816601,
        -0.683492 -0.706715 2.027559,
        -0.683492 -0.706715 0.816601,
        -0.644548 -0.743848 2.027559,
        -0.644548 -0.743848 0.816601,
        -0.583449 -0.791897 2.027559,
        -0.583449 -0.791897 0.816601,
        -0.570922 -0.801748 2.027559,
        -0.570922 -0.801748 0.816601,
        -0.492126 -0.852387 2.027559,
        -0.492126 -0.852387 0.816601,
        -0.472647 -0.862429 2.027559,
        -0.472647 -0.862429 0.816601,
        -0.408873 -0.895307 2.027559,
        -0.408873 -0.895307 0.816601,
        -0.353365 -0.917529 2.027559,
        -0.353365 -0.917529 0.816601,
        -0.321917 -0.930119 2.027559,
        -0.321917 -0.930119 0.816601,
        -0.232046 -0.956507 2.027559,
        -0.232046 -0.956507 0.816601,
        -0.228135 -0.957261 2.027559,
        -0.228135 -0.957261 0.816601,
        -0.140074 -0.974234 2.027559,
        -0.140074 -0.974234 0.816601,
        -0.098415 -0.978212 2.027559,
        -0.098415 -0.978212 0.816601,
        -0.046833 -0.983137 2.027559,
        -0.046833 -0.983137 0.816601,
        0.032889 -0.983137 2.027559,
        0.032889 -0.983137 0.816601,
        0.046833 -0.983137 2.027559,
        0.046833 -0.983137 0.816601,
        0.140074 -0.974234 2.027559,
        0.140074 -0.974234 0.816601,
        0.163550 -0.969709 2.027559,
        0.163550 -0.969709 0.816601,
        0.232046 -0.956507 2.027559,
        0.232046 -0.956507 0.816601,
        0.291328 -0.939101 2.027559,
        0.291328 -0.939101 0.816601,
        0.321917 -0.930119 2.027559,
        0.321917 -0.930119 0.816601,
        0.408873 -0.895307 2.027559,
        0.408873 -0.895307 0.816601,
        0.414184 -0.892569 2.027559,
        0.414184 -0.892569 0.816601,
        0.492126 -0.852387 2.027559,
        0.492126 -0.852387 0.816601,
        0.529008 -0.828684 2.027559,
        0.529008 -0.828684 0.816601,
        0.570922 -0.801748 2.027559,
        0.570922 -0.801748 0.816601,
        0.635154 -0.751236 2.027559,
        0.635154 -0.751236 0.816601,
        0.644548 -0.743848 2.027559,
        0.644548 -0.743848 0.816601,
        0.712337 -0.679212 2.027559,
        0.712337 -0.679212 0.816601,
        0.729298 -0.659637 2.027559,
        0.729298 -0.659637 0.816601,
        0.773674 -0.608424 2.027559,
        0.773674 -0.608424 0.816601,
        0.810669 -0.556472 2.027559,
        0.810669 -0.556472 0.816601,
        0.828006 -0.532127 2.027559,
        0.828006 -0.532127 0.816601,
        0.874838 -0.451010 2.027559,
        0.874838 -0.451010 0.816601,
        0.878148 -0.443763 2.027559,
        0.878148 -0.443763 0.816601,
        0.913748 -0.365809 2.027559,
        0.913748 -0.365809 0.816601,
        0.928739 -0.322494 2.027559,
        0.928739 -0.322494 0.816601,
        0.944383 -0.277296 2.027559,
        0.944383 -0.277296 0.816601,
        0.964117 -0.195949 2.027559,
        0.964117 -0.195949 0.816601,
        0.966465 -0.186271 2.027559,
        0.966465 -0.186271 0.816601,
        0.979795 -0.093559 2.027559,
        0.979795 -0.093559 0.816601,
        0.981122 -0.065696 2.027559,
        0.981122 -0.065696 0.816601,
        0.984252 -0.000000 2.027559,
        0.984252 -0.000000 0.816601,
        0.981122 0.065696 2.027559,
        0.981122 0.065696 0.816601,
        0.979795 0.093559 2.027559,
        0.979795 0.093559 0.816601,
        0.966465 0.186271 2.027559,
        0.966465 0.186271 0.816601,
        0.964117 0.195949 2.027559,
        0.964117 0.195949 0.816601,
        0.944383 0.277296 2.027559,
        0.944383 0.277296 0.816601,
        0.928739 0.322494 2.027559,
        0.928739 0.322494 0.816601,
        0.913748 0.365809 2.027559,
        0.913748 0.365809 0.816601,
        0.878148 0.443763 2.027559,
        0.878148 0.443763 0.816601,
        0.874838 0.451010 2.027559,
        0.874838 0.451010 0.816601,
        0.828006 0.532127 2.027559,
        0.828006 0.532127 0.816601,
        0.810669 0.556472 2.027559,
        0.810669 0.556472 0.816601,
        0.773674 0.608424 2.027559,
        0.773674 0.608424 0.816601,
        0.729298 0.659637 2.027559,
        0.729298 0.659637 0.816601,
        0.712337 0.679212 2.027559,
        0.712337 0.679212 0.816601,
        0.644548 0.743848 2.027559,
        0.644548 0.743848 0.816601,
        0.635154 0.751236 2.027559,
        0.635154 0.751236 0.816601,
        0.570922 0.801748 2.027559,
        0.570922 0.801748 0.816601,
        0.529008 0.828684 2.027559,
        0.529008 0.828684 0.816601,
        0.492126 0.852387 2.027559,
        0.492126 0.852387 0.816601,
        0.414184 0.892569 2.027559,
        0.414184 0.892569 0.816601,
        0.408873 0.895307 2.027559,
        0.408873 0.895307 0.816601,
        0.321917 0.930119 2.027559,
        0.321917 0.930119 0.816601,
        0.291328 0.939101 2.027559,
        0.291328 0.939101 0.816601,
        0.232046 0.956507 2.027559,
        0.232046 0.956507 0.816601,
        0.163550 0.969709 2.027559,
        0.163550 0.969709 0.816601,
        0.140074 0.974234 2.027559,
        0.140074 0.974234 0.816601,
        0.046833 0.983137 2.027559,
        0.046833 0.983137 0.816601,
        0.032889 0.983137 2.027559,
        0.032889 0.983137 0.816601,
        -0.046833 0.983137 2.027559,
        -0.046833 0.983137 0.816601,
        -0.098415 0.978212 2.027559,
        -0.098415 0.978212 0.816601,
        -0.140074 0.974234 2.027559,
        -0.140074 0.974234 0.816601,
        -0.228135 0.957261 2.027559,
        -0.228135 0.957261 0.816601,
        -0.232046 0.956507 2.027559,
        -0.232046 0.956507 0.816601,
        -0.321917 0.930119 2.027559,
        -0.321917 0.930119 0.816601,
        -0.353365 0.917529 2.027559,
        -0.353365 0.917529 0.816601,
        -0.408873 0.895307 2.027559,
        -0.408873 0.895307 0.816601,
        -0.472647 0.862429 2.027559,
        -0.472647 0.862429 0.816601,
        -0.492126 0.852387 2.027559,
        -0.492126 0.852387 0.816601,
        -0.570922 0.801748 2.027559,
        -0.570922 0.801748 0.816601,
        -0.583449 0.791897 2.027559,
        -0.583449 0.791897 0.816601,
        -0.644548 0.743848 2.027559,
        -0.644548 0.743848 0.816601,
        -0.683492 0.706715 2.027559,
        -0.683492 0.706715 0.816601,
        -0.712337 0.679212 2.027559,
        -0.712337 0.679212 0.816601,
        -0.772370 0.609929 2.027559,
        -0.772370 0.609929 0.816601,
        -0.773674 0.608424 2.027559,
        -0.773674 0.608424 0.816601,
        -0.828006 0.532127 2.027559,
        -0.828006 0.532127 0.816601,
        -0.845939 0.501064 2.027559,
        -0.845939 0.501064 0.816601,
        -0.874838 0.451010 2.027559,
        -0.874838 0.451010 0.816601,
        -0.905472 0.383931 2.027559,
        -0.905472 0.383931 0.816601,
        -0.913748 0.365809 2.027559,
        -0.913748 0.365809 0.816601,
        -0.944383 0.277296 2.027559,
        -0.944383 0.277296 0.816601,
        -0.948610 0.259872 2.027559,
        -0.948610 0.259872 0.816601,
        -0.966465 0.186271 2.027559,
        -0.966465 0.186271 0.816601,
        -0.974407 0.131035 2.027559,
        -0.974407 0.131035 0.816601,
        -0.954413 0.091135 0.588081,
        -0.941428 0.181445 0.588081,
        -0.919918 0.270112 0.588081,
        -0.890077 0.356333 0.588081,
        -0.852175 0.439327 0.588081,
        -0.806556 0.518342 0.588081,
        -0.753632 0.592663 0.588081,
        -0.693883 0.661616 0.588081,
        -0.627850 0.724578 0.588081,
        -0.556132 0.780978 0.588081,
        -0.479377 0.830306 0.588081,
        -0.398281 0.872113 0.588081,
        -0.313578 0.906024 0.588081,
        -0.226035 0.931728 0.588081,
        -0.136445 0.948995 0.588081,
        -0.045619 0.957668 0.588081,
        0.045619 0.957668 0.588081,
        0.136445 0.948995 0.588081,
        0.226035 0.931728 0.588081,
        0.313578 0.906024 0.588081,
        0.398281 0.872113 0.588081,
        0.479377 0.830306 0.588081,
        0.556132 0.780978 0.588081,
        0.627850 0.724578 0.588081,
        0.693883 0.661616 0.588081,
        0.753632 0.592663 0.588081,
        0.806556 0.518342 0.588081,
        0.852175 0.439327 0.588081,
        0.890077 0.356333 0.588081,
        0.919918 0.270112 0.588081,
        0.941428 0.181445 0.588081,
        0.486315 0.842322 0.568380,
        0.490651 0.849833 0.545898,
        0.407648 0.892624 0.545898,
        -0.963569 0.185713 0.545898,
        -0.872216 0.449659 0.545898,
        -0.710202 0.677176 0.545898,
        -0.642616 0.741619 0.545898,
        -0.407648 0.892624 0.545898,
        -0.231351 0.953641 0.545898,
        -0.046692 0.980191 0.545898,
        0.231351 0.953641 0.545898,
        0.710202 0.677176 0.545898,
        0.872216 0.449659 0.545898,
        0.911009 0.364713 0.545898,
        0.976859 0.093279 0.545898,
        0.963569 -0.185713 0.545898,
        0.771356 -0.606601 0.545898,
        0.642616 -0.741619 0.545898,
        0.231351 -0.953641 0.545898,
        0.046692 -0.980191 0.545898,
        -0.407648 -0.892624 0.545898,
        -0.642616 -0.741619 0.545898,
        -0.872216 -0.449659 0.545898,
        -0.963569 -0.185713 0.545898,
        -0.981302 0.000000 0.545898,
        -0.976859 -0.093279 0.545898,
        -0.941552 -0.276465 0.545898,
        -0.911009 -0.364713 0.545898,
        -0.825524 -0.530532 0.545898,
        -0.771356 -0.606601 0.545898,
        -0.710202 -0.677176 0.545898,
        -0.569211 -0.799345 0.545898,
        -0.490651 -0.849833 0.545898,
        -0.320952 -0.927331 0.545898,
        -0.231351 -0.953641 0.545898,
        -0.139654 -0.971314 0.545898,
        -0.046692 -0.980191 0.545898,
        0.139654 -0.971314 0.545898,
        0.320952 -0.927331 0.545898,
        0.407648 -0.892624 0.545898,
        0.490651 -0.849833 0.545898,
        0.569211 -0.799345 0.545898,
        0.710202 -0.677176 0.545898,
        0.825524 -0.530532 0.545898,
        0.872216 -0.449659 0.545898,
        0.911009 -0.364713 0.545898,
        0.941552 -0.276465 0.545898,
        0.976859 -0.093279 0.545898,
        0.320952 0.927331 0.545898,
        0.139654 0.971314 0.545898,
        0.046692 0.980191 0.545898,
        -0.139654 0.971314 0.545898,
        -0.320952 0.927331 0.545898,
        -0.490651 0.849833 0.545898,
        -0.569211 0.799345 0.545898,
        -0.771356 0.606601 0.545898,
        -0.825524 0.530532 0.545898,
        -0.911009 0.364713 0.545898,
        -0.941552 0.276465 0.545898,
        -0.976859 0.093279 0.545898,
        0.569211 0.799345 0.545898,
        0.564181 0.792281 0.568380,
        0.968226 -0.092454 0.568380,
        0.954413 -0.091135 0.588081,
        0.941428 -0.181445 0.588081,
        0.958754 0.000000 0.588081,
        0.972630 0.000000 0.568380,
        0.981302 0.000000 0.545898,
        0.968226 0.092454 0.568380,
        0.954413 0.091135 0.588081,
        -0.954413 -0.091135 0.588081,
        -0.955053 -0.184071 0.568380,
        -0.968226 -0.092454 0.568380,
        -0.958754 0.000000 0.588081,
        -0.941428 -0.181445 0.588081,
        -0.933231 -0.274021 0.568380,
        -0.919918 -0.270112 0.588081,
        -0.902958 -0.361490 0.568380,
        -0.890077 -0.356333 0.588081,
        -0.864508 -0.445685 0.568380,
        -0.852175 -0.439327 0.588081,
        -0.818228 -0.525843 0.568380,
        -0.806556 -0.518342 0.588081,
        -0.764539 -0.601240 0.568380,
        -0.753632 -0.592663 0.588081,
        -0.703925 -0.671191 0.568380,
        -0.693883 -0.661616 0.588081,
        -0.636937 -0.735065 0.568380,
        -0.627850 -0.724578 0.588081,
        -0.564181 -0.792281 0.568380,
        -0.556132 -0.780978 0.588081,
        -0.486315 -0.842322 0.568380,
        -0.479377 -0.830306 0.588081,
        -0.404045 -0.884735 0.568380,
        -0.398281 -0.872113 0.588081,
        -0.318116 -0.919136 0.568380,
        -0.313578 -0.906024 0.588081,
        -0.229306 -0.945213 0.568380,
        -0.226035 -0.931728 0.588081,
        -0.138420 -0.962730 0.568380,
        -0.136445 -0.948995 0.588081,
        -0.046280 -0.971528 0.568380,
        -0.045619 -0.957668 0.588081,
        0.046280 -0.971528 0.568380,
        0.045619 -0.957668 0.588081,
        0.138420 -0.962730 0.568380,
        0.136445 -0.948995 0.588081,
        0.229306 -0.945213 0.568380,
        0.226035 -0.931728 0.588081,
        0.318116 -0.919136 0.568380,
        0.313578 -0.906024 0.588081,
        0.404045 -0.884735 0.568380,
        0.398281 -0.872113 0.588081,
        0.486315 -0.842322 0.568380,
        0.479377 -0.830306 0.588081,
        0.564181 -0.792281 0.568380,
        0.556132 -0.780978 0.588081,
        0.636937 -0.735065 0.568380,
        0.627850 -0.724578 0.588081,
        0.703925 -0.671191 0.568380,
        0.693883 -0.661616 0.588081,
        0.764539 -0.601240 0.568380,
        0.753632 -0.592663 0.588081,
        0.818228 -0.525843 0.568380,
        0.806556 -0.518342 0.588081,
        0.864508 -0.445685 0.568380,
        0.852175 -0.439327 0.588081,
        0.902958 -0.361490 0.568380,
        0.890077 -0.356333 0.588081,
        0.933231 -0.274021 0.568380,
        0.919918 -0.270112 0.588081,
        0.955053 -0.184071 0.568380,
        0.955053 0.184071 0.568380,
        0.963569 0.185713 0.545898,
        0.933231 0.274021 0.568380,
        0.941552 0.276465 0.545898,
        0.902958 0.361490 0.568380,
        0.864508 0.445685 0.568380,
        0.818228 0.525843 0.568380,
        0.825524 0.530532 0.545898,
        0.764539 0.601240 0.568380,
        0.771356 0.606601 0.545898,
        0.703925 0.671191 0.568380,
        0.636937 0.735065 0.568380,
        0.642616 0.741619 0.545898,
        0.404045 0.884735 0.568380,
        0.318116 0.919136 0.568380,
        0.229306 0.945213 0.568380,
        0.138420 0.962730 0.568380,
        0.046280 0.971528 0.568380,
        -0.046280 0.971528 0.568380,
        -0.138420 0.962730 0.568380,
        -0.229306 0.945213 0.568380,
        -0.318116 0.919136 0.568380,
        -0.404045 0.884735 0.568380,
        -0.486315 0.842322 0.568380,
        -0.564181 0.792281 0.568380,
        -0.636937 0.735065 0.568380,
        -0.703925 0.671191 0.568380,
        -0.764539 0.601240 0.568380,
        -0.818228 0.525843 0.568380,
        -0.864508 0.445685 0.568380,
        -0.902958 0.361490 0.568380,
        -0.933231 0.274021 0.568380,
        -0.955053 0.184071 0.568380,
        -0.968226 0.092454 0.568380,
        -0.972630 0.000000 0.568380,
        -0.872216 0.449659 0.792685,
        -0.710202 0.677176 0.792685,
        -0.642616 0.741619 0.792685,
        -0.407648 0.892624 0.792685,
        -0.139654 0.971314 0.792685,
        -0.046692 0.980191 0.792685,
        0.490651 0.849833 0.792685,
        0.569211 0.799345 0.792685,
        0.911009 0.364713 0.792685,
        0.941552 0.276465 0.792685,
        0.941552 -0.276465 0.792685,
        0.569211 -0.799345 0.792685,
        -0.046692 -0.980191 0.792685,
        -0.872216 -0.449659 0.792685,
        -0.890077 0.356333 0.750501,
        -0.852175 0.439327 0.750501,
        -0.806556 0.518342 0.750501,
        -0.753632 0.592663 0.750501,
        -0.693883 0.661616 0.750501,
        -0.627850 0.724578 0.750501,
        -0.556132 0.780978 0.750501,
        -0.479377 0.830306 0.750501,
        -0.398281 0.872113 0.750501,
        -0.313578 0.906024 0.750501,
        -0.226035 0.931728 0.750501,
        -0.136445 0.948995 0.750501,
        -0.045619 0.957668 0.750501,
        0.045619 0.957668 0.750501,
        0.136445 0.948995 0.750501,
        0.226035 0.931728 0.750501,
        0.313578 0.906024 0.750501,
        0.398281 0.872113 0.750501,
        0.479377 0.830306 0.750501,
        0.556132 0.780978 0.750501,
        0.627850 0.724578 0.750501,
        0.693883 0.661616 0.750501,
        0.753632 0.592663 0.750501,
        0.806556 0.518342 0.750501,
        0.852175 0.439327 0.750501,
        0.890077 0.356333 0.750501,
        0.919918 0.270112 0.750501,
        0.941428 0.181445 0.750501,
        0.954413 -0.091135 0.750501,
        0.941428 -0.181445 0.750501,
        0.919918 -0.270112 0.750501,
        0.890077 -0.356333 0.750501,
        0.852175 -0.439327 0.750501,
        0.806556 -0.518342 0.750501,
        0.753632 -0.592663 0.750501,
        0.693883 -0.661616 0.750501,
        0.627850 -0.724578 0.750501,
        0.556132 -0.780978 0.750501,
        -0.954413 -0.091135 0.750501,
        -0.941428 -0.181445 0.750501,
        -0.919918 -0.270112 0.750501,
        -0.890077 -0.356333 0.750501,
        -0.852175 -0.439327 0.750501,
        -0.806556 -0.518342 0.750501,
        -0.753632 -0.592663 0.750501,
        -0.693883 -0.661616 0.750501,
        -0.627850 -0.724578 0.750501,
        -0.556132 -0.780978 0.750501,
        -0.479377 -0.830306 0.750501,
        -0.398281 -0.872113 0.750501,
        -0.313578 -0.906024 0.750501,
        -0.226035 -0.931728 0.750501,
        -0.136445 -0.948995 0.750501,
        -0.045619 -0.957668 0.750501,
        0.045619 -0.957668 0.750501,
        0.136445 -0.948995 0.750501,
        0.226035 -0.931728 0.750501,
        0.313578 -0.906024 0.750501,
        0.398281 -0.872113 0.750501,
        0.479377 -0.830306 0.750501,
        -0.919918 0.270112 0.750501,
        -0.941428 0.181445 0.750501,
        -0.954413 0.091135 0.750501,
        -0.958754 0.000000 0.750501,
        -0.955053 -0.184071 0.770203,
        -0.968226 -0.092454 0.770203,
        -0.972630 0.000000 0.770203,
        -0.968226 0.092454 0.770203,
        -0.955053 0.184071 0.770203,
        -0.933231 0.274021 0.770203,
        -0.963569 -0.185713 0.792685,
        -0.976859 -0.093279 0.792685,
        -0.902958 -0.361490 0.770203,
        -0.864508 -0.445685 0.770203,
        -0.911009 -0.364713 0.792685,
        -0.764539 -0.601240 0.770203,
        -0.703925 -0.671191 0.770203,
        -0.771356 -0.606601 0.792685,
        -0.710202 -0.677176 0.792685,
        -0.486315 -0.842322 0.770203,
        -0.404045 -0.884735 0.770203,
        -0.490651 -0.849833 0.792685,
        -0.407648 -0.892624 0.792685,
        -0.318116 -0.919136 0.770203,
        -0.320952 -0.927331 0.792685,
        -0.229306 -0.945213 0.770203,
        -0.231351 -0.953641 0.792685,
        -0.138420 -0.962730 0.770203,
        -0.046280 -0.971528 0.770203,
        -0.139654 -0.971314 0.792685,
        0.138420 -0.962730 0.770203,
        0.229306 -0.945213 0.770203,
        0.139654 -0.971314 0.792685,
        0.231351 -0.953641 0.792685,
        0.318116 -0.919136 0.770203,
        0.320952 -0.927331 0.792685,
        0.404045 -0.884735 0.770203,
        0.407648 -0.892624 0.792685,
        0.486315 -0.842322 0.770203,
        0.564181 -0.792281 0.770203,
        0.490651 -0.849833 0.792685,
        0.703925 -0.671191 0.770203,
        0.764539 -0.601240 0.770203,
        0.710202 -0.677176 0.792685,
        0.771356 -0.606601 0.792685,
        0.818228 -0.525843 0.770203,
        0.825524 -0.530532 0.792685,
        0.864508 -0.445685 0.770203,
        0.872216 -0.449659 0.792685,
        0.902958 -0.361490 0.770203,
        0.933231 -0.274021 0.770203,
        0.911009 -0.364713 0.792685,
        0.958754 0.000000 0.750501,
        0.968226 -0.092454 0.770203,
        0.972630 0.000000 0.770203,
        0.976859 -0.093279 0.792685,
        0.981302 0.000000 0.792685,
        0.954413 0.091135 0.750501,
        0.968226 0.092454 0.770203,
        0.976859 0.093279 0.792685,
        0.955053 0.184071 0.770203,
        0.963569 0.185713 0.792685,
        0.818228 0.525843 0.770203,
        0.764539 0.601240 0.770203,
        0.825524 0.530532 0.792685,
        0.771356 0.606601 0.792685,
        0.703925 0.671191 0.770203,
        0.710202 0.677176 0.792685,
        0.636937 0.735065 0.770203,
        0.642616 0.741619 0.792685,
        0.318116 0.919136 0.770203,
        0.229306 0.945213 0.770203,
        0.320952 0.927331 0.792685,
        0.231351 0.953641 0.792685,
        0.138420 0.962730 0.770203,
        0.139654 0.971314 0.792685,
        0.046280 0.971528 0.770203,
        0.046692 0.980191 0.792685,
        -0.318116 0.919136 0.770203,
        -0.404045 0.884735 0.770203,
        -0.320952 0.927331 0.792685,
        -0.564181 0.792281 0.770203,
        -0.636937 0.735065 0.770203,
        -0.569211 0.799345 0.792685,
        -0.818228 0.525843 0.770203,
        -0.864508 0.445685 0.770203,
        -0.825524 0.530532 0.792685,
        -0.981302 0.000000 0.792685,
        -0.976859 0.093279 0.792685,
        -0.963569 0.185713 0.792685,
        -0.941552 0.276465 0.792685,
        -0.941552 -0.276465 0.792685,
        -0.933231 -0.274021 0.770203,
        -0.825524 -0.530532 0.792685,
        -0.818228 -0.525843 0.770203,
        -0.642616 -0.741619 0.792685,
        -0.636937 -0.735065 0.770203,
        -0.569211 -0.799345 0.792685,
        -0.564181 -0.792281 0.770203,
        0.046692 -0.980191 0.792685,
        0.046280 -0.971528 0.770203,
        0.642616 -0.741619 0.792685,
        0.636937 -0.735065 0.770203,
        0.963569 -0.185713 0.792685,
        0.955053 -0.184071 0.770203,
        0.933231 0.274021 0.770203,
        0.902958 0.361490 0.770203,
        0.872216 0.449659 0.792685,
        0.864508 0.445685 0.770203,
        0.564181 0.792281 0.770203,
        0.486315 0.842322 0.770203,
        0.407648 0.892624 0.792685,
        0.404045 0.884735 0.770203,
        -0.046280 0.971528 0.770203,
        -0.138420 0.962730 0.770203,
        -0.231351 0.953641 0.792685,
        -0.229306 0.945213 0.770203,
        -0.490651 0.849833 0.792685,
        -0.486315 0.842322 0.770203,
        -0.703925 0.671191 0.770203,
        -0.771356 0.606601 0.792685,
        -0.764539 0.601240 0.770203,
        -0.911009 0.364713 0.792685,
        -0.902958 0.361490 0.770203,
        0.653257 0.597264 2.125984,
        0.696307 0.547582 2.125984,
        0.716331 0.563329 2.122630,
        0.789078 0.402136 2.125984,
        0.822373 0.329229 2.125984,
        0.846023 0.338696 2.122630,
        0.835159 0.292287 2.125984,
        0.849944 0.249566 2.125984,
        0.874387 0.256743 2.122630,
        0.867400 0.177613 2.125984,
        0.869819 0.167644 2.125984,
        0.894833 0.172465 2.122630,
        0.882990 0.059558 2.125984,
        0.885827 0.000000 2.125984,
        0.911301 0.000000 2.122630,
        0.867400 -0.177613 2.125984,
        0.849944 -0.249566 2.125984,
        0.874387 -0.256743 2.122630,
        0.789078 -0.402136 2.125984,
        0.787354 -0.405909 2.125984,
        0.809997 -0.417582 2.122630,
        0.727346 -0.503993 2.125984,
        0.696307 -0.547582 2.125984,
        0.716331 -0.563329 2.122630,
        0.709909 0.676897 2.053033,
        0.871857 0.449474 2.053033,
        0.910635 0.364563 2.053033,
        0.976457 0.093240 2.053033,
        0.963172 -0.185636 2.053033,
        0.941165 -0.276351 2.053033,
        0.910635 -0.364563 2.053033,
        0.825184 -0.530314 2.053033,
        0.642352 -0.741313 2.053033,
        -0.825184 -0.530314 2.053033,
        -0.871857 -0.449474 2.053033,
        -0.910635 -0.364563 2.053033,
        -0.941165 -0.276351 2.053033,
        -0.771038 -0.606351 2.053033,
        -0.709909 -0.676897 2.053033,
        -0.642352 -0.741313 2.053033,
        -0.568977 -0.799016 2.053033,
        -0.490449 -0.849483 2.053033,
        -0.407480 -0.892256 2.053033,
        -0.320820 -0.926950 2.053033,
        -0.231256 -0.953248 2.053033,
        -0.139596 -0.970914 2.053033,
        -0.046673 -0.979787 2.053033,
        0.046673 -0.979787 2.053033,
        0.139596 -0.970914 2.053033,
        0.231256 -0.953248 2.053033,
        0.320820 -0.926950 2.053033,
        0.407480 -0.892256 2.053033,
        0.490449 -0.849483 2.053033,
        0.568977 -0.799016 2.053033,
        0.490449 0.849483 2.053033,
        0.568977 0.799016 2.053033,
        0.642352 0.741313 2.053033,
        0.407480 0.892256 2.053033,
        0.320820 0.926950 2.053033,
        0.231256 0.953248 2.053033,
        0.139596 0.970914 2.053033,
        0.046673 0.979787 2.053033,
        -0.046673 0.979787 2.053033,
        -0.139596 0.970914 2.053033,
        -0.231256 0.953248 2.053033,
        -0.320820 0.926950 2.053033,
        -0.407480 0.892256 2.053033,
        -0.490449 0.849483 2.053033,
        -0.568977 0.799016 2.053033,
        -0.642352 0.741313 2.053033,
        -0.709909 0.676897 2.053033,
        -0.771038 0.606351 2.053033,
        -0.825184 0.530314 2.053033,
        -0.871857 0.449474 2.053033,
        -0.910635 0.364563 2.053033,
        -0.941165 0.276351 2.053033,
        -0.963172 0.185636 2.053033,
        -0.976457 0.093240 2.053033,
        -0.980898 0.000000 2.053033,
        -0.976457 -0.093240 2.053033,
        -0.963172 -0.185636 2.053033,
        0.563273 -0.791007 2.076772,
        0.485533 -0.840967 2.076772,
        0.403395 -0.883312 2.076772,
        0.317604 -0.917658 2.076772,
        0.228937 -0.943693 2.076772,
        0.138197 -0.961181 2.076772,
        0.046205 -0.969966 2.076772,
        -0.046205 -0.969966 2.076772,
        -0.138197 -0.961181 2.076772,
        -0.228937 -0.943693 2.076772,
        -0.317604 -0.917658 2.076772,
        -0.403395 -0.883312 2.076772,
        -0.485533 -0.840967 2.076772,
        -0.563273 -0.791007 2.076772,
        -0.635913 -0.733882 2.076772,
        -0.702793 -0.670112 2.076772,
        -0.763309 -0.600273 2.076772,
        -0.816912 -0.524998 2.076772,
        -0.863117 -0.444968 2.076772,
        -0.901506 -0.360909 2.076772,
        -0.931731 -0.273581 2.076772,
        -0.953517 -0.183775 2.076772,
        -0.966669 -0.092306 2.076772,
        -0.971065 0.000000 2.076772,
        -0.966669 0.092306 2.076772,
        -0.953517 0.183775 2.076772,
        -0.931731 0.273581 2.076772,
        -0.901506 0.360909 2.076772,
        -0.863117 0.444968 2.076772,
        -0.816912 0.524998 2.076772,
        -0.763309 0.600273 2.076772,
        -0.702793 0.670112 2.076772,
        -0.635913 0.733882 2.076772,
        -0.563273 0.791007 2.076772,
        -0.485533 0.840967 2.076772,
        -0.403395 0.883312 2.076772,
        -0.317604 0.917658 2.076772,
        -0.228937 0.943693 2.076772,
        -0.138197 0.961181 2.076772,
        -0.046205 0.969966 2.076772,
        0.046205 0.969966 2.076772,
        0.138197 0.961181 2.076772,
        0.228937 0.943693 2.076772,
        0.317604 0.917658 2.076772,
        0.403395 0.883312 2.076772,
        0.485533 0.840967 2.076772,
        0.563273 0.791007 2.076772,
        0.635913 0.733882 2.076772,
        0.554200 -0.778265 2.097156,
        0.477712 -0.827421 2.097156,
        0.396897 -0.869084 2.097156,
        0.312489 -0.902876 2.097156,
        0.225250 -0.928492 2.097156,
        0.135971 -0.945699 2.097156,
        0.045461 -0.954342 2.097156,
        -0.045461 -0.954342 2.097156,
        -0.135971 -0.945699 2.097156,
        -0.225250 -0.928492 2.097156,
        -0.312489 -0.902876 2.097156,
        -0.396897 -0.869084 2.097156,
        -0.477712 -0.827421 2.097156,
        -0.554200 -0.778265 2.097156,
        -0.625670 -0.722061 2.097156,
        -0.691473 -0.659318 2.097156,
        -0.751014 -0.590604 2.097156,
        -0.803754 -0.516541 2.097156,
        -0.849215 -0.437800 2.097156,
        -0.886985 -0.355095 2.097156,
        -0.916722 -0.269174 2.097156,
        -0.938158 -0.180815 2.097156,
        -0.951098 -0.090819 2.097156,
        -0.955424 0.000000 2.097156,
        -0.951098 0.090819 2.097156,
        -0.938158 0.180815 2.097156,
        -0.916722 0.269174 2.097156,
        -0.886985 0.355095 2.097156,
        -0.849215 0.437800 2.097156,
        -0.803754 0.516541 2.097156,
        -0.751014 0.590604 2.097156,
        -0.691473 0.659318 2.097156,
        -0.625670 0.722061 2.097156,
        -0.554200 0.778265 2.097156,
        -0.477712 0.827421 2.097156,
        -0.396897 0.869084 2.097156,
        -0.312489 0.902876 2.097156,
        -0.225250 0.928492 2.097156,
        -0.135971 0.945699 2.097156,
        -0.045461 0.954342 2.097156,
        0.045461 0.954342 2.097156,
        0.135971 0.945699 2.097156,
        0.225250 0.928492 2.097156,
        0.312489 0.902876 2.097156,
        0.396897 0.869084 2.097156,
        0.477712 0.827421 2.097156,
        0.554200 0.778265 2.097156,
        0.625670 0.722061 2.097156,
        0.542376 -0.761661 2.112798,
        0.467520 -0.809768 2.112798,
        0.388430 -0.850542 2.112798,
        0.305821 -0.883613 2.112798,
        0.220444 -0.908682 2.112798,
        0.133070 -0.925522 2.112798,
        0.044491 -0.933980 2.112798,
        -0.044491 -0.933980 2.112798,
        -0.133070 -0.925522 2.112798,
        -0.220444 -0.908682 2.112798,
        -0.305821 -0.883613 2.112798,
        -0.388430 -0.850542 2.112798,
        -0.467520 -0.809768 2.112798,
        -0.542376 -0.761661 2.112798,
        -0.612320 -0.706656 2.112798,
        -0.676720 -0.645251 2.112798,
        -0.734991 -0.578003 2.112798,
        -0.786605 -0.505520 2.112798,
        -0.831096 -0.428460 2.112798,
        -0.868061 -0.347519 2.112798,
        -0.897164 -0.263431 2.112798,
        -0.918142 -0.176957 2.112798,
        -0.930806 -0.088881 2.112798,
        -0.935039 0.000000 2.112798,
        -0.930806 0.088881 2.112798,
        -0.918142 0.176957 2.112798,
        -0.897164 0.263431 2.112798,
        -0.868061 0.347519 2.112798,
        -0.831096 0.428460 2.112798,
        -0.786605 0.505520 2.112798,
        -0.734991 0.578003 2.112798,
        -0.676720 0.645251 2.112798,
        -0.612320 0.706656 2.112798,
        -0.542376 0.761661 2.112798,
        -0.467520 0.809768 2.112798,
        -0.388430 0.850542 2.112798,
        -0.305821 0.883613 2.112798,
        -0.220444 0.908682 2.112798,
        -0.133070 0.925522 2.112798,
        -0.044491 0.933980 2.112798,
        0.044491 0.933980 2.112798,
        0.133070 0.925522 2.112798,
        0.220444 0.908682 2.112798,
        0.305821 0.883613 2.112798,
        0.388430 0.850542 2.112798,
        0.467520 0.809768 2.112798,
        0.542376 0.761661 2.112798,
        0.612320 0.706656 2.112798,
        0.528607 -0.742324 2.122630,
        0.455650 -0.789210 2.122630,
        0.709909 -0.676897 2.053033,
        0.771038 -0.606351 2.053033,
        0.702793 -0.670112 2.076772,
        0.763309 -0.600273 2.076772,
        0.691473 -0.659318 2.097156,
        0.751014 -0.590604 2.097156,
        0.676720 -0.645251 2.112798,
        0.734991 -0.578003 2.112798,
        0.659540 -0.628870 2.122630,
        0.901506 -0.360909 2.076772,
        0.931731 -0.273581 2.076772,
        0.886985 -0.355095 2.097156,
        0.916722 -0.269174 2.097156,
        0.868061 -0.347519 2.112798,
        0.897164 -0.263431 2.112798,
        0.846023 -0.338696 2.122630,
        0.976457 -0.093240 2.053033,
        0.980898 0.000000 2.053033,
        0.966669 -0.092306 2.076772,
        0.971065 0.000000 2.076772,
        0.951098 -0.090819 2.097156,
        0.955424 0.000000 2.097156,
        0.930806 -0.088881 2.112798,
        0.935039 0.000000 2.112798,
        0.907175 -0.086625 2.122630,
        0.825184 0.530314 2.053033,
        0.771038 0.606351 2.053033,
        0.816912 0.524998 2.076772,
        0.763309 0.600273 2.076772,
        0.803754 0.516541 2.097156,
        0.751014 0.590604 2.097156,
        0.786605 0.505520 2.112798,
        0.734991 0.578003 2.112798,
        0.766635 0.492687 2.122630,
        0.378568 -0.828948 2.122630,
        0.298057 -0.861180 2.122630,
        0.214847 -0.885613 2.122630,
        0.129692 -0.902025 2.122630,
        0.043361 -0.910269 2.122630,
        -0.043361 -0.910269 2.122630,
        -0.129692 -0.902025 2.122630,
        -0.214847 -0.885613 2.122630,
        -0.298057 -0.861180 2.122630,
        -0.378568 -0.828948 2.122630,
        -0.455650 -0.789210 2.122630,
        -0.528607 -0.742324 2.122630,
        -0.596775 -0.688715 2.122630,
        -0.659540 -0.628870 2.122630,
        -0.716331 -0.563329 2.122630,
        -0.766635 -0.492687 2.122630,
        -0.809997 -0.417582 2.122630,
        -0.846023 -0.338696 2.122630,
        -0.874387 -0.256743 2.122630,
        -0.894833 -0.172465 2.122630,
        -0.907175 -0.086625 2.122630,
        -0.911301 0.000000 2.122630,
        -0.907175 0.086625 2.122630,
        -0.894833 0.172465 2.122630,
        -0.874387 0.256743 2.122630,
        -0.846023 0.338696 2.122630,
        -0.809997 0.417582 2.122630,
        -0.766635 0.492687 2.122630,
        -0.716331 0.563329 2.122630,
        -0.659540 0.628870 2.122630,
        -0.596775 0.688715 2.122630,
        -0.528607 0.742324 2.122630,
        -0.455650 0.789210 2.122630,
        -0.378568 0.828948 2.122630,
        -0.298057 0.861180 2.122630,
        -0.214847 0.885613 2.122630,
        -0.129692 0.902025 2.122630,
        -0.043361 0.910269 2.122630,
        0.043361 0.910269 2.122630,
        0.129692 0.902025 2.122630,
        0.214847 0.885613 2.122630,
        0.298057 0.861180 2.122630,
        0.378568 0.828948 2.122630,
        0.455650 0.789210 2.122630,
        0.528607 0.742324 2.122630,
        0.596775 0.688715 2.122630,
        0.513830 -0.721573 2.125984,
        0.567225 -0.679583 2.125984,
        0.580093 -0.669463 2.125984,
        0.596775 -0.688715 2.122630,
        0.612320 -0.706656 2.112798,
        0.625670 -0.722061 2.097156,
        0.635913 -0.733882 2.076772,
        0.641103 -0.611291 2.125984,
        0.653257 -0.597264 2.125984,
        0.745205 -0.478914 2.125984,
        0.766635 -0.492687 2.122630,
        0.786605 -0.505520 2.112798,
        0.803754 -0.516541 2.097156,
        0.816912 -0.524998 2.076772,
        0.871857 -0.449474 2.053033,
        0.863117 -0.444968 2.076772,
        0.849215 -0.437800 2.097156,
        0.831096 -0.428460 2.112798,
        0.822373 -0.329229 2.125984,
        0.835159 -0.292287 2.125984,
        0.869819 -0.167644 2.125984,
        0.894833 -0.172465 2.122630,
        0.918142 -0.176957 2.112798,
        0.938158 -0.180815 2.097156,
        0.953517 -0.183775 2.076772,
        0.881816 -0.084203 2.125984,
        0.882990 -0.059558 2.125984,
        0.881816 0.084203 2.125984,
        0.907175 0.086625 2.122630,
        0.930806 0.088881 2.112798,
        0.951098 0.090819 2.097156,
        0.966669 0.092306 2.076772,
        0.963172 0.185636 2.053033,
        0.953517 0.183775 2.076772,
        0.938158 0.180815 2.097156,
        0.918142 0.176957 2.112798,
        0.897164 0.263431 2.112798,
        0.916722 0.269174 2.097156,
        0.931731 0.273581 2.076772,
        0.941165 0.276351 2.053033,
        0.868061 0.347519 2.112798,
        0.886985 0.355095 2.097156,
        0.901506 0.360909 2.076772,
        0.787354 0.405909 2.125984,
        0.809997 0.417582 2.122630,
        0.831096 0.428460 2.112798,
        0.849215 0.437800 2.097156,
        0.863117 0.444968 2.076772,
        0.745205 0.478914 2.125984,
        0.727346 0.503993 2.125984,
        0.641103 0.611291 2.125984,
        0.659540 0.628870 2.122630,
        0.676720 0.645251 2.112798,
        0.691473 0.659318 2.097156,
        0.702793 0.670112 2.076772,
        0.580093 0.669463 2.125984,
        0.513830 0.721573 2.125984,
        0.567225 0.679583 2.125984,
      ]
    }
    coordIndex [
      159, 160, 161, -1,
      162, 163, 164, -1,
      165, 166, 167, -1,
      168, 169, 170, -1,
      171, 172, 173, -1,
      174, 175, 176, -1,
      177, 178, 179, -1,
      180, 181, 182, -1,
      183, 184, 185, -1,
      186, 187, 188, -1,
      189, 190, 191, -1,
      192, 193, 194, -1,
      195, 196, 197, -1,
      198, 199, 200, -1,
      201, 202, 203, -1,
      204, 205, 206, -1,
      207, 208, 209, -1,
      210, 211, 212, -1,
      213, 214, 215, -1,
      216, 217, 218, -1,
      219, 220, 221, -1,
      222, 223, 224, -1,
      225, 226, 227, -1,
      228, 229, 230, -1,
      231, 232, 233, -1,
      234, 235, 236, -1,
      237, 238, 239, -1,
      240, 241, 242, -1,
      243, 244, 245, -1,
      246, 247, 248, -1,
      249, 250, 251, -1,
      252, 253, 254, -1,
      255, 256, 257, -1,
      258, 259, 260, -1,
      261, 262, 263, -1,
      264, 265, 266, -1,
      267, 268, 269, -1,
      270, 271, 272, -1,
      273, 274, 275, -1,
      276, 277, 278, -1,
      279, 280, 281, -1,
      282, 283, 284, -1,
      285, 286, 287, -1,
      288, 289, 290, -1,
      291, 292, 293, -1,
      294, 295, 296, -1,
      297, 298, 299, -1,
      300, 301, 302, -1,
      303, 304, 305, -1,
      306, 307, 308, -1,
      309, 310, 311, -1,
      312, 313, 314, -1,
      315, 316, 317, -1,
      318, 319, 320, -1,
      321, 322, 323, -1,
      324, 325, 326, -1,
      327, 328, 329, -1,
      330, 331, 332, -1,
      333, 334, 335, -1,
      336, 337, 338, -1,
      339, 340, 341, -1,
      342, 343, 344, -1,
      345, 346, 347, -1,
      348, 349, 350, -1,
      350, 351, 352, -1,
      352, 351, 353, -1,
      353, 354, 355, -1,
      355, 354, 356, -1,
      356, 357, 358, -1,
      358, 357, 359, -1,
      359, 360, 361, -1,
      361, 360, 362, -1,
      362, 363, 364, -1,
      364, 363, 365, -1,
      365, 366, 367, -1,
      367, 366, 368, -1,
      368, 369, 370, -1,
      370, 369, 345, -1,
      342, 344, 346, -1,
      339, 341, 343, -1,
      336, 338, 340, -1,
      333, 335, 337, -1,
      330, 332, 334, -1,
      327, 329, 331, -1,
      324, 326, 328, -1,
      321, 323, 325, -1,
      318, 320, 322, -1,
      315, 317, 319, -1,
      312, 314, 316, -1,
      309, 311, 313, -1,
      306, 308, 310, -1,
      303, 305, 307, -1,
      300, 302, 304, -1,
      297, 299, 301, -1,
      294, 296, 298, -1,
      291, 293, 295, -1,
      288, 290, 292, -1,
      285, 287, 289, -1,
      282, 284, 286, -1,
      279, 281, 283, -1,
      276, 278, 280, -1,
      273, 275, 277, -1,
      274, 371, 372, -1,
      372, 371, 373, -1,
      372, 373, 374, -1,
      374, 375, 376, -1,
      376, 375, 377, -1,
      377, 378, 379, -1,
      379, 378, 380, -1,
      380, 381, 382, -1,
      382, 381, 383, -1,
      383, 384, 385, -1,
      385, 384, 386, -1,
      386, 387, 388, -1,
      388, 387, 389, -1,
      389, 390, 391, -1,
      391, 390, 392, -1,
      392, 393, 394, -1,
      394, 393, 395, -1,
      395, 396, 397, -1,
      397, 396, 398, -1,
      398, 399, 400, -1,
      400, 399, 401, -1,
      401, 402, 403, -1,
      403, 402, 404, -1,
      404, 405, 406, -1,
      406, 405, 407, -1,
      407, 408, 409, -1,
      409, 408, 410, -1,
      410, 411, 412, -1,
      412, 411, 413, -1,
      413, 414, 415, -1,
      415, 414, 416, -1,
      416, 417, 418, -1,
      418, 417, 419, -1,
      419, 420, 421, -1,
      421, 420, 270, -1,
      422, 423, 243, -1,
      243, 423, 424, -1,
      243, 424, 244, -1,
      244, 424, 425, -1,
      244, 425, 426, -1,
      427, 428, 429, -1,
      430, 431, 432, -1,
      433, 434, 435, -1,
      436, 437, 438, -1,
      439, 245, 440, -1,
      440, 245, 244, -1,
      440, 244, 427, -1,
      427, 244, 426, -1,
      427, 426, 428, -1,
      441, 439, 442, -1,
      442, 439, 440, -1,
      442, 440, 443, -1,
      443, 440, 427, -1,
      443, 427, 430, -1,
      430, 427, 429, -1,
      430, 429, 431, -1,
      444, 441, 445, -1,
      445, 441, 442, -1,
      445, 442, 446, -1,
      446, 442, 443, -1,
      446, 443, 447, -1,
      447, 443, 430, -1,
      447, 430, 433, -1,
      433, 430, 432, -1,
      433, 432, 434, -1,
      448, 444, 449, -1,
      449, 444, 445, -1,
      449, 445, 450, -1,
      450, 445, 446, -1,
      450, 446, 451, -1,
      451, 446, 447, -1,
      451, 447, 452, -1,
      452, 447, 433, -1,
      452, 433, 436, -1,
      436, 433, 435, -1,
      436, 435, 437, -1,
      453, 448, 454, -1,
      454, 448, 449, -1,
      454, 449, 455, -1,
      455, 449, 450, -1,
      455, 450, 456, -1,
      456, 450, 451, -1,
      456, 451, 457, -1,
      457, 451, 452, -1,
      457, 452, 458, -1,
      458, 452, 436, -1,
      458, 436, 348, -1,
      348, 436, 438, -1,
      348, 438, 349, -1,
      459, 460, 461, -1,
      462, 463, 464, -1,
      350, 352, 348, -1,
      348, 352, 465, -1,
      348, 465, 458, -1,
      458, 465, 466, -1,
      458, 466, 457, -1,
      457, 466, 467, -1,
      457, 467, 456, -1,
      456, 467, 468, -1,
      456, 468, 455, -1,
      455, 468, 469, -1,
      455, 469, 454, -1,
      454, 469, 462, -1,
      454, 462, 453, -1,
      453, 462, 464, -1,
      453, 464, 470, -1,
      471, 472, 473, -1,
      353, 355, 352, -1,
      352, 355, 474, -1,
      352, 474, 465, -1,
      465, 474, 475, -1,
      465, 475, 466, -1,
      466, 475, 476, -1,
      466, 476, 467, -1,
      467, 476, 477, -1,
      467, 477, 468, -1,
      468, 477, 478, -1,
      468, 478, 469, -1,
      469, 478, 471, -1,
      469, 471, 462, -1,
      462, 471, 473, -1,
      462, 473, 463, -1,
      479, 480, 481, -1,
      356, 358, 355, -1,
      355, 358, 482, -1,
      355, 482, 474, -1,
      474, 482, 483, -1,
      474, 483, 475, -1,
      475, 483, 484, -1,
      475, 484, 476, -1,
      476, 484, 485, -1,
      476, 485, 477, -1,
      477, 485, 486, -1,
      477, 486, 478, -1,
      478, 486, 479, -1,
      478, 479, 471, -1,
      471, 479, 481, -1,
      471, 481, 472, -1,
      487, 488, 489, -1,
      359, 361, 358, -1,
      358, 361, 490, -1,
      358, 490, 482, -1,
      482, 490, 491, -1,
      482, 491, 483, -1,
      483, 491, 492, -1,
      483, 492, 484, -1,
      484, 492, 493, -1,
      484, 493, 485, -1,
      485, 493, 494, -1,
      485, 494, 486, -1,
      486, 494, 487, -1,
      486, 487, 479, -1,
      479, 487, 489, -1,
      479, 489, 480, -1,
      495, 496, 497, -1,
      362, 364, 361, -1,
      361, 364, 498, -1,
      361, 498, 490, -1,
      490, 498, 499, -1,
      490, 499, 491, -1,
      491, 499, 500, -1,
      491, 500, 492, -1,
      492, 500, 501, -1,
      492, 501, 493, -1,
      493, 501, 502, -1,
      493, 502, 494, -1,
      494, 502, 495, -1,
      494, 495, 487, -1,
      487, 495, 497, -1,
      487, 497, 488, -1,
      503, 504, 505, -1,
      365, 367, 364, -1,
      364, 367, 506, -1,
      364, 506, 498, -1,
      498, 506, 507, -1,
      498, 507, 499, -1,
      499, 507, 508, -1,
      499, 508, 500, -1,
      500, 508, 509, -1,
      500, 509, 501, -1,
      501, 509, 510, -1,
      501, 510, 502, -1,
      502, 510, 503, -1,
      502, 503, 495, -1,
      495, 503, 505, -1,
      495, 505, 496, -1,
      511, 512, 513, -1,
      368, 370, 367, -1,
      367, 370, 514, -1,
      367, 514, 506, -1,
      506, 514, 515, -1,
      506, 515, 507, -1,
      507, 515, 516, -1,
      507, 516, 508, -1,
      508, 516, 517, -1,
      508, 517, 509, -1,
      509, 517, 518, -1,
      509, 518, 510, -1,
      510, 518, 511, -1,
      510, 511, 503, -1,
      503, 511, 513, -1,
      503, 513, 504, -1,
      519, 520, 521, -1,
      345, 347, 370, -1,
      370, 347, 522, -1,
      370, 522, 514, -1,
      514, 522, 523, -1,
      514, 523, 515, -1,
      515, 523, 524, -1,
      515, 524, 516, -1,
      516, 524, 525, -1,
      516, 525, 517, -1,
      517, 525, 526, -1,
      517, 526, 518, -1,
      518, 526, 519, -1,
      518, 519, 511, -1,
      511, 519, 521, -1,
      511, 521, 512, -1,
      527, 528, 529, -1,
      346, 344, 347, -1,
      347, 344, 530, -1,
      347, 530, 522, -1,
      522, 530, 531, -1,
      522, 531, 523, -1,
      523, 531, 532, -1,
      523, 532, 524, -1,
      524, 532, 533, -1,
      524, 533, 525, -1,
      525, 533, 534, -1,
      525, 534, 526, -1,
      526, 534, 527, -1,
      526, 527, 519, -1,
      519, 527, 529, -1,
      519, 529, 520, -1,
      535, 536, 537, -1,
      343, 341, 344, -1,
      344, 341, 538, -1,
      344, 538, 530, -1,
      530, 538, 539, -1,
      530, 539, 531, -1,
      531, 539, 540, -1,
      531, 540, 532, -1,
      532, 540, 541, -1,
      532, 541, 533, -1,
      533, 541, 542, -1,
      533, 542, 534, -1,
      534, 542, 535, -1,
      534, 535, 527, -1,
      527, 535, 537, -1,
      527, 537, 528, -1,
      543, 544, 545, -1,
      340, 338, 341, -1,
      341, 338, 546, -1,
      341, 546, 538, -1,
      538, 546, 547, -1,
      538, 547, 539, -1,
      539, 547, 548, -1,
      539, 548, 540, -1,
      540, 548, 549, -1,
      540, 549, 541, -1,
      541, 549, 550, -1,
      541, 550, 542, -1,
      542, 550, 543, -1,
      542, 543, 535, -1,
      535, 543, 545, -1,
      535, 545, 536, -1,
      551, 552, 553, -1,
      337, 335, 338, -1,
      338, 335, 554, -1,
      338, 554, 546, -1,
      546, 554, 555, -1,
      546, 555, 547, -1,
      547, 555, 556, -1,
      547, 556, 548, -1,
      548, 556, 557, -1,
      548, 557, 549, -1,
      549, 557, 558, -1,
      549, 558, 550, -1,
      550, 558, 551, -1,
      550, 551, 543, -1,
      543, 551, 553, -1,
      543, 553, 544, -1,
      559, 560, 561, -1,
      334, 332, 335, -1,
      335, 332, 562, -1,
      335, 562, 554, -1,
      554, 562, 563, -1,
      554, 563, 555, -1,
      555, 563, 564, -1,
      555, 564, 556, -1,
      556, 564, 565, -1,
      556, 565, 557, -1,
      557, 565, 566, -1,
      557, 566, 558, -1,
      558, 566, 559, -1,
      558, 559, 551, -1,
      551, 559, 561, -1,
      551, 561, 552, -1,
      567, 568, 569, -1,
      331, 329, 332, -1,
      332, 329, 570, -1,
      332, 570, 562, -1,
      562, 570, 571, -1,
      562, 571, 563, -1,
      563, 571, 572, -1,
      563, 572, 564, -1,
      564, 572, 573, -1,
      564, 573, 565, -1,
      565, 573, 574, -1,
      565, 574, 566, -1,
      566, 574, 567, -1,
      566, 567, 559, -1,
      559, 567, 569, -1,
      559, 569, 560, -1,
      575, 576, 577, -1,
      328, 326, 329, -1,
      329, 326, 578, -1,
      329, 578, 570, -1,
      570, 578, 579, -1,
      570, 579, 571, -1,
      571, 579, 580, -1,
      571, 580, 572, -1,
      572, 580, 581, -1,
      572, 581, 573, -1,
      573, 581, 582, -1,
      573, 582, 574, -1,
      574, 582, 575, -1,
      574, 575, 567, -1,
      567, 575, 577, -1,
      567, 577, 568, -1,
      583, 584, 585, -1,
      325, 323, 326, -1,
      326, 323, 586, -1,
      326, 586, 578, -1,
      578, 586, 587, -1,
      578, 587, 579, -1,
      579, 587, 588, -1,
      579, 588, 580, -1,
      580, 588, 589, -1,
      580, 589, 581, -1,
      581, 589, 590, -1,
      581, 590, 582, -1,
      582, 590, 583, -1,
      582, 583, 575, -1,
      575, 583, 585, -1,
      575, 585, 576, -1,
      591, 592, 593, -1,
      322, 320, 323, -1,
      323, 320, 594, -1,
      323, 594, 586, -1,
      586, 594, 595, -1,
      586, 595, 587, -1,
      587, 595, 596, -1,
      587, 596, 588, -1,
      588, 596, 597, -1,
      588, 597, 589, -1,
      589, 597, 598, -1,
      589, 598, 590, -1,
      590, 598, 591, -1,
      590, 591, 583, -1,
      583, 591, 593, -1,
      583, 593, 584, -1,
      599, 600, 601, -1,
      319, 317, 320, -1,
      320, 317, 602, -1,
      320, 602, 594, -1,
      594, 602, 603, -1,
      594, 603, 595, -1,
      595, 603, 604, -1,
      595, 604, 596, -1,
      596, 604, 605, -1,
      596, 605, 597, -1,
      597, 605, 606, -1,
      597, 606, 598, -1,
      598, 606, 599, -1,
      598, 599, 591, -1,
      591, 599, 601, -1,
      591, 601, 592, -1,
      607, 608, 609, -1,
      316, 314, 317, -1,
      317, 314, 610, -1,
      317, 610, 602, -1,
      602, 610, 611, -1,
      602, 611, 603, -1,
      603, 611, 612, -1,
      603, 612, 604, -1,
      604, 612, 613, -1,
      604, 613, 605, -1,
      605, 613, 614, -1,
      605, 614, 606, -1,
      606, 614, 607, -1,
      606, 607, 599, -1,
      599, 607, 609, -1,
      599, 609, 600, -1,
      615, 616, 617, -1,
      313, 311, 314, -1,
      314, 311, 618, -1,
      314, 618, 610, -1,
      610, 618, 619, -1,
      610, 619, 611, -1,
      611, 619, 620, -1,
      611, 620, 612, -1,
      612, 620, 621, -1,
      612, 621, 613, -1,
      613, 621, 622, -1,
      613, 622, 614, -1,
      614, 622, 615, -1,
      614, 615, 607, -1,
      607, 615, 617, -1,
      607, 617, 608, -1,
      623, 624, 625, -1,
      310, 308, 311, -1,
      311, 308, 626, -1,
      311, 626, 618, -1,
      618, 626, 627, -1,
      618, 627, 619, -1,
      619, 627, 628, -1,
      619, 628, 620, -1,
      620, 628, 629, -1,
      620, 629, 621, -1,
      621, 629, 630, -1,
      621, 630, 622, -1,
      622, 630, 623, -1,
      622, 623, 615, -1,
      615, 623, 625, -1,
      615, 625, 616, -1,
      631, 632, 633, -1,
      307, 305, 308, -1,
      308, 305, 634, -1,
      308, 634, 626, -1,
      626, 634, 635, -1,
      626, 635, 627, -1,
      627, 635, 636, -1,
      627, 636, 628, -1,
      628, 636, 637, -1,
      628, 637, 629, -1,
      629, 637, 638, -1,
      629, 638, 630, -1,
      630, 638, 631, -1,
      630, 631, 623, -1,
      623, 631, 633, -1,
      623, 633, 624, -1,
      639, 640, 641, -1,
      304, 302, 305, -1,
      305, 302, 642, -1,
      305, 642, 634, -1,
      634, 642, 643, -1,
      634, 643, 635, -1,
      635, 643, 644, -1,
      635, 644, 636, -1,
      636, 644, 645, -1,
      636, 645, 637, -1,
      637, 645, 646, -1,
      637, 646, 638, -1,
      638, 646, 639, -1,
      638, 639, 631, -1,
      631, 639, 641, -1,
      631, 641, 632, -1,
      647, 648, 649, -1,
      301, 299, 302, -1,
      302, 299, 650, -1,
      302, 650, 642, -1,
      642, 650, 651, -1,
      642, 651, 643, -1,
      643, 651, 652, -1,
      643, 652, 644, -1,
      644, 652, 653, -1,
      644, 653, 645, -1,
      645, 653, 654, -1,
      645, 654, 646, -1,
      646, 654, 647, -1,
      646, 647, 639, -1,
      639, 647, 649, -1,
      639, 649, 640, -1,
      655, 656, 657, -1,
      298, 296, 299, -1,
      299, 296, 658, -1,
      299, 658, 650, -1,
      650, 658, 659, -1,
      650, 659, 651, -1,
      651, 659, 660, -1,
      651, 660, 652, -1,
      652, 660, 661, -1,
      652, 661, 653, -1,
      653, 661, 662, -1,
      653, 662, 654, -1,
      654, 662, 655, -1,
      654, 655, 647, -1,
      647, 655, 657, -1,
      647, 657, 648, -1,
      663, 664, 665, -1,
      295, 293, 296, -1,
      296, 293, 666, -1,
      296, 666, 658, -1,
      658, 666, 667, -1,
      658, 667, 659, -1,
      659, 667, 668, -1,
      659, 668, 660, -1,
      660, 668, 669, -1,
      660, 669, 661, -1,
      661, 669, 670, -1,
      661, 670, 662, -1,
      662, 670, 663, -1,
      662, 663, 655, -1,
      655, 663, 665, -1,
      655, 665, 656, -1,
      671, 672, 673, -1,
      292, 290, 293, -1,
      293, 290, 674, -1,
      293, 674, 666, -1,
      666, 674, 675, -1,
      666, 675, 667, -1,
      667, 675, 676, -1,
      667, 676, 668, -1,
      668, 676, 677, -1,
      668, 677, 669, -1,
      669, 677, 678, -1,
      669, 678, 670, -1,
      670, 678, 671, -1,
      670, 671, 663, -1,
      663, 671, 673, -1,
      663, 673, 664, -1,
      679, 680, 681, -1,
      289, 287, 290, -1,
      290, 287, 682, -1,
      290, 682, 674, -1,
      674, 682, 683, -1,
      674, 683, 675, -1,
      675, 683, 684, -1,
      675, 684, 676, -1,
      676, 684, 685, -1,
      676, 685, 677, -1,
      677, 685, 686, -1,
      677, 686, 678, -1,
      678, 686, 679, -1,
      678, 679, 671, -1,
      671, 679, 681, -1,
      671, 681, 672, -1,
      687, 688, 689, -1,
      286, 284, 287, -1,
      287, 284, 690, -1,
      287, 690, 682, -1,
      682, 690, 691, -1,
      682, 691, 683, -1,
      683, 691, 692, -1,
      683, 692, 684, -1,
      684, 692, 693, -1,
      684, 693, 685, -1,
      685, 693, 694, -1,
      685, 694, 686, -1,
      686, 694, 687, -1,
      686, 687, 679, -1,
      679, 687, 689, -1,
      679, 689, 680, -1,
      695, 696, 697, -1,
      283, 281, 284, -1,
      284, 281, 698, -1,
      284, 698, 690, -1,
      690, 698, 699, -1,
      690, 699, 691, -1,
      691, 699, 700, -1,
      691, 700, 692, -1,
      692, 700, 701, -1,
      692, 701, 693, -1,
      693, 701, 702, -1,
      693, 702, 694, -1,
      694, 702, 695, -1,
      694, 695, 687, -1,
      687, 695, 697, -1,
      687, 697, 688, -1,
      703, 704, 705, -1,
      280, 278, 281, -1,
      281, 278, 706, -1,
      281, 706, 698, -1,
      698, 706, 707, -1,
      698, 707, 699, -1,
      699, 707, 708, -1,
      699, 708, 700, -1,
      700, 708, 709, -1,
      700, 709, 701, -1,
      701, 709, 710, -1,
      701, 710, 702, -1,
      702, 710, 703, -1,
      702, 703, 695, -1,
      695, 703, 705, -1,
      695, 705, 696, -1,
      711, 712, 713, -1,
      277, 275, 278, -1,
      278, 275, 714, -1,
      278, 714, 706, -1,
      706, 714, 715, -1,
      706, 715, 707, -1,
      707, 715, 716, -1,
      707, 716, 708, -1,
      708, 716, 717, -1,
      708, 717, 709, -1,
      709, 717, 718, -1,
      709, 718, 710, -1,
      710, 718, 711, -1,
      710, 711, 703, -1,
      703, 711, 713, -1,
      703, 713, 704, -1,
      719, 720, 721, -1,
      721, 720, 722, -1,
      274, 372, 275, -1,
      275, 372, 723, -1,
      275, 723, 714, -1,
      714, 723, 724, -1,
      714, 724, 715, -1,
      715, 724, 725, -1,
      715, 725, 716, -1,
      716, 725, 726, -1,
      716, 726, 717, -1,
      717, 726, 727, -1,
      717, 727, 718, -1,
      718, 727, 721, -1,
      718, 721, 711, -1,
      711, 721, 722, -1,
      711, 722, 712, -1,
      374, 376, 372, -1,
      372, 376, 728, -1,
      372, 728, 723, -1,
      723, 728, 729, -1,
      723, 729, 724, -1,
      724, 729, 730, -1,
      724, 730, 725, -1,
      725, 730, 731, -1,
      725, 731, 726, -1,
      726, 731, 732, -1,
      726, 732, 727, -1,
      727, 732, 242, -1,
      727, 242, 721, -1,
      721, 242, 241, -1,
      721, 241, 719, -1,
      377, 379, 376, -1,
      376, 379, 733, -1,
      376, 733, 728, -1,
      728, 733, 734, -1,
      728, 734, 729, -1,
      729, 734, 735, -1,
      729, 735, 730, -1,
      730, 735, 736, -1,
      730, 736, 731, -1,
      731, 736, 737, -1,
      731, 737, 732, -1,
      732, 737, 239, -1,
      732, 239, 242, -1,
      242, 239, 238, -1,
      242, 238, 240, -1,
      380, 382, 379, -1,
      379, 382, 738, -1,
      379, 738, 733, -1,
      733, 738, 739, -1,
      733, 739, 734, -1,
      734, 739, 740, -1,
      734, 740, 735, -1,
      735, 740, 741, -1,
      735, 741, 736, -1,
      736, 741, 742, -1,
      736, 742, 737, -1,
      737, 742, 236, -1,
      737, 236, 239, -1,
      239, 236, 235, -1,
      239, 235, 237, -1,
      383, 385, 382, -1,
      382, 385, 743, -1,
      382, 743, 738, -1,
      738, 743, 744, -1,
      738, 744, 739, -1,
      739, 744, 745, -1,
      739, 745, 740, -1,
      740, 745, 746, -1,
      740, 746, 741, -1,
      741, 746, 747, -1,
      741, 747, 742, -1,
      742, 747, 233, -1,
      742, 233, 236, -1,
      236, 233, 232, -1,
      236, 232, 234, -1,
      386, 388, 385, -1,
      385, 388, 748, -1,
      385, 748, 743, -1,
      743, 748, 749, -1,
      743, 749, 744, -1,
      744, 749, 750, -1,
      744, 750, 745, -1,
      745, 750, 751, -1,
      745, 751, 746, -1,
      746, 751, 752, -1,
      746, 752, 747, -1,
      747, 752, 230, -1,
      747, 230, 233, -1,
      233, 230, 229, -1,
      233, 229, 231, -1,
      389, 391, 388, -1,
      388, 391, 753, -1,
      388, 753, 748, -1,
      748, 753, 754, -1,
      748, 754, 749, -1,
      749, 754, 755, -1,
      749, 755, 750, -1,
      750, 755, 756, -1,
      750, 756, 751, -1,
      751, 756, 757, -1,
      751, 757, 752, -1,
      752, 757, 227, -1,
      752, 227, 230, -1,
      230, 227, 226, -1,
      230, 226, 228, -1,
      392, 394, 391, -1,
      391, 394, 758, -1,
      391, 758, 753, -1,
      753, 758, 759, -1,
      753, 759, 754, -1,
      754, 759, 760, -1,
      754, 760, 755, -1,
      755, 760, 761, -1,
      755, 761, 756, -1,
      756, 761, 762, -1,
      756, 762, 757, -1,
      757, 762, 224, -1,
      757, 224, 227, -1,
      227, 224, 223, -1,
      227, 223, 225, -1,
      395, 397, 394, -1,
      394, 397, 763, -1,
      394, 763, 758, -1,
      758, 763, 764, -1,
      758, 764, 759, -1,
      759, 764, 765, -1,
      759, 765, 760, -1,
      760, 765, 766, -1,
      760, 766, 761, -1,
      761, 766, 767, -1,
      761, 767, 762, -1,
      762, 767, 221, -1,
      762, 221, 224, -1,
      224, 221, 220, -1,
      224, 220, 222, -1,
      398, 400, 397, -1,
      397, 400, 768, -1,
      397, 768, 763, -1,
      763, 768, 769, -1,
      763, 769, 764, -1,
      764, 769, 770, -1,
      764, 770, 765, -1,
      765, 770, 771, -1,
      765, 771, 766, -1,
      766, 771, 772, -1,
      766, 772, 767, -1,
      767, 772, 218, -1,
      767, 218, 221, -1,
      221, 218, 217, -1,
      221, 217, 219, -1,
      401, 403, 400, -1,
      400, 403, 773, -1,
      400, 773, 768, -1,
      768, 773, 774, -1,
      768, 774, 769, -1,
      769, 774, 775, -1,
      769, 775, 770, -1,
      770, 775, 776, -1,
      770, 776, 771, -1,
      771, 776, 777, -1,
      771, 777, 772, -1,
      772, 777, 215, -1,
      772, 215, 218, -1,
      218, 215, 214, -1,
      218, 214, 216, -1,
      404, 406, 403, -1,
      403, 406, 778, -1,
      403, 778, 773, -1,
      773, 778, 779, -1,
      773, 779, 774, -1,
      774, 779, 780, -1,
      774, 780, 775, -1,
      775, 780, 781, -1,
      775, 781, 776, -1,
      776, 781, 782, -1,
      776, 782, 777, -1,
      777, 782, 212, -1,
      777, 212, 215, -1,
      215, 212, 211, -1,
      215, 211, 213, -1,
      407, 409, 406, -1,
      406, 409, 783, -1,
      406, 783, 778, -1,
      778, 783, 784, -1,
      778, 784, 779, -1,
      779, 784, 785, -1,
      779, 785, 780, -1,
      780, 785, 786, -1,
      780, 786, 781, -1,
      781, 786, 787, -1,
      781, 787, 782, -1,
      782, 787, 209, -1,
      782, 209, 212, -1,
      212, 209, 208, -1,
      212, 208, 210, -1,
      410, 412, 409, -1,
      409, 412, 788, -1,
      409, 788, 783, -1,
      783, 788, 789, -1,
      783, 789, 784, -1,
      784, 789, 790, -1,
      784, 790, 785, -1,
      785, 790, 791, -1,
      785, 791, 786, -1,
      786, 791, 792, -1,
      786, 792, 787, -1,
      787, 792, 206, -1,
      787, 206, 209, -1,
      209, 206, 205, -1,
      209, 205, 207, -1,
      413, 415, 412, -1,
      412, 415, 793, -1,
      412, 793, 788, -1,
      788, 793, 794, -1,
      788, 794, 789, -1,
      789, 794, 795, -1,
      789, 795, 790, -1,
      790, 795, 796, -1,
      790, 796, 791, -1,
      791, 796, 797, -1,
      791, 797, 792, -1,
      792, 797, 203, -1,
      792, 203, 206, -1,
      206, 203, 202, -1,
      206, 202, 204, -1,
      416, 418, 415, -1,
      415, 418, 798, -1,
      415, 798, 793, -1,
      793, 798, 799, -1,
      793, 799, 794, -1,
      794, 799, 800, -1,
      794, 800, 795, -1,
      795, 800, 801, -1,
      795, 801, 796, -1,
      796, 801, 802, -1,
      796, 802, 797, -1,
      797, 802, 200, -1,
      797, 200, 203, -1,
      203, 200, 199, -1,
      203, 199, 201, -1,
      419, 421, 418, -1,
      418, 421, 803, -1,
      418, 803, 798, -1,
      798, 803, 804, -1,
      798, 804, 799, -1,
      799, 804, 805, -1,
      799, 805, 800, -1,
      800, 805, 806, -1,
      800, 806, 801, -1,
      801, 806, 807, -1,
      801, 807, 802, -1,
      802, 807, 197, -1,
      802, 197, 200, -1,
      200, 197, 196, -1,
      200, 196, 198, -1,
      270, 272, 421, -1,
      421, 272, 808, -1,
      421, 808, 803, -1,
      803, 808, 809, -1,
      803, 809, 804, -1,
      804, 809, 810, -1,
      804, 810, 805, -1,
      805, 810, 811, -1,
      805, 811, 806, -1,
      806, 811, 812, -1,
      806, 812, 807, -1,
      807, 812, 194, -1,
      807, 194, 197, -1,
      197, 194, 193, -1,
      197, 193, 195, -1,
      272, 813, 808, -1,
      808, 813, 814, -1,
      808, 814, 809, -1,
      809, 814, 815, -1,
      809, 815, 810, -1,
      810, 815, 816, -1,
      810, 816, 811, -1,
      811, 816, 817, -1,
      811, 817, 812, -1,
      812, 817, 191, -1,
      812, 191, 194, -1,
      194, 191, 190, -1,
      194, 190, 192, -1,
      813, 818, 814, -1,
      814, 818, 819, -1,
      814, 819, 815, -1,
      815, 819, 820, -1,
      815, 820, 816, -1,
      816, 820, 821, -1,
      816, 821, 817, -1,
      817, 821, 188, -1,
      817, 188, 191, -1,
      191, 188, 187, -1,
      191, 187, 189, -1,
      818, 822, 819, -1,
      819, 822, 823, -1,
      819, 823, 820, -1,
      820, 823, 824, -1,
      820, 824, 821, -1,
      821, 824, 185, -1,
      821, 185, 188, -1,
      188, 185, 184, -1,
      188, 184, 186, -1,
      822, 825, 823, -1,
      823, 825, 826, -1,
      823, 826, 824, -1,
      824, 826, 182, -1,
      824, 182, 185, -1,
      185, 182, 181, -1,
      185, 181, 183, -1,
      825, 461, 826, -1,
      826, 461, 460, -1,
      826, 460, 182, -1,
      182, 460, 827, -1,
      182, 827, 180, -1,
      828, 829, 830, -1,
      830, 829, 459, -1,
      830, 459, 831, -1,
      831, 459, 461, -1,
      831, 461, 832, -1,
      832, 461, 825, -1,
      832, 825, 833, -1,
      833, 825, 822, -1,
      833, 822, 834, -1,
      834, 822, 818, -1,
      834, 818, 835, -1,
      835, 818, 813, -1,
      835, 813, 269, -1,
      269, 813, 272, -1,
      269, 272, 267, -1,
      267, 272, 271, -1,
      829, 836, 459, -1,
      459, 836, 837, -1,
      459, 837, 460, -1,
      460, 837, 838, -1,
      460, 838, 827, -1,
      178, 828, 179, -1,
      179, 828, 830, -1,
      179, 830, 839, -1,
      839, 830, 831, -1,
      839, 831, 840, -1,
      840, 831, 832, -1,
      840, 832, 841, -1,
      841, 832, 833, -1,
      841, 833, 842, -1,
      842, 833, 834, -1,
      842, 834, 843, -1,
      843, 834, 835, -1,
      843, 835, 266, -1,
      266, 835, 269, -1,
      266, 269, 264, -1,
      264, 269, 268, -1,
      175, 177, 176, -1,
      176, 177, 179, -1,
      176, 179, 844, -1,
      844, 179, 839, -1,
      844, 839, 845, -1,
      845, 839, 840, -1,
      845, 840, 846, -1,
      846, 840, 841, -1,
      846, 841, 847, -1,
      847, 841, 842, -1,
      847, 842, 848, -1,
      848, 842, 843, -1,
      848, 843, 263, -1,
      263, 843, 266, -1,
      263, 266, 261, -1,
      261, 266, 265, -1,
      172, 174, 173, -1,
      173, 174, 176, -1,
      173, 176, 849, -1,
      849, 176, 844, -1,
      849, 844, 850, -1,
      850, 844, 845, -1,
      850, 845, 851, -1,
      851, 845, 846, -1,
      851, 846, 852, -1,
      852, 846, 847, -1,
      852, 847, 853, -1,
      853, 847, 848, -1,
      853, 848, 260, -1,
      260, 848, 263, -1,
      260, 263, 258, -1,
      258, 263, 262, -1,
      169, 171, 170, -1,
      170, 171, 173, -1,
      170, 173, 854, -1,
      854, 173, 849, -1,
      854, 849, 855, -1,
      855, 849, 850, -1,
      855, 850, 856, -1,
      856, 850, 851, -1,
      856, 851, 857, -1,
      857, 851, 852, -1,
      857, 852, 858, -1,
      858, 852, 853, -1,
      858, 853, 257, -1,
      257, 853, 260, -1,
      257, 260, 255, -1,
      255, 260, 259, -1,
      166, 168, 167, -1,
      167, 168, 170, -1,
      167, 170, 859, -1,
      859, 170, 854, -1,
      859, 854, 860, -1,
      860, 854, 855, -1,
      860, 855, 861, -1,
      861, 855, 856, -1,
      861, 856, 862, -1,
      862, 856, 857, -1,
      862, 857, 863, -1,
      863, 857, 858, -1,
      863, 858, 254, -1,
      254, 858, 257, -1,
      254, 257, 252, -1,
      252, 257, 256, -1,
      163, 165, 164, -1,
      164, 165, 167, -1,
      164, 167, 864, -1,
      864, 167, 859, -1,
      864, 859, 865, -1,
      865, 859, 860, -1,
      865, 860, 866, -1,
      866, 860, 861, -1,
      866, 861, 867, -1,
      867, 861, 862, -1,
      867, 862, 868, -1,
      868, 862, 863, -1,
      868, 863, 251, -1,
      251, 863, 254, -1,
      251, 254, 249, -1,
      249, 254, 253, -1,
      160, 162, 161, -1,
      161, 162, 164, -1,
      161, 164, 869, -1,
      869, 164, 864, -1,
      869, 864, 870, -1,
      870, 864, 865, -1,
      870, 865, 871, -1,
      871, 865, 866, -1,
      871, 866, 872, -1,
      872, 866, 867, -1,
      872, 867, 873, -1,
      873, 867, 868, -1,
      873, 868, 248, -1,
      248, 868, 251, -1,
      248, 251, 246, -1,
      246, 251, 250, -1,
      470, 159, 453, -1,
      453, 159, 161, -1,
      453, 161, 448, -1,
      448, 161, 869, -1,
      448, 869, 444, -1,
      444, 869, 870, -1,
      444, 870, 441, -1,
      441, 870, 871, -1,
      441, 871, 439, -1,
      439, 871, 872, -1,
      439, 872, 245, -1,
      245, 872, 873, -1,
      245, 873, 243, -1,
      243, 873, 248, -1,
      243, 248, 422, -1,
      422, 248, 247, -1,
      874, 875, 876, -1,
      876, 875, 877, -1,
      876, 877, 878, -1,
      878, 877, 879, -1,
      878, 879, 880, -1,
      880, 879, 881, -1,
      880, 881, 882, -1,
      882, 881, 883, -1,
      882, 883, 884, -1,
      884, 883, 885, -1,
      884, 885, 886, -1,
      886, 885, 887, -1,
      886, 887, 888, -1,
      888, 887, 889, -1,
      888, 889, 890, -1,
      890, 889, 891, -1,
      890, 891, 892, -1,
      892, 891, 893, -1,
      892, 893, 894, -1,
      894, 893, 895, -1,
      894, 895, 896, -1,
      896, 895, 897, -1,
      896, 897, 898, -1,
      898, 897, 899, -1,
      898, 899, 900, -1,
      900, 899, 901, -1,
      900, 901, 902, -1,
      902, 901, 903, -1,
      902, 903, 904, -1,
      904, 903, 905, -1,
      904, 905, 906, -1,
      906, 905, 907, -1,
      906, 907, 908, -1,
      908, 907, 909, -1,
      908, 909, 910, -1,
      910, 909, 911, -1,
      910, 911, 912, -1,
      912, 911, 913, -1,
      912, 913, 914, -1,
      914, 913, 915, -1,
      914, 915, 916, -1,
      916, 915, 917, -1,
      916, 917, 918, -1,
      918, 917, 919, -1,
      918, 919, 920, -1,
      920, 919, 921, -1,
      920, 921, 922, -1,
      922, 921, 923, -1,
      922, 923, 924, -1,
      924, 923, 925, -1,
      924, 925, 926, -1,
      926, 925, 927, -1,
      926, 927, 928, -1,
      928, 927, 929, -1,
      928, 929, 930, -1,
      930, 929, 931, -1,
      930, 931, 932, -1,
      932, 931, 933, -1,
      932, 933, 934, -1,
      934, 933, 935, -1,
      934, 935, 936, -1,
      936, 935, 937, -1,
      936, 937, 938, -1,
      938, 937, 939, -1,
      938, 939, 940, -1,
      940, 939, 941, -1,
      940, 941, 942, -1,
      942, 941, 943, -1,
      942, 943, 944, -1,
      944, 943, 945, -1,
      944, 945, 946, -1,
      946, 945, 947, -1,
      946, 947, 948, -1,
      948, 947, 949, -1,
      948, 949, 950, -1,
      950, 949, 951, -1,
      950, 951, 952, -1,
      952, 951, 953, -1,
      952, 953, 954, -1,
      954, 953, 955, -1,
      954, 955, 956, -1,
      956, 955, 957, -1,
      956, 957, 958, -1,
      958, 957, 959, -1,
      958, 959, 960, -1,
      960, 959, 961, -1,
      960, 961, 962, -1,
      962, 961, 963, -1,
      962, 963, 964, -1,
      964, 963, 965, -1,
      964, 965, 966, -1,
      966, 965, 967, -1,
      966, 967, 968, -1,
      968, 967, 969, -1,
      968, 969, 970, -1,
      970, 969, 971, -1,
      970, 971, 972, -1,
      972, 971, 973, -1,
      972, 973, 974, -1,
      974, 973, 975, -1,
      974, 975, 976, -1,
      976, 975, 977, -1,
      976, 977, 978, -1,
      978, 977, 979, -1,
      978, 979, 980, -1,
      980, 979, 981, -1,
      980, 981, 982, -1,
      982, 981, 983, -1,
      982, 983, 984, -1,
      984, 983, 985, -1,
      984, 985, 986, -1,
      986, 985, 987, -1,
      986, 987, 988, -1,
      988, 987, 989, -1,
      988, 989, 990, -1,
      990, 989, 991, -1,
      990, 991, 992, -1,
      992, 991, 993, -1,
      992, 993, 994, -1,
      994, 993, 995, -1,
      994, 995, 996, -1,
      996, 995, 997, -1,
      996, 997, 998, -1,
      998, 997, 999, -1,
      998, 999, 1000, -1,
      1000, 999, 1001, -1,
      1000, 1001, 1002, -1,
      1002, 1001, 1003, -1,
      1002, 1003, 1004, -1,
      1004, 1003, 1005, -1,
      1004, 1005, 1006, -1,
      1006, 1005, 1007, -1,
      1006, 1007, 1008, -1,
      1008, 1007, 1009, -1,
      1008, 1009, 1010, -1,
      1010, 1009, 1011, -1,
      1010, 1011, 1012, -1,
      1012, 1011, 1013, -1,
      1012, 1013, 1014, -1,
      1014, 1013, 1015, -1,
      1014, 1015, 1016, -1,
      1016, 1015, 1017, -1,
      1016, 1017, 1018, -1,
      1018, 1017, 1019, -1,
      1018, 1019, 1020, -1,
      1020, 1019, 1021, -1,
      1020, 1021, 1022, -1,
      1022, 1021, 1023, -1,
      1022, 1023, 1024, -1,
      1024, 1023, 1025, -1,
      1024, 1025, 1026, -1,
      1026, 1025, 1027, -1,
      1026, 1027, 1028, -1,
      1028, 1027, 1029, -1,
      1028, 1029, 1030, -1,
      1030, 1029, 1031, -1,
      1030, 1031, 1032, -1,
      1032, 1031, 1033, -1,
      1032, 1033, 1034, -1,
      1034, 1033, 1035, -1,
      1034, 1035, 1036, -1,
      1036, 1035, 1037, -1,
      1036, 1037, 1038, -1,
      1038, 1037, 1039, -1,
      1038, 1039, 1040, -1,
      1040, 1039, 1041, -1,
      1040, 1041, 1042, -1,
      1042, 1041, 1043, -1,
      1042, 1043, 1044, -1,
      1044, 1043, 1045, -1,
      1044, 1045, 1046, -1,
      1046, 1045, 1047, -1,
      1046, 1047, 1048, -1,
      1048, 1047, 1049, -1,
      1048, 1049, 1050, -1,
      1050, 1049, 1051, -1,
      1050, 1051, 1052, -1,
      1052, 1051, 1053, -1,
      1052, 1053, 1054, -1,
      1054, 1053, 1055, -1,
      1054, 1055, 1056, -1,
      1056, 1055, 1057, -1,
      1056, 1057, 1058, -1,
      1058, 1057, 1059, -1,
      1058, 1059, 1060, -1,
      1060, 1059, 1061, -1,
      1060, 1061, 1062, -1,
      1062, 1061, 1063, -1,
      1062, 1063, 1064, -1,
      1064, 1063, 1065, -1,
      1064, 1065, 1066, -1,
      1066, 1065, 1067, -1,
      1066, 1067, 1068, -1,
      1068, 1067, 1069, -1,
      1068, 1069, 1070, -1,
      1070, 1069, 1071, -1,
      1070, 1071, 1072, -1,
      1072, 1071, 1073, -1,
      1072, 1073, 1074, -1,
      1074, 1073, 1075, -1,
      1074, 1075, 1076, -1,
      1076, 1075, 1077, -1,
      1076, 1077, 1078, -1,
      1078, 1077, 1079, -1,
      1078, 1079, 1080, -1,
      1080, 1079, 1081, -1,
      1080, 1081, 1082, -1,
      1082, 1081, 1083, -1,
      1082, 1083, 1084, -1,
      1084, 1083, 1085, -1,
      1084, 1085, 1086, -1,
      1086, 1085, 1087, -1,
      1086, 1087, 1088, -1,
      1088, 1087, 1089, -1,
      1088, 1089, 1090, -1,
      1090, 1089, 1091, -1,
      1090, 1091, 1092, -1,
      1092, 1091, 1093, -1,
      1092, 1093, 1094, -1,
      1094, 1093, 1095, -1,
      1094, 1095, 1096, -1,
      1096, 1095, 1097, -1,
      1096, 1097, 874, -1,
      874, 1097, 875, -1,
      720, 719, 1098, -1,
      241, 240, 1099, -1,
      238, 237, 1100, -1,
      235, 234, 1101, -1,
      232, 231, 1102, -1,
      229, 228, 1103, -1,
      226, 225, 1104, -1,
      223, 222, 1105, -1,
      220, 219, 1106, -1,
      217, 216, 1107, -1,
      214, 213, 1108, -1,
      211, 210, 1109, -1,
      208, 207, 1110, -1,
      205, 204, 1111, -1,
      202, 201, 1112, -1,
      199, 198, 1113, -1,
      196, 195, 1114, -1,
      193, 192, 1115, -1,
      190, 189, 1116, -1,
      187, 186, 1117, -1,
      184, 183, 1118, -1,
      181, 180, 1119, -1,
      827, 838, 1120, -1,
      837, 836, 1121, -1,
      829, 828, 1122, -1,
      178, 177, 1123, -1,
      175, 174, 1124, -1,
      172, 171, 1125, -1,
      169, 168, 1126, -1,
      166, 165, 1127, -1,
      163, 162, 1128, -1,
      1129, 1130, 1131, -1,
      155, 154, 1132, -1,
      146, 150, 1133, -1,
      145, 144, 1134, -1,
      143, 142, 1135, -1,
      134, 138, 1136, -1,
      1137, 136, 135, -1,
      136, 1137, 137, -1,
      131, 130, 1138, -1,
      122, 126, 1139, -1,
      115, 116, 1140, -1,
      113, 112, 1141, -1,
      109, 108, 1142, -1,
      103, 104, 1143, -1,
      1144, 100, 99, -1,
      100, 1144, 101, -1,
      86, 90, 1145, -1,
      1146, 88, 87, -1,
      88, 1146, 89, -1,
      74, 78, 1147, -1,
      1148, 76, 75, -1,
      76, 1148, 77, -1,
      62, 66, 1149, -1,
      61, 60, 1150, -1,
      50, 54, 1151, -1,
      49, 48, 1152, -1,
      1153, 156, 47, -1,
      1154, 47, 49, -1,
      48, 53, 1155, -1,
      1155, 53, 52, -1,
      1155, 52, 51, -1,
      1156, 51, 50, -1,
      54, 55, 1157, -1,
      1157, 55, 56, -1,
      1157, 56, 57, -1,
      1158, 57, 59, -1,
      59, 58, 1159, -1,
      1159, 58, 61, -1,
      60, 65, 1160, -1,
      1160, 65, 64, -1,
      1160, 64, 63, -1,
      1161, 63, 62, -1,
      66, 67, 1162, -1,
      1162, 67, 68, -1,
      1162, 68, 69, -1,
      1163, 69, 71, -1,
      71, 70, 1164, -1,
      1164, 70, 73, -1,
      73, 72, 1165, -1,
      1165, 72, 77, -1,
      1166, 75, 74, -1,
      78, 79, 1167, -1,
      1167, 79, 80, -1,
      1167, 80, 81, -1,
      1168, 81, 83, -1,
      83, 82, 1169, -1,
      1169, 82, 85, -1,
      85, 84, 1170, -1,
      1170, 84, 89, -1,
      1171, 87, 86, -1,
      90, 91, 1172, -1,
      1172, 91, 92, -1,
      1172, 92, 93, -1,
      1173, 93, 95, -1,
      95, 94, 1174, -1,
      1174, 94, 97, -1,
      97, 96, 1175, -1,
      1175, 96, 101, -1,
      1176, 99, 98, -1,
      103, 1143, 102, -1,
      109, 1142, 106, -1,
      115, 1140, 114, -1,
      118, 121, 1130, -1,
      121, 120, 1130, -1,
      1130, 120, 125, -1,
      1130, 125, 1131, -1,
      1131, 125, 124, -1,
      1131, 124, 123, -1,
      1177, 123, 122, -1,
      126, 127, 1178, -1,
      1178, 127, 128, -1,
      1178, 128, 129, -1,
      1179, 129, 131, -1,
      130, 133, 1180, -1,
      1180, 133, 132, -1,
      1180, 132, 137, -1,
      1181, 135, 134, -1,
      138, 139, 1182, -1,
      1182, 139, 140, -1,
      1182, 140, 141, -1,
      1183, 141, 143, -1,
      145, 1134, 142, -1,
      144, 149, 1184, -1,
      1184, 149, 148, -1,
      1184, 148, 147, -1,
      1185, 147, 146, -1,
      150, 151, 1186, -1,
      1186, 151, 152, -1,
      1186, 152, 153, -1,
      1187, 153, 155, -1,
      154, 158, 1188, -1,
      1188, 158, 157, -1,
      1188, 157, 156, -1,
      119, 118, 1189, -1,
      1189, 118, 1130, -1,
      1189, 1130, 1190, -1,
      1190, 1130, 1129, -1,
      1190, 1129, 1120, -1,
      1191, 1192, 1193, -1,
      1194, 1192, 1195, -1,
      1195, 1192, 1191, -1,
      1195, 1191, 1196, -1,
      98, 102, 1196, -1,
      1196, 102, 1143, -1,
      1196, 1143, 1195, -1,
      1195, 1143, 1197, -1,
      1195, 1197, 1194, -1,
      1194, 1197, 1198, -1,
      1199, 713, 712, -1,
      48, 1155, 1152, -1,
      1152, 1155, 1200, -1,
      1152, 1200, 1201, -1,
      1201, 1200, 1199, -1,
      1201, 1199, 1202, -1,
      1202, 1199, 712, -1,
      1202, 712, 722, -1,
      1203, 705, 704, -1,
      51, 1156, 1155, -1,
      1155, 1156, 1204, -1,
      1155, 1204, 1200, -1,
      1200, 1204, 1203, -1,
      1200, 1203, 1199, -1,
      1199, 1203, 704, -1,
      1199, 704, 713, -1,
      1205, 697, 696, -1,
      50, 1151, 1156, -1,
      1156, 1151, 1206, -1,
      1156, 1206, 1204, -1,
      1204, 1206, 1205, -1,
      1204, 1205, 1203, -1,
      1203, 1205, 696, -1,
      1203, 696, 705, -1,
      1207, 689, 688, -1,
      54, 1157, 1151, -1,
      1151, 1157, 1208, -1,
      1151, 1208, 1206, -1,
      1206, 1208, 1207, -1,
      1206, 1207, 1205, -1,
      1205, 1207, 688, -1,
      1205, 688, 697, -1,
      1209, 681, 680, -1,
      57, 1158, 1157, -1,
      1157, 1158, 1210, -1,
      1157, 1210, 1208, -1,
      1208, 1210, 1209, -1,
      1208, 1209, 1207, -1,
      1207, 1209, 680, -1,
      1207, 680, 689, -1,
      1211, 673, 672, -1,
      59, 1159, 1158, -1,
      1158, 1159, 1212, -1,
      1158, 1212, 1210, -1,
      1210, 1212, 1211, -1,
      1210, 1211, 1209, -1,
      1209, 1211, 672, -1,
      1209, 672, 681, -1,
      1213, 665, 664, -1,
      61, 1150, 1159, -1,
      1159, 1150, 1214, -1,
      1159, 1214, 1212, -1,
      1212, 1214, 1213, -1,
      1212, 1213, 1211, -1,
      1211, 1213, 664, -1,
      1211, 664, 673, -1,
      1215, 657, 656, -1,
      60, 1160, 1150, -1,
      1150, 1160, 1216, -1,
      1150, 1216, 1214, -1,
      1214, 1216, 1215, -1,
      1214, 1215, 1213, -1,
      1213, 1215, 656, -1,
      1213, 656, 665, -1,
      1217, 649, 648, -1,
      63, 1161, 1160, -1,
      1160, 1161, 1218, -1,
      1160, 1218, 1216, -1,
      1216, 1218, 1217, -1,
      1216, 1217, 1215, -1,
      1215, 1217, 648, -1,
      1215, 648, 657, -1,
      1219, 641, 640, -1,
      62, 1149, 1161, -1,
      1161, 1149, 1220, -1,
      1161, 1220, 1218, -1,
      1218, 1220, 1219, -1,
      1218, 1219, 1217, -1,
      1217, 1219, 640, -1,
      1217, 640, 649, -1,
      1221, 633, 632, -1,
      66, 1162, 1149, -1,
      1149, 1162, 1222, -1,
      1149, 1222, 1220, -1,
      1220, 1222, 1221, -1,
      1220, 1221, 1219, -1,
      1219, 1221, 632, -1,
      1219, 632, 641, -1,
      1223, 625, 624, -1,
      69, 1163, 1162, -1,
      1162, 1163, 1224, -1,
      1162, 1224, 1222, -1,
      1222, 1224, 1223, -1,
      1222, 1223, 1221, -1,
      1221, 1223, 624, -1,
      1221, 624, 633, -1,
      1225, 617, 616, -1,
      71, 1164, 1163, -1,
      1163, 1164, 1226, -1,
      1163, 1226, 1224, -1,
      1224, 1226, 1225, -1,
      1224, 1225, 1223, -1,
      1223, 1225, 616, -1,
      1223, 616, 625, -1,
      1227, 609, 608, -1,
      73, 1165, 1164, -1,
      1164, 1165, 1228, -1,
      1164, 1228, 1226, -1,
      1226, 1228, 1227, -1,
      1226, 1227, 1225, -1,
      1225, 1227, 608, -1,
      1225, 608, 617, -1,
      1229, 601, 600, -1,
      77, 1148, 1165, -1,
      1165, 1148, 1230, -1,
      1165, 1230, 1228, -1,
      1228, 1230, 1229, -1,
      1228, 1229, 1227, -1,
      1227, 1229, 600, -1,
      1227, 600, 609, -1,
      1231, 593, 592, -1,
      75, 1166, 1148, -1,
      1148, 1166, 1232, -1,
      1148, 1232, 1230, -1,
      1230, 1232, 1231, -1,
      1230, 1231, 1229, -1,
      1229, 1231, 592, -1,
      1229, 592, 601, -1,
      1233, 585, 584, -1,
      74, 1147, 1166, -1,
      1166, 1147, 1234, -1,
      1166, 1234, 1232, -1,
      1232, 1234, 1233, -1,
      1232, 1233, 1231, -1,
      1231, 1233, 584, -1,
      1231, 584, 593, -1,
      1235, 577, 576, -1,
      78, 1167, 1147, -1,
      1147, 1167, 1236, -1,
      1147, 1236, 1234, -1,
      1234, 1236, 1235, -1,
      1234, 1235, 1233, -1,
      1233, 1235, 576, -1,
      1233, 576, 585, -1,
      1237, 569, 568, -1,
      81, 1168, 1167, -1,
      1167, 1168, 1238, -1,
      1167, 1238, 1236, -1,
      1236, 1238, 1237, -1,
      1236, 1237, 1235, -1,
      1235, 1237, 568, -1,
      1235, 568, 577, -1,
      1239, 561, 560, -1,
      83, 1169, 1168, -1,
      1168, 1169, 1240, -1,
      1168, 1240, 1238, -1,
      1238, 1240, 1239, -1,
      1238, 1239, 1237, -1,
      1237, 1239, 560, -1,
      1237, 560, 569, -1,
      1241, 553, 552, -1,
      85, 1170, 1169, -1,
      1169, 1170, 1242, -1,
      1169, 1242, 1240, -1,
      1240, 1242, 1241, -1,
      1240, 1241, 1239, -1,
      1239, 1241, 552, -1,
      1239, 552, 561, -1,
      1243, 545, 544, -1,
      89, 1146, 1170, -1,
      1170, 1146, 1244, -1,
      1170, 1244, 1242, -1,
      1242, 1244, 1243, -1,
      1242, 1243, 1241, -1,
      1241, 1243, 544, -1,
      1241, 544, 553, -1,
      1245, 537, 536, -1,
      87, 1171, 1146, -1,
      1146, 1171, 1246, -1,
      1146, 1246, 1244, -1,
      1244, 1246, 1245, -1,
      1244, 1245, 1243, -1,
      1243, 1245, 536, -1,
      1243, 536, 545, -1,
      1247, 529, 528, -1,
      86, 1145, 1171, -1,
      1171, 1145, 1248, -1,
      1171, 1248, 1246, -1,
      1246, 1248, 1247, -1,
      1246, 1247, 1245, -1,
      1245, 1247, 528, -1,
      1245, 528, 537, -1,
      1249, 521, 520, -1,
      90, 1172, 1145, -1,
      1145, 1172, 1250, -1,
      1145, 1250, 1248, -1,
      1248, 1250, 1249, -1,
      1248, 1249, 1247, -1,
      1247, 1249, 520, -1,
      1247, 520, 529, -1,
      1251, 513, 512, -1,
      93, 1173, 1172, -1,
      1172, 1173, 1252, -1,
      1172, 1252, 1250, -1,
      1250, 1252, 1251, -1,
      1250, 1251, 1249, -1,
      1249, 1251, 512, -1,
      1249, 512, 521, -1,
      1253, 505, 504, -1,
      95, 1174, 1173, -1,
      1173, 1174, 1254, -1,
      1173, 1254, 1252, -1,
      1252, 1254, 1253, -1,
      1252, 1253, 1251, -1,
      1251, 1253, 504, -1,
      1251, 504, 513, -1,
      1255, 497, 496, -1,
      97, 1175, 1174, -1,
      1174, 1175, 1256, -1,
      1174, 1256, 1254, -1,
      1254, 1256, 1255, -1,
      1254, 1255, 1253, -1,
      1253, 1255, 496, -1,
      1253, 496, 505, -1,
      1257, 489, 488, -1,
      101, 1144, 1175, -1,
      1175, 1144, 1258, -1,
      1175, 1258, 1256, -1,
      1256, 1258, 1257, -1,
      1256, 1257, 1255, -1,
      1255, 1257, 488, -1,
      1255, 488, 497, -1,
      1259, 481, 480, -1,
      99, 1176, 1144, -1,
      1144, 1176, 1260, -1,
      1144, 1260, 1258, -1,
      1258, 1260, 1259, -1,
      1258, 1259, 1257, -1,
      1257, 1259, 480, -1,
      1257, 480, 489, -1,
      98, 1196, 1176, -1,
      1176, 1196, 1191, -1,
      1176, 1191, 1260, -1,
      1260, 1191, 1193, -1,
      1260, 1193, 1259, -1,
      1259, 1193, 472, -1,
      1259, 472, 481, -1,
      160, 159, 1198, -1,
      1198, 159, 470, -1,
      1198, 470, 1194, -1,
      1194, 470, 464, -1,
      1194, 464, 1192, -1,
      1192, 464, 463, -1,
      1192, 463, 1193, -1,
      1193, 463, 473, -1,
      1193, 473, 472, -1,
      162, 160, 1128, -1,
      1128, 160, 1198, -1,
      1128, 1198, 1261, -1,
      1261, 1198, 1197, -1,
      1261, 1197, 1262, -1,
      1262, 1197, 1143, -1,
      1262, 1143, 105, -1,
      105, 1143, 104, -1,
      165, 163, 1127, -1,
      1127, 163, 1128, -1,
      1127, 1128, 1263, -1,
      1263, 1128, 1261, -1,
      1263, 1261, 1264, -1,
      1264, 1261, 1262, -1,
      1264, 1262, 107, -1,
      107, 1262, 105, -1,
      168, 166, 1126, -1,
      1126, 166, 1127, -1,
      1126, 1127, 1265, -1,
      1265, 1127, 1263, -1,
      1265, 1263, 1142, -1,
      1142, 1263, 1264, -1,
      1142, 1264, 106, -1,
      106, 1264, 107, -1,
      171, 169, 1125, -1,
      1125, 169, 1126, -1,
      1125, 1126, 1266, -1,
      1266, 1126, 1265, -1,
      1266, 1265, 1141, -1,
      1141, 1265, 1142, -1,
      1141, 1142, 113, -1,
      113, 1142, 108, -1,
      174, 172, 1124, -1,
      1124, 172, 1125, -1,
      1124, 1125, 1267, -1,
      1267, 1125, 1266, -1,
      1267, 1266, 1268, -1,
      1268, 1266, 1141, -1,
      1268, 1141, 111, -1,
      111, 1141, 112, -1,
      177, 175, 1123, -1,
      1123, 175, 1124, -1,
      1123, 1124, 1269, -1,
      1269, 1124, 1267, -1,
      1269, 1267, 1270, -1,
      1270, 1267, 1268, -1,
      1270, 1268, 110, -1,
      110, 1268, 111, -1,
      828, 178, 1122, -1,
      1122, 178, 1123, -1,
      1122, 1123, 1271, -1,
      1271, 1123, 1269, -1,
      1271, 1269, 1140, -1,
      1140, 1269, 1270, -1,
      1140, 1270, 114, -1,
      114, 1270, 110, -1,
      836, 829, 1121, -1,
      1121, 829, 1122, -1,
      1121, 1122, 1272, -1,
      1272, 1122, 1271, -1,
      1272, 1271, 1273, -1,
      1273, 1271, 1140, -1,
      1273, 1140, 117, -1,
      117, 1140, 116, -1,
      838, 837, 1120, -1,
      1120, 837, 1121, -1,
      1120, 1121, 1190, -1,
      1190, 1121, 1272, -1,
      1190, 1272, 1189, -1,
      1189, 1272, 1273, -1,
      1189, 1273, 119, -1,
      119, 1273, 117, -1,
      123, 1177, 1131, -1,
      1131, 1177, 1274, -1,
      1131, 1274, 1129, -1,
      1129, 1274, 1119, -1,
      1129, 1119, 1120, -1,
      1120, 1119, 180, -1,
      1120, 180, 827, -1,
      122, 1139, 1177, -1,
      1177, 1139, 1275, -1,
      1177, 1275, 1274, -1,
      1274, 1275, 1118, -1,
      1274, 1118, 1119, -1,
      1119, 1118, 183, -1,
      1119, 183, 181, -1,
      126, 1178, 1139, -1,
      1139, 1178, 1276, -1,
      1139, 1276, 1275, -1,
      1275, 1276, 1117, -1,
      1275, 1117, 1118, -1,
      1118, 1117, 186, -1,
      1118, 186, 184, -1,
      129, 1179, 1178, -1,
      1178, 1179, 1277, -1,
      1178, 1277, 1276, -1,
      1276, 1277, 1116, -1,
      1276, 1116, 1117, -1,
      1117, 1116, 189, -1,
      1117, 189, 187, -1,
      131, 1138, 1179, -1,
      1179, 1138, 1278, -1,
      1179, 1278, 1277, -1,
      1277, 1278, 1115, -1,
      1277, 1115, 1116, -1,
      1116, 1115, 192, -1,
      1116, 192, 190, -1,
      130, 1180, 1138, -1,
      1138, 1180, 1279, -1,
      1138, 1279, 1278, -1,
      1278, 1279, 1114, -1,
      1278, 1114, 1115, -1,
      1115, 1114, 195, -1,
      1115, 195, 193, -1,
      137, 1137, 1180, -1,
      1180, 1137, 1280, -1,
      1180, 1280, 1279, -1,
      1279, 1280, 1113, -1,
      1279, 1113, 1114, -1,
      1114, 1113, 198, -1,
      1114, 198, 196, -1,
      135, 1181, 1137, -1,
      1137, 1181, 1281, -1,
      1137, 1281, 1280, -1,
      1280, 1281, 1112, -1,
      1280, 1112, 1113, -1,
      1113, 1112, 201, -1,
      1113, 201, 199, -1,
      134, 1136, 1181, -1,
      1181, 1136, 1282, -1,
      1181, 1282, 1281, -1,
      1281, 1282, 1111, -1,
      1281, 1111, 1112, -1,
      1112, 1111, 204, -1,
      1112, 204, 202, -1,
      138, 1182, 1136, -1,
      1136, 1182, 1283, -1,
      1136, 1283, 1282, -1,
      1282, 1283, 1110, -1,
      1282, 1110, 1111, -1,
      1111, 1110, 207, -1,
      1111, 207, 205, -1,
      141, 1183, 1182, -1,
      1182, 1183, 1284, -1,
      1182, 1284, 1283, -1,
      1283, 1284, 1109, -1,
      1283, 1109, 1110, -1,
      1110, 1109, 210, -1,
      1110, 210, 208, -1,
      143, 1135, 1183, -1,
      1183, 1135, 1285, -1,
      1183, 1285, 1284, -1,
      1284, 1285, 1108, -1,
      1284, 1108, 1109, -1,
      1109, 1108, 213, -1,
      1109, 213, 211, -1,
      142, 1134, 1135, -1,
      1135, 1134, 1286, -1,
      1135, 1286, 1285, -1,
      1285, 1286, 1107, -1,
      1285, 1107, 1108, -1,
      1108, 1107, 216, -1,
      1108, 216, 214, -1,
      144, 1184, 1134, -1,
      1134, 1184, 1287, -1,
      1134, 1287, 1286, -1,
      1286, 1287, 1106, -1,
      1286, 1106, 1107, -1,
      1107, 1106, 219, -1,
      1107, 219, 217, -1,
      147, 1185, 1184, -1,
      1184, 1185, 1288, -1,
      1184, 1288, 1287, -1,
      1287, 1288, 1105, -1,
      1287, 1105, 1106, -1,
      1106, 1105, 222, -1,
      1106, 222, 220, -1,
      146, 1133, 1185, -1,
      1185, 1133, 1289, -1,
      1185, 1289, 1288, -1,
      1288, 1289, 1104, -1,
      1288, 1104, 1105, -1,
      1105, 1104, 225, -1,
      1105, 225, 223, -1,
      150, 1186, 1133, -1,
      1133, 1186, 1290, -1,
      1133, 1290, 1289, -1,
      1289, 1290, 1103, -1,
      1289, 1103, 1104, -1,
      1104, 1103, 228, -1,
      1104, 228, 226, -1,
      153, 1187, 1186, -1,
      1186, 1187, 1291, -1,
      1186, 1291, 1290, -1,
      1290, 1291, 1102, -1,
      1290, 1102, 1103, -1,
      1103, 1102, 231, -1,
      1103, 231, 229, -1,
      155, 1132, 1187, -1,
      1187, 1132, 1292, -1,
      1187, 1292, 1291, -1,
      1291, 1292, 1101, -1,
      1291, 1101, 1102, -1,
      1102, 1101, 234, -1,
      1102, 234, 232, -1,
      154, 1188, 1132, -1,
      1132, 1188, 1293, -1,
      1132, 1293, 1292, -1,
      1292, 1293, 1100, -1,
      1292, 1100, 1101, -1,
      1101, 1100, 237, -1,
      1101, 237, 235, -1,
      156, 1153, 1188, -1,
      1188, 1153, 1294, -1,
      1188, 1294, 1293, -1,
      1293, 1294, 1099, -1,
      1293, 1099, 1100, -1,
      1100, 1099, 240, -1,
      1100, 240, 238, -1,
      47, 1154, 1153, -1,
      1153, 1154, 1295, -1,
      1153, 1295, 1294, -1,
      1294, 1295, 1098, -1,
      1294, 1098, 1099, -1,
      1099, 1098, 719, -1,
      1099, 719, 241, -1,
      49, 1152, 1154, -1,
      1154, 1152, 1201, -1,
      1154, 1201, 1295, -1,
      1295, 1201, 1202, -1,
      1295, 1202, 1098, -1,
      1098, 1202, 722, -1,
      1098, 722, 720, -1,
      1087, 1085, 1296, -1,
      1077, 1075, 1297, -1,
      1073, 1071, 1298, -1,
      1063, 1061, 1299, -1,
      1053, 1051, 1300, -1,
      1049, 1047, 1301, -1,
      1029, 1027, 1302, -1,
      1025, 1023, 1303, -1,
      1005, 1003, 1304, -1,
      1001, 999, 1305, -1,
      981, 979, 1306, -1,
      957, 955, 1307, -1,
      933, 931, 1308, -1,
      895, 893, 1309, -1,
      384, 383, 1310, -1,
      387, 386, 1311, -1,
      390, 389, 1312, -1,
      393, 392, 1313, -1,
      396, 395, 1314, -1,
      399, 398, 1315, -1,
      402, 401, 1316, -1,
      405, 404, 1317, -1,
      408, 407, 1318, -1,
      411, 410, 1319, -1,
      414, 413, 1320, -1,
      417, 416, 1321, -1,
      420, 419, 1322, -1,
      271, 270, 1323, -1,
      268, 267, 1324, -1,
      265, 264, 1325, -1,
      262, 261, 1326, -1,
      259, 258, 1327, -1,
      256, 255, 1328, -1,
      253, 252, 1329, -1,
      250, 249, 1330, -1,
      247, 246, 1331, -1,
      423, 422, 1332, -1,
      425, 424, 1333, -1,
      428, 426, 1334, -1,
      431, 429, 1335, -1,
      434, 432, 1336, -1,
      437, 435, 1337, -1,
      351, 350, 1338, -1,
      354, 353, 1339, -1,
      357, 356, 1340, -1,
      360, 359, 1341, -1,
      363, 362, 1342, -1,
      366, 365, 1343, -1,
      369, 368, 1344, -1,
      346, 345, 1345, -1,
      343, 342, 1346, -1,
      340, 339, 1347, -1,
      1348, 273, 1349, -1,
      1349, 273, 277, -1,
      276, 280, 1350, -1,
      279, 283, 1351, -1,
      282, 286, 1352, -1,
      285, 289, 1353, -1,
      288, 292, 1354, -1,
      291, 295, 1355, -1,
      294, 298, 1356, -1,
      297, 301, 1357, -1,
      300, 304, 1358, -1,
      303, 307, 1359, -1,
      306, 310, 1360, -1,
      309, 313, 1361, -1,
      312, 316, 1362, -1,
      315, 319, 1363, -1,
      318, 322, 1364, -1,
      321, 325, 1365, -1,
      324, 328, 1366, -1,
      327, 331, 1367, -1,
      330, 334, 1368, -1,
      333, 337, 1369, -1,
      340, 1347, 336, -1,
      381, 380, 1370, -1,
      1370, 380, 378, -1,
      1370, 378, 1371, -1,
      378, 377, 1371, -1,
      1371, 377, 375, -1,
      1371, 375, 1372, -1,
      375, 374, 1372, -1,
      1372, 374, 373, -1,
      1372, 373, 1373, -1,
      1373, 373, 371, -1,
      1373, 371, 1348, -1,
      1348, 371, 274, -1,
      1348, 274, 273, -1,
      1349, 1374, 1375, -1,
      1349, 1375, 1348, -1,
      1348, 1375, 1376, -1,
      1348, 1376, 1373, -1,
      1373, 1376, 1377, -1,
      1373, 1377, 1372, -1,
      1372, 1377, 1378, -1,
      1372, 1378, 1371, -1,
      1371, 1378, 1379, -1,
      1371, 1379, 1370, -1,
      1374, 1380, 1381, -1,
      283, 282, 1351, -1,
      1351, 282, 1352, -1,
      1351, 1352, 1382, -1,
      1382, 1352, 1383, -1,
      1382, 1383, 1384, -1,
      1384, 1383, 1309, -1,
      292, 291, 1354, -1,
      1354, 291, 1355, -1,
      1354, 1355, 1385, -1,
      1385, 1355, 1386, -1,
      1385, 1386, 1387, -1,
      1387, 1386, 1388, -1,
      304, 303, 1358, -1,
      1358, 303, 1359, -1,
      1358, 1359, 1389, -1,
      1389, 1359, 1390, -1,
      1389, 1390, 1391, -1,
      1391, 1390, 1392, -1,
      307, 306, 1359, -1,
      1359, 306, 1360, -1,
      1359, 1360, 1390, -1,
      1390, 1360, 1393, -1,
      1390, 1393, 1392, -1,
      1392, 1393, 1394, -1,
      310, 309, 1360, -1,
      1360, 309, 1361, -1,
      1360, 1361, 1393, -1,
      1393, 1361, 1395, -1,
      1393, 1395, 1394, -1,
      1394, 1395, 1396, -1,
      316, 315, 1362, -1,
      1362, 315, 1363, -1,
      1362, 1363, 1397, -1,
      1397, 1363, 1398, -1,
      1397, 1398, 1399, -1,
      1399, 1398, 1308, -1,
      325, 324, 1365, -1,
      1365, 324, 1366, -1,
      1365, 1366, 1400, -1,
      1400, 1366, 1401, -1,
      1400, 1401, 1402, -1,
      1402, 1401, 1403, -1,
      328, 327, 1366, -1,
      1366, 327, 1367, -1,
      1366, 1367, 1401, -1,
      1401, 1367, 1404, -1,
      1401, 1404, 1403, -1,
      1403, 1404, 1405, -1,
      331, 330, 1367, -1,
      1367, 330, 1368, -1,
      1367, 1368, 1404, -1,
      1404, 1368, 1406, -1,
      1404, 1406, 1405, -1,
      1405, 1406, 1407, -1,
      337, 336, 1369, -1,
      1369, 336, 1347, -1,
      1369, 1347, 1408, -1,
      1408, 1347, 1409, -1,
      1408, 1409, 1410, -1,
      1410, 1409, 1307, -1,
      345, 369, 1345, -1,
      1345, 369, 1344, -1,
      1345, 1344, 1411, -1,
      1411, 1344, 1412, -1,
      1411, 1412, 1413, -1,
      1413, 1412, 1414, -1,
      368, 366, 1344, -1,
      1344, 366, 1343, -1,
      1344, 1343, 1412, -1,
      1412, 1343, 1415, -1,
      1412, 1415, 1414, -1,
      1414, 1415, 1416, -1,
      365, 363, 1343, -1,
      1343, 363, 1342, -1,
      1343, 1342, 1415, -1,
      1415, 1342, 1417, -1,
      1415, 1417, 1416, -1,
      1416, 1417, 1418, -1,
      359, 357, 1341, -1,
      1341, 357, 1340, -1,
      1341, 1340, 1419, -1,
      1419, 1340, 1420, -1,
      1419, 1420, 1421, -1,
      1421, 1420, 1306, -1,
      350, 349, 1338, -1,
      1338, 349, 1422, -1,
      1338, 1422, 1423, -1,
      1423, 1422, 1424, -1,
      1423, 1424, 1425, -1,
      1425, 1424, 1426, -1,
      349, 438, 1422, -1,
      1422, 438, 1427, -1,
      1422, 1427, 1424, -1,
      1424, 1427, 1428, -1,
      1424, 1428, 1426, -1,
      1426, 1428, 1429, -1,
      438, 437, 1427, -1,
      1427, 437, 1337, -1,
      1427, 1337, 1428, -1,
      1428, 1337, 1430, -1,
      1428, 1430, 1429, -1,
      1429, 1430, 1431, -1,
      424, 423, 1333, -1,
      1333, 423, 1332, -1,
      1333, 1332, 1432, -1,
      1432, 1332, 1433, -1,
      1432, 1433, 1434, -1,
      1434, 1433, 1435, -1,
      422, 247, 1332, -1,
      1332, 247, 1331, -1,
      1332, 1331, 1433, -1,
      1433, 1331, 1436, -1,
      1433, 1436, 1435, -1,
      1435, 1436, 1437, -1,
      246, 250, 1331, -1,
      1331, 250, 1330, -1,
      1331, 1330, 1436, -1,
      1436, 1330, 1438, -1,
      1436, 1438, 1437, -1,
      1437, 1438, 1439, -1,
      261, 265, 1326, -1,
      1326, 265, 1325, -1,
      1326, 1325, 1440, -1,
      1440, 1325, 1441, -1,
      1440, 1441, 1442, -1,
      1442, 1441, 1443, -1,
      264, 268, 1325, -1,
      1325, 268, 1324, -1,
      1325, 1324, 1441, -1,
      1441, 1324, 1444, -1,
      1441, 1444, 1443, -1,
      1443, 1444, 1445, -1,
      267, 271, 1324, -1,
      1324, 271, 1323, -1,
      1324, 1323, 1444, -1,
      1444, 1323, 1446, -1,
      1444, 1446, 1445, -1,
      1445, 1446, 1447, -1,
      410, 408, 1319, -1,
      1319, 408, 1318, -1,
      1319, 1318, 1448, -1,
      1448, 1318, 1449, -1,
      1448, 1449, 1450, -1,
      1450, 1449, 1299, -1,
      401, 399, 1316, -1,
      1316, 399, 1315, -1,
      1316, 1315, 1451, -1,
      1451, 1315, 1452, -1,
      1451, 1452, 1453, -1,
      1453, 1452, 1298, -1,
      389, 387, 1312, -1,
      1312, 387, 1311, -1,
      1312, 1311, 1454, -1,
      1454, 1311, 1455, -1,
      1454, 1455, 1456, -1,
      1456, 1455, 1296, -1,
      1374, 1381, 1375, -1,
      1375, 1381, 1457, -1,
      1375, 1457, 1376, -1,
      1376, 1457, 1458, -1,
      1376, 1458, 1377, -1,
      1377, 1458, 1459, -1,
      1377, 1459, 1378, -1,
      1378, 1459, 1460, -1,
      1378, 1460, 1379, -1,
      881, 1381, 883, -1,
      883, 1381, 1380, -1,
      883, 1380, 885, -1,
      887, 885, 1461, -1,
      1461, 885, 1380, -1,
      1461, 1380, 1462, -1,
      1462, 1380, 1374, -1,
      1462, 1374, 1350, -1,
      1350, 1374, 1349, -1,
      1350, 1349, 276, -1,
      276, 1349, 277, -1,
      280, 279, 1350, -1,
      1350, 279, 1351, -1,
      1350, 1351, 1462, -1,
      1462, 1351, 1382, -1,
      1462, 1382, 1461, -1,
      1461, 1382, 1384, -1,
      1461, 1384, 887, -1,
      887, 1384, 889, -1,
      1309, 893, 1384, -1,
      1384, 893, 891, -1,
      1384, 891, 889, -1,
      897, 895, 1463, -1,
      1463, 895, 1309, -1,
      1463, 1309, 1464, -1,
      1464, 1309, 1383, -1,
      1464, 1383, 1353, -1,
      1353, 1383, 1352, -1,
      1353, 1352, 285, -1,
      285, 1352, 286, -1,
      289, 288, 1353, -1,
      1353, 288, 1354, -1,
      1353, 1354, 1464, -1,
      1464, 1354, 1385, -1,
      1464, 1385, 1463, -1,
      1463, 1385, 1387, -1,
      1463, 1387, 897, -1,
      897, 1387, 899, -1,
      909, 907, 1465, -1,
      1465, 907, 1388, -1,
      1465, 1388, 1466, -1,
      1466, 1388, 1386, -1,
      1466, 1386, 1356, -1,
      1356, 1386, 1355, -1,
      1356, 1355, 294, -1,
      294, 1355, 295, -1,
      907, 905, 1388, -1,
      1388, 905, 903, -1,
      1388, 903, 1387, -1,
      1387, 903, 901, -1,
      1387, 901, 899, -1,
      911, 909, 1467, -1,
      1467, 909, 1465, -1,
      1467, 1465, 1468, -1,
      1468, 1465, 1466, -1,
      1468, 1466, 1357, -1,
      1357, 1466, 1356, -1,
      1357, 1356, 297, -1,
      297, 1356, 298, -1,
      301, 300, 1357, -1,
      1357, 300, 1358, -1,
      1357, 1358, 1468, -1,
      1468, 1358, 1389, -1,
      1468, 1389, 1467, -1,
      1467, 1389, 1391, -1,
      1467, 1391, 911, -1,
      911, 1391, 913, -1,
      925, 923, 1396, -1,
      1396, 923, 921, -1,
      1396, 921, 1394, -1,
      1394, 921, 919, -1,
      1394, 919, 1392, -1,
      1392, 919, 917, -1,
      1392, 917, 1391, -1,
      1391, 917, 915, -1,
      1391, 915, 913, -1,
      927, 925, 1399, -1,
      1399, 925, 1396, -1,
      1399, 1396, 1397, -1,
      1397, 1396, 1395, -1,
      1397, 1395, 1362, -1,
      1362, 1395, 1361, -1,
      1362, 1361, 312, -1,
      312, 1361, 313, -1,
      1308, 931, 1399, -1,
      1399, 931, 929, -1,
      1399, 929, 927, -1,
      935, 933, 1469, -1,
      1469, 933, 1308, -1,
      1469, 1308, 1470, -1,
      1470, 1308, 1398, -1,
      1470, 1398, 1364, -1,
      1364, 1398, 1363, -1,
      1364, 1363, 318, -1,
      318, 1363, 319, -1,
      322, 321, 1364, -1,
      1364, 321, 1365, -1,
      1364, 1365, 1470, -1,
      1470, 1365, 1400, -1,
      1470, 1400, 1469, -1,
      1469, 1400, 1402, -1,
      1469, 1402, 935, -1,
      935, 1402, 937, -1,
      949, 947, 1407, -1,
      1407, 947, 945, -1,
      1407, 945, 1405, -1,
      1405, 945, 943, -1,
      1405, 943, 1403, -1,
      1403, 943, 941, -1,
      1403, 941, 1402, -1,
      1402, 941, 939, -1,
      1402, 939, 937, -1,
      951, 949, 1410, -1,
      1410, 949, 1407, -1,
      1410, 1407, 1408, -1,
      1408, 1407, 1406, -1,
      1408, 1406, 1369, -1,
      1369, 1406, 1368, -1,
      1369, 1368, 333, -1,
      333, 1368, 334, -1,
      1307, 955, 1410, -1,
      1410, 955, 953, -1,
      1410, 953, 951, -1,
      959, 957, 1471, -1,
      1471, 957, 1307, -1,
      1471, 1307, 1472, -1,
      1472, 1307, 1409, -1,
      1472, 1409, 1346, -1,
      1346, 1409, 1347, -1,
      1346, 1347, 343, -1,
      343, 1347, 339, -1,
      342, 346, 1346, -1,
      1346, 346, 1345, -1,
      1346, 1345, 1472, -1,
      1472, 1345, 1411, -1,
      1472, 1411, 1471, -1,
      1471, 1411, 1413, -1,
      1471, 1413, 959, -1,
      959, 1413, 961, -1,
      973, 971, 1418, -1,
      1418, 971, 969, -1,
      1418, 969, 1416, -1,
      1416, 969, 967, -1,
      1416, 967, 1414, -1,
      1414, 967, 965, -1,
      1414, 965, 1413, -1,
      1413, 965, 963, -1,
      1413, 963, 961, -1,
      975, 973, 1421, -1,
      1421, 973, 1418, -1,
      1421, 1418, 1419, -1,
      1419, 1418, 1417, -1,
      1419, 1417, 1341, -1,
      1341, 1417, 1342, -1,
      1341, 1342, 360, -1,
      360, 1342, 362, -1,
      1306, 979, 1421, -1,
      1421, 979, 977, -1,
      1421, 977, 975, -1,
      983, 981, 1473, -1,
      1473, 981, 1306, -1,
      1473, 1306, 1474, -1,
      1474, 1306, 1420, -1,
      1474, 1420, 1339, -1,
      1339, 1420, 1340, -1,
      1339, 1340, 354, -1,
      354, 1340, 356, -1,
      353, 351, 1339, -1,
      1339, 351, 1338, -1,
      1339, 1338, 1474, -1,
      1474, 1338, 1423, -1,
      1474, 1423, 1473, -1,
      1473, 1423, 1425, -1,
      1473, 1425, 983, -1,
      983, 1425, 985, -1,
      997, 995, 1431, -1,
      1431, 995, 993, -1,
      1431, 993, 1429, -1,
      1429, 993, 991, -1,
      1429, 991, 1426, -1,
      1426, 991, 989, -1,
      1426, 989, 1425, -1,
      1425, 989, 987, -1,
      1425, 987, 985, -1,
      999, 997, 1305, -1,
      1305, 997, 1431, -1,
      1305, 1431, 1475, -1,
      1475, 1431, 1430, -1,
      1475, 1430, 1336, -1,
      1336, 1430, 1337, -1,
      1336, 1337, 434, -1,
      434, 1337, 435, -1,
      1003, 1001, 1304, -1,
      1304, 1001, 1305, -1,
      1304, 1305, 1476, -1,
      1476, 1305, 1475, -1,
      1476, 1475, 1335, -1,
      1335, 1475, 1336, -1,
      1335, 1336, 431, -1,
      431, 1336, 432, -1,
      1007, 1005, 1477, -1,
      1477, 1005, 1304, -1,
      1477, 1304, 1478, -1,
      1478, 1304, 1476, -1,
      1478, 1476, 1334, -1,
      1334, 1476, 1335, -1,
      1334, 1335, 428, -1,
      428, 1335, 429, -1,
      426, 425, 1334, -1,
      1334, 425, 1333, -1,
      1334, 1333, 1478, -1,
      1478, 1333, 1432, -1,
      1478, 1432, 1477, -1,
      1477, 1432, 1434, -1,
      1477, 1434, 1007, -1,
      1007, 1434, 1009, -1,
      1021, 1019, 1439, -1,
      1439, 1019, 1017, -1,
      1439, 1017, 1437, -1,
      1437, 1017, 1015, -1,
      1437, 1015, 1435, -1,
      1435, 1015, 1013, -1,
      1435, 1013, 1434, -1,
      1434, 1013, 1011, -1,
      1434, 1011, 1009, -1,
      1023, 1021, 1303, -1,
      1303, 1021, 1439, -1,
      1303, 1439, 1479, -1,
      1479, 1439, 1438, -1,
      1479, 1438, 1329, -1,
      1329, 1438, 1330, -1,
      1329, 1330, 253, -1,
      253, 1330, 249, -1,
      1027, 1025, 1302, -1,
      1302, 1025, 1303, -1,
      1302, 1303, 1480, -1,
      1480, 1303, 1479, -1,
      1480, 1479, 1328, -1,
      1328, 1479, 1329, -1,
      1328, 1329, 256, -1,
      256, 1329, 252, -1,
      1031, 1029, 1481, -1,
      1481, 1029, 1302, -1,
      1481, 1302, 1482, -1,
      1482, 1302, 1480, -1,
      1482, 1480, 1327, -1,
      1327, 1480, 1328, -1,
      1327, 1328, 259, -1,
      259, 1328, 255, -1,
      258, 262, 1327, -1,
      1327, 262, 1326, -1,
      1327, 1326, 1482, -1,
      1482, 1326, 1440, -1,
      1482, 1440, 1481, -1,
      1481, 1440, 1442, -1,
      1481, 1442, 1031, -1,
      1031, 1442, 1033, -1,
      1045, 1043, 1447, -1,
      1447, 1043, 1041, -1,
      1447, 1041, 1445, -1,
      1445, 1041, 1039, -1,
      1445, 1039, 1443, -1,
      1443, 1039, 1037, -1,
      1443, 1037, 1442, -1,
      1442, 1037, 1035, -1,
      1442, 1035, 1033, -1,
      1047, 1045, 1301, -1,
      1301, 1045, 1447, -1,
      1301, 1447, 1483, -1,
      1483, 1447, 1446, -1,
      1483, 1446, 1322, -1,
      1322, 1446, 1323, -1,
      1322, 1323, 420, -1,
      420, 1323, 270, -1,
      1051, 1049, 1300, -1,
      1300, 1049, 1301, -1,
      1300, 1301, 1484, -1,
      1484, 1301, 1483, -1,
      1484, 1483, 1321, -1,
      1321, 1483, 1322, -1,
      1321, 1322, 417, -1,
      417, 1322, 419, -1,
      1055, 1053, 1485, -1,
      1485, 1053, 1300, -1,
      1485, 1300, 1486, -1,
      1486, 1300, 1484, -1,
      1486, 1484, 1320, -1,
      1320, 1484, 1321, -1,
      1320, 1321, 414, -1,
      414, 1321, 416, -1,
      413, 411, 1320, -1,
      1320, 411, 1319, -1,
      1320, 1319, 1486, -1,
      1486, 1319, 1448, -1,
      1486, 1448, 1485, -1,
      1485, 1448, 1450, -1,
      1485, 1450, 1055, -1,
      1055, 1450, 1057, -1,
      1299, 1061, 1450, -1,
      1450, 1061, 1059, -1,
      1450, 1059, 1057, -1,
      1065, 1063, 1487, -1,
      1487, 1063, 1299, -1,
      1487, 1299, 1488, -1,
      1488, 1299, 1449, -1,
      1488, 1449, 1317, -1,
      1317, 1449, 1318, -1,
      1317, 1318, 405, -1,
      405, 1318, 407, -1,
      404, 402, 1317, -1,
      1317, 402, 1316, -1,
      1317, 1316, 1488, -1,
      1488, 1316, 1451, -1,
      1488, 1451, 1487, -1,
      1487, 1451, 1453, -1,
      1487, 1453, 1065, -1,
      1065, 1453, 1067, -1,
      1298, 1071, 1453, -1,
      1453, 1071, 1069, -1,
      1453, 1069, 1067, -1,
      1075, 1073, 1297, -1,
      1297, 1073, 1298, -1,
      1297, 1298, 1489, -1,
      1489, 1298, 1452, -1,
      1489, 1452, 1314, -1,
      1314, 1452, 1315, -1,
      1314, 1315, 396, -1,
      396, 1315, 398, -1,
      1079, 1077, 1490, -1,
      1490, 1077, 1297, -1,
      1490, 1297, 1491, -1,
      1491, 1297, 1489, -1,
      1491, 1489, 1313, -1,
      1313, 1489, 1314, -1,
      1313, 1314, 393, -1,
      393, 1314, 395, -1,
      392, 390, 1313, -1,
      1313, 390, 1312, -1,
      1313, 1312, 1491, -1,
      1491, 1312, 1454, -1,
      1491, 1454, 1490, -1,
      1490, 1454, 1456, -1,
      1490, 1456, 1079, -1,
      1079, 1456, 1081, -1,
      1296, 1085, 1456, -1,
      1456, 1085, 1083, -1,
      1456, 1083, 1081, -1,
      1089, 1087, 1492, -1,
      1492, 1087, 1296, -1,
      1492, 1296, 1493, -1,
      1493, 1296, 1455, -1,
      1493, 1455, 1310, -1,
      1310, 1455, 1311, -1,
      1310, 1311, 384, -1,
      384, 1311, 386, -1,
      383, 381, 1310, -1,
      1310, 381, 1370, -1,
      1310, 1370, 1493, -1,
      1493, 1370, 1379, -1,
      1493, 1379, 1492, -1,
      1492, 1379, 1460, -1,
      1492, 1460, 1089, -1,
      1089, 1460, 1091, -1,
      881, 879, 1381, -1,
      1381, 879, 877, -1,
      1381, 877, 1457, -1,
      1457, 877, 875, -1,
      1457, 875, 1458, -1,
      1458, 875, 1097, -1,
      1458, 1097, 1459, -1,
      1459, 1097, 1095, -1,
      1459, 1095, 1460, -1,
      1460, 1095, 1093, -1,
      1460, 1093, 1091, -1,
      1494, 1495, 1496, -1,
      1497, 1498, 1499, -1,
      1500, 1501, 1502, -1,
      1503, 1504, 1505, -1,
      1506, 1507, 1508, -1,
      1509, 1510, 1511, -1,
      1512, 1513, 1514, -1,
      1515, 1516, 1517, -1,
      1014, 1016, 1518, -1,
      1004, 1006, 1519, -1,
      1000, 1002, 1520, -1,
      990, 992, 1521, -1,
      980, 982, 1522, -1,
      976, 978, 1523, -1,
      972, 974, 1524, -1,
      966, 968, 1525, -1,
      956, 958, 1526, -1,
      894, 1527, 892, -1,
      892, 1527, 1528, -1,
      892, 1528, 890, -1,
      890, 1528, 1529, -1,
      890, 1529, 888, -1,
      888, 1529, 1530, -1,
      888, 1530, 886, -1,
      894, 896, 1527, -1,
      1527, 896, 898, -1,
      1527, 898, 1531, -1,
      1531, 898, 900, -1,
      1531, 900, 1532, -1,
      900, 902, 1532, -1,
      1532, 902, 904, -1,
      1532, 904, 1533, -1,
      1533, 904, 906, -1,
      1533, 906, 1534, -1,
      1534, 906, 908, -1,
      908, 910, 1534, -1,
      1534, 910, 912, -1,
      1534, 912, 1535, -1,
      1535, 912, 914, -1,
      1535, 914, 1536, -1,
      1536, 914, 916, -1,
      1536, 916, 1537, -1,
      1537, 916, 918, -1,
      918, 920, 1537, -1,
      1537, 920, 922, -1,
      1537, 922, 1538, -1,
      1538, 922, 924, -1,
      1538, 924, 1539, -1,
      924, 926, 1539, -1,
      1539, 926, 928, -1,
      1539, 928, 1540, -1,
      928, 930, 1540, -1,
      1540, 930, 932, -1,
      1540, 932, 1541, -1,
      932, 934, 1541, -1,
      1541, 934, 936, -1,
      1541, 936, 1542, -1,
      1542, 936, 938, -1,
      1542, 938, 1543, -1,
      1543, 938, 940, -1,
      1543, 940, 1544, -1,
      1544, 940, 942, -1,
      942, 944, 1544, -1,
      1544, 944, 946, -1,
      1544, 946, 1545, -1,
      1545, 946, 948, -1,
      1545, 948, 1546, -1,
      954, 1547, 952, -1,
      952, 1547, 1546, -1,
      952, 1546, 950, -1,
      950, 1546, 948, -1,
      966, 1525, 964, -1,
      990, 1521, 988, -1,
      1000, 1520, 998, -1,
      1014, 1518, 1012, -1,
      1024, 1548, 1022, -1,
      1022, 1548, 1549, -1,
      1022, 1549, 1020, -1,
      1020, 1549, 1550, -1,
      1020, 1550, 1018, -1,
      1024, 1026, 1548, -1,
      1548, 1026, 1028, -1,
      1548, 1028, 1551, -1,
      1028, 1030, 1551, -1,
      1551, 1030, 1032, -1,
      1551, 1032, 1552, -1,
      1552, 1032, 1034, -1,
      1552, 1034, 1553, -1,
      1553, 1034, 1036, -1,
      1553, 1036, 1554, -1,
      1554, 1036, 1038, -1,
      1038, 1040, 1554, -1,
      1554, 1040, 1042, -1,
      1554, 1042, 1555, -1,
      1555, 1042, 1044, -1,
      1555, 1044, 1556, -1,
      1556, 1044, 1046, -1,
      1556, 1046, 1557, -1,
      1557, 1046, 1048, -1,
      1048, 1050, 1557, -1,
      1557, 1050, 1052, -1,
      1557, 1052, 1558, -1,
      1052, 1054, 1558, -1,
      1558, 1054, 1056, -1,
      1558, 1056, 1559, -1,
      1559, 1056, 1058, -1,
      1559, 1058, 1560, -1,
      1560, 1058, 1060, -1,
      1560, 1060, 1561, -1,
      1561, 1060, 1062, -1,
      1062, 1064, 1561, -1,
      1561, 1064, 1066, -1,
      1561, 1066, 1562, -1,
      1562, 1066, 1068, -1,
      1562, 1068, 1563, -1,
      1563, 1068, 1070, -1,
      1563, 1070, 1564, -1,
      1564, 1070, 1072, -1,
      1072, 1074, 1564, -1,
      1564, 1074, 1076, -1,
      1564, 1076, 1565, -1,
      1076, 1078, 1565, -1,
      1565, 1078, 1080, -1,
      1565, 1080, 1566, -1,
      1566, 1080, 1082, -1,
      1566, 1082, 1567, -1,
      1567, 1082, 1084, -1,
      1567, 1084, 1568, -1,
      1568, 1084, 1086, -1,
      1086, 1088, 1568, -1,
      1568, 1088, 1090, -1,
      1568, 1090, 1569, -1,
      1569, 1090, 1092, -1,
      1569, 1092, 1570, -1,
      1570, 1092, 1094, -1,
      1570, 1094, 1571, -1,
      1571, 1094, 1096, -1,
      1096, 874, 1571, -1,
      1571, 874, 876, -1,
      1571, 876, 1572, -1,
      1572, 876, 878, -1,
      1572, 878, 1573, -1,
      1573, 878, 880, -1,
      1573, 880, 1574, -1,
      1574, 880, 882, -1,
      1574, 882, 1530, -1,
      1530, 882, 884, -1,
      1530, 884, 886, -1,
      1547, 1575, 1576, -1,
      1547, 1576, 1546, -1,
      1546, 1576, 1577, -1,
      1546, 1577, 1545, -1,
      1545, 1577, 1578, -1,
      1545, 1578, 1544, -1,
      1544, 1578, 1579, -1,
      1544, 1579, 1543, -1,
      1543, 1579, 1580, -1,
      1543, 1580, 1542, -1,
      1542, 1580, 1581, -1,
      1542, 1581, 1541, -1,
      1541, 1581, 1582, -1,
      1541, 1582, 1540, -1,
      1540, 1582, 1583, -1,
      1540, 1583, 1539, -1,
      1539, 1583, 1584, -1,
      1539, 1584, 1538, -1,
      1538, 1584, 1585, -1,
      1538, 1585, 1537, -1,
      1537, 1585, 1586, -1,
      1537, 1586, 1536, -1,
      1536, 1586, 1587, -1,
      1536, 1587, 1535, -1,
      1535, 1587, 1588, -1,
      1535, 1588, 1534, -1,
      1534, 1588, 1589, -1,
      1534, 1589, 1533, -1,
      1533, 1589, 1590, -1,
      1533, 1590, 1532, -1,
      1532, 1590, 1591, -1,
      1532, 1591, 1531, -1,
      1531, 1591, 1592, -1,
      1531, 1592, 1527, -1,
      1527, 1592, 1593, -1,
      1527, 1593, 1528, -1,
      1528, 1593, 1594, -1,
      1528, 1594, 1529, -1,
      1529, 1594, 1595, -1,
      1529, 1595, 1530, -1,
      1530, 1595, 1596, -1,
      1530, 1596, 1574, -1,
      1574, 1596, 1597, -1,
      1574, 1597, 1573, -1,
      1573, 1597, 1598, -1,
      1573, 1598, 1572, -1,
      1572, 1598, 1599, -1,
      1572, 1599, 1571, -1,
      1571, 1599, 1600, -1,
      1571, 1600, 1570, -1,
      1570, 1600, 1601, -1,
      1570, 1601, 1569, -1,
      1569, 1601, 1602, -1,
      1569, 1602, 1568, -1,
      1568, 1602, 1603, -1,
      1568, 1603, 1567, -1,
      1567, 1603, 1604, -1,
      1567, 1604, 1566, -1,
      1566, 1604, 1605, -1,
      1566, 1605, 1565, -1,
      1565, 1605, 1606, -1,
      1565, 1606, 1564, -1,
      1564, 1606, 1607, -1,
      1564, 1607, 1563, -1,
      1563, 1607, 1608, -1,
      1563, 1608, 1562, -1,
      1562, 1608, 1609, -1,
      1562, 1609, 1561, -1,
      1561, 1609, 1610, -1,
      1561, 1610, 1560, -1,
      1560, 1610, 1611, -1,
      1560, 1611, 1559, -1,
      1559, 1611, 1612, -1,
      1559, 1612, 1558, -1,
      1558, 1612, 1613, -1,
      1558, 1613, 1557, -1,
      1557, 1613, 1614, -1,
      1557, 1614, 1556, -1,
      1556, 1614, 1615, -1,
      1556, 1615, 1555, -1,
      1555, 1615, 1616, -1,
      1555, 1616, 1554, -1,
      1554, 1616, 1617, -1,
      1554, 1617, 1553, -1,
      1553, 1617, 1618, -1,
      1553, 1618, 1552, -1,
      1552, 1618, 1619, -1,
      1552, 1619, 1551, -1,
      1551, 1619, 1620, -1,
      1551, 1620, 1548, -1,
      1548, 1620, 1621, -1,
      1548, 1621, 1549, -1,
      1549, 1621, 1622, -1,
      1549, 1622, 1550, -1,
      1575, 1623, 1624, -1,
      1575, 1624, 1576, -1,
      1576, 1624, 1625, -1,
      1576, 1625, 1577, -1,
      1577, 1625, 1626, -1,
      1577, 1626, 1578, -1,
      1578, 1626, 1627, -1,
      1578, 1627, 1579, -1,
      1579, 1627, 1628, -1,
      1579, 1628, 1580, -1,
      1580, 1628, 1629, -1,
      1580, 1629, 1581, -1,
      1581, 1629, 1630, -1,
      1581, 1630, 1582, -1,
      1582, 1630, 1631, -1,
      1582, 1631, 1583, -1,
      1583, 1631, 1632, -1,
      1583, 1632, 1584, -1,
      1584, 1632, 1633, -1,
      1584, 1633, 1585, -1,
      1585, 1633, 1634, -1,
      1585, 1634, 1586, -1,
      1586, 1634, 1635, -1,
      1586, 1635, 1587, -1,
      1587, 1635, 1636, -1,
      1587, 1636, 1588, -1,
      1588, 1636, 1637, -1,
      1588, 1637, 1589, -1,
      1589, 1637, 1638, -1,
      1589, 1638, 1590, -1,
      1590, 1638, 1639, -1,
      1590, 1639, 1591, -1,
      1591, 1639, 1640, -1,
      1591, 1640, 1592, -1,
      1592, 1640, 1641, -1,
      1592, 1641, 1593, -1,
      1593, 1641, 1642, -1,
      1593, 1642, 1594, -1,
      1594, 1642, 1643, -1,
      1594, 1643, 1595, -1,
      1595, 1643, 1644, -1,
      1595, 1644, 1596, -1,
      1596, 1644, 1645, -1,
      1596, 1645, 1597, -1,
      1597, 1645, 1646, -1,
      1597, 1646, 1598, -1,
      1598, 1646, 1647, -1,
      1598, 1647, 1599, -1,
      1599, 1647, 1648, -1,
      1599, 1648, 1600, -1,
      1600, 1648, 1649, -1,
      1600, 1649, 1601, -1,
      1601, 1649, 1650, -1,
      1601, 1650, 1602, -1,
      1602, 1650, 1651, -1,
      1602, 1651, 1603, -1,
      1603, 1651, 1652, -1,
      1603, 1652, 1604, -1,
      1604, 1652, 1653, -1,
      1604, 1653, 1605, -1,
      1605, 1653, 1654, -1,
      1605, 1654, 1606, -1,
      1606, 1654, 1655, -1,
      1606, 1655, 1607, -1,
      1607, 1655, 1656, -1,
      1607, 1656, 1608, -1,
      1608, 1656, 1657, -1,
      1608, 1657, 1609, -1,
      1609, 1657, 1658, -1,
      1609, 1658, 1610, -1,
      1610, 1658, 1659, -1,
      1610, 1659, 1611, -1,
      1611, 1659, 1660, -1,
      1611, 1660, 1612, -1,
      1612, 1660, 1661, -1,
      1612, 1661, 1613, -1,
      1613, 1661, 1662, -1,
      1613, 1662, 1614, -1,
      1614, 1662, 1663, -1,
      1614, 1663, 1615, -1,
      1615, 1663, 1664, -1,
      1615, 1664, 1616, -1,
      1616, 1664, 1665, -1,
      1616, 1665, 1617, -1,
      1617, 1665, 1666, -1,
      1617, 1666, 1618, -1,
      1618, 1666, 1667, -1,
      1618, 1667, 1619, -1,
      1619, 1667, 1668, -1,
      1619, 1668, 1620, -1,
      1620, 1668, 1669, -1,
      1620, 1669, 1621, -1,
      1621, 1669, 1670, -1,
      1621, 1670, 1622, -1,
      1623, 1671, 1672, -1,
      1623, 1672, 1624, -1,
      1624, 1672, 1673, -1,
      1624, 1673, 1625, -1,
      1625, 1673, 1674, -1,
      1625, 1674, 1626, -1,
      1626, 1674, 1675, -1,
      1626, 1675, 1627, -1,
      1627, 1675, 1676, -1,
      1627, 1676, 1628, -1,
      1628, 1676, 1677, -1,
      1628, 1677, 1629, -1,
      1629, 1677, 1678, -1,
      1629, 1678, 1630, -1,
      1630, 1678, 1679, -1,
      1630, 1679, 1631, -1,
      1631, 1679, 1680, -1,
      1631, 1680, 1632, -1,
      1632, 1680, 1681, -1,
      1632, 1681, 1633, -1,
      1633, 1681, 1682, -1,
      1633, 1682, 1634, -1,
      1634, 1682, 1683, -1,
      1634, 1683, 1635, -1,
      1635, 1683, 1684, -1,
      1635, 1684, 1636, -1,
      1636, 1684, 1685, -1,
      1636, 1685, 1637, -1,
      1637, 1685, 1686, -1,
      1637, 1686, 1638, -1,
      1638, 1686, 1687, -1,
      1638, 1687, 1639, -1,
      1639, 1687, 1688, -1,
      1639, 1688, 1640, -1,
      1640, 1688, 1689, -1,
      1640, 1689, 1641, -1,
      1641, 1689, 1690, -1,
      1641, 1690, 1642, -1,
      1642, 1690, 1691, -1,
      1642, 1691, 1643, -1,
      1643, 1691, 1692, -1,
      1643, 1692, 1644, -1,
      1644, 1692, 1693, -1,
      1644, 1693, 1645, -1,
      1645, 1693, 1694, -1,
      1645, 1694, 1646, -1,
      1646, 1694, 1695, -1,
      1646, 1695, 1647, -1,
      1647, 1695, 1696, -1,
      1647, 1696, 1648, -1,
      1648, 1696, 1697, -1,
      1648, 1697, 1649, -1,
      1649, 1697, 1698, -1,
      1649, 1698, 1650, -1,
      1650, 1698, 1699, -1,
      1650, 1699, 1651, -1,
      1651, 1699, 1700, -1,
      1651, 1700, 1652, -1,
      1652, 1700, 1701, -1,
      1652, 1701, 1653, -1,
      1653, 1701, 1702, -1,
      1653, 1702, 1654, -1,
      1654, 1702, 1703, -1,
      1654, 1703, 1655, -1,
      1655, 1703, 1704, -1,
      1655, 1704, 1656, -1,
      1656, 1704, 1705, -1,
      1656, 1705, 1657, -1,
      1657, 1705, 1706, -1,
      1657, 1706, 1658, -1,
      1658, 1706, 1707, -1,
      1658, 1707, 1659, -1,
      1659, 1707, 1708, -1,
      1659, 1708, 1660, -1,
      1660, 1708, 1709, -1,
      1660, 1709, 1661, -1,
      1661, 1709, 1710, -1,
      1661, 1710, 1662, -1,
      1662, 1710, 1711, -1,
      1662, 1711, 1663, -1,
      1663, 1711, 1712, -1,
      1663, 1712, 1664, -1,
      1664, 1712, 1713, -1,
      1664, 1713, 1665, -1,
      1665, 1713, 1714, -1,
      1665, 1714, 1666, -1,
      1666, 1714, 1715, -1,
      1666, 1715, 1667, -1,
      1667, 1715, 1716, -1,
      1667, 1716, 1668, -1,
      1668, 1716, 1717, -1,
      1668, 1717, 1669, -1,
      1669, 1717, 1718, -1,
      1669, 1718, 1670, -1,
      1671, 1719, 1720, -1,
      960, 962, 1721, -1,
      1721, 962, 1722, -1,
      1721, 1722, 1723, -1,
      1723, 1722, 1724, -1,
      1723, 1724, 1725, -1,
      1725, 1724, 1726, -1,
      1725, 1726, 1727, -1,
      1727, 1726, 1728, -1,
      1727, 1728, 1729, -1,
      1729, 1728, 1517, -1,
      974, 976, 1524, -1,
      1524, 976, 1523, -1,
      1524, 1523, 1730, -1,
      1730, 1523, 1731, -1,
      1730, 1731, 1732, -1,
      1732, 1731, 1733, -1,
      1732, 1733, 1734, -1,
      1734, 1733, 1735, -1,
      1734, 1735, 1736, -1,
      1736, 1735, 1511, -1,
      984, 986, 1737, -1,
      1737, 986, 1738, -1,
      1737, 1738, 1739, -1,
      1739, 1738, 1740, -1,
      1739, 1740, 1741, -1,
      1741, 1740, 1742, -1,
      1741, 1742, 1743, -1,
      1743, 1742, 1744, -1,
      1743, 1744, 1745, -1,
      1745, 1744, 1508, -1,
      1008, 1010, 1746, -1,
      1746, 1010, 1747, -1,
      1746, 1747, 1748, -1,
      1748, 1747, 1749, -1,
      1748, 1749, 1750, -1,
      1750, 1749, 1751, -1,
      1750, 1751, 1752, -1,
      1752, 1751, 1753, -1,
      1752, 1753, 1754, -1,
      1754, 1753, 1496, -1,
      1671, 1720, 1672, -1,
      1672, 1720, 1755, -1,
      1672, 1755, 1673, -1,
      1673, 1755, 1756, -1,
      1673, 1756, 1674, -1,
      1674, 1756, 1757, -1,
      1674, 1757, 1675, -1,
      1675, 1757, 1758, -1,
      1675, 1758, 1676, -1,
      1676, 1758, 1759, -1,
      1676, 1759, 1677, -1,
      1677, 1759, 1760, -1,
      1677, 1760, 1678, -1,
      1678, 1760, 1761, -1,
      1678, 1761, 1679, -1,
      1679, 1761, 1762, -1,
      1679, 1762, 1680, -1,
      1680, 1762, 1763, -1,
      1680, 1763, 1681, -1,
      1681, 1763, 1764, -1,
      1681, 1764, 1682, -1,
      1682, 1764, 1765, -1,
      1682, 1765, 1683, -1,
      1683, 1765, 1766, -1,
      1683, 1766, 1684, -1,
      1684, 1766, 1767, -1,
      1684, 1767, 1685, -1,
      1685, 1767, 1768, -1,
      1685, 1768, 1686, -1,
      1686, 1768, 1769, -1,
      1686, 1769, 1687, -1,
      1687, 1769, 1770, -1,
      1687, 1770, 1688, -1,
      1688, 1770, 1771, -1,
      1688, 1771, 1689, -1,
      1689, 1771, 1772, -1,
      1689, 1772, 1690, -1,
      1690, 1772, 1773, -1,
      1690, 1773, 1691, -1,
      1691, 1773, 1774, -1,
      1691, 1774, 1692, -1,
      1692, 1774, 1775, -1,
      1692, 1775, 1693, -1,
      1693, 1775, 1776, -1,
      1693, 1776, 1694, -1,
      1694, 1776, 1777, -1,
      1694, 1777, 1695, -1,
      1695, 1777, 1778, -1,
      1695, 1778, 1696, -1,
      1696, 1778, 1779, -1,
      1696, 1779, 1697, -1,
      1697, 1779, 1780, -1,
      1697, 1780, 1698, -1,
      1698, 1780, 1781, -1,
      1698, 1781, 1699, -1,
      1699, 1781, 1782, -1,
      1699, 1782, 1700, -1,
      1700, 1782, 1783, -1,
      1700, 1783, 1701, -1,
      1701, 1783, 1784, -1,
      1701, 1784, 1702, -1,
      1702, 1784, 1785, -1,
      1702, 1785, 1703, -1,
      1703, 1785, 1786, -1,
      1703, 1786, 1704, -1,
      1704, 1786, 1787, -1,
      1704, 1787, 1705, -1,
      1705, 1787, 1788, -1,
      1705, 1788, 1706, -1,
      1706, 1788, 1789, -1,
      1706, 1789, 1707, -1,
      1707, 1789, 1790, -1,
      1707, 1790, 1708, -1,
      1708, 1790, 1791, -1,
      1708, 1791, 1709, -1,
      1709, 1791, 1792, -1,
      1709, 1792, 1710, -1,
      1710, 1792, 1793, -1,
      1710, 1793, 1711, -1,
      1711, 1793, 1794, -1,
      1711, 1794, 1712, -1,
      1712, 1794, 1795, -1,
      1712, 1795, 1713, -1,
      1713, 1795, 1796, -1,
      1713, 1796, 1714, -1,
      1714, 1796, 1797, -1,
      1714, 1797, 1715, -1,
      1715, 1797, 1798, -1,
      1715, 1798, 1716, -1,
      1716, 1798, 1799, -1,
      1716, 1799, 1717, -1,
      1717, 1799, 1800, -1,
      1717, 1800, 1718, -1,
      0, 1720, 1801, -1,
      1801, 1720, 1719, -1,
      1801, 1719, 1802, -1,
      1803, 1802, 1804, -1,
      1804, 1802, 1719, -1,
      1804, 1719, 1805, -1,
      1805, 1719, 1671, -1,
      1805, 1671, 1806, -1,
      1806, 1671, 1623, -1,
      1806, 1623, 1807, -1,
      1807, 1623, 1575, -1,
      1807, 1575, 1526, -1,
      1526, 1575, 1547, -1,
      1526, 1547, 956, -1,
      956, 1547, 954, -1,
      958, 960, 1526, -1,
      1526, 960, 1721, -1,
      1526, 1721, 1807, -1,
      1807, 1721, 1723, -1,
      1807, 1723, 1806, -1,
      1806, 1723, 1725, -1,
      1806, 1725, 1805, -1,
      1805, 1725, 1727, -1,
      1805, 1727, 1804, -1,
      1804, 1727, 1729, -1,
      1804, 1729, 1803, -1,
      1803, 1729, 1808, -1,
      1517, 1516, 1729, -1,
      1729, 1516, 1809, -1,
      1729, 1809, 1808, -1,
      1810, 1515, 1811, -1,
      1811, 1515, 1517, -1,
      1811, 1517, 1812, -1,
      1812, 1517, 1728, -1,
      1812, 1728, 1813, -1,
      1813, 1728, 1726, -1,
      1813, 1726, 1814, -1,
      1814, 1726, 1724, -1,
      1814, 1724, 1525, -1,
      1525, 1724, 1722, -1,
      1525, 1722, 964, -1,
      964, 1722, 962, -1,
      968, 970, 1525, -1,
      1525, 970, 1815, -1,
      1525, 1815, 1814, -1,
      1814, 1815, 1816, -1,
      1814, 1816, 1813, -1,
      1813, 1816, 1817, -1,
      1813, 1817, 1812, -1,
      1812, 1817, 1818, -1,
      1812, 1818, 1811, -1,
      1811, 1818, 1514, -1,
      1811, 1514, 1810, -1,
      1810, 1514, 1513, -1,
      1819, 1512, 1736, -1,
      1736, 1512, 1514, -1,
      1736, 1514, 1734, -1,
      1734, 1514, 1818, -1,
      1734, 1818, 1732, -1,
      1732, 1818, 1817, -1,
      1732, 1817, 1730, -1,
      1730, 1817, 1816, -1,
      1730, 1816, 1524, -1,
      1524, 1816, 1815, -1,
      1524, 1815, 972, -1,
      972, 1815, 970, -1,
      1511, 1510, 1736, -1,
      1736, 1510, 1820, -1,
      1736, 1820, 1819, -1,
      1821, 1509, 1822, -1,
      1822, 1509, 1511, -1,
      1822, 1511, 1823, -1,
      1823, 1511, 1735, -1,
      1823, 1735, 1824, -1,
      1824, 1735, 1733, -1,
      1824, 1733, 1825, -1,
      1825, 1733, 1731, -1,
      1825, 1731, 1522, -1,
      1522, 1731, 1523, -1,
      1522, 1523, 980, -1,
      980, 1523, 978, -1,
      982, 984, 1522, -1,
      1522, 984, 1737, -1,
      1522, 1737, 1825, -1,
      1825, 1737, 1739, -1,
      1825, 1739, 1824, -1,
      1824, 1739, 1741, -1,
      1824, 1741, 1823, -1,
      1823, 1741, 1743, -1,
      1823, 1743, 1822, -1,
      1822, 1743, 1745, -1,
      1822, 1745, 1821, -1,
      1821, 1745, 1826, -1,
      1508, 1507, 1745, -1,
      1745, 1507, 1827, -1,
      1745, 1827, 1826, -1,
      1828, 1506, 1829, -1,
      1829, 1506, 1508, -1,
      1829, 1508, 1830, -1,
      1830, 1508, 1744, -1,
      1830, 1744, 1831, -1,
      1831, 1744, 1742, -1,
      1831, 1742, 1832, -1,
      1832, 1742, 1740, -1,
      1832, 1740, 1521, -1,
      1521, 1740, 1738, -1,
      1521, 1738, 988, -1,
      988, 1738, 986, -1,
      992, 994, 1521, -1,
      1521, 994, 1833, -1,
      1521, 1833, 1832, -1,
      1832, 1833, 1834, -1,
      1832, 1834, 1831, -1,
      1831, 1834, 1835, -1,
      1831, 1835, 1830, -1,
      1830, 1835, 1836, -1,
      1830, 1836, 1829, -1,
      1829, 1836, 1505, -1,
      1829, 1505, 1828, -1,
      1828, 1505, 1504, -1,
      1501, 1503, 1502, -1,
      1502, 1503, 1505, -1,
      1502, 1505, 1837, -1,
      1837, 1505, 1836, -1,
      1837, 1836, 1838, -1,
      1838, 1836, 1835, -1,
      1838, 1835, 1839, -1,
      1839, 1835, 1834, -1,
      1839, 1834, 1840, -1,
      1840, 1834, 1833, -1,
      1840, 1833, 996, -1,
      996, 1833, 994, -1,
      1498, 1500, 1499, -1,
      1499, 1500, 1502, -1,
      1499, 1502, 1841, -1,
      1841, 1502, 1837, -1,
      1841, 1837, 1842, -1,
      1842, 1837, 1838, -1,
      1842, 1838, 1843, -1,
      1843, 1838, 1839, -1,
      1843, 1839, 1520, -1,
      1520, 1839, 1840, -1,
      1520, 1840, 998, -1,
      998, 1840, 996, -1,
      1844, 1497, 1845, -1,
      1845, 1497, 1499, -1,
      1845, 1499, 1846, -1,
      1846, 1499, 1841, -1,
      1846, 1841, 1847, -1,
      1847, 1841, 1842, -1,
      1847, 1842, 1848, -1,
      1848, 1842, 1843, -1,
      1848, 1843, 1519, -1,
      1519, 1843, 1520, -1,
      1519, 1520, 1004, -1,
      1004, 1520, 1002, -1,
      1006, 1008, 1519, -1,
      1519, 1008, 1746, -1,
      1519, 1746, 1848, -1,
      1848, 1746, 1748, -1,
      1848, 1748, 1847, -1,
      1847, 1748, 1750, -1,
      1847, 1750, 1846, -1,
      1846, 1750, 1752, -1,
      1846, 1752, 1845, -1,
      1845, 1752, 1754, -1,
      1845, 1754, 1844, -1,
      1844, 1754, 1849, -1,
      1496, 1495, 1754, -1,
      1754, 1495, 1850, -1,
      1754, 1850, 1849, -1,
      1851, 1494, 1852, -1,
      1852, 1494, 1496, -1,
      1852, 1496, 1853, -1,
      1853, 1496, 1753, -1,
      1853, 1753, 1854, -1,
      1854, 1753, 1751, -1,
      1854, 1751, 1855, -1,
      1855, 1751, 1749, -1,
      1855, 1749, 1518, -1,
      1518, 1749, 1747, -1,
      1518, 1747, 1012, -1,
      1012, 1747, 1010, -1,
      1016, 1018, 1518, -1,
      1518, 1018, 1550, -1,
      1518, 1550, 1855, -1,
      1855, 1550, 1622, -1,
      1855, 1622, 1854, -1,
      1854, 1622, 1670, -1,
      1854, 1670, 1853, -1,
      1853, 1670, 1718, -1,
      1853, 1718, 1852, -1,
      1852, 1718, 1800, -1,
      1852, 1800, 1851, -1,
      1851, 1800, 1856, -1,
      0, 2, 1720, -1,
      1720, 2, 4, -1,
      1720, 4, 1755, -1,
      1755, 4, 5, -1,
      1755, 5, 1756, -1,
      1756, 5, 28, -1,
      1756, 28, 1757, -1,
      1757, 28, 27, -1,
      1757, 27, 1758, -1,
      1758, 27, 26, -1,
      1758, 26, 1759, -1,
      1759, 26, 25, -1,
      1759, 25, 1760, -1,
      1760, 25, 24, -1,
      1760, 24, 1761, -1,
      1761, 24, 20, -1,
      1761, 20, 1762, -1,
      1762, 20, 19, -1,
      1762, 19, 1763, -1,
      1763, 19, 18, -1,
      1763, 18, 1764, -1,
      1764, 18, 7, -1,
      1764, 7, 1765, -1,
      1765, 7, 9, -1,
      1765, 9, 1766, -1,
      1766, 9, 23, -1,
      1766, 23, 1767, -1,
      1767, 23, 22, -1,
      1767, 22, 1768, -1,
      1768, 22, 11, -1,
      1768, 11, 1769, -1,
      1769, 11, 10, -1,
      1769, 10, 1770, -1,
      1770, 10, 14, -1,
      1770, 14, 1771, -1,
      1771, 14, 16, -1,
      1771, 16, 1772, -1,
      1772, 16, 17, -1,
      1772, 17, 1773, -1,
      1773, 17, 43, -1,
      1773, 43, 1774, -1,
      1774, 43, 45, -1,
      1774, 45, 1775, -1,
      1775, 45, 46, -1,
      1775, 46, 1776, -1,
      1776, 46, 44, -1,
      1776, 44, 1777, -1,
      1777, 44, 42, -1,
      1777, 42, 1778, -1,
      1778, 42, 41, -1,
      1778, 41, 1779, -1,
      1779, 41, 40, -1,
      1779, 40, 1780, -1,
      1780, 40, 39, -1,
      1780, 39, 1781, -1,
      1781, 39, 38, -1,
      1781, 38, 1782, -1,
      1782, 38, 37, -1,
      1782, 37, 1783, -1,
      1783, 37, 36, -1,
      1783, 36, 1784, -1,
      1784, 36, 35, -1,
      1784, 35, 1785, -1,
      1785, 35, 34, -1,
      1785, 34, 1786, -1,
      1786, 34, 33, -1,
      1786, 33, 1787, -1,
      1787, 33, 32, -1,
      1787, 32, 1788, -1,
      1788, 32, 31, -1,
      1788, 31, 1789, -1,
      1789, 31, 30, -1,
      1789, 30, 1790, -1,
      1790, 30, 29, -1,
      1790, 29, 1791, -1,
      1791, 29, 15, -1,
      1791, 15, 1792, -1,
      1792, 15, 13, -1,
      1792, 13, 1793, -1,
      1793, 13, 12, -1,
      1793, 12, 1794, -1,
      1794, 12, 21, -1,
      1794, 21, 1795, -1,
      1795, 21, 8, -1,
      1795, 8, 1796, -1,
      1796, 8, 6, -1,
      1796, 6, 1797, -1,
      1797, 6, 3, -1,
      1797, 3, 1798, -1,
      1798, 3, 1, -1,
      1798, 1, 1799, -1,
      1799, 1, 1857, -1,
      1799, 1857, 1800, -1,
      1800, 1857, 1858, -1,
      1800, 1858, 1856, -1,
    ]
  }
}

Shape {
  appearance Appearance {
    material Material {
      diffuseColor 0.2235 0.2235 0.2235
      specularColor 0.1137 0.1137 0.1137
      ambientIntensity 0.2
      transparency 0.0000
      shininess 0.5
    }
  }
  geometry IndexedFaceSet {
    ccw TRUE
    solid FALSE
    coord DEF co Coordinate {
      point [
        0.471172 -0.750124 2.125984,
        0.471172 0.750124 2.125984,
        0.653257 0.597264 2.125984,
        0.696307 0.547582 2.125984,
        0.789078 0.402136 2.125984,
        0.822373 0.329229 2.125984,
        0.835159 0.292287 2.125984,
        0.849944 0.249566 2.125984,
        0.867400 0.177613 2.125984,
        0.869819 0.167644 2.125984,
        0.882990 0.059558 2.125984,
        0.885827 0.000000 2.125984,
        0.867400 -0.177613 2.125984,
        0.849944 -0.249566 2.125984,
        0.789078 -0.402136 2.125984,
        0.787354 -0.405909 2.125984,
        0.727346 -0.503993 2.125984,
        0.696307 -0.547582 2.125984,
        0.513830 -0.721573 2.125984,
        0.567225 -0.679583 2.125984,
        0.580093 -0.669463 2.125984,
        0.641103 -0.611291 2.125984,
        0.653257 -0.597264 2.125984,
        0.745205 -0.478914 2.125984,
        0.822373 -0.329229 2.125984,
        0.835159 -0.292287 2.125984,
        0.869819 -0.167644 2.125984,
        0.881816 -0.084203 2.125984,
        0.882990 -0.059558 2.125984,
        0.881816 0.084203 2.125984,
        0.787354 0.405909 2.125984,
        0.745205 0.478914 2.125984,
        0.727346 0.503993 2.125984,
        0.641103 0.611291 2.125984,
        0.580093 0.669463 2.125984,
        0.513830 0.721573 2.125984,
        0.567225 0.679583 2.125984,
        0.567613 -0.680076 2.126378,
        0.471172 -0.750124 2.126378,
        0.653778 -0.597715 2.126378,
        0.728105 -0.504532 2.126378,
        0.789248 -0.402214 2.126378,
        0.867817 -0.177714 2.126378,
        0.836102 -0.292613 2.126378,
        0.883820 -0.059598 2.126378,
        0.883820 0.059598 2.126378,
        0.867817 0.177714 2.126378,
        0.789248 0.402214 2.126378,
        0.836102 0.292613 2.126378,
        0.653778 0.597715 2.126378,
        0.728105 0.504532 2.126378,
        0.471172 0.750124 2.126378,
        0.567613 0.680076 2.126378,
      ]
    }
    coordIndex [
      19, 37, 18, -1,
      18, 37, 38, -1,
      18, 38, 0, -1,
      19, 20, 37, -1,
      37, 20, 21, -1,
      37, 21, 39, -1,
      16, 40, 17, -1,
      17, 40, 39, -1,
      17, 39, 22, -1,
      22, 39, 21, -1,
      16, 23, 40, -1,
      40, 23, 15, -1,
      40, 15, 41, -1,
      12, 42, 13, -1,
      13, 42, 43, -1,
      15, 14, 41, -1,
      41, 14, 24, -1,
      41, 24, 43, -1,
      43, 24, 25, -1,
      43, 25, 13, -1,
      12, 26, 42, -1,
      42, 26, 27, -1,
      42, 27, 44, -1,
      10, 45, 11, -1,
      11, 45, 44, -1,
      11, 44, 28, -1,
      28, 44, 27, -1,
      10, 29, 45, -1,
      45, 29, 9, -1,
      45, 9, 46, -1,
      4, 47, 48, -1,
      4, 48, 5, -1,
      9, 8, 46, -1,
      46, 8, 7, -1,
      46, 7, 48, -1,
      48, 7, 6, -1,
      48, 6, 5, -1,
      2, 49, 3, -1,
      3, 49, 50, -1,
      4, 30, 47, -1,
      47, 30, 31, -1,
      47, 31, 50, -1,
      50, 31, 32, -1,
      50, 32, 3, -1,
      1, 51, 35, -1,
      35, 51, 52, -1,
      2, 33, 49, -1,
      49, 33, 34, -1,
      49, 34, 52, -1,
      52, 34, 36, -1,
      52, 36, 35, -1,
      38, 51, 0, -1,
      0, 51, 1, -1,
      39, 51, 37, -1,
      37, 51, 38, -1,
      39, 40, 51, -1,
      51, 40, 41, -1,
      51, 41, 43, -1,
      43, 42, 51, -1,
      51, 42, 44, -1,
      51, 44, 45, -1,
      50, 49, 47, -1,
      47, 49, 48, -1,
      45, 46, 51, -1,
      51, 46, 48, -1,
      51, 48, 52, -1,
      52, 48, 49, -1,
    ]
  }
}

Shape {
  appearance Appearance {
    material Material {
      diffuseColor 0.8510 0.8510 0.8510
      specularColor 0.4235 0.4235 0.4235
      ambientIntensity 0.2
      transparency 0.0000
      shininess 0.5
    }
  }
  geometry IndexedFaceSet {
    ccw TRUE
    solid FALSE
    coord DEF co Coordinate {
      point [
        0.093833 -0.248374 0.000000,
        0.105464 -0.249680 0.000000,
        0.068291 -0.337049 0.000000,
        0.066174 -0.335876 0.000000,
        0.066174 -0.348840 0.000000,
        0.078764 -0.354009 0.000000,
        0.090699 -0.355681 0.000000,
        0.079478 -0.250239 0.000000,
        0.066174 -0.255936 0.000000,
        0.066174 -0.240092 0.000000,
        0.114304 -0.252870 0.000000,
        0.122479 -0.258339 0.000000,
        0.129611 -0.266213 0.000000,
        0.138193 -0.297167 0.000000,
        0.136996 -0.309953 0.000000,
        0.133788 -0.320112 0.000000,
        0.107506 -0.342203 0.000000,
        0.096489 -0.343438 0.000000,
        0.116112 -0.339034 0.000000,
        0.123360 -0.334149 0.000000,
        0.128903 -0.328302 0.000000,
        0.080811 -0.341698 0.000000,
        0.124676 -0.350952 0.000000,
        0.164119 -0.354961 0.000000,
        0.113228 -0.354893 0.000000,
        0.105618 -0.355681 0.000000,
        0.134481 -0.275333 0.000000,
        0.137629 -0.287977 0.000000,
        0.147803 -0.267960 0.000000,
        0.140880 -0.256917 0.000000,
        0.208770 -0.236851 0.000000,
        0.224615 -0.236851 0.000000,
        0.224615 -0.354961 0.000000,
        0.134176 -0.344885 0.000000,
        0.143048 -0.335545 0.000000,
        0.164119 -0.341998 0.000000,
        0.149340 -0.324315 0.000000,
        0.208770 -0.341998 0.000000,
        0.130217 -0.246662 0.000000,
        0.118998 -0.240204 0.000000,
        0.105831 -0.236379 0.000000,
        0.152894 -0.311813 0.000000,
        0.154037 -0.298134 0.000000,
        0.152337 -0.281343 0.000000,
        0.093969 -0.235411 0.000000,
        0.079830 -0.236386 0.000000,
        0.098672 -0.356402 0.000000,
        0.095443 -0.356346 0.000000,
        0.043128 -0.236851 0.000000,
        -0.147000 -0.354961 0.000000,
        -0.132461 -0.322590 0.000000,
        -0.125687 -0.333154 0.000000,
        -0.017367 -0.249815 0.000000,
        0.027284 -0.249815 0.000000,
        0.027284 -0.288704 0.000000,
        -0.017367 -0.236851 0.000000,
        -0.191652 -0.236851 0.000000,
        -0.207496 -0.236851 0.000000,
        -0.043294 -0.236851 0.000000,
        -0.014487 -0.288704 0.000000,
        -0.043294 -0.354961 0.000000,
        -0.014487 -0.301668 0.000000,
        -0.115966 -0.342463 0.000000,
        -0.103633 -0.349629 0.000000,
        -0.090024 -0.353686 0.000000,
        -0.076625 -0.236851 0.000000,
        -0.093689 -0.238675 0.000000,
        -0.128839 -0.261513 0.000000,
        -0.134328 -0.271670 0.000000,
        -0.075410 -0.354961 0.000000,
        -0.137500 -0.283307 0.000000,
        -0.138358 -0.294421 0.000000,
        -0.136701 -0.310228 0.000000,
        -0.236304 -0.354961 0.000000,
        -0.253588 -0.354961 0.000000,
        0.027284 -0.301668 0.000000,
        0.027284 -0.341998 0.000000,
        -0.020248 -0.341998 0.000000,
        -0.020248 -0.354961 0.000000,
        0.043128 -0.354961 0.000000,
        -0.107508 -0.243528 0.000000,
        -0.120363 -0.252143 0.000000,
        -0.120487 -0.252251 0.000000,
        -0.224353 -0.321833 0.000000,
        -0.175560 -0.321833 0.000000,
        -0.164285 -0.354961 0.000000,
        -0.207496 -0.236851 0.003937,
        -0.253588 -0.354961 0.003937,
        -0.236304 -0.354961 0.003937,
        -0.224353 -0.321833 0.003937,
        -0.175560 -0.321833 0.003937,
        -0.164285 -0.354961 0.003937,
        -0.147000 -0.354961 0.003937,
        -0.191652 -0.236851 0.003937,
        -0.179544 -0.308870 0.003937,
        -0.219041 -0.308870 0.003937,
        -0.197166 -0.259537 0.003937,
        -0.198303 -0.255441 0.003937,
        -0.199056 -0.251255 0.003937,
        -0.199439 -0.251255 0.003937,
        -0.200210 -0.255428 0.003937,
        -0.201262 -0.259537 0.003937,
        -0.179544 -0.308870 0.000000,
        -0.219041 -0.308870 0.000000,
        -0.197166 -0.259537 0.000000,
        -0.198303 -0.255441 0.000000,
        -0.199056 -0.251255 0.000000,
        -0.199439 -0.251255 0.000000,
        -0.200210 -0.255428 0.000000,
        -0.201262 -0.259537 0.000000,
        -0.075410 -0.354961 0.003937,
        -0.043294 -0.354961 0.003937,
        -0.043294 -0.236851 0.003937,
        -0.076625 -0.236851 0.003937,
        -0.138358 -0.294421 0.003937,
        -0.137500 -0.283307 0.003937,
        -0.134328 -0.271670 0.003937,
        -0.128839 -0.261513 0.003937,
        -0.120487 -0.252251 0.003937,
        -0.120363 -0.252143 0.003937,
        -0.107508 -0.243528 0.003937,
        -0.093689 -0.238675 0.003937,
        -0.090024 -0.353686 0.003937,
        -0.103633 -0.349629 0.003937,
        -0.115966 -0.342463 0.003937,
        -0.125687 -0.333154 0.003937,
        -0.132461 -0.322590 0.003937,
        -0.136701 -0.310228 0.003937,
        -0.114650 -0.266377 0.003937,
        -0.108913 -0.260285 0.003937,
        -0.100286 -0.254712 0.003937,
        -0.090537 -0.251300 0.003937,
        -0.076557 -0.249815 0.003937,
        -0.059138 -0.249815 0.003937,
        -0.059138 -0.341998 0.003937,
        -0.075905 -0.341998 0.003937,
        -0.088366 -0.340838 0.003937,
        -0.098305 -0.337736 0.003937,
        -0.106360 -0.332953 0.003937,
        -0.112984 -0.326409 0.003937,
        -0.117966 -0.318266 0.003937,
        -0.121430 -0.307164 0.003937,
        -0.122514 -0.294758 0.003937,
        -0.121511 -0.283004 0.003937,
        -0.118754 -0.273662 0.003937,
        -0.076557 -0.249815 0.000000,
        -0.059138 -0.249815 0.000000,
        -0.090537 -0.251300 0.000000,
        -0.100286 -0.254712 0.000000,
        -0.108913 -0.260285 0.000000,
        -0.114650 -0.266377 0.000000,
        -0.118754 -0.273662 0.000000,
        -0.121511 -0.283004 0.000000,
        -0.122514 -0.294758 0.000000,
        -0.121430 -0.307164 0.000000,
        -0.117966 -0.318266 0.000000,
        -0.112984 -0.326409 0.000000,
        -0.106360 -0.332953 0.000000,
        -0.098305 -0.337736 0.000000,
        -0.088366 -0.340838 0.000000,
        -0.075905 -0.341998 0.000000,
        -0.059138 -0.341998 0.000000,
        -0.020248 -0.341998 0.003937,
        -0.020248 -0.354961 0.003937,
        0.043128 -0.354961 0.003937,
        0.043128 -0.236851 0.003937,
        -0.017367 -0.236851 0.003937,
        -0.017367 -0.249815 0.003937,
        0.027284 -0.249815 0.003937,
        0.027284 -0.288704 0.003937,
        -0.014487 -0.288704 0.003937,
        -0.014487 -0.301668 0.003937,
        0.027284 -0.301668 0.003937,
        0.027284 -0.341998 0.003937,
        0.066174 -0.335876 0.003937,
        0.066174 -0.348840 0.003937,
        0.078764 -0.354009 0.003937,
        0.098672 -0.356402 0.003937,
        0.095443 -0.356346 0.003937,
        0.154037 -0.298134 0.003937,
        0.152894 -0.311813 0.003937,
        0.149340 -0.324315 0.003937,
        0.143048 -0.335545 0.003937,
        0.134176 -0.344885 0.003937,
        0.124676 -0.350952 0.003937,
        0.113228 -0.354893 0.003937,
        0.093969 -0.235411 0.003937,
        0.105831 -0.236379 0.003937,
        0.118998 -0.240204 0.003937,
        0.130217 -0.246662 0.003937,
        0.140880 -0.256917 0.003937,
        0.147803 -0.267960 0.003937,
        0.152337 -0.281343 0.003937,
        0.066174 -0.240092 0.003937,
        0.079830 -0.236386 0.003937,
        0.066174 -0.255936 0.003937,
        0.093833 -0.248374 0.003937,
        0.079478 -0.250239 0.003937,
        0.138193 -0.297167 0.003937,
        0.137629 -0.287977 0.003937,
        0.134481 -0.275333 0.003937,
        0.129611 -0.266213 0.003937,
        0.122479 -0.258339 0.003937,
        0.114304 -0.252870 0.003937,
        0.105464 -0.249680 0.003937,
        0.096489 -0.343438 0.003937,
        0.107506 -0.342203 0.003937,
        0.116112 -0.339034 0.003937,
        0.123360 -0.334149 0.003937,
        0.128903 -0.328302 0.003937,
        0.133788 -0.320112 0.003937,
        0.136996 -0.309953 0.003937,
        0.068291 -0.337049 0.003937,
        0.080811 -0.341698 0.003937,
        0.164119 -0.341998 0.003937,
        0.164119 -0.354961 0.003937,
        0.224615 -0.354961 0.003937,
        0.224615 -0.236851 0.003937,
        0.208770 -0.236851 0.003937,
        0.208770 -0.341998 0.003937,
      ]
    }
    coordIndex [
      86, 87, 57, -1,
      57, 87, 74, -1,
      87, 88, 74, -1,
      74, 88, 73, -1,
      88, 89, 73, -1,
      73, 89, 83, -1,
      89, 90, 83, -1,
      83, 90, 84, -1,
      90, 91, 84, -1,
      84, 91, 85, -1,
      91, 92, 85, -1,
      85, 92, 49, -1,
      92, 93, 49, -1,
      49, 93, 56, -1,
      93, 86, 56, -1,
      56, 86, 57, -1,
      94, 90, 95, -1,
      95, 90, 89, -1,
      96, 93, 94, -1,
      94, 93, 92, -1,
      94, 92, 90, -1,
      90, 92, 91, -1,
      96, 97, 93, -1,
      93, 97, 98, -1,
      93, 98, 86, -1,
      86, 98, 99, -1,
      86, 99, 100, -1,
      100, 101, 86, -1,
      86, 101, 95, -1,
      86, 95, 87, -1,
      87, 95, 89, -1,
      87, 89, 88, -1,
      94, 95, 102, -1,
      102, 95, 103, -1,
      96, 94, 104, -1,
      104, 94, 102, -1,
      96, 104, 105, -1,
      96, 105, 97, -1,
      97, 105, 106, -1,
      97, 106, 98, -1,
      99, 98, 107, -1,
      107, 98, 106, -1,
      99, 107, 108, -1,
      99, 108, 100, -1,
      100, 108, 109, -1,
      100, 109, 101, -1,
      95, 101, 103, -1,
      103, 101, 109, -1,
      110, 111, 69, -1,
      69, 111, 60, -1,
      111, 112, 60, -1,
      60, 112, 58, -1,
      112, 113, 58, -1,
      58, 113, 65, -1,
      114, 71, 70, -1,
      114, 70, 115, -1,
      115, 70, 68, -1,
      115, 68, 116, -1,
      116, 68, 67, -1,
      116, 67, 117, -1,
      117, 67, 82, -1,
      117, 82, 118, -1,
      118, 82, 81, -1,
      118, 81, 119, -1,
      119, 81, 80, -1,
      119, 80, 120, -1,
      120, 80, 66, -1,
      120, 66, 121, -1,
      121, 66, 65, -1,
      121, 65, 113, -1,
      110, 69, 64, -1,
      110, 64, 122, -1,
      122, 64, 63, -1,
      122, 63, 123, -1,
      123, 63, 62, -1,
      123, 62, 124, -1,
      124, 62, 51, -1,
      124, 51, 125, -1,
      125, 51, 50, -1,
      125, 50, 126, -1,
      126, 50, 72, -1,
      126, 72, 127, -1,
      127, 72, 71, -1,
      127, 71, 114, -1,
      116, 117, 128, -1,
      128, 117, 118, -1,
      128, 118, 129, -1,
      129, 118, 119, -1,
      129, 119, 130, -1,
      130, 119, 120, -1,
      130, 120, 131, -1,
      131, 120, 121, -1,
      131, 121, 132, -1,
      132, 121, 113, -1,
      132, 113, 133, -1,
      133, 113, 112, -1,
      133, 112, 134, -1,
      134, 112, 111, -1,
      134, 111, 135, -1,
      135, 111, 110, -1,
      135, 110, 136, -1,
      136, 110, 122, -1,
      136, 122, 137, -1,
      137, 122, 123, -1,
      137, 123, 138, -1,
      138, 123, 124, -1,
      138, 124, 139, -1,
      139, 124, 125, -1,
      139, 125, 140, -1,
      140, 125, 126, -1,
      140, 126, 141, -1,
      141, 126, 127, -1,
      141, 127, 142, -1,
      142, 127, 114, -1,
      142, 114, 143, -1,
      143, 114, 115, -1,
      143, 115, 144, -1,
      144, 115, 116, -1,
      144, 116, 128, -1,
      132, 133, 145, -1,
      145, 133, 146, -1,
      132, 145, 147, -1,
      132, 147, 131, -1,
      131, 147, 148, -1,
      131, 148, 130, -1,
      130, 148, 149, -1,
      130, 149, 129, -1,
      129, 149, 150, -1,
      129, 150, 128, -1,
      128, 150, 151, -1,
      128, 151, 144, -1,
      144, 151, 152, -1,
      144, 152, 143, -1,
      143, 152, 153, -1,
      143, 153, 142, -1,
      142, 153, 154, -1,
      142, 154, 141, -1,
      141, 154, 155, -1,
      141, 155, 140, -1,
      140, 155, 156, -1,
      140, 156, 139, -1,
      139, 156, 157, -1,
      139, 157, 138, -1,
      138, 157, 158, -1,
      138, 158, 137, -1,
      137, 158, 159, -1,
      137, 159, 136, -1,
      136, 159, 160, -1,
      136, 160, 135, -1,
      134, 135, 161, -1,
      161, 135, 160, -1,
      133, 134, 146, -1,
      146, 134, 161, -1,
      162, 163, 77, -1,
      77, 163, 78, -1,
      163, 164, 78, -1,
      78, 164, 79, -1,
      164, 165, 79, -1,
      79, 165, 48, -1,
      165, 166, 48, -1,
      48, 166, 55, -1,
      166, 167, 55, -1,
      55, 167, 52, -1,
      167, 168, 52, -1,
      52, 168, 53, -1,
      168, 169, 53, -1,
      53, 169, 54, -1,
      169, 170, 54, -1,
      54, 170, 59, -1,
      170, 171, 59, -1,
      59, 171, 61, -1,
      171, 172, 61, -1,
      61, 172, 75, -1,
      172, 173, 75, -1,
      75, 173, 76, -1,
      173, 162, 76, -1,
      76, 162, 77, -1,
      164, 163, 162, -1,
      162, 173, 164, -1,
      164, 173, 172, -1,
      164, 172, 165, -1,
      167, 166, 168, -1,
      168, 166, 165, -1,
      168, 165, 169, -1,
      169, 165, 172, -1,
      169, 172, 170, -1,
      170, 172, 171, -1,
      174, 175, 3, -1,
      3, 175, 4, -1,
      4, 175, 176, -1,
      177, 46, 47, -1,
      177, 47, 178, -1,
      178, 47, 6, -1,
      178, 6, 176, -1,
      176, 6, 5, -1,
      176, 5, 4, -1,
      179, 42, 41, -1,
      179, 41, 180, -1,
      180, 41, 36, -1,
      180, 36, 181, -1,
      181, 36, 34, -1,
      181, 34, 182, -1,
      182, 34, 33, -1,
      182, 33, 183, -1,
      183, 33, 22, -1,
      183, 22, 184, -1,
      184, 22, 24, -1,
      184, 24, 185, -1,
      185, 24, 177, -1,
      177, 24, 25, -1,
      177, 25, 46, -1,
      186, 44, 40, -1,
      186, 40, 187, -1,
      187, 40, 39, -1,
      187, 39, 188, -1,
      188, 39, 38, -1,
      188, 38, 189, -1,
      189, 38, 29, -1,
      189, 29, 190, -1,
      190, 29, 28, -1,
      190, 28, 191, -1,
      191, 28, 43, -1,
      191, 43, 192, -1,
      192, 43, 42, -1,
      192, 42, 179, -1,
      193, 9, 45, -1,
      193, 45, 194, -1,
      194, 45, 44, -1,
      194, 44, 186, -1,
      193, 195, 9, -1,
      9, 195, 8, -1,
      196, 0, 7, -1,
      196, 7, 197, -1,
      197, 7, 8, -1,
      197, 8, 195, -1,
      198, 13, 27, -1,
      198, 27, 199, -1,
      199, 27, 26, -1,
      199, 26, 200, -1,
      200, 26, 12, -1,
      200, 12, 201, -1,
      201, 12, 11, -1,
      201, 11, 202, -1,
      202, 11, 10, -1,
      202, 10, 203, -1,
      203, 10, 1, -1,
      203, 1, 204, -1,
      204, 1, 0, -1,
      204, 0, 196, -1,
      205, 17, 16, -1,
      205, 16, 206, -1,
      206, 16, 18, -1,
      206, 18, 207, -1,
      207, 18, 19, -1,
      207, 19, 208, -1,
      208, 19, 20, -1,
      208, 20, 209, -1,
      209, 20, 15, -1,
      209, 15, 210, -1,
      210, 15, 14, -1,
      210, 14, 211, -1,
      211, 14, 13, -1,
      211, 13, 198, -1,
      174, 3, 2, -1,
      174, 2, 212, -1,
      212, 2, 21, -1,
      212, 21, 213, -1,
      213, 21, 17, -1,
      213, 17, 205, -1,
      206, 177, 205, -1,
      205, 177, 178, -1,
      205, 178, 213, -1,
      213, 178, 176, -1,
      213, 176, 212, -1,
      212, 176, 175, -1,
      212, 175, 174, -1,
      195, 193, 197, -1,
      197, 193, 194, -1,
      197, 194, 196, -1,
      196, 194, 186, -1,
      196, 186, 204, -1,
      204, 186, 187, -1,
      204, 187, 203, -1,
      203, 187, 188, -1,
      203, 188, 202, -1,
      202, 188, 189, -1,
      202, 189, 201, -1,
      201, 189, 190, -1,
      201, 190, 200, -1,
      200, 190, 191, -1,
      200, 191, 199, -1,
      199, 191, 192, -1,
      199, 192, 198, -1,
      198, 192, 179, -1,
      198, 179, 211, -1,
      211, 179, 180, -1,
      211, 180, 210, -1,
      210, 180, 181, -1,
      210, 181, 209, -1,
      209, 181, 182, -1,
      209, 182, 208, -1,
      208, 182, 183, -1,
      208, 183, 207, -1,
      207, 183, 184, -1,
      207, 184, 206, -1,
      206, 184, 185, -1,
      206, 185, 177, -1,
      214, 215, 35, -1,
      35, 215, 23, -1,
      215, 216, 23, -1,
      23, 216, 32, -1,
      216, 217, 32, -1,
      32, 217, 31, -1,
      217, 218, 31, -1,
      31, 218, 30, -1,
      218, 219, 30, -1,
      30, 219, 37, -1,
      219, 214, 37, -1,
      37, 214, 35, -1,
      218, 217, 219, -1,
      219, 217, 216, -1,
      219, 216, 214, -1,
      214, 216, 215, -1,
    ]
  }
}

Shape {
  appearance Appearance {
    material Material {
      diffuseColor 0.2235 0.2235 0.2235
      specularColor 0.1137 0.1137 0.1137
      ambientIntensity 0.2
      transparency 0.0000
      shininess 0.5
    }
  }
  geometry IndexedFaceSet {
    ccw TRUE
    solid FALSE
    coord DEF co Coordinate {
      point [
        -0.179544 -0.308870 0.000000,
        -0.219041 -0.308870 0.000000,
        -0.197166 -0.259537 0.000000,
        -0.198303 -0.255441 0.000000,
        -0.199056 -0.251255 0.000000,
        -0.199439 -0.251255 0.000000,
        -0.200210 -0.255428 0.000000,
        -0.201262 -0.259537 0.000000,
        -0.076557 -0.249815 0.000000,
        -0.059138 -0.249815 0.000000,
        -0.090537 -0.251300 0.000000,
        -0.100286 -0.254712 0.000000,
        -0.108913 -0.260285 0.000000,
        -0.114650 -0.266377 0.000000,
        -0.118754 -0.273662 0.000000,
        -0.121511 -0.283004 0.000000,
        -0.122514 -0.294758 0.000000,
        -0.121430 -0.307164 0.000000,
        -0.117966 -0.318266 0.000000,
        -0.112984 -0.326409 0.000000,
        -0.106360 -0.332953 0.000000,
        -0.098305 -0.337736 0.000000,
        -0.088366 -0.340838 0.000000,
        -0.075905 -0.341998 0.000000,
        -0.059138 -0.341998 0.000000,
      ]
    }
    coordIndex [
      0, 1, 2, -1,
      2, 1, 7, -1,
      2, 7, 3, -1,
      3, 7, 6, -1,
      3, 6, 4, -1,
      4, 6, 5, -1,
      9, 24, 8, -1,
      8, 24, 23, -1,
      8, 23, 22, -1,
      16, 15, 8, -1,
      8, 15, 14, -1,
      8, 14, 10, -1,
      22, 21, 8, -1,
      8, 21, 20, -1,
      8, 20, 19, -1,
      19, 18, 8, -1,
      8, 18, 17, -1,
      8, 17, 16, -1,
      13, 12, 14, -1,
      14, 12, 11, -1,
      14, 11, 10, -1,
    ]
  }
}

Shape {
  appearance Appearance {
    material Material {
      diffuseColor 0.8510 0.8510 0.8510
      specularColor 0.4235 0.4235 0.4235
      ambientIntensity 0.2
      transparency 0.0000
      shininess 0.5
    }
  }
  geometry IndexedFaceSet {
    ccw TRUE
    solid FALSE
    coord DEF co Coordinate {
      point [
        1.082677 0.098425 0.078740,
        1.082677 0.098425 -0.039370,
        0.255906 0.098425 0.078740,
        0.255906 0.098425 -0.039370,
        1.082677 -0.098425 0.078740,
        1.082677 -0.098425 -0.039370,
        0.255906 -0.098425 0.078740,
        0.255906 -0.098425 -0.039370,
      ]
    }
    coordIndex [
      0, 1, 2, -1,
      2, 1, 3, -1,
      4, 5, 0, -1,
      0, 5, 1, -1,
      6, 7, 4, -1,
      4, 7, 5, -1,
      2, 3, 6, -1,
      6, 3, 7, -1,
      5, 7, 1, -1,
      1, 7, 3, -1,
      6, 4, 2, -1,
      2, 4, 0, -1,
    ]
  }
}
