#VRML V2.0 utf8

Shape {
  appearance Appearance {
    material Material {
      diffuseColor 0.5882 0.5725 0.5255
      specularColor 0.0431 0.0392 0.0392
      ambientIntensity 0.2
      transparency 0.0000
      shininess 0.5
    }
  }
  geometry IndexedFaceSet {
    ccw TRUE
    solid FALSE
    coord DEF co Coordinate {
      point [
        0.031144 -0.254727 0.374016,
        0.031144 -0.302024 0.374016,
        0.052404 -0.302024 0.374016,
        0.172093 -0.339414 0.374016,
        0.188980 -0.339414 0.374016,
        0.188980 -0.324212 0.374016,
        0.103195 -0.392978 0.374016,
        0.102150 -0.392594 0.374016,
        0.102150 -0.393247 0.374016,
        0.114515 -0.393200 0.374016,
        0.114032 -0.393247 0.374016,
        0.126550 -0.393247 0.374016,
        0.057805 -0.296672 0.374016,
        0.056976 -0.294542 0.374016,
        0.056976 -0.324212 0.374016,
        0.205846 -0.267715 0.374016,
        0.210793 -0.254727 0.374016,
        0.205846 -0.254277 0.374016,
        0.218162 -0.254727 0.374016,
        0.198075 -0.308110 0.374016,
        0.190460 -0.308110 0.374016,
        0.205846 -0.293509 0.374016,
        0.203206 -0.293509 0.374016,
        0.205846 -0.324212 0.374016,
        0.102150 -0.254277 0.374016,
        0.087638 -0.254277 0.374016,
        0.088897 -0.254376 0.374016,
        0.094556 -0.256010 0.374016,
        0.094556 -0.263215 0.374016,
        0.102150 -0.324212 0.374016,
        0.081975 -0.260049 0.374016,
        0.079514 -0.260167 0.374016,
        0.076046 -0.302377 0.374016,
        0.093646 -0.306353 0.374016,
        0.087914 -0.308233 0.374016,
        0.079778 -0.309011 0.374016,
        0.075594 -0.308749 0.374016,
        0.069967 -0.307387 0.374016,
        0.065038 -0.304831 0.374016,
        0.080774 -0.302870 0.374016,
        0.083254 -0.302778 0.374016,
        0.093962 -0.262894 0.374016,
        0.089294 -0.301657 0.374016,
        0.094556 -0.299295 0.374016,
        0.094556 -0.305900 0.374016,
        0.088547 -0.260833 0.374016,
        0.074924 -0.261137 0.374016,
        0.070765 -0.263163 0.374016,
        0.067428 -0.265971 0.374016,
        0.068527 -0.298655 0.374016,
        0.061902 -0.284358 0.374016,
        0.067060 -0.297248 0.374016,
        0.062813 -0.289616 0.374016,
        0.064589 -0.293870 0.374016,
        0.061438 -0.301724 0.374016,
        0.060987 -0.301232 0.374016,
        0.067057 -0.266378 0.374016,
        0.064480 -0.270090 0.374016,
        0.062694 -0.274705 0.374016,
        0.061820 -0.282019 0.374016,
        0.072130 -0.301023 0.374016,
        0.056976 -0.270138 0.374016,
        0.058428 -0.266742 0.374016,
        0.056976 -0.254277 0.374016,
        0.062297 -0.261687 0.374016,
        0.063625 -0.260420 0.374016,
        0.068623 -0.256923 0.374016,
        0.074204 -0.254760 0.374016,
        0.055892 -0.272671 0.374016,
        0.053776 -0.254277 0.374016,
        0.054681 -0.279641 0.374016,
        0.054587 -0.282428 0.374016,
        0.053776 -0.324212 0.374016,
        0.055635 -0.291097 0.374016,
        0.157956 -0.354670 0.374016,
        0.164888 -0.354670 0.374016,
        0.168490 -0.324212 0.374016,
        0.168490 -0.393247 0.374016,
        0.145729 -0.383327 0.374016,
        0.146548 -0.386465 0.374016,
        0.146725 -0.386465 0.374016,
        0.138994 -0.393247 0.374016,
        0.138994 -0.381902 0.374016,
        0.128289 -0.354670 0.374016,
        0.126550 -0.324212 0.374016,
        0.138994 -0.324212 0.374016,
        0.135767 -0.354670 0.374016,
        0.138994 -0.363954 0.374016,
        0.143245 -0.392715 0.374016,
        0.143020 -0.393247 0.374016,
        0.140311 -0.399647 0.374016,
        0.126550 -0.414394 0.374016,
        0.129668 -0.410209 0.374016,
        0.129668 -0.404260 0.374016,
        0.137741 -0.403458 0.374016,
        0.138987 -0.402070 0.374016,
        0.138994 -0.402056 0.374016,
        0.138994 -0.409563 0.374016,
        0.136681 -0.410444 0.374016,
        0.138994 -0.414394 0.374016,
        0.133980 -0.410755 0.374016,
        0.132504 -0.410702 0.374016,
        0.133461 -0.405024 0.374016,
        0.135130 -0.404829 0.374016,
        0.136588 -0.404264 0.374016,
        0.147585 -0.398556 0.374016,
        0.144558 -0.404451 0.374016,
        0.168490 -0.414394 0.374016,
        0.149678 -0.393247 0.374016,
        0.142111 -0.407389 0.374016,
        0.141655 -0.407807 0.374016,
        0.139320 -0.409439 0.374016,
        1.194882 -0.531496 0.374016,
        1.234252 -0.570866 0.374016,
        1.326772 -0.414394 0.374016,
        1.287402 -0.570866 0.374016,
        1.326772 -0.531496 0.374016,
        0.205846 -0.531496 0.374016,
        0.205846 -0.414394 0.374016,
        0.188980 -0.531496 0.374016,
        0.188980 -0.414394 0.374016,
        0.168490 -0.531496 0.374016,
        0.138994 -0.531496 0.374016,
        0.126550 -0.531496 0.374016,
        0.102150 -0.531496 0.374016,
        0.102150 -0.414394 0.374016,
        0.056976 -0.531496 0.374016,
        0.056976 -0.414394 0.374016,
        0.053776 -0.531496 0.374016,
        0.002393 -0.531496 0.374016,
        0.053776 -0.414394 0.374016,
        0.002393 -0.414394 0.374016,
        -0.163543 -0.414394 0.374016,
        -0.170069 -0.416900 0.374016,
        -1.326772 -0.531496 0.374016,
        -1.287402 -0.570866 0.374016,
        -1.326772 -0.414394 0.374016,
        -1.234252 -0.570866 0.374016,
        -1.194882 -0.531496 0.374016,
        -0.868998 -0.324212 0.374016,
        -1.326772 -0.393247 0.374016,
        -0.868998 -0.393247 0.374016,
        -0.868998 -0.414394 0.374016,
        -0.868998 -0.531496 0.374016,
        -0.868998 0.165231 0.374016,
        -1.326772 -0.196850 0.374016,
        -0.868998 -0.254277 0.374016,
        -1.326772 -0.254277 0.374016,
        -1.326772 -0.324212 0.374016,
        -0.868998 0.177165 0.374016,
        -1.397638 0.177165 0.374016,
        -1.397638 0.570866 0.374016,
        -1.476378 0.570866 0.374016,
        -1.476378 0.165231 0.374016,
        -1.476378 -0.196850 0.374016,
        0.002393 0.177165 0.374016,
        0.002393 0.165231 0.374016,
        0.053776 0.177165 0.374016,
        0.053776 0.165231 0.374016,
        0.056976 0.177165 0.374016,
        0.056976 0.165231 0.374016,
        0.102150 0.177165 0.374016,
        0.102150 0.165231 0.374016,
        0.126550 0.177165 0.374016,
        0.126550 0.165231 0.374016,
        0.138994 0.177165 0.374016,
        0.138994 0.165231 0.374016,
        0.168490 0.177165 0.374016,
        0.168490 0.165231 0.374016,
        0.188980 0.177165 0.374016,
        0.188980 0.165231 0.374016,
        0.205846 0.177165 0.374016,
        0.205846 0.165231 0.374016,
        1.397638 0.177165 0.374016,
        1.476378 0.570866 0.374016,
        1.397638 0.570866 0.374016,
        1.476378 0.165231 0.374016,
        1.326772 -0.254277 0.374016,
        1.326772 -0.196850 0.374016,
        1.476378 -0.196850 0.374016,
        0.292287 -0.378196 0.374016,
        0.270057 -0.378196 0.374016,
        0.264926 -0.392797 0.374016,
        0.210888 -0.392797 0.374016,
        0.210888 -0.339414 0.374016,
        0.297731 -0.392797 0.374016,
        0.205846 -0.393247 0.374016,
        0.305346 -0.392797 0.374016,
        1.326772 -0.393247 0.374016,
        0.285013 -0.339414 0.374016,
        0.253466 -0.358086 0.374016,
        0.254351 -0.365423 0.374016,
        0.277644 -0.339414 0.374016,
        0.254190 -0.368828 0.374016,
        0.257312 -0.392797 0.374016,
        0.252896 -0.375078 0.374016,
        0.250266 -0.380598 0.374016,
        0.246300 -0.385319 0.374016,
        0.240705 -0.389327 0.374016,
        0.234615 -0.391699 0.374016,
        0.225571 -0.392797 0.374016,
        1.326772 -0.324212 0.374016,
        0.246300 -0.346483 0.374016,
        0.248192 -0.348335 0.374016,
        0.251494 -0.352992 0.374016,
        0.226117 -0.339414 0.374016,
        0.234269 -0.340314 0.374016,
        0.240711 -0.342668 0.374016,
        0.122572 -0.376122 0.374016,
        0.123820 -0.377963 0.374016,
        0.122981 -0.361984 0.374016,
        0.123670 -0.387231 0.374016,
        0.122424 -0.388995 0.374016,
        0.101403 -0.358608 0.374016,
        0.102150 -0.357937 0.374016,
        0.103385 -0.356826 0.374016,
        0.105504 -0.355574 0.374016,
        0.124533 -0.379935 0.374016,
        0.124809 -0.382426 0.374016,
        0.124491 -0.385113 0.374016,
        0.109209 -0.354291 0.374016,
        0.113947 -0.353797 0.374016,
        0.122981 -0.355489 0.374016,
        0.118587 -0.354204 0.374016,
        0.120511 -0.390668 0.374016,
        0.118258 -0.391972 0.374016,
        0.113293 -0.359228 0.374016,
        0.111313 -0.359376 0.374016,
        0.105992 -0.364359 0.374016,
        0.109524 -0.359850 0.374016,
        0.108025 -0.360647 0.374016,
        0.106053 -0.365248 0.374016,
        0.106318 -0.366287 0.374016,
        0.106800 -0.367189 0.374016,
        0.107452 -0.367907 0.374016,
        0.109809 -0.369381 0.374016,
        0.117635 -0.359715 0.374016,
        0.113947 -0.371182 0.374016,
        0.121410 -0.361087 0.374016,
        0.116536 -0.372230 0.374016,
        0.120977 -0.374699 0.374016,
        0.107016 -0.361539 0.374016,
        0.106443 -0.362390 0.374016,
        0.106113 -0.363293 0.374016,
        0.062133 -0.374544 0.374016,
        0.063089 -0.363840 0.374016,
        0.060776 -0.376445 0.374016,
        0.059837 -0.378787 0.374016,
        0.099059 -0.384555 0.374016,
        0.089999 -0.368261 0.374016,
        0.099059 -0.391460 0.374016,
        0.089999 -0.392797 0.374016,
        0.079934 -0.390802 0.374016,
        0.077631 -0.392327 0.374016,
        0.083312 -0.392797 0.374016,
        0.075098 -0.393247 0.374016,
        0.056976 -0.393247 0.374016,
        0.060507 -0.387894 0.374016,
        0.059696 -0.385635 0.374016,
        0.069460 -0.354614 0.374016,
        0.064485 -0.356537 0.374016,
        0.063089 -0.357345 0.374016,
        0.067576 -0.393247 0.374016,
        0.067454 -0.393233 0.374016,
        0.064890 -0.392267 0.374016,
        0.064215 -0.372778 0.374016,
        0.067123 -0.371327 0.374016,
        0.067079 -0.361240 0.374016,
        0.072013 -0.370145 0.374016,
        0.077854 -0.359465 0.374016,
        0.075589 -0.359228 0.374016,
        0.071250 -0.359722 0.374016,
        0.062639 -0.390696 0.374016,
        0.061898 -0.389946 0.374016,
        0.083312 -0.386902 0.374016,
        0.083135 -0.386902 0.374016,
        0.082051 -0.388544 0.374016,
        0.101688 -0.386179 0.374016,
        0.102150 -0.386352 0.374016,
        0.102150 -0.372174 0.374016,
        0.059363 -0.382590 0.374016,
        0.059389 -0.381643 0.374016,
        0.089502 -0.363285 0.374016,
        0.099388 -0.367556 0.374016,
        0.099364 -0.362569 0.374016,
        0.100161 -0.360416 0.374016,
        0.087103 -0.358035 0.374016,
        0.076216 -0.353797 0.374016,
        0.080313 -0.354174 0.374016,
        0.083115 -0.355038 0.374016,
        0.083312 -0.368562 0.374016,
        0.083080 -0.365605 0.374016,
        0.082388 -0.363224 0.374016,
        0.081603 -0.361847 0.374016,
        0.088463 -0.360211 0.374016,
        0.099100 -0.364959 0.374016,
        0.085327 -0.356318 0.374016,
        0.102091 -0.372135 0.374016,
        0.100997 -0.370991 0.374016,
        0.100126 -0.369597 0.374016,
        0.080592 -0.360772 0.374016,
        0.079405 -0.360007 0.374016,
        0.105881 -0.387753 0.374016,
        0.109226 -0.376040 0.374016,
        0.105240 -0.374213 0.374016,
        0.110058 -0.388239 0.374016,
        0.110354 -0.388237 0.374016,
        0.113617 -0.377879 0.374016,
        0.113781 -0.387853 0.374016,
        0.117946 -0.383081 0.374016,
        0.117880 -0.382249 0.374016,
        0.115507 -0.387222 0.374016,
        0.116116 -0.386852 0.374016,
        0.116883 -0.386171 0.374016,
        0.117467 -0.385307 0.374016,
        0.117807 -0.384357 0.374016,
        0.117576 -0.381205 0.374016,
        0.117059 -0.380319 0.374016,
        0.116226 -0.379451 0.374016,
        0.105520 -0.393247 0.374016,
        0.109403 -0.393698 0.374016,
        0.131035 -0.404708 0.374016,
        0.074923 -0.393311 0.374016,
        0.071454 -0.393698 0.374016,
        -0.092593 -0.249734 0.374016,
        -0.086021 -0.254277 0.374016,
        0.002393 -0.254277 0.374016,
        -0.077538 -0.260140 0.374016,
        -0.064549 -0.275317 0.374016,
        -0.022502 -0.324212 0.374016,
        0.002393 -0.324212 0.374016,
        -0.025841 -0.315866 0.374016,
        -0.033587 -0.305068 0.374016,
        -0.043880 -0.296359 0.374016,
        -0.057043 -0.290125 0.374016,
        -0.055174 -0.290753 0.374016,
        -0.111452 -0.242513 0.374016,
        -0.129157 -0.240404 0.374016,
        -0.146553 -0.242383 0.374016,
        -0.164144 -0.248796 0.374016,
        -0.173172 -0.254277 0.374016,
        -0.174702 -0.255206 0.374016,
        -0.260658 -0.324212 0.374016,
        -0.258961 -0.314722 0.374016,
        -0.252903 -0.301058 0.374016,
        -0.243780 -0.289366 0.374016,
        -0.215082 -0.272994 0.374016,
        -0.200132 -0.271147 0.374016,
        -0.183622 -0.262844 0.374016,
        -0.195767 -0.271385 0.374016,
        -0.191403 -0.271906 0.374016,
        -0.241215 -0.286937 0.374016,
        -0.229142 -0.278452 0.374016,
        -0.220106 -0.390790 0.374016,
        -0.233824 -0.384111 0.374016,
        -0.245678 -0.374005 0.374016,
        -0.254348 -0.361625 0.374016,
        -0.259784 -0.347494 0.374016,
        -0.261619 -0.332634 0.374016,
        -0.261511 -0.328986 0.374016,
        -0.179257 -0.418032 0.374016,
        -0.180717 -0.418005 0.374016,
        -0.189679 -0.416609 0.374016,
        -0.194951 -0.414394 0.374016,
        -0.198436 -0.412930 0.374016,
        -0.205861 -0.407335 0.374016,
        -0.215314 -0.392223 0.374016,
        -0.214835 -0.393247 0.374016,
        -0.211507 -0.400369 0.374016,
        0.002393 -0.393247 0.374016,
        -0.143693 -0.393247 0.374016,
        -0.143729 -0.393398 0.374016,
        -0.148219 -0.401857 0.374016,
        -0.154044 -0.408388 0.374016,
        -0.161604 -0.413649 0.374016,
        -0.095229 -0.370856 0.374016,
        -0.092625 -0.369828 0.374016,
        -0.088165 -0.348196 0.374016,
        -0.033511 -0.375902 0.374016,
        -0.043839 -0.384646 0.374016,
        -0.150791 -0.354648 0.374016,
        -0.099931 -0.328080 0.374016,
        -0.157425 -0.348607 0.374016,
        -0.165479 -0.344291 0.374016,
        -0.097563 -0.372511 0.374016,
        -0.025978 -0.365410 0.374016,
        -0.043185 -0.336896 0.374016,
        -0.044969 -0.329606 0.374016,
        -0.047877 -0.324212 0.374016,
        -0.236763 -0.324212 0.374016,
        -0.021203 -0.327459 0.374016,
        -0.019467 -0.339845 0.374016,
        -0.021210 -0.353395 0.374016,
        -0.089684 -0.369450 0.374016,
        -0.089314 -0.369477 0.374016,
        -0.088176 -0.369729 0.374016,
        -0.234531 -0.347014 0.374016,
        -0.230011 -0.354707 0.374016,
        -0.210739 -0.358633 0.374016,
        -0.223206 -0.361699 0.374016,
        -0.214935 -0.366793 0.374016,
        -0.196704 -0.346067 0.374016,
        -0.204464 -0.351459 0.374016,
        -0.237707 -0.331875 0.374016,
        -0.237254 -0.337726 0.374016,
        -0.188320 -0.342860 0.374016,
        -0.179257 -0.341743 0.374016,
        -0.174641 -0.342017 0.374016,
        -0.101450 -0.381216 0.374016,
        -0.101353 -0.379718 0.374016,
        -0.141302 -0.376282 0.374016,
        -0.100591 -0.376830 0.374016,
        -0.099131 -0.374240 0.374016,
        -0.050704 -0.360300 0.374016,
        -0.046528 -0.354381 0.374016,
        -0.043911 -0.347617 0.374016,
        -0.042999 -0.340225 0.374016,
        -0.092581 -0.392637 0.374016,
        -0.095092 -0.391649 0.374016,
        -0.097553 -0.389899 0.374016,
        -0.098435 -0.389001 0.374016,
        -0.100090 -0.386617 0.374016,
        -0.101089 -0.384043 0.374016,
        -0.141508 -0.384028 0.374016,
        -0.141302 -0.380078 0.374016,
        -0.055420 -0.390312 0.374016,
        -0.068050 -0.392982 0.374016,
        -0.090443 -0.392982 0.374016,
        -0.087406 -0.369830 0.374016,
        -0.070327 -0.369830 0.374016,
        -0.063513 -0.368524 0.374016,
        -0.056815 -0.365421 0.374016,
        -0.051204 -0.360838 0.374016,
        -0.083821 -0.287820 0.374016,
        -0.092383 -0.277593 0.374016,
        -0.179637 -0.299613 0.374016,
        -0.093341 -0.276719 0.374016,
        -0.104005 -0.269319 0.374016,
        -0.173839 -0.287609 0.374016,
        -0.182343 -0.298133 0.374016,
        -0.190853 -0.295023 0.374016,
        -0.048499 -0.323058 0.374016,
        -0.052874 -0.318174 0.374016,
        -0.072604 -0.310620 0.374016,
        -0.058760 -0.314063 0.374016,
        -0.065384 -0.311511 0.374016,
        -0.075641 -0.310620 0.374016,
        -0.077965 -0.300049 0.374016,
        -0.213073 -0.296346 0.374016,
        -0.221532 -0.300837 0.374016,
        -0.203703 -0.294126 0.374016,
        -0.228063 -0.306662 0.374016,
        -0.233324 -0.314222 0.374016,
        -0.165327 -0.277439 0.374016,
        -0.115907 -0.264759 0.374016,
        -0.155148 -0.270001 0.374016,
        -0.128777 -0.263177 0.374016,
        -0.142748 -0.264976 0.374016,
        -0.199753 -0.293920 0.374016,
        -0.236576 -0.322687 0.374016,
        0.187338 -0.284142 0.374016,
        0.186044 -0.290391 0.374016,
        0.183414 -0.295911 0.374016,
        0.179448 -0.300632 0.374016,
        0.168490 -0.254277 0.374016,
        0.168490 -0.256019 0.374016,
        0.188980 -0.254277 0.374016,
        0.173860 -0.257981 0.374016,
        0.184643 -0.268305 0.374016,
        0.186615 -0.273399 0.374016,
        0.187499 -0.280736 0.374016,
        0.179448 -0.261796 0.374016,
        0.181341 -0.263648 0.374016,
        0.173853 -0.304640 0.374016,
        0.168490 -0.306729 0.374016,
        0.167763 -0.307013 0.374016,
        0.144037 -0.308110 0.374016,
        0.144037 -0.254727 0.374016,
        0.138994 -0.254277 0.374016,
        0.159266 -0.254727 0.374016,
        0.167417 -0.255627 0.374016,
        0.158720 -0.308110 0.374016,
        0.147544 -0.383381 0.374016,
        0.147032 -0.385159 0.374016,
        0.178984 -0.368753 0.374016,
        0.178984 -0.386711 0.374016,
        0.188980 -0.368753 0.374016,
        0.188980 -0.386711 0.374016,
        0.198075 -0.368753 0.374016,
        0.199589 -0.339414 0.374016,
        0.200804 -0.386711 0.374016,
        0.200804 -0.392797 0.374016,
        0.199589 -0.345555 0.374016,
        0.188980 -0.393247 0.374016,
        0.178984 -0.345555 0.374016,
        0.178984 -0.362639 0.374016,
        0.188980 -0.345555 0.374016,
        0.188980 -0.362639 0.374016,
        0.198075 -0.362639 0.374016,
        0.188980 -0.392797 0.374016,
        0.172093 -0.392797 0.374016,
        0.132738 -0.254727 0.374016,
        0.126550 -0.254277 0.374016,
        0.132738 -0.260868 0.374016,
        0.112132 -0.260868 0.374016,
        0.112132 -0.277952 0.374016,
        0.126550 -0.260868 0.374016,
        0.126550 -0.277952 0.374016,
        0.131223 -0.277952 0.374016,
        0.131223 -0.284066 0.374016,
        0.112132 -0.284066 0.374016,
        0.112132 -0.302024 0.374016,
        0.126550 -0.284066 0.374016,
        0.126550 -0.302024 0.374016,
        0.133952 -0.302024 0.374016,
        0.133952 -0.308110 0.374016,
        0.126550 -0.308110 0.374016,
        0.105241 -0.308110 0.374016,
        0.105241 -0.254727 0.374016,
        0.126550 -0.254727 0.374016,
        0.078193 -0.254277 0.374016,
        0.081907 -0.253826 0.374016,
        0.238494 -0.308110 0.374016,
        0.230880 -0.308110 0.374016,
        0.225435 -0.293509 0.374016,
        0.024252 -0.308110 0.374016,
        0.024252 -0.254727 0.374016,
        0.052404 -0.308110 0.374016,
        0.051749 -0.345555 0.374016,
        0.052963 -0.386711 0.374016,
        0.053776 -0.393247 0.374016,
        0.052963 -0.392797 0.374016,
        0.024252 -0.392797 0.374016,
        0.031144 -0.368753 0.374016,
        0.031144 -0.386711 0.374016,
        0.050234 -0.368753 0.374016,
        0.050234 -0.362639 0.374016,
        0.031144 -0.362639 0.374016,
        0.031144 -0.345555 0.374016,
        0.024252 -0.339414 0.374016,
        0.051749 -0.339414 0.374016,
        -1.326772 -0.516383 0.197485,
        -1.326772 -0.526575 0.189664,
        -1.326772 -0.526575 0.274903,
        -1.326772 -0.531496 0.187180,
        -1.326772 -0.531496 0.277387,
        -1.326772 -0.508562 0.207677,
        -1.326772 -0.516383 0.267082,
        -1.326772 -0.508562 0.256890,
        -1.326772 -0.503645 0.245020,
        -1.326772 -0.501969 0.232283,
        -1.326772 -0.503645 0.219546,
        -1.326772 -0.196850 0.366142,
        -1.326772 -0.531496 0.366142,
        -1.326772 -0.157480 0.023622,
        -1.326772 -0.275591 0.023622,
        -1.326772 -0.275591 0.043307,
        -1.326772 -0.196850 0.062992,
        -1.326772 -0.255906 0.062992,
        -1.326772 -0.260286 0.062498,
        -1.326772 -0.271296 0.055580,
        -1.326772 -0.273641 0.051848,
        -1.326772 -0.275097 0.047687,
        -1.326772 -0.268179 0.058698,
        -1.326772 -0.264446 0.061043,
        1.326772 -0.511811 0.098425,
        1.326772 -0.531496 0.098425,
        1.326772 -0.531496 0.023622,
        1.326772 -0.472441 0.023622,
        1.326772 -0.472441 0.059055,
        1.326772 -0.503050 0.097438,
        1.326772 -0.481030 0.083602,
        1.326772 -0.487264 0.089836,
        1.326772 -0.494729 0.094526,
        1.326772 -0.473428 0.067816,
        1.326772 -0.476340 0.076137,
        1.326772 -0.157480 0.023622,
        1.326772 -0.196850 0.062992,
        1.326772 -0.275591 0.023622,
        1.326772 -0.255906 0.062992,
        1.326772 -0.275591 0.043307,
        1.326772 -0.260286 0.062498,
        1.326772 -0.264446 0.061043,
        1.326772 -0.268179 0.058698,
        1.326772 -0.271296 0.055580,
        1.326772 -0.275097 0.047687,
        1.326772 -0.273641 0.051848,
        1.326772 -0.196850 0.366142,
        1.326772 -0.531496 0.366142,
        1.385827 -0.196850 0.366142,
        1.385827 -0.196850 0.062992,
        1.476378 -0.196850 0.062992,
        0.816929 0.570866 0.000000,
        0.816929 0.570866 0.118110,
        0.954724 0.570866 0.000000,
        0.954724 0.570866 0.118110,
        -1.013780 0.216535 0.273024,
        -1.013780 0.216535 0.322835,
        -1.015748 0.216535 0.322835,
        1.013780 0.216535 0.123743,
        1.013780 0.216535 0.047244,
        1.015748 0.216535 0.094488,
        1.015748 0.216535 0.047244,
        -0.954724 0.216535 0.047244,
        -0.952756 0.216535 0.047244,
        -0.952756 0.216535 0.094488,
        -0.816929 0.216535 0.273024,
        -0.816929 0.216535 0.322835,
        -0.818898 0.216535 0.322835,
        1.194882 0.216535 0.094488,
        1.194882 0.216535 0.255906,
        0.954724 0.216535 0.123743,
        1.015748 0.216535 0.255906,
        -0.561024 0.216535 0.123743,
        -0.561024 0.216535 0.047244,
        -0.559055 0.216535 0.094488,
        -0.559055 0.216535 0.047244,
        0.755906 0.216535 0.047244,
        0.757874 0.216535 0.047244,
        0.755906 0.216535 0.094488,
        0.757874 0.216535 0.123743,
        0.622047 0.216535 0.094488,
        0.954724 0.216535 0.273024,
        1.013780 0.216535 0.273024,
        1.015748 0.216535 0.322835,
        1.013780 0.216535 0.322835,
        -1.015748 0.216535 0.255906,
        -0.952756 0.216535 0.255906,
        -0.954724 0.216535 0.273024,
        -0.952756 0.216535 0.322835,
        -0.954724 0.216535 0.322835,
        0.954724 0.216535 0.322835,
        0.952756 0.216535 0.322835,
        0.952756 0.216535 0.255906,
        0.818898 0.216535 0.094488,
        0.952756 0.216535 0.094488,
        0.954724 0.216535 0.047244,
        0.952756 0.216535 0.047244,
        -0.167323 0.216535 0.123743,
        -0.167323 0.216535 0.047244,
        -0.165354 0.216535 0.094488,
        -0.165354 0.216535 0.047244,
        0.226378 0.216535 0.123743,
        0.226378 0.216535 0.047244,
        0.228346 0.216535 0.094488,
        0.228346 0.216535 0.047244,
        0.167323 0.216535 0.273024,
        0.167323 0.216535 0.322835,
        0.165354 0.216535 0.322835,
        -0.029528 0.216535 0.273024,
        -0.029528 0.216535 0.322835,
        -0.031496 0.216535 0.322835,
        0.561024 0.216535 0.273024,
        0.561024 0.216535 0.322835,
        0.559055 0.216535 0.322835,
        0.364173 0.216535 0.273024,
        0.364173 0.216535 0.322835,
        0.362205 0.216535 0.322835,
        -0.423228 0.216535 0.273024,
        -0.423228 0.216535 0.322835,
        -0.425197 0.216535 0.322835,
        0.559055 0.216535 0.047244,
        0.561024 0.216535 0.047244,
        0.559055 0.216535 0.094488,
        0.561024 0.216535 0.123743,
        0.425197 0.216535 0.094488,
        0.818898 0.216535 0.255906,
        0.818898 0.216535 0.322835,
        0.816929 0.216535 0.273024,
        0.816929 0.216535 0.322835,
        0.757874 0.216535 0.322835,
        0.755906 0.216535 0.322835,
        0.757874 0.216535 0.273024,
        0.755906 0.216535 0.255906,
        0.620079 0.216535 0.123743,
        0.620079 0.216535 0.047244,
        0.622047 0.216535 0.047244,
        0.362205 0.216535 0.047244,
        0.364173 0.216535 0.047244,
        0.362205 0.216535 0.094488,
        0.364173 0.216535 0.123743,
        -0.425197 0.216535 0.047244,
        -0.423228 0.216535 0.047244,
        -0.425197 0.216535 0.094488,
        -0.423228 0.216535 0.123743,
        0.165354 0.216535 0.047244,
        0.167323 0.216535 0.047244,
        0.165354 0.216535 0.094488,
        0.167323 0.216535 0.123743,
        0.031496 0.216535 0.094488,
        -0.031496 0.216535 0.047244,
        -0.029528 0.216535 0.047244,
        -0.031496 0.216535 0.094488,
        -0.029528 0.216535 0.123743,
        -0.031496 0.216535 0.255906,
        -0.165354 0.216535 0.255906,
        -0.226378 0.216535 0.123743,
        0.031496 0.216535 0.255906,
        0.029528 0.216535 0.273024,
        0.031496 0.216535 0.322835,
        0.029528 0.216535 0.322835,
        -0.226378 0.216535 0.273024,
        -0.167323 0.216535 0.273024,
        -0.165354 0.216535 0.322835,
        -0.167323 0.216535 0.322835,
        0.559055 0.216535 0.255906,
        0.622047 0.216535 0.255906,
        0.620079 0.216535 0.273024,
        0.622047 0.216535 0.322835,
        0.620079 0.216535 0.322835,
        0.816929 0.216535 0.123743,
        0.816929 0.216535 0.047244,
        0.818898 0.216535 0.047244,
        0.165354 0.216535 0.255906,
        0.228346 0.216535 0.255906,
        0.226378 0.216535 0.273024,
        0.228346 0.216535 0.322835,
        0.226378 0.216535 0.322835,
        -0.226378 0.216535 0.322835,
        -0.228346 0.216535 0.322835,
        -0.228346 0.216535 0.255906,
        -0.362205 0.216535 0.094488,
        -0.228346 0.216535 0.094488,
        -0.226378 0.216535 0.047244,
        -0.228346 0.216535 0.047244,
        -0.818898 0.216535 0.047244,
        -0.816929 0.216535 0.047244,
        -0.818898 0.216535 0.094488,
        -0.816929 0.216535 0.123743,
        -0.620079 0.216535 0.273024,
        -0.559055 0.216535 0.255906,
        -0.561024 0.216535 0.273024,
        -0.559055 0.216535 0.322835,
        -0.561024 0.216535 0.322835,
        -1.015748 0.216535 0.047244,
        -1.013780 0.216535 0.047244,
        -1.015748 0.216535 0.094488,
        -1.013780 0.216535 0.123743,
        -1.194882 0.216535 0.094488,
        0.362205 0.216535 0.255906,
        0.425197 0.216535 0.255906,
        0.423228 0.216535 0.273024,
        0.425197 0.216535 0.322835,
        0.423228 0.216535 0.322835,
        0.423228 0.216535 0.123743,
        0.423228 0.216535 0.047244,
        0.425197 0.216535 0.047244,
        0.029528 0.216535 0.123743,
        0.029528 0.216535 0.047244,
        0.031496 0.216535 0.047244,
        -0.425197 0.216535 0.255906,
        -0.620079 0.216535 0.123743,
        -0.362205 0.216535 0.255906,
        -0.364173 0.216535 0.273024,
        -0.362205 0.216535 0.322835,
        -0.364173 0.216535 0.322835,
        -0.364173 0.216535 0.123743,
        -0.364173 0.216535 0.047244,
        -0.362205 0.216535 0.047244,
        -0.620079 0.216535 0.322835,
        -0.622047 0.216535 0.322835,
        -0.622047 0.216535 0.255906,
        -0.755906 0.216535 0.094488,
        -0.622047 0.216535 0.094488,
        -0.620079 0.216535 0.047244,
        -0.622047 0.216535 0.047244,
        -0.818898 0.216535 0.255906,
        -0.755906 0.216535 0.255906,
        -0.757874 0.216535 0.273024,
        -0.755906 0.216535 0.322835,
        -0.757874 0.216535 0.322835,
        -0.757874 0.216535 0.123743,
        -0.757874 0.216535 0.047244,
        -0.755906 0.216535 0.047244,
        -0.954724 0.216535 0.123743,
        -1.194882 0.216535 0.255906,
        1.013780 -0.279446 0.047244,
        0.954724 -0.279446 0.047244,
        0.952756 -0.531496 0.047244,
        1.015748 -0.531496 0.047244,
        0.620079 0.570866 0.000000,
        0.620079 0.570866 0.118110,
        0.757874 0.570866 0.000000,
        0.757874 0.570866 0.118110,
        0.816929 -0.279446 0.047244,
        0.757874 -0.279446 0.047244,
        0.755906 -0.531496 0.047244,
        0.818898 -0.531496 0.047244,
        0.423228 0.570866 0.000000,
        0.423228 0.570866 0.118110,
        0.561024 0.570866 0.000000,
        0.561024 0.570866 0.118110,
        0.620079 -0.279446 0.047244,
        0.561024 -0.279446 0.047244,
        0.559055 -0.531496 0.047244,
        0.622047 -0.531496 0.047244,
        0.226378 0.570866 0.000000,
        0.226378 0.570866 0.118110,
        0.364173 0.570866 0.000000,
        0.364173 0.570866 0.118110,
        0.423228 -0.279446 0.047244,
        0.364173 -0.279446 0.047244,
        0.362205 -0.531496 0.047244,
        0.425197 -0.531496 0.047244,
        0.029528 0.570866 0.000000,
        0.029528 0.570866 0.118110,
        0.167323 0.570866 0.000000,
        0.167323 0.570866 0.118110,
        0.226378 -0.279446 0.047244,
        0.167323 -0.279446 0.047244,
        0.165354 -0.531496 0.047244,
        0.228346 -0.531496 0.047244,
        -0.167323 0.570866 0.000000,
        -0.167323 0.570866 0.118110,
        -0.029528 0.570866 0.000000,
        -0.029528 0.570866 0.118110,
        0.029528 -0.279446 0.047244,
        -0.029528 -0.279446 0.047244,
        -0.031496 -0.531496 0.047244,
        0.031496 -0.531496 0.047244,
        -0.364173 0.570866 0.000000,
        -0.364173 0.570866 0.118110,
        -0.226378 0.570866 0.000000,
        -0.226378 0.570866 0.118110,
        -0.167323 -0.279446 0.047244,
        -0.226378 -0.279446 0.047244,
        -0.228346 -0.531496 0.047244,
        -0.165354 -0.531496 0.047244,
        -0.561024 0.570866 0.000000,
        -0.561024 0.570866 0.118110,
        -0.423228 0.570866 0.000000,
        -0.423228 0.570866 0.118110,
        -0.364173 -0.279446 0.047244,
        -0.423228 -0.279446 0.047244,
        -0.425197 -0.531496 0.047244,
        -0.362205 -0.531496 0.047244,
        -0.757874 0.570866 0.000000,
        -0.757874 0.570866 0.118110,
        -0.620079 0.570866 0.000000,
        -0.620079 0.570866 0.118110,
        -0.561024 -0.279446 0.047244,
        -0.620079 -0.279446 0.047244,
        -0.622047 -0.531496 0.047244,
        -0.559055 -0.531496 0.047244,
        -0.954724 0.570866 0.000000,
        -0.954724 0.570866 0.118110,
        -0.816929 0.570866 0.000000,
        -0.816929 0.570866 0.118110,
        -0.757874 -0.279446 0.047244,
        -0.816929 -0.279446 0.047244,
        -0.818898 -0.531496 0.047244,
        -0.755906 -0.531496 0.047244,
        -1.397638 0.570866 0.177165,
        -1.377953 0.570866 0.177165,
        -1.377953 0.570866 0.118110,
        -1.476378 0.570866 0.023622,
        -1.228346 0.570866 0.023622,
        -1.013780 0.570866 0.118110,
        -1.228346 0.570866 0.000000,
        -1.013780 0.570866 0.000000,
        -0.954724 -0.279446 0.047244,
        -1.013780 -0.279446 0.047244,
        -1.015748 -0.531496 0.047244,
        -0.952756 -0.531496 0.047244,
        -0.755906 -0.531496 0.094488,
        -0.622047 -0.531496 0.094488,
        -0.559055 -0.531496 0.094488,
        -0.425197 -0.531496 0.094488,
        -0.362205 -0.531496 0.094488,
        -0.228346 -0.531496 0.094488,
        -0.165354 -0.531496 0.094488,
        -0.031496 -0.531496 0.094488,
        0.031496 -0.531496 0.094488,
        0.165354 -0.531496 0.094488,
        0.228346 -0.531496 0.094488,
        0.362205 -0.531496 0.094488,
        0.425197 -0.531496 0.094488,
        0.559055 -0.531496 0.094488,
        0.622047 -0.531496 0.094488,
        0.755906 -0.531496 0.094488,
        0.818898 -0.531496 0.094488,
        0.952756 -0.531496 0.094488,
        1.015748 -0.531496 0.094488,
        1.194882 -0.531496 0.094488,
        -0.755906 -0.472441 0.255906,
        -0.622047 -0.472441 0.255906,
        -0.559055 -0.472441 0.255906,
        -0.425197 -0.472441 0.255906,
        -0.362205 -0.472441 0.255906,
        -0.228346 -0.472441 0.255906,
        -0.165354 -0.472441 0.255906,
        -0.031496 -0.472441 0.255906,
        0.031496 -0.472441 0.255906,
        0.165354 -0.472441 0.255906,
        0.228346 -0.472441 0.255906,
        0.362205 -0.472441 0.255906,
        0.425197 -0.472441 0.255906,
        0.559055 -0.472441 0.255906,
        0.622047 -0.472441 0.255906,
        0.755906 -0.472441 0.255906,
        0.818898 -0.472441 0.255906,
        0.952756 -0.472441 0.255906,
        1.015748 -0.472441 0.255906,
        1.194882 -0.472441 0.255906,
        -0.622047 -0.531496 0.314961,
        -0.755906 -0.531496 0.314961,
        -0.425197 -0.531496 0.314961,
        -0.559055 -0.531496 0.314961,
        -0.228346 -0.531496 0.314961,
        -0.362205 -0.531496 0.314961,
        -0.031496 -0.531496 0.314961,
        -0.165354 -0.531496 0.314961,
        0.165354 -0.531496 0.314961,
        0.031496 -0.531496 0.314961,
        0.362205 -0.531496 0.314961,
        0.228346 -0.531496 0.314961,
        0.559055 -0.531496 0.314961,
        0.425197 -0.531496 0.314961,
        0.755906 -0.531496 0.314961,
        0.622047 -0.531496 0.314961,
        0.952756 -0.531496 0.314961,
        0.818898 -0.531496 0.314961,
        1.194882 -0.531496 0.314961,
        1.015748 -0.531496 0.314961,
        -0.818898 -0.531496 0.094488,
        -0.952756 -0.531496 0.094488,
        -0.818898 -0.472441 0.255906,
        -0.952756 -0.472441 0.255906,
        -0.952756 -0.531496 0.314961,
        -0.818898 -0.531496 0.314961,
        1.234252 -0.570866 0.055118,
        -1.234252 -0.570866 0.055118,
        -1.228346 -0.570866 0.023622,
        -1.287402 -0.570866 0.023622,
        -1.228346 -0.570866 0.000000,
        1.228346 -0.570866 0.000000,
        1.228346 -0.570866 0.023622,
        1.287402 -0.570866 0.023622,
        1.234252 -0.570866 0.255906,
        -1.234252 -0.570866 0.255906,
        -1.013780 0.519685 0.000000,
        -0.167323 0.519685 0.000000,
        -0.954724 0.519685 0.000000,
        -0.029528 0.519685 0.000000,
        0.029528 0.519685 0.000000,
        -0.816929 0.519685 0.000000,
        -0.757874 0.519685 0.000000,
        -0.561024 0.519685 0.000000,
        0.364173 0.519685 0.000000,
        0.423228 0.519685 0.000000,
        0.226378 0.519685 0.000000,
        -0.423228 0.519685 0.000000,
        -0.364173 0.519685 0.000000,
        0.167323 0.519685 0.000000,
        -0.620079 0.519685 0.000000,
        -0.226378 0.519685 0.000000,
        0.620079 0.519685 0.000000,
        0.757874 0.519685 0.000000,
        0.816929 0.519685 0.000000,
        0.561024 0.519685 0.000000,
        1.013780 0.570866 0.000000,
        1.228346 0.570866 0.000000,
        1.013780 0.519685 0.000000,
        0.954724 0.519685 0.000000,
        1.476378 -0.157480 0.023622,
        1.476378 0.570866 0.023622,
        1.228346 0.570866 0.023622,
        1.013780 0.570866 0.118110,
        1.377953 0.570866 0.118110,
        1.397638 0.570866 0.177165,
        1.377953 0.570866 0.177165,
        1.326772 -0.531496 0.277387,
        1.326772 -0.531496 0.187180,
        1.326772 -0.526575 0.274903,
        1.326772 -0.526575 0.189664,
        1.326772 -0.516383 0.267082,
        1.326772 -0.508562 0.256890,
        1.326772 -0.516383 0.197485,
        1.326772 -0.508562 0.207677,
        1.326772 -0.503645 0.219546,
        1.326772 -0.501969 0.232283,
        1.326772 -0.503645 0.245020,
        -1.476378 -0.157480 0.023622,
        -1.476378 -0.196850 0.062992,
        1.377953 0.177165 0.177165,
        1.397638 0.177165 0.177165,
      ]
    }
    coordIndex [
      0, 1, 2, -1,
      3, 4, 5, -1,
      6, 7, 8, -1,
      9, 10, 11, -1,
      12, 13, 14, -1,
      15, 16, 17, -1,
      17, 16, 18, -1,
      19, 20, 5, -1,
      21, 22, 23, -1,
      23, 22, 19, -1,
      24, 25, 26, -1,
      26, 27, 24, -1,
      24, 27, 28, -1,
      24, 28, 29, -1,
      30, 31, 32, -1,
      33, 34, 29, -1,
      35, 36, 14, -1,
      14, 36, 37, -1,
      14, 37, 38, -1,
      39, 40, 41, -1,
      41, 40, 42, -1,
      41, 42, 28, -1,
      28, 42, 43, -1,
      28, 43, 29, -1,
      29, 43, 44, -1,
      29, 44, 33, -1,
      39, 41, 32, -1,
      32, 41, 45, -1,
      32, 45, 30, -1,
      31, 46, 32, -1,
      32, 46, 47, -1,
      32, 47, 48, -1,
      49, 50, 51, -1,
      51, 50, 52, -1,
      51, 52, 53, -1,
      38, 54, 14, -1,
      14, 54, 55, -1,
      14, 55, 12, -1,
      48, 56, 32, -1,
      32, 56, 57, -1,
      32, 57, 58, -1,
      58, 59, 32, -1,
      32, 59, 50, -1,
      32, 50, 60, -1,
      60, 50, 49, -1,
      61, 62, 63, -1,
      63, 62, 64, -1,
      64, 65, 63, -1,
      63, 65, 66, -1,
      63, 66, 67, -1,
      61, 63, 68, -1,
      68, 63, 69, -1,
      68, 69, 70, -1,
      70, 69, 71, -1,
      71, 69, 72, -1,
      71, 72, 73, -1,
      74, 75, 76, -1,
      76, 75, 77, -1,
      78, 79, 80, -1,
      81, 82, 11, -1,
      11, 82, 83, -1,
      11, 83, 84, -1,
      84, 83, 85, -1,
      85, 83, 86, -1,
      85, 86, 87, -1,
      88, 82, 89, -1,
      89, 82, 81, -1,
      89, 81, 90, -1,
      91, 92, 93, -1,
      94, 95, 81, -1,
      81, 95, 96, -1,
      81, 96, 90, -1,
      97, 98, 99, -1,
      99, 98, 100, -1,
      99, 100, 91, -1,
      91, 100, 101, -1,
      91, 101, 92, -1,
      102, 103, 81, -1,
      81, 103, 104, -1,
      81, 104, 94, -1,
      105, 106, 107, -1,
      105, 107, 108, -1,
      106, 109, 107, -1,
      107, 109, 110, -1,
      107, 110, 99, -1,
      99, 110, 111, -1,
      99, 111, 97, -1,
      112, 113, 114, -1,
      114, 113, 115, -1,
      114, 115, 116, -1,
      112, 114, 117, -1,
      117, 114, 118, -1,
      117, 118, 119, -1,
      119, 118, 120, -1,
      119, 120, 121, -1,
      121, 120, 107, -1,
      121, 107, 122, -1,
      122, 107, 99, -1,
      122, 99, 123, -1,
      123, 99, 91, -1,
      123, 91, 124, -1,
      124, 91, 125, -1,
      124, 125, 126, -1,
      126, 125, 127, -1,
      126, 127, 128, -1,
      129, 128, 130, -1,
      131, 132, 129, -1,
      129, 132, 133, -1,
      134, 135, 136, -1,
      136, 135, 137, -1,
      136, 137, 138, -1,
      139, 140, 141, -1,
      141, 140, 136, -1,
      141, 136, 142, -1,
      142, 136, 138, -1,
      142, 138, 143, -1,
      144, 145, 146, -1,
      146, 145, 147, -1,
      146, 147, 148, -1,
      144, 149, 150, -1,
      151, 152, 150, -1,
      150, 152, 153, -1,
      150, 153, 144, -1,
      144, 153, 154, -1,
      144, 154, 145, -1,
      149, 144, 155, -1,
      155, 144, 156, -1,
      155, 156, 157, -1,
      157, 156, 158, -1,
      157, 158, 159, -1,
      159, 158, 160, -1,
      159, 160, 161, -1,
      161, 160, 162, -1,
      161, 162, 163, -1,
      163, 162, 164, -1,
      163, 164, 165, -1,
      165, 164, 166, -1,
      165, 166, 167, -1,
      167, 166, 168, -1,
      167, 168, 169, -1,
      169, 168, 170, -1,
      169, 170, 171, -1,
      171, 170, 172, -1,
      171, 172, 173, -1,
      174, 175, 176, -1,
      176, 175, 173, -1,
      177, 178, 172, -1,
      173, 172, 176, -1,
      176, 172, 178, -1,
      176, 178, 179, -1,
      180, 181, 182, -1,
      183, 184, 23, -1,
      185, 186, 187, -1,
      187, 186, 188, -1,
      187, 188, 189, -1,
      190, 191, 192, -1,
      192, 191, 193, -1,
      192, 193, 194, -1,
      194, 193, 195, -1,
      194, 195, 196, -1,
      196, 197, 194, -1,
      194, 197, 198, -1,
      194, 198, 199, -1,
      199, 200, 194, -1,
      194, 200, 186, -1,
      194, 186, 182, -1,
      182, 186, 185, -1,
      182, 185, 180, -1,
      188, 201, 189, -1,
      189, 201, 23, -1,
      189, 23, 192, -1,
      202, 203, 192, -1,
      192, 203, 204, -1,
      192, 204, 190, -1,
      184, 205, 23, -1,
      23, 205, 206, -1,
      23, 206, 192, -1,
      192, 206, 207, -1,
      192, 207, 202, -1,
      208, 209, 210, -1,
      11, 211, 212, -1,
      213, 214, 29, -1,
      29, 214, 215, -1,
      29, 215, 216, -1,
      217, 218, 11, -1,
      11, 218, 219, -1,
      11, 219, 211, -1,
      216, 220, 29, -1,
      29, 220, 221, -1,
      29, 221, 84, -1,
      209, 217, 210, -1,
      210, 217, 11, -1,
      210, 11, 222, -1,
      222, 11, 84, -1,
      222, 84, 223, -1,
      223, 84, 221, -1,
      212, 224, 11, -1,
      11, 224, 225, -1,
      11, 225, 9, -1,
      226, 227, 228, -1,
      228, 227, 229, -1,
      228, 229, 230, -1,
      228, 231, 226, -1,
      226, 231, 232, -1,
      226, 232, 233, -1,
      233, 234, 226, -1,
      226, 234, 235, -1,
      226, 235, 236, -1,
      236, 235, 237, -1,
      236, 237, 238, -1,
      238, 237, 239, -1,
      238, 239, 210, -1,
      210, 239, 240, -1,
      210, 240, 208, -1,
      241, 242, 230, -1,
      230, 242, 243, -1,
      230, 243, 228, -1,
      244, 245, 246, -1,
      246, 245, 247, -1,
      248, 249, 250, -1,
      250, 249, 251, -1,
      250, 251, 7, -1,
      252, 253, 254, -1,
      254, 253, 255, -1,
      254, 255, 251, -1,
      256, 257, 258, -1,
      259, 14, 260, -1,
      260, 14, 261, -1,
      127, 262, 256, -1,
      256, 262, 263, -1,
      256, 263, 264, -1,
      244, 265, 245, -1,
      245, 265, 266, -1,
      245, 266, 267, -1,
      267, 266, 268, -1,
      269, 270, 268, -1,
      268, 270, 271, -1,
      268, 271, 267, -1,
      264, 272, 256, -1,
      256, 272, 273, -1,
      256, 273, 257, -1,
      274, 275, 254, -1,
      254, 275, 276, -1,
      254, 276, 252, -1,
      277, 278, 279, -1,
      258, 280, 256, -1,
      256, 280, 281, -1,
      256, 281, 14, -1,
      14, 281, 247, -1,
      14, 247, 261, -1,
      261, 247, 245, -1,
      282, 249, 283, -1,
      284, 285, 286, -1,
      259, 287, 14, -1,
      14, 287, 288, -1,
      14, 288, 289, -1,
      290, 291, 268, -1,
      268, 291, 292, -1,
      268, 292, 293, -1,
      277, 279, 248, -1,
      286, 294, 284, -1,
      284, 294, 282, -1,
      284, 282, 295, -1,
      295, 282, 283, -1,
      34, 35, 29, -1,
      29, 35, 14, -1,
      29, 14, 213, -1,
      213, 14, 289, -1,
      213, 289, 285, -1,
      285, 289, 296, -1,
      285, 296, 286, -1,
      279, 297, 248, -1,
      248, 297, 298, -1,
      248, 298, 249, -1,
      249, 298, 299, -1,
      249, 299, 283, -1,
      293, 300, 268, -1,
      268, 300, 301, -1,
      268, 301, 269, -1,
      302, 303, 278, -1,
      278, 303, 304, -1,
      278, 304, 279, -1,
      302, 305, 303, -1,
      303, 305, 306, -1,
      303, 306, 307, -1,
      307, 306, 308, -1,
      307, 309, 310, -1,
      308, 311, 307, -1,
      307, 311, 312, -1,
      307, 312, 313, -1,
      313, 314, 307, -1,
      307, 314, 315, -1,
      307, 315, 309, -1,
      310, 316, 307, -1,
      307, 316, 317, -1,
      307, 317, 318, -1,
      6, 8, 319, -1,
      319, 8, 125, -1,
      319, 125, 320, -1,
      320, 125, 10, -1,
      10, 125, 91, -1,
      10, 91, 11, -1,
      11, 91, 93, -1,
      11, 93, 81, -1,
      81, 93, 321, -1,
      81, 321, 102, -1,
      7, 251, 8, -1,
      8, 251, 255, -1,
      8, 255, 125, -1,
      125, 255, 322, -1,
      125, 322, 127, -1,
      127, 322, 323, -1,
      127, 323, 262, -1,
      324, 325, 326, -1,
      326, 325, 327, -1,
      326, 327, 328, -1,
      329, 330, 331, -1,
      331, 330, 326, -1,
      331, 326, 332, -1,
      332, 326, 333, -1,
      328, 334, 326, -1,
      326, 334, 335, -1,
      326, 335, 333, -1,
      336, 156, 337, -1,
      337, 156, 338, -1,
      338, 156, 339, -1,
      339, 156, 144, -1,
      339, 144, 340, -1,
      340, 144, 146, -1,
      340, 146, 341, -1,
      342, 146, 139, -1,
      139, 146, 148, -1,
      139, 148, 140, -1,
      342, 343, 146, -1,
      146, 343, 344, -1,
      146, 344, 345, -1,
      146, 346, 341, -1,
      341, 346, 347, -1,
      341, 347, 348, -1,
      348, 347, 349, -1,
      348, 349, 350, -1,
      345, 351, 146, -1,
      146, 351, 352, -1,
      146, 352, 346, -1,
      353, 354, 141, -1,
      141, 354, 355, -1,
      141, 355, 356, -1,
      356, 357, 141, -1,
      141, 357, 358, -1,
      141, 358, 139, -1,
      139, 358, 359, -1,
      139, 359, 342, -1,
      133, 360, 129, -1,
      129, 360, 361, -1,
      129, 361, 143, -1,
      143, 361, 362, -1,
      143, 362, 142, -1,
      142, 362, 363, -1,
      142, 363, 141, -1,
      141, 363, 364, -1,
      141, 364, 365, -1,
      366, 353, 367, -1,
      367, 353, 141, -1,
      367, 141, 368, -1,
      368, 141, 365, -1,
      369, 370, 131, -1,
      131, 370, 371, -1,
      131, 371, 372, -1,
      372, 373, 131, -1,
      131, 373, 374, -1,
      131, 374, 132, -1,
      375, 376, 377, -1,
      378, 379, 369, -1,
      380, 381, 382, -1,
      382, 381, 383, -1,
      375, 377, 384, -1,
      378, 369, 385, -1,
      386, 387, 381, -1,
      381, 387, 388, -1,
      381, 388, 389, -1,
      329, 390, 330, -1,
      330, 390, 391, -1,
      330, 391, 369, -1,
      369, 391, 392, -1,
      369, 392, 385, -1,
      376, 393, 377, -1,
      377, 393, 394, -1,
      377, 394, 395, -1,
      396, 397, 398, -1,
      398, 397, 399, -1,
      398, 399, 400, -1,
      401, 389, 402, -1,
      402, 389, 403, -1,
      402, 403, 398, -1,
      398, 403, 404, -1,
      398, 404, 396, -1,
      401, 405, 389, -1,
      389, 405, 406, -1,
      389, 406, 381, -1,
      381, 406, 407, -1,
      381, 407, 383, -1,
      408, 409, 410, -1,
      410, 409, 411, -1,
      410, 411, 377, -1,
      377, 411, 412, -1,
      377, 412, 384, -1,
      413, 414, 377, -1,
      377, 414, 415, -1,
      377, 415, 381, -1,
      381, 415, 416, -1,
      381, 416, 386, -1,
      417, 418, 370, -1,
      370, 418, 419, -1,
      370, 419, 420, -1,
      420, 421, 370, -1,
      370, 421, 422, -1,
      370, 422, 423, -1,
      423, 422, 408, -1,
      423, 408, 424, -1,
      424, 408, 410, -1,
      379, 425, 369, -1,
      369, 425, 426, -1,
      369, 426, 370, -1,
      370, 426, 427, -1,
      370, 427, 417, -1,
      395, 428, 377, -1,
      377, 428, 429, -1,
      377, 429, 430, -1,
      430, 431, 377, -1,
      377, 431, 432, -1,
      377, 432, 413, -1,
      433, 434, 435, -1,
      434, 436, 435, -1,
      435, 436, 437, -1,
      435, 437, 438, -1,
      388, 435, 389, -1,
      389, 435, 439, -1,
      389, 439, 440, -1,
      441, 442, 443, -1,
      443, 442, 444, -1,
      443, 444, 445, -1,
      441, 443, 388, -1,
      388, 443, 446, -1,
      388, 446, 435, -1,
      435, 446, 447, -1,
      435, 447, 433, -1,
      448, 449, 450, -1,
      450, 449, 451, -1,
      450, 451, 452, -1,
      438, 437, 453, -1,
      453, 437, 454, -1,
      453, 454, 455, -1,
      455, 454, 456, -1,
      455, 456, 457, -1,
      440, 458, 389, -1,
      389, 458, 450, -1,
      389, 450, 459, -1,
      459, 450, 452, -1,
      460, 461, 5, -1,
      5, 461, 462, -1,
      5, 462, 463, -1,
      464, 465, 466, -1,
      466, 465, 467, -1,
      468, 469, 466, -1,
      466, 469, 470, -1,
      467, 471, 466, -1,
      466, 471, 472, -1,
      466, 472, 468, -1,
      15, 17, 20, -1,
      20, 17, 466, -1,
      20, 466, 5, -1,
      5, 466, 470, -1,
      5, 470, 460, -1,
      473, 474, 76, -1,
      76, 474, 475, -1,
      476, 477, 478, -1,
      478, 477, 479, -1,
      478, 479, 464, -1,
      464, 479, 480, -1,
      464, 480, 465, -1,
      475, 481, 76, -1,
      76, 481, 85, -1,
      76, 85, 74, -1,
      74, 85, 87, -1,
      74, 87, 482, -1,
      482, 87, 78, -1,
      482, 78, 483, -1,
      483, 78, 80, -1,
      484, 485, 486, -1,
      486, 485, 487, -1,
      486, 487, 488, -1,
      19, 5, 23, -1,
      23, 5, 4, -1,
      23, 4, 489, -1,
      490, 491, 186, -1,
      200, 183, 186, -1,
      186, 183, 23, -1,
      186, 23, 492, -1,
      492, 23, 489, -1,
      186, 491, 493, -1,
      494, 495, 496, -1,
      496, 495, 497, -1,
      496, 497, 492, -1,
      492, 497, 498, -1,
      492, 498, 186, -1,
      186, 498, 488, -1,
      186, 488, 490, -1,
      490, 488, 487, -1,
      491, 499, 493, -1,
      493, 499, 500, -1,
      493, 500, 77, -1,
      77, 500, 3, -1,
      77, 3, 76, -1,
      76, 3, 5, -1,
      76, 5, 473, -1,
      473, 5, 463, -1,
      501, 478, 502, -1,
      481, 476, 85, -1,
      85, 476, 478, -1,
      85, 478, 503, -1,
      503, 478, 501, -1,
      504, 505, 506, -1,
      506, 505, 507, -1,
      506, 507, 503, -1,
      503, 507, 508, -1,
      503, 508, 85, -1,
      85, 508, 509, -1,
      510, 511, 512, -1,
      512, 511, 513, -1,
      512, 513, 509, -1,
      509, 513, 514, -1,
      509, 514, 85, -1,
      85, 514, 515, -1,
      85, 515, 84, -1,
      84, 515, 516, -1,
      84, 516, 29, -1,
      29, 516, 517, -1,
      29, 517, 24, -1,
      24, 517, 518, -1,
      24, 518, 502, -1,
      502, 518, 519, -1,
      502, 519, 501, -1,
      520, 521, 160, -1,
      160, 521, 25, -1,
      160, 25, 162, -1,
      162, 25, 24, -1,
      162, 24, 164, -1,
      164, 24, 502, -1,
      164, 502, 166, -1,
      166, 502, 478, -1,
      166, 478, 168, -1,
      168, 478, 464, -1,
      168, 464, 170, -1,
      170, 464, 466, -1,
      170, 466, 172, -1,
      172, 466, 17, -1,
      172, 17, 177, -1,
      177, 17, 18, -1,
      177, 18, 201, -1,
      201, 18, 522, -1,
      201, 522, 23, -1,
      23, 522, 523, -1,
      23, 523, 21, -1,
      21, 523, 524, -1,
      336, 324, 156, -1,
      156, 324, 326, -1,
      156, 326, 158, -1,
      158, 326, 69, -1,
      158, 69, 160, -1,
      160, 69, 63, -1,
      160, 63, 520, -1,
      520, 63, 67, -1,
      525, 526, 326, -1,
      326, 526, 0, -1,
      326, 0, 69, -1,
      69, 0, 2, -1,
      69, 2, 72, -1,
      72, 2, 527, -1,
      72, 527, 330, -1,
      330, 527, 525, -1,
      330, 525, 326, -1,
      528, 529, 72, -1,
      72, 529, 530, -1,
      530, 529, 531, -1,
      530, 531, 532, -1,
      533, 534, 535, -1,
      535, 534, 529, -1,
      535, 529, 536, -1,
      536, 529, 528, -1,
      536, 528, 537, -1,
      537, 528, 538, -1,
      75, 108, 77, -1,
      77, 108, 107, -1,
      77, 107, 493, -1,
      493, 107, 120, -1,
      493, 120, 186, -1,
      186, 120, 118, -1,
      186, 118, 188, -1,
      188, 118, 114, -1,
      128, 127, 130, -1,
      130, 127, 256, -1,
      130, 256, 530, -1,
      530, 256, 14, -1,
      530, 14, 72, -1,
      72, 14, 13, -1,
      72, 13, 73, -1,
      129, 130, 131, -1,
      131, 130, 530, -1,
      131, 530, 369, -1,
      369, 530, 532, -1,
      369, 532, 330, -1,
      330, 532, 539, -1,
      330, 539, 72, -1,
      72, 539, 540, -1,
      72, 540, 528, -1,
      541, 542, 543, -1,
      543, 542, 544, -1,
      543, 544, 545, -1,
      541, 543, 546, -1,
      546, 543, 547, -1,
      546, 547, 548, -1,
      548, 549, 546, -1,
      546, 549, 550, -1,
      546, 550, 551, -1,
      147, 145, 552, -1,
      134, 136, 553, -1,
      553, 136, 140, -1,
      553, 140, 552, -1,
      552, 140, 148, -1,
      552, 148, 147, -1,
      554, 555, 556, -1,
      557, 554, 558, -1,
      558, 554, 556, -1,
      558, 556, 559, -1,
      560, 556, 561, -1,
      561, 556, 562, -1,
      560, 563, 556, -1,
      556, 563, 564, -1,
      556, 564, 559, -1,
      565, 566, 567, -1,
      567, 568, 569, -1,
      565, 567, 570, -1,
      571, 572, 567, -1,
      567, 572, 573, -1,
      567, 573, 570, -1,
      569, 574, 567, -1,
      567, 574, 575, -1,
      567, 575, 571, -1,
      576, 577, 578, -1,
      578, 577, 579, -1,
      578, 579, 580, -1,
      580, 579, 581, -1,
      580, 581, 582, -1,
      582, 583, 580, -1,
      580, 583, 584, -1,
      580, 584, 585, -1,
      585, 584, 586, -1,
      587, 178, 177, -1,
      177, 201, 587, -1,
      587, 201, 188, -1,
      587, 188, 588, -1,
      588, 188, 114, -1,
      588, 114, 116, -1,
      178, 587, 589, -1,
      590, 591, 589, -1,
      589, 591, 179, -1,
      589, 179, 178, -1,
      592, 593, 594, -1,
      594, 593, 595, -1,
      596, 597, 598, -1,
      599, 600, 601, -1,
      601, 600, 602, -1,
      603, 604, 605, -1,
      606, 607, 608, -1,
      601, 609, 599, -1,
      599, 609, 610, -1,
      599, 610, 611, -1,
      611, 610, 612, -1,
      613, 614, 615, -1,
      615, 614, 616, -1,
      617, 618, 619, -1,
      619, 618, 620, -1,
      619, 620, 621, -1,
      622, 612, 623, -1,
      623, 612, 624, -1,
      623, 624, 625, -1,
      598, 626, 596, -1,
      596, 626, 627, -1,
      596, 627, 628, -1,
      628, 627, 629, -1,
      628, 629, 630, -1,
      631, 632, 622, -1,
      622, 632, 633, -1,
      622, 633, 612, -1,
      612, 633, 634, -1,
      612, 634, 611, -1,
      611, 634, 635, -1,
      611, 635, 636, -1,
      636, 635, 637, -1,
      638, 639, 640, -1,
      640, 639, 641, -1,
      642, 643, 644, -1,
      644, 643, 645, -1,
      646, 647, 648, -1,
      649, 650, 651, -1,
      652, 653, 654, -1,
      655, 656, 657, -1,
      658, 659, 660, -1,
      661, 662, 663, -1,
      663, 662, 664, -1,
      663, 664, 665, -1,
      666, 667, 668, -1,
      668, 667, 669, -1,
      670, 671, 672, -1,
      672, 671, 673, -1,
      672, 673, 668, -1,
      674, 675, 621, -1,
      621, 675, 676, -1,
      677, 678, 679, -1,
      679, 678, 680, -1,
      679, 680, 644, -1,
      681, 682, 683, -1,
      683, 682, 684, -1,
      683, 684, 615, -1,
      685, 686, 687, -1,
      687, 686, 688, -1,
      687, 688, 689, -1,
      690, 691, 692, -1,
      692, 691, 693, -1,
      692, 693, 640, -1,
      694, 695, 696, -1,
      651, 694, 649, -1,
      649, 694, 697, -1,
      649, 697, 698, -1,
      698, 697, 699, -1,
      698, 699, 700, -1,
      701, 695, 702, -1,
      702, 695, 703, -1,
      702, 703, 704, -1,
      654, 705, 652, -1,
      652, 705, 706, -1,
      652, 706, 707, -1,
      707, 706, 708, -1,
      707, 708, 709, -1,
      705, 665, 706, -1,
      706, 665, 664, -1,
      706, 664, 673, -1,
      673, 664, 674, -1,
      673, 674, 668, -1,
      668, 674, 621, -1,
      668, 621, 666, -1,
      666, 621, 620, -1,
      666, 620, 633, -1,
      633, 620, 710, -1,
      633, 710, 634, -1,
      634, 710, 711, -1,
      634, 711, 712, -1,
      648, 713, 646, -1,
      646, 713, 714, -1,
      646, 714, 715, -1,
      715, 714, 716, -1,
      715, 716, 717, -1,
      718, 719, 701, -1,
      701, 719, 720, -1,
      701, 720, 695, -1,
      695, 720, 721, -1,
      695, 721, 696, -1,
      696, 721, 722, -1,
      696, 722, 723, -1,
      723, 722, 724, -1,
      725, 726, 727, -1,
      727, 726, 728, -1,
      727, 728, 605, -1,
      729, 730, 731, -1,
      731, 730, 732, -1,
      731, 732, 733, -1,
      734, 735, 736, -1,
      736, 735, 737, -1,
      736, 737, 738, -1,
      713, 689, 714, -1,
      714, 689, 688, -1,
      714, 688, 739, -1,
      657, 739, 655, -1,
      655, 739, 740, -1,
      655, 740, 741, -1,
      741, 740, 742, -1,
      741, 742, 743, -1,
      688, 642, 739, -1,
      739, 642, 644, -1,
      739, 644, 740, -1,
      740, 644, 680, -1,
      740, 680, 705, -1,
      705, 680, 744, -1,
      705, 744, 665, -1,
      665, 744, 745, -1,
      665, 745, 746, -1,
      696, 638, 694, -1,
      694, 638, 640, -1,
      694, 640, 697, -1,
      697, 640, 693, -1,
      697, 693, 713, -1,
      713, 693, 747, -1,
      713, 747, 689, -1,
      689, 747, 748, -1,
      689, 748, 749, -1,
      750, 730, 751, -1,
      660, 750, 658, -1,
      658, 750, 752, -1,
      658, 752, 753, -1,
      753, 752, 754, -1,
      753, 754, 755, -1,
      751, 613, 750, -1,
      750, 613, 615, -1,
      750, 615, 752, -1,
      752, 615, 684, -1,
      752, 684, 720, -1,
      720, 684, 756, -1,
      720, 756, 721, -1,
      721, 756, 757, -1,
      721, 757, 758, -1,
      759, 760, 729, -1,
      729, 760, 761, -1,
      729, 761, 730, -1,
      730, 761, 762, -1,
      730, 762, 751, -1,
      751, 762, 763, -1,
      751, 763, 764, -1,
      764, 763, 765, -1,
      608, 766, 606, -1,
      606, 766, 767, -1,
      606, 767, 768, -1,
      768, 767, 769, -1,
      768, 769, 770, -1,
      766, 605, 767, -1,
      767, 605, 728, -1,
      767, 728, 761, -1,
      761, 728, 771, -1,
      761, 771, 762, -1,
      762, 771, 772, -1,
      762, 772, 773, -1,
      603, 605, 774, -1,
      774, 605, 766, -1,
      774, 766, 737, -1,
      737, 766, 627, -1,
      737, 627, 738, -1,
      738, 627, 626, -1,
      738, 626, 775, -1,
      602, 600, 776, -1,
      636, 637, 777, -1,
      777, 637, 778, -1,
      777, 778, 776, -1,
      776, 778, 779, -1,
      776, 779, 602, -1,
      780, 781, 782, -1,
      782, 781, 783, -1,
      712, 711, 784, -1,
      618, 617, 785, -1,
      785, 617, 786, -1,
      785, 786, 784, -1,
      784, 786, 787, -1,
      784, 787, 712, -1,
      788, 789, 790, -1,
      790, 789, 791, -1,
      676, 675, 792, -1,
      662, 661, 793, -1,
      793, 661, 794, -1,
      793, 794, 792, -1,
      792, 794, 795, -1,
      792, 795, 676, -1,
      796, 797, 798, -1,
      798, 797, 799, -1,
      746, 745, 800, -1,
      678, 677, 801, -1,
      801, 677, 802, -1,
      801, 802, 800, -1,
      800, 802, 803, -1,
      800, 803, 746, -1,
      804, 805, 806, -1,
      806, 805, 807, -1,
      645, 643, 808, -1,
      686, 685, 809, -1,
      809, 685, 810, -1,
      809, 810, 808, -1,
      808, 810, 811, -1,
      808, 811, 645, -1,
      812, 813, 814, -1,
      814, 813, 815, -1,
      749, 748, 816, -1,
      691, 690, 817, -1,
      817, 690, 818, -1,
      817, 818, 816, -1,
      816, 818, 819, -1,
      816, 819, 749, -1,
      820, 821, 822, -1,
      822, 821, 823, -1,
      641, 639, 824, -1,
      723, 724, 825, -1,
      825, 724, 826, -1,
      825, 826, 824, -1,
      824, 826, 827, -1,
      824, 827, 641, -1,
      828, 829, 830, -1,
      830, 829, 831, -1,
      758, 757, 832, -1,
      682, 681, 833, -1,
      833, 681, 834, -1,
      833, 834, 832, -1,
      832, 834, 835, -1,
      832, 835, 758, -1,
      836, 837, 838, -1,
      838, 837, 839, -1,
      616, 614, 840, -1,
      764, 765, 841, -1,
      841, 765, 842, -1,
      841, 842, 840, -1,
      840, 842, 843, -1,
      840, 843, 616, -1,
      844, 845, 846, -1,
      846, 845, 847, -1,
      773, 772, 848, -1,
      726, 725, 849, -1,
      849, 725, 850, -1,
      849, 850, 848, -1,
      848, 850, 851, -1,
      848, 851, 773, -1,
      852, 853, 854, -1,
      855, 152, 151, -1,
      151, 852, 855, -1,
      855, 852, 854, -1,
      855, 854, 856, -1,
      856, 854, 857, -1,
      856, 857, 858, -1,
      858, 857, 859, -1,
      604, 603, 860, -1,
      735, 734, 861, -1,
      861, 734, 862, -1,
      861, 862, 860, -1,
      860, 862, 863, -1,
      860, 863, 604, -1,
      864, 865, 762, -1,
      762, 865, 763, -1,
      866, 867, 615, -1,
      615, 867, 683, -1,
      868, 869, 721, -1,
      721, 869, 722, -1,
      870, 871, 640, -1,
      640, 871, 692, -1,
      872, 873, 689, -1,
      689, 873, 687, -1,
      874, 875, 644, -1,
      644, 875, 679, -1,
      876, 877, 665, -1,
      665, 877, 663, -1,
      878, 879, 621, -1,
      621, 879, 619, -1,
      880, 881, 634, -1,
      634, 881, 635, -1,
      882, 883, 601, -1,
      601, 883, 609, -1,
      767, 761, 884, -1,
      884, 761, 885, -1,
      730, 750, 886, -1,
      886, 750, 887, -1,
      752, 720, 888, -1,
      888, 720, 889, -1,
      695, 694, 890, -1,
      890, 694, 891, -1,
      697, 713, 892, -1,
      892, 713, 893, -1,
      714, 739, 894, -1,
      894, 739, 895, -1,
      740, 705, 896, -1,
      896, 705, 897, -1,
      706, 673, 898, -1,
      898, 673, 899, -1,
      666, 633, 900, -1,
      900, 633, 901, -1,
      612, 610, 902, -1,
      902, 610, 903, -1,
      885, 904, 884, -1,
      884, 904, 905, -1,
      887, 906, 886, -1,
      886, 906, 907, -1,
      889, 908, 888, -1,
      888, 908, 909, -1,
      891, 910, 890, -1,
      890, 910, 911, -1,
      893, 912, 892, -1,
      892, 912, 913, -1,
      895, 914, 894, -1,
      894, 914, 915, -1,
      897, 916, 896, -1,
      896, 916, 917, -1,
      899, 918, 898, -1,
      898, 918, 919, -1,
      901, 920, 900, -1,
      900, 920, 921, -1,
      903, 922, 902, -1,
      902, 922, 923, -1,
      727, 605, 924, -1,
      924, 605, 925, -1,
      926, 927, 766, -1,
      766, 927, 627, -1,
      928, 927, 929, -1,
      929, 927, 926, -1,
      930, 931, 932, -1,
      932, 931, 933, -1,
      934, 935, 932, -1,
      932, 935, 936, -1,
      932, 936, 930, -1,
      930, 936, 937, -1,
      930, 937, 938, -1,
      938, 937, 115, -1,
      938, 115, 113, -1,
      933, 931, 135, -1,
      135, 931, 939, -1,
      135, 939, 137, -1,
      858, 859, 940, -1,
      941, 812, 814, -1,
      942, 844, 846, -1,
      943, 944, 935, -1,
      945, 946, 935, -1,
      846, 945, 942, -1,
      942, 945, 935, -1,
      942, 935, 940, -1,
      940, 935, 934, -1,
      940, 934, 858, -1,
      947, 828, 830, -1,
      948, 949, 935, -1,
      950, 796, 798, -1,
      951, 952, 935, -1,
      798, 948, 950, -1,
      950, 948, 935, -1,
      950, 935, 953, -1,
      953, 935, 944, -1,
      953, 944, 806, -1,
      806, 944, 804, -1,
      830, 951, 947, -1,
      947, 951, 935, -1,
      947, 935, 954, -1,
      954, 935, 946, -1,
      954, 946, 838, -1,
      838, 946, 836, -1,
      814, 943, 941, -1,
      941, 943, 935, -1,
      941, 935, 955, -1,
      955, 935, 952, -1,
      955, 952, 822, -1,
      822, 952, 820, -1,
      956, 780, 782, -1,
      957, 958, 935, -1,
      782, 957, 956, -1,
      956, 957, 935, -1,
      956, 935, 959, -1,
      959, 935, 949, -1,
      959, 949, 790, -1,
      790, 949, 788, -1,
      960, 961, 962, -1,
      962, 961, 935, -1,
      962, 935, 963, -1,
      963, 935, 958, -1,
      963, 958, 594, -1,
      594, 958, 592, -1,
      179, 591, 176, -1,
      176, 591, 964, -1,
      176, 964, 174, -1,
      174, 964, 965, -1,
      961, 960, 966, -1,
      966, 960, 967, -1,
      966, 967, 965, -1,
      965, 967, 968, -1,
      175, 174, 969, -1,
      969, 174, 965, -1,
      969, 965, 970, -1,
      970, 965, 968, -1,
      971, 972, 973, -1,
      973, 972, 974, -1,
      973, 974, 975, -1,
      975, 974, 976, -1,
      976, 974, 977, -1,
      976, 977, 978, -1,
      978, 979, 976, -1,
      976, 979, 980, -1,
      976, 980, 981, -1,
      152, 855, 153, -1,
      153, 855, 982, -1,
      153, 982, 154, -1,
      154, 982, 983, -1,
      984, 985, 970, -1,
      970, 985, 969, -1,
    ]
  }
}

Shape {
  appearance Appearance {
    material Material {
      diffuseColor 0.2078 0.2078 0.2078
      specularColor 0.0157 0.0157 0.0157
      ambientIntensity 0.2
      transparency 0.0000
      shininess 0.5
    }
  }
  geometry IndexedFaceSet {
    ccw TRUE
    solid FALSE
    coord DEF co Coordinate {
      point [
        0.816929 0.570866 0.118110,
        0.954724 0.570866 0.118110,
        0.620079 0.570866 0.118110,
        0.757874 0.570866 0.118110,
        0.423228 0.570866 0.118110,
        0.561024 0.570866 0.118110,
        0.226378 0.570866 0.118110,
        0.364173 0.570866 0.118110,
        0.029528 0.570866 0.118110,
        0.167323 0.570866 0.118110,
        -0.167323 0.570866 0.118110,
        -0.029528 0.570866 0.118110,
        -0.364173 0.570866 0.118110,
        -0.226378 0.570866 0.118110,
        -0.561024 0.570866 0.118110,
        -0.423228 0.570866 0.118110,
        -0.757874 0.570866 0.118110,
        -0.620079 0.570866 0.118110,
        -0.954724 0.570866 0.118110,
        -0.816929 0.570866 0.118110,
        -1.377953 0.570866 0.177165,
        -1.377953 0.570866 0.118110,
        -1.013780 0.570866 0.118110,
        1.013780 0.570866 0.118110,
        1.377953 0.570866 0.118110,
        1.377953 0.570866 0.177165,
        1.377953 0.177165 0.177165,
        1.377953 0.807087 0.118110,
        1.013780 0.708661 0.118110,
        0.954724 0.708661 0.118110,
        0.816929 0.708661 0.118110,
        0.757874 0.708661 0.118110,
        0.620079 0.708661 0.118110,
        0.561024 0.708661 0.118110,
        0.423228 0.708661 0.118110,
        0.364173 0.708661 0.118110,
        0.226378 0.708661 0.118110,
        0.167323 0.708661 0.118110,
        0.029528 0.708661 0.118110,
        -0.029528 0.708661 0.118110,
        -0.757874 0.708661 0.118110,
        -0.816929 0.708661 0.118110,
        -1.377953 0.807087 0.118110,
        -0.226378 0.708661 0.118110,
        -0.620079 0.708661 0.118110,
        -0.423228 0.708661 0.118110,
        -0.364173 0.708661 0.118110,
        -0.561024 0.708661 0.118110,
        -0.167323 0.708661 0.118110,
        -1.013780 0.708661 0.118110,
        -0.954724 0.708661 0.118110,
        -1.377953 0.925197 0.354331,
        -1.377953 0.177165 0.354331,
        1.377953 0.925197 0.354331,
        1.377953 0.177165 0.354331,
        -1.377953 0.925197 0.228498,
        1.377953 0.925197 0.228498,
        -1.377953 0.807087 0.196850,
        1.377953 0.807087 0.196850,
        -1.377953 0.177165 0.177165,
      ]
    }
    coordIndex [
      24, 23, 27, -1,
      27, 23, 28, -1,
      27, 28, 29, -1,
      1, 0, 29, -1,
      29, 0, 30, -1,
      29, 30, 27, -1,
      27, 30, 31, -1,
      3, 2, 31, -1,
      31, 2, 32, -1,
      31, 32, 27, -1,
      27, 32, 33, -1,
      5, 4, 33, -1,
      33, 4, 34, -1,
      33, 34, 27, -1,
      27, 34, 35, -1,
      7, 6, 35, -1,
      35, 6, 36, -1,
      35, 36, 27, -1,
      27, 36, 37, -1,
      9, 8, 37, -1,
      37, 8, 38, -1,
      37, 38, 27, -1,
      27, 38, 39, -1,
      40, 41, 42, -1,
      43, 13, 12, -1,
      44, 17, 16, -1,
      45, 42, 46, -1,
      46, 42, 27, -1,
      16, 40, 44, -1,
      44, 40, 42, -1,
      44, 42, 47, -1,
      47, 42, 45, -1,
      47, 45, 14, -1,
      14, 45, 15, -1,
      11, 10, 39, -1,
      39, 10, 48, -1,
      39, 48, 27, -1,
      27, 48, 43, -1,
      27, 43, 46, -1,
      46, 43, 12, -1,
      22, 21, 49, -1,
      49, 21, 42, -1,
      49, 42, 50, -1,
      50, 42, 41, -1,
      50, 41, 18, -1,
      18, 41, 19, -1,
      51, 52, 53, -1,
      53, 52, 54, -1,
      55, 51, 56, -1,
      56, 51, 53, -1,
      57, 55, 58, -1,
      58, 55, 56, -1,
      42, 57, 27, -1,
      27, 57, 58, -1,
      20, 59, 52, -1,
      51, 55, 57, -1,
      42, 21, 57, -1,
      57, 21, 20, -1,
      57, 20, 51, -1,
      51, 20, 52, -1,
      54, 26, 53, -1,
      53, 26, 25, -1,
      56, 53, 58, -1,
      58, 53, 25, -1,
      58, 25, 27, -1,
      27, 25, 24, -1,
    ]
  }
}

Shape {
  appearance Appearance {
    material Material {
      diffuseColor 0.5882 0.5725 0.5255
      specularColor 0.0431 0.0392 0.0392
      ambientIntensity 0.2
      transparency 0.0000
      shininess 0.5
    }
  }
  geometry IndexedFaceSet {
    ccw TRUE
    solid FALSE
    coord DEF co Coordinate {
      point [
        1.194882 -0.531496 0.374016,
        1.234252 -0.570866 0.374016,
        1.287402 -0.570866 0.374016,
        1.326772 -0.531496 0.374016,
        0.205846 -0.531496 0.374016,
        0.188980 -0.531496 0.374016,
        0.168490 -0.531496 0.374016,
        0.138994 -0.531496 0.374016,
        0.126550 -0.531496 0.374016,
        0.102150 -0.531496 0.374016,
        0.056976 -0.531496 0.374016,
        0.053776 -0.531496 0.374016,
        0.002393 -0.531496 0.374016,
        -1.326772 -0.531496 0.374016,
        -1.287402 -0.570866 0.374016,
        -1.234252 -0.570866 0.374016,
        -1.194882 -0.531496 0.374016,
        -0.868998 -0.531496 0.374016,
        -1.326772 -0.196850 0.374016,
        -1.397638 0.177165 0.374016,
        -1.397638 0.570866 0.374016,
        -1.476378 -0.196850 0.374016,
        1.397638 0.177165 0.374016,
        1.397638 0.570866 0.374016,
        -1.326772 -0.531496 0.187180,
        -1.326772 -0.531496 0.277387,
        -1.326772 -0.196850 0.366142,
        -1.326772 -0.531496 0.366142,
        -1.326772 -0.157480 0.023622,
        -1.326772 -0.275591 0.023622,
        1.326772 -0.531496 0.098425,
        1.326772 -0.531496 0.023622,
        1.326772 -0.472441 0.023622,
        1.326772 -0.157480 0.023622,
        1.326772 -0.275591 0.023622,
        1.326772 -0.531496 0.366142,
        -1.013780 0.216535 0.322835,
        -1.015748 0.216535 0.322835,
        1.015748 0.216535 0.094488,
        1.015748 0.216535 0.047244,
        -0.952756 0.216535 0.047244,
        -0.952756 0.216535 0.094488,
        -0.816929 0.216535 0.322835,
        -0.818898 0.216535 0.322835,
        1.194882 0.216535 0.094488,
        1.194882 0.216535 0.255906,
        1.015748 0.216535 0.255906,
        -0.559055 0.216535 0.094488,
        -0.559055 0.216535 0.047244,
        0.755906 0.216535 0.047244,
        0.755906 0.216535 0.094488,
        0.622047 0.216535 0.094488,
        1.015748 0.216535 0.322835,
        1.013780 0.216535 0.322835,
        -1.015748 0.216535 0.255906,
        -0.952756 0.216535 0.255906,
        -0.952756 0.216535 0.322835,
        -0.954724 0.216535 0.322835,
        0.954724 0.216535 0.322835,
        0.952756 0.216535 0.322835,
        0.952756 0.216535 0.255906,
        0.818898 0.216535 0.094488,
        0.952756 0.216535 0.094488,
        0.952756 0.216535 0.047244,
        -0.165354 0.216535 0.094488,
        -0.165354 0.216535 0.047244,
        0.228346 0.216535 0.094488,
        0.228346 0.216535 0.047244,
        0.167323 0.216535 0.322835,
        0.165354 0.216535 0.322835,
        -0.029528 0.216535 0.322835,
        -0.031496 0.216535 0.322835,
        0.561024 0.216535 0.322835,
        0.559055 0.216535 0.322835,
        0.364173 0.216535 0.322835,
        0.362205 0.216535 0.322835,
        -0.423228 0.216535 0.322835,
        -0.425197 0.216535 0.322835,
        0.559055 0.216535 0.047244,
        0.559055 0.216535 0.094488,
        0.425197 0.216535 0.094488,
        0.818898 0.216535 0.255906,
        0.818898 0.216535 0.322835,
        0.816929 0.216535 0.322835,
        0.757874 0.216535 0.322835,
        0.755906 0.216535 0.322835,
        0.755906 0.216535 0.255906,
        0.622047 0.216535 0.047244,
        0.362205 0.216535 0.047244,
        0.362205 0.216535 0.094488,
        -0.425197 0.216535 0.047244,
        -0.425197 0.216535 0.094488,
        0.165354 0.216535 0.047244,
        0.165354 0.216535 0.094488,
        0.031496 0.216535 0.094488,
        -0.031496 0.216535 0.047244,
        -0.031496 0.216535 0.094488,
        -0.031496 0.216535 0.255906,
        -0.165354 0.216535 0.255906,
        0.031496 0.216535 0.255906,
        0.031496 0.216535 0.322835,
        0.029528 0.216535 0.322835,
        -0.165354 0.216535 0.322835,
        -0.167323 0.216535 0.322835,
        0.559055 0.216535 0.255906,
        0.622047 0.216535 0.255906,
        0.622047 0.216535 0.322835,
        0.620079 0.216535 0.322835,
        0.818898 0.216535 0.047244,
        0.165354 0.216535 0.255906,
        0.228346 0.216535 0.255906,
        0.228346 0.216535 0.322835,
        0.226378 0.216535 0.322835,
        -0.226378 0.216535 0.322835,
        -0.228346 0.216535 0.322835,
        -0.228346 0.216535 0.255906,
        -0.362205 0.216535 0.094488,
        -0.228346 0.216535 0.094488,
        -0.228346 0.216535 0.047244,
        -0.818898 0.216535 0.047244,
        -0.818898 0.216535 0.094488,
        -0.559055 0.216535 0.255906,
        -0.559055 0.216535 0.322835,
        -0.561024 0.216535 0.322835,
        -1.015748 0.216535 0.047244,
        -1.015748 0.216535 0.094488,
        -1.194882 0.216535 0.094488,
        0.362205 0.216535 0.255906,
        0.425197 0.216535 0.255906,
        0.425197 0.216535 0.322835,
        0.423228 0.216535 0.322835,
        0.425197 0.216535 0.047244,
        0.031496 0.216535 0.047244,
        -0.425197 0.216535 0.255906,
        -0.362205 0.216535 0.255906,
        -0.362205 0.216535 0.322835,
        -0.364173 0.216535 0.322835,
        -0.362205 0.216535 0.047244,
        -0.620079 0.216535 0.322835,
        -0.622047 0.216535 0.322835,
        -0.622047 0.216535 0.255906,
        -0.755906 0.216535 0.094488,
        -0.622047 0.216535 0.094488,
        -0.622047 0.216535 0.047244,
        -0.818898 0.216535 0.255906,
        -0.755906 0.216535 0.255906,
        -0.755906 0.216535 0.322835,
        -0.757874 0.216535 0.322835,
        -0.755906 0.216535 0.047244,
        -1.194882 0.216535 0.255906,
        0.952756 -0.531496 0.047244,
        1.015748 -0.531496 0.047244,
        0.755906 -0.531496 0.047244,
        0.818898 -0.531496 0.047244,
        0.559055 -0.531496 0.047244,
        0.622047 -0.531496 0.047244,
        0.362205 -0.531496 0.047244,
        0.425197 -0.531496 0.047244,
        0.165354 -0.531496 0.047244,
        0.228346 -0.531496 0.047244,
        -0.031496 -0.531496 0.047244,
        0.031496 -0.531496 0.047244,
        -0.228346 -0.531496 0.047244,
        -0.165354 -0.531496 0.047244,
        -0.425197 -0.531496 0.047244,
        -0.362205 -0.531496 0.047244,
        -0.622047 -0.531496 0.047244,
        -0.559055 -0.531496 0.047244,
        -0.818898 -0.531496 0.047244,
        -0.755906 -0.531496 0.047244,
        -1.397638 0.570866 0.177165,
        -1.377953 0.570866 0.177165,
        -1.476378 0.570866 0.023622,
        -1.228346 0.570866 0.023622,
        -1.228346 0.570866 0.000000,
        -1.015748 -0.531496 0.047244,
        -0.952756 -0.531496 0.047244,
        -0.755906 -0.531496 0.094488,
        -0.622047 -0.531496 0.094488,
        -0.559055 -0.531496 0.094488,
        -0.425197 -0.531496 0.094488,
        -0.362205 -0.531496 0.094488,
        -0.228346 -0.531496 0.094488,
        -0.165354 -0.531496 0.094488,
        -0.031496 -0.531496 0.094488,
        0.031496 -0.531496 0.094488,
        0.165354 -0.531496 0.094488,
        0.228346 -0.531496 0.094488,
        0.362205 -0.531496 0.094488,
        0.425197 -0.531496 0.094488,
        0.559055 -0.531496 0.094488,
        0.622047 -0.531496 0.094488,
        0.755906 -0.531496 0.094488,
        0.818898 -0.531496 0.094488,
        0.952756 -0.531496 0.094488,
        1.015748 -0.531496 0.094488,
        1.194882 -0.531496 0.094488,
        -0.755906 -0.472441 0.255906,
        -0.622047 -0.472441 0.255906,
        -0.559055 -0.472441 0.255906,
        -0.425197 -0.472441 0.255906,
        -0.362205 -0.472441 0.255906,
        -0.228346 -0.472441 0.255906,
        -0.165354 -0.472441 0.255906,
        -0.031496 -0.472441 0.255906,
        0.031496 -0.472441 0.255906,
        0.165354 -0.472441 0.255906,
        0.228346 -0.472441 0.255906,
        0.362205 -0.472441 0.255906,
        0.425197 -0.472441 0.255906,
        0.559055 -0.472441 0.255906,
        0.622047 -0.472441 0.255906,
        0.755906 -0.472441 0.255906,
        0.818898 -0.472441 0.255906,
        0.952756 -0.472441 0.255906,
        1.015748 -0.472441 0.255906,
        1.194882 -0.472441 0.255906,
        -0.622047 -0.531496 0.314961,
        -0.755906 -0.531496 0.314961,
        -0.425197 -0.531496 0.314961,
        -0.559055 -0.531496 0.314961,
        -0.228346 -0.531496 0.314961,
        -0.362205 -0.531496 0.314961,
        -0.031496 -0.531496 0.314961,
        -0.165354 -0.531496 0.314961,
        0.165354 -0.531496 0.314961,
        0.031496 -0.531496 0.314961,
        0.362205 -0.531496 0.314961,
        0.228346 -0.531496 0.314961,
        0.559055 -0.531496 0.314961,
        0.425197 -0.531496 0.314961,
        0.755906 -0.531496 0.314961,
        0.622047 -0.531496 0.314961,
        0.952756 -0.531496 0.314961,
        0.818898 -0.531496 0.314961,
        1.194882 -0.531496 0.314961,
        1.015748 -0.531496 0.314961,
        -0.818898 -0.531496 0.094488,
        -0.952756 -0.531496 0.094488,
        -0.818898 -0.472441 0.255906,
        -0.952756 -0.472441 0.255906,
        -0.952756 -0.531496 0.314961,
        -0.818898 -0.531496 0.314961,
        1.234252 -0.570866 0.055118,
        -1.234252 -0.570866 0.055118,
        -1.228346 -0.570866 0.023622,
        -1.287402 -0.570866 0.023622,
        -1.228346 -0.570866 0.000000,
        1.228346 -0.570866 0.000000,
        1.228346 -0.570866 0.023622,
        1.287402 -0.570866 0.023622,
        1.234252 -0.570866 0.255906,
        -1.234252 -0.570866 0.255906,
        1.228346 0.570866 0.000000,
        1.476378 -0.157480 0.023622,
        1.476378 0.570866 0.023622,
        1.228346 0.570866 0.023622,
        1.397638 0.570866 0.177165,
        1.326772 -0.531496 0.277387,
        1.326772 -0.531496 0.187180,
        -1.476378 -0.157480 0.023622,
        -1.476378 -0.196850 0.062992,
        1.377953 0.177165 0.177165,
        1.397638 0.177165 0.177165,
        -1.377953 0.177165 0.354331,
        1.377953 0.177165 0.354331,
        -1.377953 0.177165 0.177165,
        -1.397638 0.177165 0.177165,
        -1.385827 -0.196850 0.366142,
        -1.385827 -0.196850 0.062992,
        -1.326772 -0.472441 0.059055,
        -1.326772 -0.472441 0.023622,
        -1.326772 -0.531496 0.023622,
        -1.326772 -0.531496 0.098425,
        -1.326772 -0.511811 0.098425,
        -1.326772 -0.503050 0.097438,
        -1.326772 -0.494729 0.094526,
        -1.326772 -0.487264 0.089836,
        -1.326772 -0.481030 0.083602,
        -1.326772 -0.476340 0.076137,
        -1.326772 -0.473428 0.067816,
        1.194882 -0.531496 0.255906,
        -1.015748 -0.531496 0.094488,
        -1.194882 -0.531496 0.094488,
        -1.194882 -0.472441 0.255906,
        -1.194882 -0.531496 0.255906,
        -1.194882 -0.531496 0.314961,
        -1.015748 -0.472441 0.255906,
        0.362205 -0.531496 0.322835,
        0.425197 -0.531496 0.322835,
        -0.952756 -0.531496 0.322835,
        -1.015748 -0.531496 0.322835,
        -1.015748 -0.531496 0.314961,
        0.755906 -0.531496 0.322835,
        0.818898 -0.531496 0.322835,
        -0.818898 -0.531496 0.322835,
        0.622047 -0.531496 0.322835,
        -0.755906 -0.531496 0.322835,
        -0.622047 -0.531496 0.322835,
        -0.559055 -0.531496 0.322835,
        0.559055 -0.531496 0.322835,
        1.015748 -0.531496 0.322835,
        0.952756 -0.531496 0.322835,
        -0.362205 -0.531496 0.322835,
        -0.228346 -0.531496 0.322835,
        -0.425197 -0.531496 0.322835,
        -0.165354 -0.531496 0.322835,
        -0.031496 -0.531496 0.322835,
        0.165354 -0.531496 0.322835,
        0.228346 -0.531496 0.322835,
        0.031496 -0.531496 0.322835,
      ]
    }
    coordIndex [
      257, 263, 23, -1,
      23, 263, 22, -1,
      266, 267, 264, -1,
      264, 267, 19, -1,
      264, 19, 265, -1,
      265, 19, 22, -1,
      265, 22, 262, -1,
      262, 22, 263, -1,
      267, 170, 19, -1,
      19, 170, 20, -1,
      171, 170, 266, -1,
      266, 170, 267, -1,
      26, 18, 268, -1,
      268, 18, 21, -1,
      268, 21, 269, -1,
      269, 21, 261, -1,
      270, 271, 272, -1,
      273, 274, 272, -1,
      272, 274, 275, -1,
      275, 276, 272, -1,
      272, 276, 277, -1,
      272, 277, 278, -1,
      278, 279, 272, -1,
      272, 279, 280, -1,
      272, 280, 270, -1,
      245, 173, 247, -1,
      247, 173, 174, -1,
      28, 260, 172, -1,
      246, 272, 245, -1,
      245, 272, 271, -1,
      271, 29, 245, -1,
      245, 29, 28, -1,
      245, 28, 173, -1,
      173, 28, 172, -1,
      249, 248, 256, -1,
      256, 248, 253, -1,
      255, 254, 256, -1,
      256, 254, 33, -1,
      256, 33, 249, -1,
      31, 250, 32, -1,
      32, 250, 249, -1,
      32, 249, 34, -1,
      34, 249, 33, -1,
      281, 235, 216, -1,
      45, 44, 216, -1,
      216, 44, 196, -1,
      216, 196, 281, -1,
      125, 126, 282, -1,
      282, 126, 283, -1,
      126, 149, 283, -1,
      283, 149, 284, -1,
      283, 284, 285, -1,
      285, 284, 286, -1,
      287, 284, 54, -1,
      54, 284, 149, -1,
      16, 15, 286, -1,
      286, 15, 252, -1,
      286, 252, 285, -1,
      288, 289, 0, -1,
      290, 17, 291, -1,
      291, 17, 16, -1,
      291, 16, 292, -1,
      292, 16, 286, -1,
      293, 294, 0, -1,
      241, 242, 295, -1,
      296, 232, 231, -1,
      241, 295, 290, -1,
      218, 217, 297, -1,
      297, 217, 298, -1,
      290, 295, 17, -1,
      17, 295, 297, -1,
      17, 297, 12, -1,
      12, 297, 298, -1,
      12, 298, 299, -1,
      231, 293, 296, -1,
      296, 293, 0, -1,
      296, 0, 300, -1,
      300, 0, 289, -1,
      300, 289, 229, -1,
      229, 289, 230, -1,
      236, 235, 301, -1,
      301, 235, 0, -1,
      301, 0, 302, -1,
      302, 0, 294, -1,
      302, 294, 233, -1,
      233, 294, 234, -1,
      303, 222, 221, -1,
      221, 304, 303, -1,
      303, 304, 12, -1,
      303, 12, 305, -1,
      305, 12, 299, -1,
      305, 299, 219, -1,
      219, 299, 220, -1,
      224, 223, 306, -1,
      306, 223, 307, -1,
      226, 225, 308, -1,
      228, 227, 309, -1,
      309, 227, 288, -1,
      226, 308, 310, -1,
      288, 0, 309, -1,
      309, 0, 4, -1,
      309, 4, 308, -1,
      310, 11, 307, -1,
      307, 11, 12, -1,
      307, 12, 306, -1,
      306, 12, 304, -1,
      4, 5, 308, -1,
      308, 5, 6, -1,
      308, 6, 7, -1,
      7, 8, 308, -1,
      308, 8, 9, -1,
      308, 9, 310, -1,
      310, 9, 10, -1,
      310, 10, 11, -1,
      281, 251, 235, -1,
      235, 251, 1, -1,
      235, 1, 0, -1,
      244, 283, 252, -1,
      252, 283, 285, -1,
      196, 195, 243, -1,
      243, 195, 194, -1,
      243, 194, 193, -1,
      193, 192, 243, -1,
      243, 192, 191, -1,
      243, 191, 190, -1,
      190, 189, 243, -1,
      243, 189, 188, -1,
      243, 188, 187, -1,
      187, 186, 243, -1,
      243, 186, 185, -1,
      243, 185, 244, -1,
      185, 184, 244, -1,
      244, 184, 183, -1,
      244, 183, 182, -1,
      182, 181, 244, -1,
      244, 181, 180, -1,
      244, 180, 179, -1,
      179, 178, 244, -1,
      244, 178, 177, -1,
      244, 177, 237, -1,
      237, 238, 244, -1,
      244, 238, 282, -1,
      244, 282, 283, -1,
      251, 281, 243, -1,
      243, 281, 196, -1,
      35, 3, 2, -1,
      31, 30, 250, -1,
      250, 30, 259, -1,
      250, 259, 2, -1,
      2, 259, 258, -1,
      2, 258, 35, -1,
      273, 272, 246, -1,
      13, 27, 14, -1,
      14, 27, 25, -1,
      14, 25, 246, -1,
      246, 25, 24, -1,
      246, 24, 273, -1,
      286, 284, 292, -1,
      292, 284, 287, -1,
      55, 240, 56, -1,
      56, 240, 241, -1,
      56, 241, 290, -1,
      287, 54, 292, -1,
      292, 54, 37, -1,
      292, 37, 291, -1,
      57, 56, 290, -1,
      291, 37, 290, -1,
      290, 37, 36, -1,
      290, 36, 57, -1,
      176, 238, 40, -1,
      40, 238, 41, -1,
      124, 125, 175, -1,
      175, 125, 282, -1,
      175, 282, 176, -1,
      176, 282, 238, -1,
      150, 194, 151, -1,
      151, 194, 195, -1,
      63, 62, 150, -1,
      150, 62, 194, -1,
      151, 195, 39, -1,
      39, 195, 38, -1,
      152, 192, 153, -1,
      153, 192, 193, -1,
      49, 50, 152, -1,
      152, 50, 192, -1,
      153, 193, 108, -1,
      108, 193, 61, -1,
      154, 190, 155, -1,
      155, 190, 191, -1,
      78, 79, 154, -1,
      154, 79, 190, -1,
      155, 191, 87, -1,
      87, 191, 51, -1,
      156, 188, 157, -1,
      157, 188, 189, -1,
      88, 89, 156, -1,
      156, 89, 188, -1,
      157, 189, 131, -1,
      131, 189, 80, -1,
      158, 186, 159, -1,
      159, 186, 187, -1,
      92, 93, 158, -1,
      158, 93, 186, -1,
      159, 187, 67, -1,
      67, 187, 66, -1,
      160, 184, 161, -1,
      161, 184, 185, -1,
      95, 96, 160, -1,
      160, 96, 184, -1,
      161, 185, 132, -1,
      132, 185, 94, -1,
      162, 182, 163, -1,
      163, 182, 183, -1,
      118, 117, 162, -1,
      162, 117, 182, -1,
      163, 183, 65, -1,
      65, 183, 64, -1,
      164, 180, 165, -1,
      165, 180, 181, -1,
      90, 91, 164, -1,
      164, 91, 180, -1,
      165, 181, 137, -1,
      137, 181, 116, -1,
      166, 178, 167, -1,
      167, 178, 179, -1,
      143, 142, 166, -1,
      166, 142, 178, -1,
      167, 179, 48, -1,
      48, 179, 47, -1,
      168, 237, 169, -1,
      169, 237, 177, -1,
      119, 120, 168, -1,
      168, 120, 237, -1,
      169, 177, 148, -1,
      148, 177, 141, -1,
      46, 215, 52, -1,
      52, 215, 236, -1,
      52, 236, 301, -1,
      214, 60, 233, -1,
      233, 60, 59, -1,
      233, 59, 302, -1,
      301, 302, 59, -1,
      59, 58, 301, -1,
      301, 58, 53, -1,
      301, 53, 52, -1,
      81, 213, 82, -1,
      82, 213, 234, -1,
      82, 234, 294, -1,
      212, 86, 231, -1,
      231, 86, 85, -1,
      231, 85, 293, -1,
      294, 293, 85, -1,
      85, 84, 294, -1,
      294, 84, 83, -1,
      294, 83, 82, -1,
      105, 211, 106, -1,
      106, 211, 232, -1,
      106, 232, 296, -1,
      210, 104, 229, -1,
      229, 104, 73, -1,
      229, 73, 300, -1,
      296, 300, 73, -1,
      73, 72, 296, -1,
      296, 72, 107, -1,
      296, 107, 106, -1,
      128, 209, 129, -1,
      129, 209, 230, -1,
      129, 230, 289, -1,
      208, 127, 227, -1,
      227, 127, 75, -1,
      227, 75, 288, -1,
      289, 288, 75, -1,
      75, 74, 289, -1,
      289, 74, 130, -1,
      289, 130, 129, -1,
      110, 207, 111, -1,
      111, 207, 228, -1,
      111, 228, 309, -1,
      206, 109, 225, -1,
      225, 109, 69, -1,
      225, 69, 308, -1,
      309, 308, 69, -1,
      69, 68, 309, -1,
      309, 68, 112, -1,
      309, 112, 111, -1,
      99, 205, 100, -1,
      100, 205, 226, -1,
      100, 226, 310, -1,
      204, 97, 223, -1,
      223, 97, 71, -1,
      223, 71, 307, -1,
      310, 307, 71, -1,
      71, 70, 310, -1,
      310, 70, 101, -1,
      310, 101, 100, -1,
      98, 203, 102, -1,
      102, 203, 224, -1,
      102, 224, 306, -1,
      202, 115, 221, -1,
      221, 115, 114, -1,
      221, 114, 304, -1,
      306, 304, 114, -1,
      114, 113, 306, -1,
      306, 113, 103, -1,
      306, 103, 102, -1,
      134, 201, 135, -1,
      135, 201, 222, -1,
      135, 222, 303, -1,
      200, 133, 219, -1,
      219, 133, 77, -1,
      219, 77, 305, -1,
      303, 305, 77, -1,
      77, 76, 303, -1,
      303, 76, 136, -1,
      303, 136, 135, -1,
      220, 299, 199, -1,
      199, 299, 122, -1,
      199, 122, 121, -1,
      198, 140, 217, -1,
      217, 140, 139, -1,
      217, 139, 298, -1,
      123, 122, 299, -1,
      298, 139, 299, -1,
      299, 139, 138, -1,
      299, 138, 123, -1,
      145, 197, 146, -1,
      146, 197, 218, -1,
      146, 218, 297, -1,
      239, 144, 242, -1,
      242, 144, 43, -1,
      242, 43, 295, -1,
      147, 146, 297, -1,
      295, 43, 297, -1,
      297, 43, 42, -1,
      297, 42, 147, -1,
    ]
  }
}

Shape {
  appearance Appearance {
    material Material {
      diffuseColor 0.8275 0.6667 0.1294
      specularColor 0.8275 0.6667 0.1294
      ambientIntensity 0.2
      transparency 0.0000
      shininess 0.5
    }
  }
  geometry IndexedFaceSet {
    ccw TRUE
    solid FALSE
    coord DEF co Coordinate {
      point [
        0.816929 0.570866 0.000000,
        0.816929 0.570866 0.118110,
        0.954724 0.570866 0.000000,
        0.954724 0.570866 0.118110,
        -1.013780 0.216535 0.273024,
        -1.013780 0.216535 0.322835,
        1.013780 0.216535 0.123743,
        1.013780 0.216535 0.047244,
        -0.954724 0.216535 0.047244,
        -0.816929 0.216535 0.273024,
        -0.816929 0.216535 0.322835,
        0.954724 0.216535 0.123743,
        -0.561024 0.216535 0.123743,
        -0.561024 0.216535 0.047244,
        0.757874 0.216535 0.047244,
        0.757874 0.216535 0.123743,
        0.954724 0.216535 0.273024,
        1.013780 0.216535 0.273024,
        1.013780 0.216535 0.322835,
        -0.954724 0.216535 0.273024,
        -0.954724 0.216535 0.322835,
        0.954724 0.216535 0.322835,
        0.954724 0.216535 0.047244,
        -0.167323 0.216535 0.123743,
        -0.167323 0.216535 0.047244,
        0.226378 0.216535 0.123743,
        0.226378 0.216535 0.047244,
        0.167323 0.216535 0.273024,
        0.167323 0.216535 0.322835,
        -0.029528 0.216535 0.273024,
        -0.029528 0.216535 0.322835,
        0.561024 0.216535 0.273024,
        0.561024 0.216535 0.322835,
        0.364173 0.216535 0.273024,
        0.364173 0.216535 0.322835,
        -0.423228 0.216535 0.273024,
        -0.423228 0.216535 0.322835,
        0.561024 0.216535 0.047244,
        0.561024 0.216535 0.123743,
        0.816929 0.216535 0.273024,
        0.816929 0.216535 0.322835,
        0.757874 0.216535 0.322835,
        0.757874 0.216535 0.273024,
        0.620079 0.216535 0.123743,
        0.620079 0.216535 0.047244,
        0.364173 0.216535 0.047244,
        0.364173 0.216535 0.123743,
        -0.423228 0.216535 0.047244,
        -0.423228 0.216535 0.123743,
        0.167323 0.216535 0.047244,
        0.167323 0.216535 0.123743,
        -0.029528 0.216535 0.047244,
        -0.029528 0.216535 0.123743,
        -0.226378 0.216535 0.123743,
        0.029528 0.216535 0.273024,
        0.029528 0.216535 0.322835,
        -0.226378 0.216535 0.273024,
        -0.167323 0.216535 0.273024,
        -0.167323 0.216535 0.322835,
        0.620079 0.216535 0.273024,
        0.620079 0.216535 0.322835,
        0.816929 0.216535 0.123743,
        0.816929 0.216535 0.047244,
        0.226378 0.216535 0.273024,
        0.226378 0.216535 0.322835,
        -0.226378 0.216535 0.322835,
        -0.226378 0.216535 0.047244,
        -0.816929 0.216535 0.047244,
        -0.816929 0.216535 0.123743,
        -0.620079 0.216535 0.273024,
        -0.561024 0.216535 0.273024,
        -0.561024 0.216535 0.322835,
        -1.013780 0.216535 0.047244,
        -1.013780 0.216535 0.123743,
        0.423228 0.216535 0.273024,
        0.423228 0.216535 0.322835,
        0.423228 0.216535 0.123743,
        0.423228 0.216535 0.047244,
        0.029528 0.216535 0.123743,
        0.029528 0.216535 0.047244,
        -0.620079 0.216535 0.123743,
        -0.364173 0.216535 0.273024,
        -0.364173 0.216535 0.322835,
        -0.364173 0.216535 0.123743,
        -0.364173 0.216535 0.047244,
        -0.620079 0.216535 0.322835,
        -0.620079 0.216535 0.047244,
        -0.757874 0.216535 0.273024,
        -0.757874 0.216535 0.322835,
        -0.757874 0.216535 0.123743,
        -0.757874 0.216535 0.047244,
        -0.954724 0.216535 0.123743,
        1.013780 -0.279446 0.047244,
        0.954724 -0.279446 0.047244,
        0.620079 0.570866 0.000000,
        0.620079 0.570866 0.118110,
        0.757874 0.570866 0.000000,
        0.757874 0.570866 0.118110,
        0.816929 -0.279446 0.047244,
        0.757874 -0.279446 0.047244,
        0.423228 0.570866 0.000000,
        0.423228 0.570866 0.118110,
        0.561024 0.570866 0.000000,
        0.561024 0.570866 0.118110,
        0.620079 -0.279446 0.047244,
        0.561024 -0.279446 0.047244,
        0.226378 0.570866 0.000000,
        0.226378 0.570866 0.118110,
        0.364173 0.570866 0.000000,
        0.364173 0.570866 0.118110,
        0.423228 -0.279446 0.047244,
        0.364173 -0.279446 0.047244,
        0.029528 0.570866 0.000000,
        0.029528 0.570866 0.118110,
        0.167323 0.570866 0.000000,
        0.167323 0.570866 0.118110,
        0.226378 -0.279446 0.047244,
        0.167323 -0.279446 0.047244,
        -0.167323 0.570866 0.000000,
        -0.167323 0.570866 0.118110,
        -0.029528 0.570866 0.000000,
        -0.029528 0.570866 0.118110,
        0.029528 -0.279446 0.047244,
        -0.029528 -0.279446 0.047244,
        -0.364173 0.570866 0.000000,
        -0.364173 0.570866 0.118110,
        -0.226378 0.570866 0.000000,
        -0.226378 0.570866 0.118110,
        -0.167323 -0.279446 0.047244,
        -0.226378 -0.279446 0.047244,
        -0.561024 0.570866 0.000000,
        -0.561024 0.570866 0.118110,
        -0.423228 0.570866 0.000000,
        -0.423228 0.570866 0.118110,
        -0.364173 -0.279446 0.047244,
        -0.423228 -0.279446 0.047244,
        -0.757874 0.570866 0.000000,
        -0.757874 0.570866 0.118110,
        -0.620079 0.570866 0.000000,
        -0.620079 0.570866 0.118110,
        -0.561024 -0.279446 0.047244,
        -0.620079 -0.279446 0.047244,
        -0.954724 0.570866 0.000000,
        -0.954724 0.570866 0.118110,
        -0.816929 0.570866 0.000000,
        -0.816929 0.570866 0.118110,
        -0.757874 -0.279446 0.047244,
        -0.816929 -0.279446 0.047244,
        -1.013780 0.570866 0.118110,
        -1.013780 0.570866 0.000000,
        -0.954724 -0.279446 0.047244,
        -1.013780 -0.279446 0.047244,
        -1.013780 0.519685 0.000000,
        -0.167323 0.519685 0.000000,
        -0.954724 0.519685 0.000000,
        -0.029528 0.519685 0.000000,
        0.029528 0.519685 0.000000,
        -0.816929 0.519685 0.000000,
        -0.757874 0.519685 0.000000,
        -0.561024 0.519685 0.000000,
        0.364173 0.519685 0.000000,
        0.423228 0.519685 0.000000,
        0.226378 0.519685 0.000000,
        -0.423228 0.519685 0.000000,
        -0.364173 0.519685 0.000000,
        0.167323 0.519685 0.000000,
        -0.620079 0.519685 0.000000,
        -0.226378 0.519685 0.000000,
        0.620079 0.519685 0.000000,
        0.757874 0.519685 0.000000,
        0.816929 0.519685 0.000000,
        0.561024 0.519685 0.000000,
        1.013780 0.570866 0.000000,
        1.013780 0.519685 0.000000,
        0.954724 0.519685 0.000000,
        1.013780 0.570866 0.118110,
        1.013780 0.708661 0.118110,
        0.954724 0.708661 0.118110,
        0.816929 0.708661 0.118110,
        0.757874 0.708661 0.118110,
        0.620079 0.708661 0.118110,
        0.561024 0.708661 0.118110,
        0.423228 0.708661 0.118110,
        0.364173 0.708661 0.118110,
        0.226378 0.708661 0.118110,
        0.167323 0.708661 0.118110,
        0.029528 0.708661 0.118110,
        -0.029528 0.708661 0.118110,
        -0.757874 0.708661 0.118110,
        -0.816929 0.708661 0.118110,
        -0.226378 0.708661 0.118110,
        -0.620079 0.708661 0.118110,
        -0.423228 0.708661 0.118110,
        -0.364173 0.708661 0.118110,
        -0.561024 0.708661 0.118110,
        -0.167323 0.708661 0.118110,
        -1.013780 0.708661 0.118110,
        -0.954724 0.708661 0.118110,
        -0.954724 -0.445775 0.306999,
        -1.013780 -0.445775 0.306999,
        -0.954724 -0.445775 0.273024,
        -1.013780 -0.445775 0.273024,
        -0.954724 -0.400026 0.246622,
        -1.013780 -0.400026 0.246622,
        -0.954724 -0.366694 0.273024,
        -1.013780 -0.366694 0.273024,
        -0.954724 -0.482694 0.070731,
        -0.954724 -0.413386 0.123743,
        -1.013780 -0.482694 0.070731,
        -1.013780 -0.413386 0.123743,
        -0.954724 -0.391010 0.094488,
        -1.013780 -0.391010 0.094488,
        -0.954724 0.708661 0.019685,
        -1.013780 0.708661 0.019685,
        -1.013780 0.519685 -0.019685,
        -0.954724 0.519685 -0.019685,
        -0.954724 0.669291 -0.019685,
        -1.013780 0.669291 -0.019685,
        -0.954724 0.670633 -0.009495,
        -1.013780 0.670633 -0.009495,
        -0.954724 0.674566 0.000000,
        -1.013780 0.674566 0.000000,
        -0.954724 0.680822 0.008154,
        -1.013780 0.680822 0.008154,
        -0.954724 0.688976 0.014411,
        -1.013780 0.688976 0.014411,
        -0.954724 0.698472 0.018344,
        -1.013780 0.698472 0.018344,
        -0.757874 -0.445775 0.306999,
        -0.816929 -0.445775 0.306999,
        -0.757874 -0.445775 0.273024,
        -0.816929 -0.445775 0.273024,
        -0.757874 -0.400026 0.246622,
        -0.816929 -0.400026 0.246622,
        -0.757874 -0.366694 0.273024,
        -0.816929 -0.366694 0.273024,
        -0.757874 -0.482694 0.070731,
        -0.757874 -0.413386 0.123743,
        -0.816929 -0.482694 0.070731,
        -0.816929 -0.413386 0.123743,
        -0.757874 -0.391010 0.094488,
        -0.816929 -0.391010 0.094488,
        -0.757874 0.708661 0.019685,
        -0.816929 0.708661 0.019685,
        -0.816929 0.519685 -0.019685,
        -0.757874 0.519685 -0.019685,
        -0.757874 0.669291 -0.019685,
        -0.816929 0.669291 -0.019685,
        -0.757874 0.670633 -0.009495,
        -0.816929 0.670633 -0.009495,
        -0.757874 0.674566 0.000000,
        -0.816929 0.674566 0.000000,
        -0.757874 0.680822 0.008154,
        -0.816929 0.680822 0.008154,
        -0.757874 0.688976 0.014411,
        -0.816929 0.688976 0.014411,
        -0.757874 0.698472 0.018344,
        -0.816929 0.698472 0.018344,
        -0.561024 -0.445775 0.306999,
        -0.620079 -0.445775 0.306999,
        -0.561024 -0.445775 0.273024,
        -0.620079 -0.445775 0.273024,
        -0.561024 -0.400026 0.246622,
        -0.620079 -0.400026 0.246622,
        -0.561024 -0.366694 0.273024,
        -0.620079 -0.366694 0.273024,
        -0.561024 -0.482694 0.070731,
        -0.561024 -0.413386 0.123743,
        -0.620079 -0.482694 0.070731,
        -0.620079 -0.413386 0.123743,
        -0.561024 -0.391010 0.094488,
        -0.620079 -0.391010 0.094488,
        -0.561024 0.708661 0.019685,
        -0.620079 0.708661 0.019685,
        -0.620079 0.519685 -0.019685,
        -0.561024 0.519685 -0.019685,
        -0.561024 0.669291 -0.019685,
        -0.620079 0.669291 -0.019685,
        -0.561024 0.670633 -0.009495,
        -0.620079 0.670633 -0.009495,
        -0.561024 0.674566 0.000000,
        -0.620079 0.674566 0.000000,
        -0.561024 0.680822 0.008154,
        -0.620079 0.680822 0.008154,
        -0.561024 0.688976 0.014411,
        -0.620079 0.688976 0.014411,
        -0.561024 0.698472 0.018344,
        -0.620079 0.698472 0.018344,
        -0.364173 -0.445775 0.306999,
        -0.423228 -0.445775 0.306999,
        -0.364173 -0.445775 0.273024,
        -0.423228 -0.445775 0.273024,
        -0.364173 -0.400026 0.246622,
        -0.423228 -0.400026 0.246622,
        -0.364173 -0.366694 0.273024,
        -0.423228 -0.366694 0.273024,
        -0.364173 -0.482694 0.070731,
        -0.364173 -0.413386 0.123743,
        -0.423228 -0.482694 0.070731,
        -0.423228 -0.413386 0.123743,
        -0.364173 -0.391010 0.094488,
        -0.423228 -0.391010 0.094488,
        -0.364173 0.708661 0.019685,
        -0.423228 0.708661 0.019685,
        -0.423228 0.519685 -0.019685,
        -0.364173 0.519685 -0.019685,
        -0.364173 0.669291 -0.019685,
        -0.423228 0.669291 -0.019685,
        -0.364173 0.670633 -0.009495,
        -0.423228 0.670633 -0.009495,
        -0.364173 0.674566 0.000000,
        -0.423228 0.674566 0.000000,
        -0.364173 0.680822 0.008154,
        -0.423228 0.680822 0.008154,
        -0.364173 0.688976 0.014411,
        -0.423228 0.688976 0.014411,
        -0.364173 0.698472 0.018344,
        -0.423228 0.698472 0.018344,
        -0.167323 -0.445775 0.306999,
        -0.226378 -0.445775 0.306999,
        -0.167323 -0.445775 0.273024,
        -0.226378 -0.445775 0.273024,
        -0.167323 -0.400026 0.246622,
        -0.226378 -0.400026 0.246622,
        -0.167323 -0.366694 0.273024,
        -0.226378 -0.366694 0.273024,
        -0.167323 -0.482694 0.070731,
        -0.167323 -0.413386 0.123743,
        -0.226378 -0.482694 0.070731,
        -0.226378 -0.413386 0.123743,
        -0.167323 -0.391010 0.094488,
        -0.226378 -0.391010 0.094488,
        -0.167323 0.708661 0.019685,
        -0.226378 0.708661 0.019685,
        -0.226378 0.519685 -0.019685,
        -0.167323 0.519685 -0.019685,
        -0.167323 0.669291 -0.019685,
        -0.226378 0.669291 -0.019685,
        -0.167323 0.670633 -0.009495,
        -0.226378 0.670633 -0.009495,
        -0.167323 0.674566 0.000000,
        -0.226378 0.674566 0.000000,
        -0.167323 0.680822 0.008154,
        -0.226378 0.680822 0.008154,
        -0.167323 0.688976 0.014411,
        -0.226378 0.688976 0.014411,
        -0.167323 0.698472 0.018344,
        -0.226378 0.698472 0.018344,
        0.029528 -0.445775 0.306999,
        -0.029528 -0.445775 0.306999,
        0.029528 -0.445775 0.273024,
        -0.029528 -0.445775 0.273024,
        0.029528 -0.400026 0.246622,
        -0.029528 -0.400026 0.246622,
        0.029528 -0.366694 0.273024,
        -0.029528 -0.366694 0.273024,
        0.029528 -0.482694 0.070731,
        0.029528 -0.413386 0.123743,
        -0.029528 -0.482694 0.070731,
        -0.029528 -0.413386 0.123743,
        0.029528 -0.391010 0.094488,
        -0.029528 -0.391010 0.094488,
        0.029528 0.708661 0.019685,
        -0.029528 0.708661 0.019685,
        -0.029528 0.519685 -0.019685,
        0.029528 0.519685 -0.019685,
        0.029528 0.669291 -0.019685,
        -0.029528 0.669291 -0.019685,
        0.029528 0.670633 -0.009495,
        -0.029528 0.670633 -0.009495,
        0.029528 0.674566 0.000000,
        -0.029528 0.674566 0.000000,
        0.029528 0.680822 0.008154,
        -0.029528 0.680822 0.008154,
        0.029528 0.688976 0.014411,
        -0.029528 0.688976 0.014411,
        0.029528 0.698472 0.018344,
        -0.029528 0.698472 0.018344,
        0.226378 -0.445775 0.306999,
        0.167323 -0.445775 0.306999,
        0.226378 -0.445775 0.273024,
        0.167323 -0.445775 0.273024,
        0.226378 -0.400026 0.246622,
        0.167323 -0.400026 0.246622,
        0.226378 -0.366694 0.273024,
        0.167323 -0.366694 0.273024,
        0.226378 -0.482694 0.070731,
        0.226378 -0.413386 0.123743,
        0.167323 -0.482694 0.070731,
        0.167323 -0.413386 0.123743,
        0.226378 -0.391010 0.094488,
        0.167323 -0.391010 0.094488,
        0.226378 0.708661 0.019685,
        0.167323 0.708661 0.019685,
        0.167323 0.519685 -0.019685,
        0.226378 0.519685 -0.019685,
        0.226378 0.669291 -0.019685,
        0.167323 0.669291 -0.019685,
        0.226378 0.670633 -0.009495,
        0.167323 0.670633 -0.009495,
        0.226378 0.674566 0.000000,
        0.167323 0.674566 0.000000,
        0.226378 0.680822 0.008154,
        0.167323 0.680822 0.008154,
        0.226378 0.688976 0.014411,
        0.167323 0.688976 0.014411,
        0.226378 0.698472 0.018344,
        0.167323 0.698472 0.018344,
        0.423228 -0.445775 0.306999,
        0.364173 -0.445775 0.306999,
        0.423228 -0.445775 0.273024,
        0.364173 -0.445775 0.273024,
        0.423228 -0.400026 0.246622,
        0.364173 -0.400026 0.246622,
        0.423228 -0.366694 0.273024,
        0.364173 -0.366694 0.273024,
        0.423228 -0.482694 0.070731,
        0.423228 -0.413386 0.123743,
        0.364173 -0.482694 0.070731,
        0.364173 -0.413386 0.123743,
        0.423228 -0.391010 0.094488,
        0.364173 -0.391010 0.094488,
        0.423228 0.708661 0.019685,
        0.364173 0.708661 0.019685,
        0.364173 0.519685 -0.019685,
        0.423228 0.519685 -0.019685,
        0.423228 0.669291 -0.019685,
        0.364173 0.669291 -0.019685,
        0.423228 0.670633 -0.009495,
        0.364173 0.670633 -0.009495,
        0.423228 0.674566 0.000000,
        0.364173 0.674566 0.000000,
        0.423228 0.680822 0.008154,
        0.364173 0.680822 0.008154,
        0.423228 0.688976 0.014411,
        0.364173 0.688976 0.014411,
        0.423228 0.698472 0.018344,
        0.364173 0.698472 0.018344,
        0.620079 -0.445775 0.306999,
        0.561024 -0.445775 0.306999,
        0.620079 -0.445775 0.273024,
        0.561024 -0.445775 0.273024,
        0.620079 -0.400026 0.246622,
        0.561024 -0.400026 0.246622,
        0.620079 -0.366694 0.273024,
        0.561024 -0.366694 0.273024,
        0.620079 -0.482694 0.070731,
        0.620079 -0.413386 0.123743,
        0.561024 -0.482694 0.070731,
        0.561024 -0.413386 0.123743,
        0.620079 -0.391010 0.094488,
        0.561024 -0.391010 0.094488,
        0.620079 0.708661 0.019685,
        0.561024 0.708661 0.019685,
        0.561024 0.519685 -0.019685,
        0.620079 0.519685 -0.019685,
        0.620079 0.669291 -0.019685,
        0.561024 0.669291 -0.019685,
        0.620079 0.670633 -0.009495,
        0.561024 0.670633 -0.009495,
        0.620079 0.674566 0.000000,
        0.561024 0.674566 0.000000,
        0.620079 0.680822 0.008154,
        0.561024 0.680822 0.008154,
        0.620079 0.688976 0.014411,
        0.561024 0.688976 0.014411,
        0.620079 0.698472 0.018344,
        0.561024 0.698472 0.018344,
        0.816929 -0.445775 0.306999,
        0.757874 -0.445775 0.306999,
        0.816929 -0.445775 0.273024,
        0.757874 -0.445775 0.273024,
        0.816929 -0.400026 0.246622,
        0.757874 -0.400026 0.246622,
        0.816929 -0.366694 0.273024,
        0.757874 -0.366694 0.273024,
        0.816929 -0.482694 0.070731,
        0.816929 -0.413386 0.123743,
        0.757874 -0.482694 0.070731,
        0.757874 -0.413386 0.123743,
        0.816929 -0.391010 0.094488,
        0.757874 -0.391010 0.094488,
        0.816929 0.708661 0.019685,
        0.757874 0.708661 0.019685,
        0.757874 0.519685 -0.019685,
        0.816929 0.519685 -0.019685,
        0.816929 0.669291 -0.019685,
        0.757874 0.669291 -0.019685,
        0.816929 0.670633 -0.009495,
        0.757874 0.670633 -0.009495,
        0.816929 0.674566 0.000000,
        0.757874 0.674566 0.000000,
        0.816929 0.680822 0.008154,
        0.757874 0.680822 0.008154,
        0.816929 0.688976 0.014411,
        0.757874 0.688976 0.014411,
        0.816929 0.698472 0.018344,
        0.757874 0.698472 0.018344,
        1.013780 -0.445775 0.306999,
        0.954724 -0.445775 0.306999,
        1.013780 -0.445775 0.273024,
        0.954724 -0.445775 0.273024,
        1.013780 -0.400026 0.246622,
        0.954724 -0.400026 0.246622,
        1.013780 -0.366694 0.273024,
        0.954724 -0.366694 0.273024,
        1.013780 -0.482694 0.070731,
        1.013780 -0.413386 0.123743,
        0.954724 -0.482694 0.070731,
        0.954724 -0.413386 0.123743,
        1.013780 -0.391010 0.094488,
        0.954724 -0.391010 0.094488,
        1.013780 0.708661 0.019685,
        0.954724 0.708661 0.019685,
        0.954724 0.519685 -0.019685,
        1.013780 0.519685 -0.019685,
        1.013780 0.669291 -0.019685,
        0.954724 0.669291 -0.019685,
        1.013780 0.670633 -0.009495,
        0.954724 0.670633 -0.009495,
        1.013780 0.674566 0.000000,
        0.954724 0.674566 0.000000,
        1.013780 0.680822 0.008154,
        0.954724 0.680822 0.008154,
        1.013780 0.688976 0.014411,
        0.954724 0.688976 0.014411,
        1.013780 0.698472 0.018344,
        0.954724 0.698472 0.018344,
      ]
    }
    coordIndex [
      198, 20, 199, -1,
      199, 20, 5, -1,
      200, 198, 201, -1,
      201, 198, 199, -1,
      202, 200, 203, -1,
      203, 200, 201, -1,
      204, 202, 205, -1,
      205, 202, 203, -1,
      19, 204, 4, -1,
      4, 204, 205, -1,
      19, 20, 204, -1,
      204, 20, 198, -1,
      204, 198, 202, -1,
      202, 198, 200, -1,
      203, 201, 205, -1,
      205, 201, 199, -1,
      205, 199, 4, -1,
      4, 199, 5, -1,
      206, 207, 208, -1,
      208, 207, 209, -1,
      150, 206, 151, -1,
      151, 206, 208, -1,
      210, 91, 211, -1,
      211, 91, 73, -1,
      207, 210, 209, -1,
      209, 210, 211, -1,
      8, 91, 150, -1,
      150, 91, 210, -1,
      150, 210, 206, -1,
      206, 210, 207, -1,
      208, 209, 211, -1,
      73, 72, 211, -1,
      211, 72, 151, -1,
      211, 151, 208, -1,
      197, 212, 196, -1,
      196, 212, 213, -1,
      214, 215, 152, -1,
      152, 215, 154, -1,
      216, 215, 217, -1,
      217, 215, 214, -1,
      216, 217, 218, -1,
      218, 217, 219, -1,
      218, 219, 220, -1,
      220, 219, 221, -1,
      220, 221, 222, -1,
      222, 221, 223, -1,
      222, 223, 224, -1,
      224, 223, 225, -1,
      224, 225, 226, -1,
      226, 225, 227, -1,
      226, 227, 212, -1,
      212, 227, 213, -1,
      142, 154, 215, -1,
      215, 216, 142, -1,
      142, 216, 218, -1,
      142, 218, 143, -1,
      143, 218, 220, -1,
      220, 222, 143, -1,
      143, 222, 224, -1,
      143, 224, 197, -1,
      197, 224, 226, -1,
      197, 226, 212, -1,
      217, 214, 149, -1,
      149, 214, 152, -1,
      225, 148, 227, -1,
      227, 148, 196, -1,
      227, 196, 213, -1,
      225, 223, 148, -1,
      148, 223, 221, -1,
      148, 221, 149, -1,
      149, 221, 219, -1,
      149, 219, 217, -1,
      228, 88, 229, -1,
      229, 88, 10, -1,
      230, 228, 231, -1,
      231, 228, 229, -1,
      232, 230, 233, -1,
      233, 230, 231, -1,
      234, 232, 235, -1,
      235, 232, 233, -1,
      87, 234, 9, -1,
      9, 234, 235, -1,
      87, 88, 234, -1,
      234, 88, 228, -1,
      234, 228, 232, -1,
      232, 228, 230, -1,
      233, 231, 235, -1,
      235, 231, 229, -1,
      235, 229, 9, -1,
      9, 229, 10, -1,
      236, 237, 238, -1,
      238, 237, 239, -1,
      146, 236, 147, -1,
      147, 236, 238, -1,
      240, 89, 241, -1,
      241, 89, 68, -1,
      237, 240, 239, -1,
      239, 240, 241, -1,
      90, 89, 146, -1,
      146, 89, 240, -1,
      146, 240, 236, -1,
      236, 240, 237, -1,
      238, 239, 241, -1,
      68, 67, 241, -1,
      241, 67, 147, -1,
      241, 147, 238, -1,
      188, 242, 189, -1,
      189, 242, 243, -1,
      244, 245, 157, -1,
      157, 245, 158, -1,
      246, 245, 247, -1,
      247, 245, 244, -1,
      246, 247, 248, -1,
      248, 247, 249, -1,
      248, 249, 250, -1,
      250, 249, 251, -1,
      250, 251, 252, -1,
      252, 251, 253, -1,
      252, 253, 254, -1,
      254, 253, 255, -1,
      254, 255, 256, -1,
      256, 255, 257, -1,
      256, 257, 242, -1,
      242, 257, 243, -1,
      136, 158, 245, -1,
      245, 246, 136, -1,
      136, 246, 248, -1,
      136, 248, 137, -1,
      137, 248, 250, -1,
      250, 252, 137, -1,
      137, 252, 254, -1,
      137, 254, 188, -1,
      188, 254, 256, -1,
      188, 256, 242, -1,
      247, 244, 144, -1,
      144, 244, 157, -1,
      255, 145, 257, -1,
      257, 145, 189, -1,
      257, 189, 243, -1,
      255, 253, 145, -1,
      145, 253, 251, -1,
      145, 251, 144, -1,
      144, 251, 249, -1,
      144, 249, 247, -1,
      258, 71, 259, -1,
      259, 71, 85, -1,
      260, 258, 261, -1,
      261, 258, 259, -1,
      262, 260, 263, -1,
      263, 260, 261, -1,
      264, 262, 265, -1,
      265, 262, 263, -1,
      70, 264, 69, -1,
      69, 264, 265, -1,
      70, 71, 264, -1,
      264, 71, 258, -1,
      264, 258, 262, -1,
      262, 258, 260, -1,
      263, 261, 265, -1,
      265, 261, 259, -1,
      265, 259, 69, -1,
      69, 259, 85, -1,
      266, 267, 268, -1,
      268, 267, 269, -1,
      140, 266, 141, -1,
      141, 266, 268, -1,
      270, 12, 271, -1,
      271, 12, 80, -1,
      267, 270, 269, -1,
      269, 270, 271, -1,
      13, 12, 140, -1,
      140, 12, 270, -1,
      140, 270, 266, -1,
      266, 270, 267, -1,
      268, 269, 271, -1,
      80, 86, 271, -1,
      271, 86, 141, -1,
      271, 141, 268, -1,
      194, 272, 191, -1,
      191, 272, 273, -1,
      274, 275, 166, -1,
      166, 275, 159, -1,
      276, 275, 277, -1,
      277, 275, 274, -1,
      276, 277, 278, -1,
      278, 277, 279, -1,
      278, 279, 280, -1,
      280, 279, 281, -1,
      280, 281, 282, -1,
      282, 281, 283, -1,
      282, 283, 284, -1,
      284, 283, 285, -1,
      284, 285, 286, -1,
      286, 285, 287, -1,
      286, 287, 272, -1,
      272, 287, 273, -1,
      130, 159, 275, -1,
      275, 276, 130, -1,
      130, 276, 278, -1,
      130, 278, 131, -1,
      131, 278, 280, -1,
      280, 282, 131, -1,
      131, 282, 284, -1,
      131, 284, 194, -1,
      194, 284, 286, -1,
      194, 286, 272, -1,
      277, 274, 138, -1,
      138, 274, 166, -1,
      285, 139, 287, -1,
      287, 139, 191, -1,
      287, 191, 273, -1,
      285, 283, 139, -1,
      139, 283, 281, -1,
      139, 281, 138, -1,
      138, 281, 279, -1,
      138, 279, 277, -1,
      288, 82, 289, -1,
      289, 82, 36, -1,
      290, 288, 291, -1,
      291, 288, 289, -1,
      292, 290, 293, -1,
      293, 290, 291, -1,
      294, 292, 295, -1,
      295, 292, 293, -1,
      81, 294, 35, -1,
      35, 294, 295, -1,
      81, 82, 294, -1,
      294, 82, 288, -1,
      294, 288, 292, -1,
      292, 288, 290, -1,
      293, 291, 295, -1,
      295, 291, 289, -1,
      295, 289, 35, -1,
      35, 289, 36, -1,
      296, 297, 298, -1,
      298, 297, 299, -1,
      134, 296, 135, -1,
      135, 296, 298, -1,
      300, 83, 301, -1,
      301, 83, 48, -1,
      297, 300, 299, -1,
      299, 300, 301, -1,
      84, 83, 134, -1,
      134, 83, 300, -1,
      134, 300, 296, -1,
      296, 300, 297, -1,
      298, 299, 301, -1,
      48, 47, 301, -1,
      301, 47, 135, -1,
      301, 135, 298, -1,
      193, 302, 192, -1,
      192, 302, 303, -1,
      304, 305, 163, -1,
      163, 305, 164, -1,
      306, 305, 307, -1,
      307, 305, 304, -1,
      306, 307, 308, -1,
      308, 307, 309, -1,
      308, 309, 310, -1,
      310, 309, 311, -1,
      310, 311, 312, -1,
      312, 311, 313, -1,
      312, 313, 314, -1,
      314, 313, 315, -1,
      314, 315, 316, -1,
      316, 315, 317, -1,
      316, 317, 302, -1,
      302, 317, 303, -1,
      124, 164, 305, -1,
      305, 306, 124, -1,
      124, 306, 308, -1,
      124, 308, 125, -1,
      125, 308, 310, -1,
      310, 312, 125, -1,
      125, 312, 314, -1,
      125, 314, 193, -1,
      193, 314, 316, -1,
      193, 316, 302, -1,
      307, 304, 132, -1,
      132, 304, 163, -1,
      315, 133, 317, -1,
      317, 133, 192, -1,
      317, 192, 303, -1,
      315, 313, 133, -1,
      133, 313, 311, -1,
      133, 311, 132, -1,
      132, 311, 309, -1,
      132, 309, 307, -1,
      318, 58, 319, -1,
      319, 58, 65, -1,
      320, 318, 321, -1,
      321, 318, 319, -1,
      322, 320, 323, -1,
      323, 320, 321, -1,
      324, 322, 325, -1,
      325, 322, 323, -1,
      57, 324, 56, -1,
      56, 324, 325, -1,
      57, 58, 324, -1,
      324, 58, 318, -1,
      324, 318, 322, -1,
      322, 318, 320, -1,
      323, 321, 325, -1,
      325, 321, 319, -1,
      325, 319, 56, -1,
      56, 319, 65, -1,
      326, 327, 328, -1,
      328, 327, 329, -1,
      128, 326, 129, -1,
      129, 326, 328, -1,
      330, 23, 331, -1,
      331, 23, 53, -1,
      327, 330, 329, -1,
      329, 330, 331, -1,
      24, 23, 128, -1,
      128, 23, 330, -1,
      128, 330, 326, -1,
      326, 330, 327, -1,
      328, 329, 331, -1,
      53, 66, 331, -1,
      331, 66, 129, -1,
      331, 129, 328, -1,
      195, 332, 190, -1,
      190, 332, 333, -1,
      334, 335, 167, -1,
      167, 335, 153, -1,
      336, 335, 337, -1,
      337, 335, 334, -1,
      336, 337, 338, -1,
      338, 337, 339, -1,
      338, 339, 340, -1,
      340, 339, 341, -1,
      340, 341, 342, -1,
      342, 341, 343, -1,
      342, 343, 344, -1,
      344, 343, 345, -1,
      344, 345, 346, -1,
      346, 345, 347, -1,
      346, 347, 332, -1,
      332, 347, 333, -1,
      118, 153, 335, -1,
      335, 336, 118, -1,
      118, 336, 338, -1,
      118, 338, 119, -1,
      119, 338, 340, -1,
      340, 342, 119, -1,
      119, 342, 344, -1,
      119, 344, 195, -1,
      195, 344, 346, -1,
      195, 346, 332, -1,
      337, 334, 126, -1,
      126, 334, 167, -1,
      345, 127, 347, -1,
      347, 127, 190, -1,
      347, 190, 333, -1,
      345, 343, 127, -1,
      127, 343, 341, -1,
      127, 341, 126, -1,
      126, 341, 339, -1,
      126, 339, 337, -1,
      348, 55, 349, -1,
      349, 55, 30, -1,
      350, 348, 351, -1,
      351, 348, 349, -1,
      352, 350, 353, -1,
      353, 350, 351, -1,
      354, 352, 355, -1,
      355, 352, 353, -1,
      54, 354, 29, -1,
      29, 354, 355, -1,
      54, 55, 354, -1,
      354, 55, 348, -1,
      354, 348, 352, -1,
      352, 348, 350, -1,
      353, 351, 355, -1,
      355, 351, 349, -1,
      355, 349, 29, -1,
      29, 349, 30, -1,
      356, 357, 358, -1,
      358, 357, 359, -1,
      122, 356, 123, -1,
      123, 356, 358, -1,
      360, 78, 361, -1,
      361, 78, 52, -1,
      357, 360, 359, -1,
      359, 360, 361, -1,
      79, 78, 122, -1,
      122, 78, 360, -1,
      122, 360, 356, -1,
      356, 360, 357, -1,
      358, 359, 361, -1,
      52, 51, 361, -1,
      361, 51, 123, -1,
      361, 123, 358, -1,
      186, 362, 187, -1,
      187, 362, 363, -1,
      364, 365, 155, -1,
      155, 365, 156, -1,
      366, 365, 367, -1,
      367, 365, 364, -1,
      366, 367, 368, -1,
      368, 367, 369, -1,
      368, 369, 370, -1,
      370, 369, 371, -1,
      370, 371, 372, -1,
      372, 371, 373, -1,
      372, 373, 374, -1,
      374, 373, 375, -1,
      374, 375, 376, -1,
      376, 375, 377, -1,
      376, 377, 362, -1,
      362, 377, 363, -1,
      112, 156, 365, -1,
      365, 366, 112, -1,
      112, 366, 368, -1,
      112, 368, 113, -1,
      113, 368, 370, -1,
      370, 372, 113, -1,
      113, 372, 374, -1,
      113, 374, 186, -1,
      186, 374, 376, -1,
      186, 376, 362, -1,
      367, 364, 120, -1,
      120, 364, 155, -1,
      375, 121, 377, -1,
      377, 121, 187, -1,
      377, 187, 363, -1,
      375, 373, 121, -1,
      121, 373, 371, -1,
      121, 371, 120, -1,
      120, 371, 369, -1,
      120, 369, 367, -1,
      378, 64, 379, -1,
      379, 64, 28, -1,
      380, 378, 381, -1,
      381, 378, 379, -1,
      382, 380, 383, -1,
      383, 380, 381, -1,
      384, 382, 385, -1,
      385, 382, 383, -1,
      63, 384, 27, -1,
      27, 384, 385, -1,
      63, 64, 384, -1,
      384, 64, 378, -1,
      384, 378, 382, -1,
      382, 378, 380, -1,
      383, 381, 385, -1,
      385, 381, 379, -1,
      385, 379, 27, -1,
      27, 379, 28, -1,
      386, 387, 388, -1,
      388, 387, 389, -1,
      116, 386, 117, -1,
      117, 386, 388, -1,
      390, 25, 391, -1,
      391, 25, 50, -1,
      387, 390, 389, -1,
      389, 390, 391, -1,
      26, 25, 116, -1,
      116, 25, 390, -1,
      116, 390, 386, -1,
      386, 390, 387, -1,
      388, 389, 391, -1,
      50, 49, 391, -1,
      391, 49, 117, -1,
      391, 117, 388, -1,
      184, 392, 185, -1,
      185, 392, 393, -1,
      394, 395, 165, -1,
      165, 395, 162, -1,
      396, 395, 397, -1,
      397, 395, 394, -1,
      396, 397, 398, -1,
      398, 397, 399, -1,
      398, 399, 400, -1,
      400, 399, 401, -1,
      400, 401, 402, -1,
      402, 401, 403, -1,
      402, 403, 404, -1,
      404, 403, 405, -1,
      404, 405, 406, -1,
      406, 405, 407, -1,
      406, 407, 392, -1,
      392, 407, 393, -1,
      106, 162, 395, -1,
      395, 396, 106, -1,
      106, 396, 398, -1,
      106, 398, 107, -1,
      107, 398, 400, -1,
      400, 402, 107, -1,
      107, 402, 404, -1,
      107, 404, 184, -1,
      184, 404, 406, -1,
      184, 406, 392, -1,
      397, 394, 114, -1,
      114, 394, 165, -1,
      405, 115, 407, -1,
      407, 115, 185, -1,
      407, 185, 393, -1,
      405, 403, 115, -1,
      115, 403, 401, -1,
      115, 401, 114, -1,
      114, 401, 399, -1,
      114, 399, 397, -1,
      408, 75, 409, -1,
      409, 75, 34, -1,
      410, 408, 411, -1,
      411, 408, 409, -1,
      412, 410, 413, -1,
      413, 410, 411, -1,
      414, 412, 415, -1,
      415, 412, 413, -1,
      74, 414, 33, -1,
      33, 414, 415, -1,
      74, 75, 414, -1,
      414, 75, 408, -1,
      414, 408, 412, -1,
      412, 408, 410, -1,
      413, 411, 415, -1,
      415, 411, 409, -1,
      415, 409, 33, -1,
      33, 409, 34, -1,
      416, 417, 418, -1,
      418, 417, 419, -1,
      110, 416, 111, -1,
      111, 416, 418, -1,
      420, 76, 421, -1,
      421, 76, 46, -1,
      417, 420, 419, -1,
      419, 420, 421, -1,
      77, 76, 110, -1,
      110, 76, 420, -1,
      110, 420, 416, -1,
      416, 420, 417, -1,
      418, 419, 421, -1,
      46, 45, 421, -1,
      421, 45, 111, -1,
      421, 111, 418, -1,
      182, 422, 183, -1,
      183, 422, 423, -1,
      424, 425, 160, -1,
      160, 425, 161, -1,
      426, 425, 427, -1,
      427, 425, 424, -1,
      426, 427, 428, -1,
      428, 427, 429, -1,
      428, 429, 430, -1,
      430, 429, 431, -1,
      430, 431, 432, -1,
      432, 431, 433, -1,
      432, 433, 434, -1,
      434, 433, 435, -1,
      434, 435, 436, -1,
      436, 435, 437, -1,
      436, 437, 422, -1,
      422, 437, 423, -1,
      100, 161, 425, -1,
      425, 426, 100, -1,
      100, 426, 428, -1,
      100, 428, 101, -1,
      101, 428, 430, -1,
      430, 432, 101, -1,
      101, 432, 434, -1,
      101, 434, 182, -1,
      182, 434, 436, -1,
      182, 436, 422, -1,
      427, 424, 108, -1,
      108, 424, 160, -1,
      435, 109, 437, -1,
      437, 109, 183, -1,
      437, 183, 423, -1,
      435, 433, 109, -1,
      109, 433, 431, -1,
      109, 431, 108, -1,
      108, 431, 429, -1,
      108, 429, 427, -1,
      438, 60, 439, -1,
      439, 60, 32, -1,
      440, 438, 441, -1,
      441, 438, 439, -1,
      442, 440, 443, -1,
      443, 440, 441, -1,
      444, 442, 445, -1,
      445, 442, 443, -1,
      59, 444, 31, -1,
      31, 444, 445, -1,
      59, 60, 444, -1,
      444, 60, 438, -1,
      444, 438, 442, -1,
      442, 438, 440, -1,
      443, 441, 445, -1,
      445, 441, 439, -1,
      445, 439, 31, -1,
      31, 439, 32, -1,
      446, 447, 448, -1,
      448, 447, 449, -1,
      104, 446, 105, -1,
      105, 446, 448, -1,
      450, 43, 451, -1,
      451, 43, 38, -1,
      447, 450, 449, -1,
      449, 450, 451, -1,
      44, 43, 104, -1,
      104, 43, 450, -1,
      104, 450, 446, -1,
      446, 450, 447, -1,
      448, 449, 451, -1,
      38, 37, 451, -1,
      451, 37, 105, -1,
      451, 105, 448, -1,
      180, 452, 181, -1,
      181, 452, 453, -1,
      454, 455, 171, -1,
      171, 455, 168, -1,
      456, 455, 457, -1,
      457, 455, 454, -1,
      456, 457, 458, -1,
      458, 457, 459, -1,
      458, 459, 460, -1,
      460, 459, 461, -1,
      460, 461, 462, -1,
      462, 461, 463, -1,
      462, 463, 464, -1,
      464, 463, 465, -1,
      464, 465, 466, -1,
      466, 465, 467, -1,
      466, 467, 452, -1,
      452, 467, 453, -1,
      94, 168, 455, -1,
      455, 456, 94, -1,
      94, 456, 458, -1,
      94, 458, 95, -1,
      95, 458, 460, -1,
      460, 462, 95, -1,
      95, 462, 464, -1,
      95, 464, 180, -1,
      180, 464, 466, -1,
      180, 466, 452, -1,
      457, 454, 102, -1,
      102, 454, 171, -1,
      465, 103, 467, -1,
      467, 103, 181, -1,
      467, 181, 453, -1,
      465, 463, 103, -1,
      103, 463, 461, -1,
      103, 461, 102, -1,
      102, 461, 459, -1,
      102, 459, 457, -1,
      468, 40, 469, -1,
      469, 40, 41, -1,
      470, 468, 471, -1,
      471, 468, 469, -1,
      472, 470, 473, -1,
      473, 470, 471, -1,
      474, 472, 475, -1,
      475, 472, 473, -1,
      39, 474, 42, -1,
      42, 474, 475, -1,
      39, 40, 474, -1,
      474, 40, 468, -1,
      474, 468, 472, -1,
      472, 468, 470, -1,
      473, 471, 475, -1,
      475, 471, 469, -1,
      475, 469, 42, -1,
      42, 469, 41, -1,
      476, 477, 478, -1,
      478, 477, 479, -1,
      98, 476, 99, -1,
      99, 476, 478, -1,
      480, 61, 481, -1,
      481, 61, 15, -1,
      477, 480, 479, -1,
      479, 480, 481, -1,
      62, 61, 98, -1,
      98, 61, 480, -1,
      98, 480, 476, -1,
      476, 480, 477, -1,
      478, 479, 481, -1,
      15, 14, 481, -1,
      481, 14, 99, -1,
      481, 99, 478, -1,
      178, 482, 179, -1,
      179, 482, 483, -1,
      484, 485, 169, -1,
      169, 485, 170, -1,
      486, 485, 487, -1,
      487, 485, 484, -1,
      486, 487, 488, -1,
      488, 487, 489, -1,
      488, 489, 490, -1,
      490, 489, 491, -1,
      490, 491, 492, -1,
      492, 491, 493, -1,
      492, 493, 494, -1,
      494, 493, 495, -1,
      494, 495, 496, -1,
      496, 495, 497, -1,
      496, 497, 482, -1,
      482, 497, 483, -1,
      0, 170, 485, -1,
      485, 486, 0, -1,
      0, 486, 488, -1,
      0, 488, 1, -1,
      1, 488, 490, -1,
      490, 492, 1, -1,
      1, 492, 494, -1,
      1, 494, 178, -1,
      178, 494, 496, -1,
      178, 496, 482, -1,
      487, 484, 96, -1,
      96, 484, 169, -1,
      495, 97, 497, -1,
      497, 97, 179, -1,
      497, 179, 483, -1,
      495, 493, 97, -1,
      97, 493, 491, -1,
      97, 491, 96, -1,
      96, 491, 489, -1,
      96, 489, 487, -1,
      498, 18, 499, -1,
      499, 18, 21, -1,
      500, 498, 501, -1,
      501, 498, 499, -1,
      502, 500, 503, -1,
      503, 500, 501, -1,
      504, 502, 505, -1,
      505, 502, 503, -1,
      17, 504, 16, -1,
      16, 504, 505, -1,
      17, 18, 504, -1,
      504, 18, 498, -1,
      504, 498, 502, -1,
      502, 498, 500, -1,
      503, 501, 505, -1,
      505, 501, 499, -1,
      505, 499, 16, -1,
      16, 499, 21, -1,
      506, 507, 508, -1,
      508, 507, 509, -1,
      92, 506, 93, -1,
      93, 506, 508, -1,
      510, 6, 511, -1,
      511, 6, 11, -1,
      507, 510, 509, -1,
      509, 510, 511, -1,
      7, 6, 92, -1,
      92, 6, 510, -1,
      92, 510, 506, -1,
      506, 510, 507, -1,
      508, 509, 511, -1,
      11, 22, 511, -1,
      511, 22, 93, -1,
      511, 93, 508, -1,
      176, 512, 177, -1,
      177, 512, 513, -1,
      514, 515, 174, -1,
      174, 515, 173, -1,
      516, 515, 517, -1,
      517, 515, 514, -1,
      516, 517, 518, -1,
      518, 517, 519, -1,
      518, 519, 520, -1,
      520, 519, 521, -1,
      520, 521, 522, -1,
      522, 521, 523, -1,
      522, 523, 524, -1,
      524, 523, 525, -1,
      524, 525, 526, -1,
      526, 525, 527, -1,
      526, 527, 512, -1,
      512, 527, 513, -1,
      172, 173, 515, -1,
      515, 516, 172, -1,
      172, 516, 518, -1,
      172, 518, 175, -1,
      175, 518, 520, -1,
      520, 522, 175, -1,
      175, 522, 524, -1,
      175, 524, 176, -1,
      176, 524, 526, -1,
      176, 526, 512, -1,
      517, 514, 2, -1,
      2, 514, 174, -1,
      525, 3, 527, -1,
      527, 3, 177, -1,
      527, 177, 513, -1,
      525, 523, 3, -1,
      3, 523, 521, -1,
      3, 521, 2, -1,
      2, 521, 519, -1,
      2, 519, 517, -1,
    ]
  }
}

Shape {
  appearance Appearance {
    material Material {
      diffuseColor 0.5882 0.5725 0.5255
      specularColor 0.0431 0.0392 0.0392
      ambientIntensity 0.2
      transparency 0.0000
      shininess 0.5
    }
  }
  geometry IndexedFaceSet {
    ccw TRUE
    solid FALSE
    coord DEF co Coordinate {
      point [
        -1.326772 -0.157480 0.023622,
        -1.326772 -0.196850 0.062992,
        1.326772 -0.157480 0.023622,
        1.326772 -0.196850 0.062992,
        1.385827 -0.196850 0.062992,
        1.476378 -0.196850 0.062992,
        1.476378 -0.157480 0.023622,
        -1.476378 -0.157480 0.023622,
        -1.476378 -0.196850 0.062992,
        -1.385827 -0.196850 0.062992,
      ]
    }
    coordIndex [
      8, 7, 9, -1,
      9, 7, 0, -1,
      9, 0, 1, -1,
      6, 5, 2, -1,
      2, 5, 4, -1,
      2, 4, 3, -1,
    ]
  }
}

Shape {
  appearance Appearance {
    material Material {
      diffuseColor 0.6667 0.6667 0.6667
      specularColor 0.4667 0.4667 0.4667
      ambientIntensity 0.2
      transparency 0.0000
      shininess 0.5
    }
  }
  geometry IndexedFaceSet {
    ccw TRUE
    solid FALSE
    coord DEF co Coordinate {
      point [
        -1.326772 -0.516383 0.197485,
        -1.326772 -0.526575 0.189664,
        -1.326772 -0.526575 0.274903,
        -1.326772 -0.531496 0.187180,
        -1.326772 -0.531496 0.277387,
        -1.326772 -0.508562 0.207677,
        -1.326772 -0.516383 0.267082,
        -1.326772 -0.508562 0.256890,
        -1.326772 -0.503645 0.245020,
        -1.326772 -0.501969 0.232283,
        -1.326772 -0.503645 0.219546,
        -1.326772 -0.196850 0.366142,
        -1.326772 -0.531496 0.366142,
        -1.326772 -0.275591 0.023622,
        -1.326772 -0.275591 0.043307,
        -1.326772 -0.196850 0.062992,
        -1.326772 -0.255906 0.062992,
        -1.326772 -0.260286 0.062498,
        -1.326772 -0.271296 0.055580,
        -1.326772 -0.273641 0.051848,
        -1.326772 -0.275097 0.047687,
        -1.326772 -0.268179 0.058698,
        -1.326772 -0.264446 0.061043,
        1.326772 -0.511811 0.098425,
        1.326772 -0.531496 0.098425,
        1.326772 -0.472441 0.023622,
        1.326772 -0.472441 0.059055,
        1.326772 -0.503050 0.097438,
        1.326772 -0.481030 0.083602,
        1.326772 -0.487264 0.089836,
        1.326772 -0.494729 0.094526,
        1.326772 -0.473428 0.067816,
        1.326772 -0.476340 0.076137,
        1.326772 -0.196850 0.062992,
        1.326772 -0.275591 0.023622,
        1.326772 -0.255906 0.062992,
        1.326772 -0.275591 0.043307,
        1.326772 -0.260286 0.062498,
        1.326772 -0.264446 0.061043,
        1.326772 -0.268179 0.058698,
        1.326772 -0.271296 0.055580,
        1.326772 -0.275097 0.047687,
        1.326772 -0.273641 0.051848,
        1.326772 -0.196850 0.366142,
        1.326772 -0.531496 0.366142,
        1.385827 -0.196850 0.366142,
        1.385827 -0.196850 0.062992,
        1.326772 -0.531496 0.277387,
        1.326772 -0.531496 0.187180,
        1.326772 -0.526575 0.274903,
        1.326772 -0.526575 0.189664,
        1.326772 -0.516383 0.267082,
        1.326772 -0.508562 0.256890,
        1.326772 -0.516383 0.197485,
        1.326772 -0.508562 0.207677,
        1.326772 -0.503645 0.219546,
        1.326772 -0.501969 0.232283,
        1.326772 -0.503645 0.245020,
        -1.385827 -0.196850 0.366142,
        -1.385827 -0.196850 0.062992,
        -1.326772 -0.472441 0.059055,
        -1.326772 -0.472441 0.023622,
        -1.326772 -0.531496 0.098425,
        -1.326772 -0.511811 0.098425,
        -1.326772 -0.503050 0.097438,
        -1.326772 -0.494729 0.094526,
        -1.326772 -0.487264 0.089836,
        -1.326772 -0.481030 0.083602,
        -1.326772 -0.476340 0.076137,
        -1.326772 -0.473428 0.067816,
        1.326772 -0.275591 0.000000,
        1.326772 -0.283002 -0.015391,
        1.326772 -0.286735 -0.017735,
        1.326772 -0.276084 -0.004380,
        1.326772 -0.277540 -0.008541,
        1.326772 -0.279885 -0.012273,
        1.326772 -0.472441 -0.019685,
        1.326772 -0.295276 -0.019685,
        1.326772 -0.290895 -0.019191,
        1.326772 -0.551181 0.098425,
        1.326772 -0.551181 0.183071,
        1.326772 -0.538444 0.184748,
        1.385827 -0.538444 0.279819,
        1.385827 -0.551181 0.281496,
        1.326772 -0.551181 0.281496,
        1.326772 -0.538444 0.279819,
        1.385827 -0.526575 0.274903,
        1.385827 -0.516383 0.267082,
        1.385827 -0.508562 0.256890,
        1.385827 -0.503645 0.245020,
        1.385827 -0.501969 0.232283,
        1.385827 -0.503645 0.219546,
        1.385827 -0.508562 0.207677,
        1.385827 -0.516383 0.197485,
        1.385827 -0.526575 0.189664,
        1.385827 -0.538444 0.184748,
        1.385827 -0.551181 0.183071,
        1.385827 -0.551181 0.098425,
        1.385827 -0.511811 0.098425,
        1.385827 -0.503050 0.097438,
        1.385827 -0.494729 0.094526,
        1.385827 -0.487264 0.089836,
        1.385827 -0.481030 0.083602,
        1.385827 -0.476340 0.076137,
        1.385827 -0.473428 0.067816,
        1.385827 -0.472441 0.059055,
        1.385827 -0.472441 -0.019685,
        1.385827 -0.295276 -0.019685,
        1.385827 -0.290895 -0.019191,
        1.385827 -0.286735 -0.017735,
        1.385827 -0.283002 -0.015391,
        1.385827 -0.279885 -0.012273,
        1.385827 -0.277540 -0.008541,
        1.385827 -0.276084 -0.004380,
        1.385827 -0.275591 0.000000,
        1.385827 -0.275591 0.043307,
        1.385827 -0.275097 0.047687,
        1.385827 -0.273641 0.051848,
        1.385827 -0.271296 0.055580,
        1.385827 -0.268179 0.058698,
        1.385827 -0.264446 0.061043,
        1.385827 -0.260286 0.062498,
        1.385827 -0.255906 0.062992,
        1.326772 -0.551181 0.366142,
        1.385827 -0.551181 0.366142,
        -1.326772 -0.275591 0.000000,
        -1.326772 -0.472441 -0.019685,
        -1.326772 -0.295276 -0.019685,
        -1.326772 -0.276084 -0.004380,
        -1.326772 -0.283002 -0.015391,
        -1.326772 -0.279885 -0.012273,
        -1.326772 -0.286735 -0.017735,
        -1.326772 -0.290895 -0.019191,
        -1.326772 -0.277540 -0.008541,
        -1.326772 -0.551181 0.366142,
        -1.326772 -0.551181 0.281496,
        -1.326772 -0.538444 0.279819,
        -1.385827 -0.538444 0.184748,
        -1.385827 -0.551181 0.183071,
        -1.326772 -0.551181 0.183071,
        -1.326772 -0.538444 0.184748,
        -1.385827 -0.526575 0.189664,
        -1.385827 -0.516383 0.197485,
        -1.385827 -0.508562 0.207677,
        -1.385827 -0.503645 0.219546,
        -1.385827 -0.501969 0.232283,
        -1.385827 -0.503645 0.245020,
        -1.385827 -0.508562 0.256890,
        -1.385827 -0.516383 0.267082,
        -1.385827 -0.526575 0.274903,
        -1.385827 -0.538444 0.279819,
        -1.385827 -0.551181 0.281496,
        -1.385827 -0.551181 0.366142,
        -1.385827 -0.255906 0.062992,
        -1.385827 -0.260286 0.062498,
        -1.385827 -0.264446 0.061043,
        -1.385827 -0.268179 0.058698,
        -1.385827 -0.271296 0.055580,
        -1.385827 -0.273641 0.051848,
        -1.385827 -0.275097 0.047687,
        -1.385827 -0.275591 0.043307,
        -1.385827 -0.275591 0.000000,
        -1.385827 -0.276084 -0.004380,
        -1.385827 -0.277540 -0.008541,
        -1.385827 -0.279885 -0.012273,
        -1.385827 -0.283002 -0.015391,
        -1.385827 -0.286735 -0.017735,
        -1.385827 -0.290895 -0.019191,
        -1.385827 -0.295276 -0.019685,
        -1.385827 -0.472441 -0.019685,
        -1.385827 -0.472441 0.059055,
        -1.385827 -0.473428 0.067816,
        -1.385827 -0.476340 0.076137,
        -1.385827 -0.481030 0.083602,
        -1.385827 -0.487264 0.089836,
        -1.385827 -0.494729 0.094526,
        -1.385827 -0.503050 0.097438,
        -1.385827 -0.511811 0.098425,
        -1.326772 -0.551181 0.098425,
        -1.385827 -0.551181 0.098425,
      ]
    }
    coordIndex [
      25, 34, 70, -1,
      70, 71, 72, -1,
      70, 73, 71, -1,
      71, 73, 74, -1,
      71, 74, 75, -1,
      76, 25, 77, -1,
      77, 25, 70, -1,
      77, 70, 78, -1,
      78, 70, 72, -1,
      79, 80, 24, -1,
      24, 80, 81, -1,
      24, 81, 48, -1,
      82, 83, 84, -1,
      84, 85, 82, -1,
      82, 85, 47, -1,
      82, 47, 86, -1,
      86, 47, 49, -1,
      86, 49, 87, -1,
      87, 49, 51, -1,
      87, 51, 88, -1,
      88, 51, 52, -1,
      88, 52, 89, -1,
      89, 52, 57, -1,
      89, 57, 90, -1,
      90, 57, 56, -1,
      90, 56, 91, -1,
      91, 56, 55, -1,
      91, 55, 92, -1,
      92, 55, 54, -1,
      92, 54, 93, -1,
      93, 54, 53, -1,
      93, 53, 94, -1,
      53, 50, 94, -1,
      94, 50, 48, -1,
      94, 48, 95, -1,
      95, 48, 81, -1,
      95, 81, 96, -1,
      96, 81, 80, -1,
      97, 96, 79, -1,
      79, 96, 80, -1,
      23, 98, 24, -1,
      24, 98, 97, -1,
      24, 97, 79, -1,
      98, 23, 99, -1,
      99, 23, 27, -1,
      99, 27, 100, -1,
      100, 27, 30, -1,
      100, 30, 101, -1,
      101, 30, 29, -1,
      101, 29, 102, -1,
      102, 29, 28, -1,
      102, 28, 103, -1,
      103, 28, 32, -1,
      103, 32, 104, -1,
      104, 32, 31, -1,
      104, 31, 105, -1,
      105, 31, 26, -1,
      76, 106, 25, -1,
      25, 106, 105, -1,
      25, 105, 26, -1,
      107, 106, 77, -1,
      77, 106, 76, -1,
      107, 77, 78, -1,
      107, 78, 108, -1,
      108, 78, 72, -1,
      108, 72, 109, -1,
      109, 72, 71, -1,
      109, 71, 110, -1,
      110, 71, 75, -1,
      110, 75, 111, -1,
      111, 75, 74, -1,
      111, 74, 112, -1,
      112, 74, 73, -1,
      112, 73, 113, -1,
      113, 73, 70, -1,
      113, 70, 114, -1,
      36, 115, 34, -1,
      34, 115, 114, -1,
      34, 114, 70, -1,
      115, 36, 116, -1,
      116, 36, 41, -1,
      116, 41, 117, -1,
      117, 41, 42, -1,
      117, 42, 118, -1,
      118, 42, 40, -1,
      118, 40, 119, -1,
      119, 40, 39, -1,
      119, 39, 120, -1,
      120, 39, 38, -1,
      120, 38, 121, -1,
      121, 38, 37, -1,
      121, 37, 122, -1,
      122, 37, 35, -1,
      46, 122, 33, -1,
      33, 122, 35, -1,
      123, 124, 44, -1,
      44, 124, 45, -1,
      44, 45, 43, -1,
      83, 124, 84, -1,
      84, 124, 123, -1,
      124, 83, 82, -1,
      124, 82, 45, -1,
      82, 86, 45, -1,
      45, 86, 87, -1,
      45, 87, 88, -1,
      92, 122, 91, -1,
      91, 122, 46, -1,
      91, 46, 90, -1,
      90, 46, 45, -1,
      90, 45, 89, -1,
      89, 45, 88, -1,
      100, 101, 94, -1,
      94, 101, 102, -1,
      103, 104, 107, -1,
      107, 104, 105, -1,
      107, 105, 106, -1,
      96, 97, 95, -1,
      95, 97, 98, -1,
      95, 98, 94, -1,
      94, 98, 99, -1,
      94, 99, 100, -1,
      119, 120, 92, -1,
      92, 120, 121, -1,
      92, 121, 122, -1,
      114, 115, 93, -1,
      115, 116, 93, -1,
      93, 116, 117, -1,
      93, 117, 92, -1,
      92, 117, 118, -1,
      92, 118, 119, -1,
      102, 103, 94, -1,
      94, 103, 107, -1,
      94, 107, 93, -1,
      93, 107, 108, -1,
      108, 109, 93, -1,
      93, 109, 110, -1,
      93, 110, 111, -1,
      111, 112, 93, -1,
      93, 112, 113, -1,
      93, 113, 114, -1,
      84, 123, 85, -1,
      85, 123, 44, -1,
      85, 44, 47, -1,
      125, 13, 61, -1,
      61, 126, 125, -1,
      125, 126, 127, -1,
      125, 127, 128, -1,
      129, 130, 131, -1,
      131, 130, 132, -1,
      132, 130, 127, -1,
      127, 130, 133, -1,
      127, 133, 128, -1,
      134, 135, 12, -1,
      12, 135, 136, -1,
      12, 136, 4, -1,
      137, 138, 139, -1,
      139, 140, 137, -1,
      137, 140, 3, -1,
      137, 3, 141, -1,
      141, 3, 1, -1,
      141, 1, 142, -1,
      142, 1, 0, -1,
      142, 0, 143, -1,
      143, 0, 5, -1,
      143, 5, 144, -1,
      144, 5, 10, -1,
      144, 10, 145, -1,
      145, 10, 9, -1,
      145, 9, 146, -1,
      146, 9, 8, -1,
      146, 8, 147, -1,
      147, 8, 7, -1,
      147, 7, 148, -1,
      148, 7, 6, -1,
      148, 6, 149, -1,
      6, 2, 149, -1,
      149, 2, 4, -1,
      149, 4, 150, -1,
      150, 4, 136, -1,
      150, 136, 151, -1,
      151, 136, 135, -1,
      152, 151, 134, -1,
      134, 151, 135, -1,
      11, 58, 12, -1,
      12, 58, 152, -1,
      12, 152, 134, -1,
      153, 59, 16, -1,
      16, 59, 15, -1,
      153, 16, 154, -1,
      154, 16, 17, -1,
      154, 17, 155, -1,
      155, 17, 22, -1,
      155, 22, 156, -1,
      156, 22, 21, -1,
      156, 21, 157, -1,
      157, 21, 18, -1,
      157, 18, 158, -1,
      158, 18, 19, -1,
      158, 19, 159, -1,
      159, 19, 20, -1,
      159, 20, 160, -1,
      160, 20, 14, -1,
      125, 161, 13, -1,
      13, 161, 160, -1,
      13, 160, 14, -1,
      161, 125, 128, -1,
      161, 128, 162, -1,
      162, 128, 133, -1,
      162, 133, 163, -1,
      163, 133, 130, -1,
      163, 130, 164, -1,
      164, 130, 129, -1,
      164, 129, 165, -1,
      165, 129, 131, -1,
      165, 131, 166, -1,
      166, 131, 132, -1,
      166, 132, 167, -1,
      167, 132, 127, -1,
      167, 127, 168, -1,
      169, 168, 126, -1,
      126, 168, 127, -1,
      169, 126, 170, -1,
      170, 126, 61, -1,
      170, 61, 60, -1,
      170, 60, 171, -1,
      171, 60, 69, -1,
      171, 69, 172, -1,
      172, 69, 68, -1,
      172, 68, 173, -1,
      173, 68, 67, -1,
      173, 67, 174, -1,
      174, 67, 66, -1,
      174, 66, 175, -1,
      175, 66, 65, -1,
      175, 65, 176, -1,
      176, 65, 64, -1,
      176, 64, 177, -1,
      177, 64, 63, -1,
      178, 179, 62, -1,
      62, 179, 177, -1,
      62, 177, 63, -1,
      138, 179, 139, -1,
      139, 179, 178, -1,
      143, 144, 59, -1,
      59, 144, 58, -1,
      144, 145, 58, -1,
      58, 145, 146, -1,
      58, 146, 147, -1,
      147, 148, 58, -1,
      58, 148, 149, -1,
      58, 149, 152, -1,
      152, 149, 150, -1,
      152, 150, 151, -1,
      142, 172, 141, -1,
      141, 172, 173, -1,
      141, 173, 174, -1,
      179, 138, 177, -1,
      177, 138, 137, -1,
      177, 137, 176, -1,
      176, 137, 141, -1,
      176, 141, 175, -1,
      175, 141, 174, -1,
      171, 168, 170, -1,
      170, 168, 169, -1,
      142, 159, 160, -1,
      59, 153, 143, -1,
      143, 153, 154, -1,
      143, 154, 155, -1,
      155, 156, 143, -1,
      143, 156, 157, -1,
      143, 157, 142, -1,
      142, 157, 158, -1,
      142, 158, 159, -1,
      160, 161, 142, -1,
      142, 161, 162, -1,
      142, 162, 163, -1,
      163, 164, 142, -1,
      142, 164, 165, -1,
      142, 165, 166, -1,
      171, 172, 168, -1,
      168, 172, 142, -1,
      168, 142, 167, -1,
      167, 142, 166, -1,
      139, 178, 140, -1,
      140, 178, 62, -1,
      140, 62, 3, -1,
    ]
  }
}

Shape {
  appearance Appearance {
    material Material {
      diffuseColor 0.0000 0.0000 0.0000
      specularColor 0.0000 0.0000 0.0000
      ambientIntensity 0.2
      transparency 0.0000
      shininess 0.5
    }
  }
  geometry IndexedFaceSet {
    ccw TRUE
    solid FALSE
    coord DEF co Coordinate {
      point [
        0.210888 -0.392797 0.374016,
        0.210888 -0.339414 0.374016,
        0.253466 -0.358086 0.374016,
        0.254351 -0.365423 0.374016,
        0.254190 -0.368828 0.374016,
        0.252896 -0.375078 0.374016,
        0.250266 -0.380598 0.374016,
        0.246300 -0.385319 0.374016,
        0.240705 -0.389327 0.374016,
        0.234615 -0.391699 0.374016,
        0.225571 -0.392797 0.374016,
        0.246300 -0.346483 0.374016,
        0.248192 -0.348335 0.374016,
        0.251494 -0.352992 0.374016,
        0.226117 -0.339414 0.374016,
        0.234269 -0.340314 0.374016,
        0.240711 -0.342668 0.374016,
        0.246300 -0.385319 0.377953,
        0.240764 -0.381736 0.377953,
        0.240705 -0.389327 0.377953,
        0.237318 -0.384126 0.377953,
        0.234615 -0.391699 0.377953,
        0.232904 -0.385833 0.377953,
        0.225571 -0.392797 0.377953,
        0.225530 -0.386711 0.377953,
        0.210888 -0.392797 0.377953,
        0.217780 -0.386711 0.377953,
        0.210888 -0.339414 0.377953,
        0.217780 -0.345555 0.377953,
        0.226117 -0.339414 0.377953,
        0.225844 -0.345555 0.377953,
        0.226278 -0.345557 0.377953,
        0.234269 -0.340314 0.377953,
        0.233147 -0.346421 0.377953,
        0.240711 -0.342668 0.377953,
        0.237703 -0.348165 0.377953,
        0.246300 -0.346483 0.377953,
        0.241251 -0.350576 0.377953,
        0.248192 -0.348335 0.377953,
        0.242752 -0.352057 0.377953,
        0.251494 -0.352992 0.377953,
        0.244818 -0.355053 0.377953,
        0.253466 -0.358086 0.377953,
        0.246319 -0.358957 0.377953,
        0.254351 -0.365423 0.377953,
        0.247105 -0.365614 0.377953,
        0.254190 -0.368828 0.377953,
        0.246906 -0.369198 0.377953,
        0.252896 -0.375078 0.377953,
        0.245840 -0.374043 0.377953,
        0.250266 -0.380598 0.377953,
        0.243974 -0.377980 0.377953,
        0.241401 -0.381143 0.377953,
        0.241251 -0.350576 0.374016,
        0.242752 -0.352057 0.374016,
        0.244818 -0.355053 0.374016,
        0.246319 -0.358957 0.374016,
        0.247105 -0.365614 0.374016,
        0.225844 -0.345555 0.374016,
        0.226278 -0.345557 0.374016,
        0.233147 -0.346421 0.374016,
        0.237703 -0.348165 0.374016,
        0.217780 -0.345555 0.374016,
        0.217780 -0.386711 0.374016,
        0.225530 -0.386711 0.374016,
        0.241401 -0.381143 0.374016,
        0.240764 -0.381736 0.374016,
        0.237318 -0.384126 0.374016,
        0.232904 -0.385833 0.374016,
        0.246906 -0.369198 0.374016,
        0.245840 -0.374043 0.374016,
        0.243974 -0.377980 0.374016,
      ]
    }
    coordIndex [
      17, 18, 19, -1,
      19, 18, 20, -1,
      19, 20, 21, -1,
      21, 20, 22, -1,
      21, 22, 23, -1,
      23, 22, 24, -1,
      23, 24, 25, -1,
      25, 24, 26, -1,
      25, 26, 27, -1,
      27, 26, 28, -1,
      27, 28, 29, -1,
      28, 30, 29, -1,
      29, 30, 31, -1,
      29, 31, 32, -1,
      32, 31, 33, -1,
      32, 33, 34, -1,
      34, 33, 35, -1,
      34, 35, 36, -1,
      36, 35, 37, -1,
      36, 37, 38, -1,
      38, 37, 39, -1,
      38, 39, 40, -1,
      40, 39, 41, -1,
      40, 41, 42, -1,
      42, 41, 43, -1,
      42, 43, 44, -1,
      44, 43, 45, -1,
      44, 45, 46, -1,
      46, 45, 47, -1,
      46, 47, 48, -1,
      48, 47, 49, -1,
      48, 49, 50, -1,
      50, 49, 51, -1,
      50, 51, 17, -1,
      17, 51, 52, -1,
      17, 52, 18, -1,
      17, 7, 6, -1,
      17, 6, 50, -1,
      50, 6, 5, -1,
      50, 5, 48, -1,
      48, 5, 4, -1,
      48, 4, 46, -1,
      46, 4, 3, -1,
      46, 3, 44, -1,
      44, 3, 2, -1,
      44, 2, 42, -1,
      42, 2, 13, -1,
      42, 13, 40, -1,
      40, 13, 12, -1,
      40, 12, 38, -1,
      38, 12, 11, -1,
      38, 11, 36, -1,
      36, 11, 16, -1,
      36, 16, 34, -1,
      34, 16, 15, -1,
      34, 15, 32, -1,
      32, 15, 14, -1,
      32, 14, 29, -1,
      27, 29, 1, -1,
      1, 29, 14, -1,
      25, 27, 0, -1,
      0, 27, 1, -1,
      23, 25, 10, -1,
      10, 25, 0, -1,
      23, 10, 9, -1,
      23, 9, 21, -1,
      21, 9, 8, -1,
      21, 8, 19, -1,
      19, 8, 7, -1,
      19, 7, 17, -1,
      37, 53, 54, -1,
      37, 54, 39, -1,
      39, 54, 55, -1,
      39, 55, 41, -1,
      41, 55, 56, -1,
      41, 56, 43, -1,
      43, 56, 57, -1,
      43, 57, 45, -1,
      30, 58, 59, -1,
      30, 59, 31, -1,
      31, 59, 60, -1,
      31, 60, 33, -1,
      33, 60, 61, -1,
      33, 61, 35, -1,
      35, 61, 53, -1,
      35, 53, 37, -1,
      30, 28, 58, -1,
      58, 28, 62, -1,
      28, 26, 62, -1,
      62, 26, 63, -1,
      26, 24, 63, -1,
      63, 24, 64, -1,
      52, 65, 66, -1,
      52, 66, 18, -1,
      18, 66, 67, -1,
      18, 67, 20, -1,
      20, 67, 68, -1,
      20, 68, 22, -1,
      22, 68, 64, -1,
      22, 64, 24, -1,
      45, 57, 69, -1,
      45, 69, 47, -1,
      47, 69, 70, -1,
      47, 70, 49, -1,
      49, 70, 71, -1,
      49, 71, 51, -1,
      51, 71, 65, -1,
      51, 65, 52, -1,
    ]
  }
}

Shape {
  appearance Appearance {
    material Material {
      diffuseColor 0.5882 0.5725 0.5255
      specularColor 0.0431 0.0392 0.0392
      ambientIntensity 0.2
      transparency 0.0000
      shininess 0.5
    }
  }
  geometry IndexedFaceSet {
    ccw TRUE
    solid FALSE
    coord DEF co Coordinate {
      point [
        0.241251 -0.350576 0.374016,
        0.242752 -0.352057 0.374016,
        0.244818 -0.355053 0.374016,
        0.246319 -0.358957 0.374016,
        0.247105 -0.365614 0.374016,
        0.225844 -0.345555 0.374016,
        0.226278 -0.345557 0.374016,
        0.233147 -0.346421 0.374016,
        0.237703 -0.348165 0.374016,
        0.217780 -0.345555 0.374016,
        0.217780 -0.386711 0.374016,
        0.225530 -0.386711 0.374016,
        0.241401 -0.381143 0.374016,
        0.240764 -0.381736 0.374016,
        0.237318 -0.384126 0.374016,
        0.232904 -0.385833 0.374016,
        0.246906 -0.369198 0.374016,
        0.245840 -0.374043 0.374016,
        0.243974 -0.377980 0.374016,
      ]
    }
    coordIndex [
      14, 13, 6, -1,
      9, 10, 5, -1,
      5, 10, 11, -1,
      5, 11, 6, -1,
      6, 11, 15, -1,
      6, 15, 14, -1,
      13, 12, 6, -1,
      6, 12, 18, -1,
      6, 18, 17, -1,
      4, 0, 8, -1,
      3, 2, 4, -1,
      4, 2, 1, -1,
      4, 1, 0, -1,
      17, 16, 6, -1,
      6, 16, 4, -1,
      6, 4, 7, -1,
      7, 4, 8, -1,
    ]
  }
}

Shape {
  appearance Appearance {
    material Material {
      diffuseColor 0.0000 0.0000 0.0000
      specularColor 0.0000 0.0000 0.0000
      ambientIntensity 0.2
      transparency 0.0000
      shininess 0.5
    }
  }
  geometry IndexedFaceSet {
    ccw TRUE
    solid FALSE
    coord DEF co Coordinate {
      point [
        0.103195 -0.392978 0.374016,
        0.102150 -0.392594 0.374016,
        0.114515 -0.393200 0.374016,
        0.114032 -0.393247 0.374016,
        0.157956 -0.354670 0.374016,
        0.164888 -0.354670 0.374016,
        0.145729 -0.383327 0.374016,
        0.146548 -0.386465 0.374016,
        0.146725 -0.386465 0.374016,
        0.138994 -0.381902 0.374016,
        0.128289 -0.354670 0.374016,
        0.135767 -0.354670 0.374016,
        0.138994 -0.363954 0.374016,
        0.143245 -0.392715 0.374016,
        0.143020 -0.393247 0.374016,
        0.140311 -0.399647 0.374016,
        0.129668 -0.410209 0.374016,
        0.129668 -0.404260 0.374016,
        0.137741 -0.403458 0.374016,
        0.138987 -0.402070 0.374016,
        0.138994 -0.402056 0.374016,
        0.138994 -0.409563 0.374016,
        0.136681 -0.410444 0.374016,
        0.133980 -0.410755 0.374016,
        0.132504 -0.410702 0.374016,
        0.133461 -0.405024 0.374016,
        0.135130 -0.404829 0.374016,
        0.136588 -0.404264 0.374016,
        0.147585 -0.398556 0.374016,
        0.144558 -0.404451 0.374016,
        0.149678 -0.393247 0.374016,
        0.142111 -0.407389 0.374016,
        0.141655 -0.407807 0.374016,
        0.139320 -0.409439 0.374016,
        0.122572 -0.376122 0.374016,
        0.123820 -0.377963 0.374016,
        0.122981 -0.361984 0.374016,
        0.123670 -0.387231 0.374016,
        0.122424 -0.388995 0.374016,
        0.101403 -0.358608 0.374016,
        0.102150 -0.357937 0.374016,
        0.103385 -0.356826 0.374016,
        0.105504 -0.355574 0.374016,
        0.124533 -0.379935 0.374016,
        0.124809 -0.382426 0.374016,
        0.124491 -0.385113 0.374016,
        0.109209 -0.354291 0.374016,
        0.113947 -0.353797 0.374016,
        0.122981 -0.355489 0.374016,
        0.118587 -0.354204 0.374016,
        0.120511 -0.390668 0.374016,
        0.118258 -0.391972 0.374016,
        0.113293 -0.359228 0.374016,
        0.111313 -0.359376 0.374016,
        0.105992 -0.364359 0.374016,
        0.109524 -0.359850 0.374016,
        0.108025 -0.360647 0.374016,
        0.106053 -0.365248 0.374016,
        0.106318 -0.366287 0.374016,
        0.106800 -0.367189 0.374016,
        0.107452 -0.367907 0.374016,
        0.109809 -0.369381 0.374016,
        0.117635 -0.359715 0.374016,
        0.113947 -0.371182 0.374016,
        0.121410 -0.361087 0.374016,
        0.116536 -0.372230 0.374016,
        0.120977 -0.374699 0.374016,
        0.107016 -0.361539 0.374016,
        0.106443 -0.362390 0.374016,
        0.106113 -0.363293 0.374016,
        0.062133 -0.374544 0.374016,
        0.063089 -0.363840 0.374016,
        0.060776 -0.376445 0.374016,
        0.059837 -0.378787 0.374016,
        0.099059 -0.384555 0.374016,
        0.089999 -0.368261 0.374016,
        0.099059 -0.391460 0.374016,
        0.089999 -0.392797 0.374016,
        0.079934 -0.390802 0.374016,
        0.077631 -0.392327 0.374016,
        0.083312 -0.392797 0.374016,
        0.075098 -0.393247 0.374016,
        0.060507 -0.387894 0.374016,
        0.059696 -0.385635 0.374016,
        0.069460 -0.354614 0.374016,
        0.064485 -0.356537 0.374016,
        0.063089 -0.357345 0.374016,
        0.067576 -0.393247 0.374016,
        0.067454 -0.393233 0.374016,
        0.064890 -0.392267 0.374016,
        0.064215 -0.372778 0.374016,
        0.067123 -0.371327 0.374016,
        0.067079 -0.361240 0.374016,
        0.072013 -0.370145 0.374016,
        0.077854 -0.359465 0.374016,
        0.075589 -0.359228 0.374016,
        0.071250 -0.359722 0.374016,
        0.062639 -0.390696 0.374016,
        0.061898 -0.389946 0.374016,
        0.083312 -0.386902 0.374016,
        0.083135 -0.386902 0.374016,
        0.082051 -0.388544 0.374016,
        0.101688 -0.386179 0.374016,
        0.102150 -0.386352 0.374016,
        0.102150 -0.372174 0.374016,
        0.059363 -0.382590 0.374016,
        0.059389 -0.381643 0.374016,
        0.089502 -0.363285 0.374016,
        0.099388 -0.367556 0.374016,
        0.099364 -0.362569 0.374016,
        0.100161 -0.360416 0.374016,
        0.087103 -0.358035 0.374016,
        0.076216 -0.353797 0.374016,
        0.080313 -0.354174 0.374016,
        0.083115 -0.355038 0.374016,
        0.083312 -0.368562 0.374016,
        0.083080 -0.365605 0.374016,
        0.082388 -0.363224 0.374016,
        0.081603 -0.361847 0.374016,
        0.088463 -0.360211 0.374016,
        0.099100 -0.364959 0.374016,
        0.085327 -0.356318 0.374016,
        0.102091 -0.372135 0.374016,
        0.100997 -0.370991 0.374016,
        0.100126 -0.369597 0.374016,
        0.080592 -0.360772 0.374016,
        0.079405 -0.360007 0.374016,
        0.105881 -0.387753 0.374016,
        0.109226 -0.376040 0.374016,
        0.105240 -0.374213 0.374016,
        0.110058 -0.388239 0.374016,
        0.110354 -0.388237 0.374016,
        0.113617 -0.377879 0.374016,
        0.113781 -0.387853 0.374016,
        0.117946 -0.383081 0.374016,
        0.117880 -0.382249 0.374016,
        0.115507 -0.387222 0.374016,
        0.116116 -0.386852 0.374016,
        0.116883 -0.386171 0.374016,
        0.117467 -0.385307 0.374016,
        0.117807 -0.384357 0.374016,
        0.117576 -0.381205 0.374016,
        0.117059 -0.380319 0.374016,
        0.116226 -0.379451 0.374016,
        0.105520 -0.393247 0.374016,
        0.109403 -0.393698 0.374016,
        0.131035 -0.404708 0.374016,
        0.074923 -0.393311 0.374016,
        0.071454 -0.393698 0.374016,
        0.147544 -0.383381 0.374016,
        0.147032 -0.385159 0.374016,
        0.147544 -0.383381 0.377953,
        0.147032 -0.385159 0.377953,
        0.146725 -0.386465 0.377953,
        0.146548 -0.386465 0.377953,
        0.145729 -0.383327 0.377953,
        0.135767 -0.354670 0.377953,
        0.128289 -0.354670 0.377953,
        0.143245 -0.392715 0.377953,
        0.140311 -0.399647 0.377953,
        0.138987 -0.402070 0.377953,
        0.137741 -0.403458 0.377953,
        0.136588 -0.404264 0.377953,
        0.135130 -0.404829 0.377953,
        0.133461 -0.405024 0.377953,
        0.131035 -0.404708 0.377953,
        0.129668 -0.404260 0.377953,
        0.129668 -0.410209 0.377953,
        0.132504 -0.410702 0.377953,
        0.133980 -0.410755 0.377953,
        0.136681 -0.410444 0.377953,
        0.139320 -0.409439 0.377953,
        0.141655 -0.407807 0.377953,
        0.142111 -0.407389 0.377953,
        0.144558 -0.404451 0.377953,
        0.147585 -0.398556 0.377953,
        0.164888 -0.354670 0.377953,
        0.157956 -0.354670 0.377953,
        0.109403 -0.393698 0.377953,
        0.114515 -0.393200 0.377953,
        0.118258 -0.391972 0.377953,
        0.120511 -0.390668 0.377953,
        0.122424 -0.388995 0.377953,
        0.123670 -0.387231 0.377953,
        0.124491 -0.385113 0.377953,
        0.124809 -0.382426 0.377953,
        0.124533 -0.379935 0.377953,
        0.123820 -0.377963 0.377953,
        0.122572 -0.376122 0.377953,
        0.120977 -0.374699 0.377953,
        0.116536 -0.372230 0.377953,
        0.113947 -0.371182 0.377953,
        0.109809 -0.369381 0.377953,
        0.107452 -0.367907 0.377953,
        0.106800 -0.367189 0.377953,
        0.106318 -0.366287 0.377953,
        0.106053 -0.365248 0.377953,
        0.105992 -0.364359 0.377953,
        0.106113 -0.363293 0.377953,
        0.106443 -0.362390 0.377953,
        0.107016 -0.361539 0.377953,
        0.108025 -0.360647 0.377953,
        0.109524 -0.359850 0.377953,
        0.111313 -0.359376 0.377953,
        0.113293 -0.359228 0.377953,
        0.117635 -0.359715 0.377953,
        0.121410 -0.361087 0.377953,
        0.122981 -0.361984 0.377953,
        0.122981 -0.355489 0.377953,
        0.118587 -0.354204 0.377953,
        0.113947 -0.353797 0.377953,
        0.109209 -0.354291 0.377953,
        0.105504 -0.355574 0.377953,
        0.103385 -0.356826 0.377953,
        0.101403 -0.358608 0.377953,
        0.100161 -0.360416 0.377953,
        0.099364 -0.362569 0.377953,
        0.099100 -0.364959 0.377953,
        0.099388 -0.367556 0.377953,
        0.100126 -0.369597 0.377953,
        0.100997 -0.370991 0.377953,
        0.109226 -0.376040 0.377953,
        0.105240 -0.374213 0.377953,
        0.102091 -0.372135 0.377953,
        0.113617 -0.377879 0.377953,
        0.116226 -0.379451 0.377953,
        0.117059 -0.380319 0.377953,
        0.117576 -0.381205 0.377953,
        0.117880 -0.382249 0.377953,
        0.117946 -0.383081 0.377953,
        0.117807 -0.384357 0.377953,
        0.117467 -0.385307 0.377953,
        0.116883 -0.386171 0.377953,
        0.116116 -0.386852 0.377953,
        0.115507 -0.387222 0.377953,
        0.113781 -0.387853 0.377953,
        0.110354 -0.388237 0.377953,
        0.110058 -0.388239 0.377953,
        0.099059 -0.384555 0.377953,
        0.101688 -0.386179 0.377953,
        0.105881 -0.387753 0.377953,
        0.099059 -0.391460 0.377953,
        0.103195 -0.392978 0.377953,
        0.083312 -0.392797 0.377953,
        0.089999 -0.392797 0.377953,
        0.083312 -0.386902 0.377953,
        0.089999 -0.368261 0.377953,
        0.083312 -0.368562 0.377953,
        0.068731 -0.376582 0.377953,
        0.070274 -0.375830 0.377953,
        0.083135 -0.386902 0.377953,
        0.079608 -0.385920 0.377953,
        0.082051 -0.388544 0.377953,
        0.077719 -0.387195 0.377953,
        0.074388 -0.374866 0.377953,
        0.083312 -0.373665 0.377953,
        0.083312 -0.377322 0.377953,
        0.083306 -0.377766 0.377953,
        0.082875 -0.380750 0.377953,
        0.081894 -0.383135 0.377953,
        0.080446 -0.385101 0.377953,
        0.083080 -0.365605 0.377953,
        0.089502 -0.363285 0.377953,
        0.082388 -0.363224 0.377953,
        0.088463 -0.360211 0.377953,
        0.081603 -0.361847 0.377953,
        0.087103 -0.358035 0.377953,
        0.080592 -0.360772 0.377953,
        0.085327 -0.356318 0.377953,
        0.079405 -0.360007 0.377953,
        0.083115 -0.355038 0.377953,
        0.077854 -0.359465 0.377953,
        0.080313 -0.354174 0.377953,
        0.075589 -0.359228 0.377953,
        0.076216 -0.353797 0.377953,
        0.071250 -0.359722 0.377953,
        0.069460 -0.354614 0.377953,
        0.067079 -0.361240 0.377953,
        0.064485 -0.356537 0.377953,
        0.063089 -0.363840 0.377953,
        0.063089 -0.357345 0.377953,
        0.067515 -0.385921 0.377953,
        0.062639 -0.390696 0.377953,
        0.068083 -0.386493 0.377953,
        0.064890 -0.392267 0.377953,
        0.069416 -0.387403 0.377953,
        0.067454 -0.393233 0.377953,
        0.070928 -0.387957 0.377953,
        0.071454 -0.393698 0.377953,
        0.073187 -0.388212 0.377953,
        0.074923 -0.393311 0.377953,
        0.075690 -0.387932 0.377953,
        0.077631 -0.392327 0.377953,
        0.079934 -0.390802 0.377953,
        0.066202 -0.380983 0.377953,
        0.059389 -0.381643 0.377953,
        0.066146 -0.382044 0.377953,
        0.059363 -0.382590 0.377953,
        0.066315 -0.383579 0.377953,
        0.059696 -0.385635 0.377953,
        0.066755 -0.384794 0.377953,
        0.060507 -0.387894 0.377953,
        0.061898 -0.389946 0.377953,
        0.072013 -0.370145 0.377953,
        0.067123 -0.371327 0.377953,
        0.067919 -0.377213 0.377953,
        0.064215 -0.372778 0.377953,
        0.067119 -0.378204 0.377953,
        0.062133 -0.374544 0.377953,
        0.066532 -0.379452 0.377953,
        0.060776 -0.376445 0.377953,
        0.059837 -0.378787 0.377953,
        0.080446 -0.385101 0.374016,
        0.079608 -0.385920 0.374016,
        0.077719 -0.387195 0.374016,
        0.075690 -0.387932 0.374016,
        0.073187 -0.388212 0.374016,
        0.083312 -0.377322 0.374016,
        0.083306 -0.377766 0.374016,
        0.082875 -0.380750 0.374016,
        0.081894 -0.383135 0.374016,
        0.083312 -0.373665 0.374016,
        0.074388 -0.374866 0.374016,
        0.067919 -0.377213 0.374016,
        0.068731 -0.376582 0.374016,
        0.070274 -0.375830 0.374016,
        0.066146 -0.382044 0.374016,
        0.066202 -0.380983 0.374016,
        0.066532 -0.379452 0.374016,
        0.067119 -0.378204 0.374016,
        0.068083 -0.386493 0.374016,
        0.067515 -0.385921 0.374016,
        0.066755 -0.384794 0.374016,
        0.066315 -0.383579 0.374016,
        0.070928 -0.387957 0.374016,
        0.069416 -0.387403 0.374016,
      ]
    }
    coordIndex [
      151, 149, 150, -1,
      151, 150, 152, -1,
      152, 150, 8, -1,
      152, 8, 153, -1,
      154, 153, 7, -1,
      7, 153, 8, -1,
      155, 154, 6, -1,
      6, 154, 7, -1,
      155, 6, 156, -1,
      156, 6, 12, -1,
      156, 12, 11, -1,
      157, 156, 10, -1,
      10, 156, 11, -1,
      157, 10, 158, -1,
      158, 10, 9, -1,
      158, 9, 13, -1,
      15, 159, 14, -1,
      14, 159, 158, -1,
      14, 158, 13, -1,
      15, 20, 159, -1,
      159, 20, 160, -1,
      20, 19, 160, -1,
      160, 19, 18, -1,
      160, 18, 161, -1,
      161, 18, 27, -1,
      161, 27, 162, -1,
      162, 27, 26, -1,
      162, 26, 163, -1,
      163, 26, 25, -1,
      163, 25, 164, -1,
      164, 25, 146, -1,
      164, 146, 165, -1,
      165, 146, 17, -1,
      165, 17, 166, -1,
      167, 166, 16, -1,
      16, 166, 17, -1,
      167, 16, 24, -1,
      167, 24, 168, -1,
      168, 24, 23, -1,
      168, 23, 169, -1,
      169, 23, 22, -1,
      169, 22, 170, -1,
      170, 22, 21, -1,
      170, 21, 171, -1,
      21, 33, 171, -1,
      171, 33, 32, -1,
      171, 32, 172, -1,
      172, 32, 31, -1,
      172, 31, 173, -1,
      173, 31, 29, -1,
      173, 29, 174, -1,
      174, 29, 28, -1,
      174, 28, 175, -1,
      5, 176, 30, -1,
      30, 176, 175, -1,
      30, 175, 28, -1,
      177, 176, 4, -1,
      4, 176, 5, -1,
      151, 177, 149, -1,
      149, 177, 4, -1,
      152, 153, 175, -1,
      176, 177, 175, -1,
      175, 177, 151, -1,
      175, 151, 152, -1,
      156, 157, 155, -1,
      155, 157, 158, -1,
      155, 158, 154, -1,
      166, 167, 165, -1,
      165, 167, 168, -1,
      165, 168, 164, -1,
      164, 168, 169, -1,
      164, 169, 163, -1,
      163, 169, 170, -1,
      163, 170, 162, -1,
      162, 170, 171, -1,
      162, 171, 161, -1,
      153, 154, 175, -1,
      175, 154, 158, -1,
      175, 158, 174, -1,
      158, 159, 174, -1,
      174, 159, 160, -1,
      174, 160, 173, -1,
      173, 160, 161, -1,
      173, 161, 172, -1,
      172, 161, 171, -1,
      145, 3, 178, -1,
      178, 3, 179, -1,
      3, 2, 179, -1,
      179, 2, 51, -1,
      179, 51, 180, -1,
      180, 51, 50, -1,
      180, 50, 181, -1,
      181, 50, 38, -1,
      181, 38, 182, -1,
      182, 38, 37, -1,
      182, 37, 183, -1,
      183, 37, 45, -1,
      183, 45, 184, -1,
      184, 45, 44, -1,
      184, 44, 185, -1,
      185, 44, 43, -1,
      185, 43, 186, -1,
      186, 43, 35, -1,
      186, 35, 187, -1,
      187, 35, 34, -1,
      187, 34, 188, -1,
      188, 34, 66, -1,
      188, 66, 189, -1,
      189, 66, 65, -1,
      189, 65, 190, -1,
      190, 65, 63, -1,
      190, 63, 191, -1,
      191, 63, 61, -1,
      191, 61, 192, -1,
      192, 61, 60, -1,
      192, 60, 193, -1,
      193, 60, 59, -1,
      193, 59, 194, -1,
      194, 59, 58, -1,
      194, 58, 195, -1,
      195, 58, 57, -1,
      195, 57, 196, -1,
      196, 57, 54, -1,
      196, 54, 197, -1,
      197, 54, 69, -1,
      197, 69, 198, -1,
      198, 69, 68, -1,
      198, 68, 199, -1,
      199, 68, 67, -1,
      199, 67, 200, -1,
      200, 67, 56, -1,
      200, 56, 201, -1,
      201, 56, 55, -1,
      201, 55, 202, -1,
      202, 55, 53, -1,
      202, 53, 203, -1,
      203, 53, 52, -1,
      203, 52, 204, -1,
      204, 52, 62, -1,
      204, 62, 205, -1,
      205, 62, 64, -1,
      205, 64, 206, -1,
      206, 64, 36, -1,
      206, 36, 207, -1,
      208, 207, 48, -1,
      48, 207, 36, -1,
      208, 48, 49, -1,
      208, 49, 209, -1,
      209, 49, 47, -1,
      209, 47, 210, -1,
      210, 47, 46, -1,
      210, 46, 211, -1,
      211, 46, 42, -1,
      211, 42, 212, -1,
      212, 42, 41, -1,
      212, 41, 213, -1,
      41, 40, 213, -1,
      213, 40, 214, -1,
      40, 39, 214, -1,
      214, 39, 110, -1,
      214, 110, 215, -1,
      215, 110, 109, -1,
      215, 109, 216, -1,
      216, 109, 120, -1,
      216, 120, 217, -1,
      217, 120, 108, -1,
      217, 108, 218, -1,
      218, 108, 124, -1,
      218, 124, 219, -1,
      219, 124, 123, -1,
      219, 123, 220, -1,
      128, 221, 222, -1,
      220, 123, 122, -1,
      220, 122, 223, -1,
      223, 122, 104, -1,
      223, 104, 222, -1,
      222, 104, 129, -1,
      222, 129, 128, -1,
      221, 128, 132, -1,
      221, 132, 224, -1,
      224, 132, 143, -1,
      224, 143, 225, -1,
      225, 143, 142, -1,
      225, 142, 226, -1,
      226, 142, 141, -1,
      226, 141, 227, -1,
      227, 141, 135, -1,
      227, 135, 228, -1,
      228, 135, 134, -1,
      228, 134, 229, -1,
      229, 134, 140, -1,
      229, 140, 230, -1,
      230, 140, 139, -1,
      230, 139, 231, -1,
      231, 139, 138, -1,
      231, 138, 232, -1,
      232, 138, 137, -1,
      232, 137, 233, -1,
      233, 137, 136, -1,
      233, 136, 234, -1,
      234, 136, 133, -1,
      234, 133, 235, -1,
      235, 133, 131, -1,
      235, 131, 236, -1,
      236, 131, 130, -1,
      236, 130, 237, -1,
      74, 238, 239, -1,
      237, 130, 127, -1,
      237, 127, 240, -1,
      240, 127, 103, -1,
      240, 103, 239, -1,
      239, 103, 102, -1,
      239, 102, 74, -1,
      241, 238, 76, -1,
      76, 238, 74, -1,
      76, 1, 241, -1,
      241, 1, 242, -1,
      145, 178, 144, -1,
      144, 178, 242, -1,
      144, 242, 0, -1,
      0, 242, 1, -1,
      200, 201, 212, -1,
      212, 201, 211, -1,
      192, 221, 191, -1,
      191, 221, 224, -1,
      191, 224, 190, -1,
      178, 237, 242, -1,
      242, 237, 240, -1,
      242, 240, 241, -1,
      241, 240, 239, -1,
      241, 239, 238, -1,
      201, 202, 211, -1,
      211, 202, 203, -1,
      211, 203, 210, -1,
      210, 203, 204, -1,
      210, 204, 209, -1,
      209, 204, 205, -1,
      209, 205, 208, -1,
      208, 205, 206, -1,
      208, 206, 207, -1,
      190, 224, 189, -1,
      189, 224, 225, -1,
      189, 225, 188, -1,
      188, 225, 226, -1,
      188, 226, 187, -1,
      187, 226, 227, -1,
      187, 227, 186, -1,
      186, 227, 228, -1,
      186, 228, 185, -1,
      185, 228, 229, -1,
      185, 229, 184, -1,
      184, 229, 230, -1,
      184, 230, 183, -1,
      183, 230, 231, -1,
      183, 231, 182, -1,
      182, 231, 232, -1,
      182, 232, 181, -1,
      181, 232, 233, -1,
      181, 233, 180, -1,
      180, 233, 234, -1,
      180, 234, 179, -1,
      179, 234, 235, -1,
      179, 235, 178, -1,
      178, 235, 236, -1,
      178, 236, 237, -1,
      212, 213, 200, -1,
      200, 213, 214, -1,
      200, 214, 199, -1,
      199, 214, 215, -1,
      199, 215, 198, -1,
      198, 215, 216, -1,
      198, 216, 197, -1,
      197, 216, 217, -1,
      197, 217, 196, -1,
      196, 217, 218, -1,
      196, 218, 195, -1,
      195, 218, 219, -1,
      195, 219, 194, -1,
      194, 219, 220, -1,
      194, 220, 193, -1,
      193, 220, 223, -1,
      193, 223, 192, -1,
      192, 223, 222, -1,
      192, 222, 221, -1,
      243, 244, 245, -1,
      245, 244, 246, -1,
      247, 248, 249, -1,
      250, 251, 252, -1,
      252, 251, 253, -1,
      254, 255, 246, -1,
      246, 255, 256, -1,
      256, 257, 246, -1,
      246, 257, 258, -1,
      246, 258, 245, -1,
      245, 258, 259, -1,
      245, 259, 250, -1,
      250, 259, 260, -1,
      250, 260, 251, -1,
      249, 254, 247, -1,
      247, 254, 246, -1,
      247, 246, 261, -1,
      261, 246, 262, -1,
      261, 262, 263, -1,
      263, 262, 264, -1,
      263, 264, 265, -1,
      265, 264, 266, -1,
      265, 266, 267, -1,
      267, 266, 268, -1,
      267, 268, 269, -1,
      269, 268, 270, -1,
      269, 270, 271, -1,
      271, 270, 272, -1,
      271, 272, 273, -1,
      273, 272, 274, -1,
      273, 274, 275, -1,
      275, 274, 276, -1,
      275, 276, 277, -1,
      277, 276, 278, -1,
      277, 278, 279, -1,
      279, 278, 280, -1,
      281, 282, 283, -1,
      283, 282, 284, -1,
      283, 284, 285, -1,
      285, 284, 286, -1,
      285, 286, 287, -1,
      287, 286, 288, -1,
      287, 288, 289, -1,
      289, 288, 290, -1,
      289, 290, 291, -1,
      291, 290, 292, -1,
      291, 292, 253, -1,
      253, 292, 293, -1,
      253, 293, 252, -1,
      294, 295, 296, -1,
      296, 295, 297, -1,
      296, 297, 298, -1,
      298, 297, 299, -1,
      298, 299, 300, -1,
      300, 299, 301, -1,
      300, 301, 281, -1,
      281, 301, 302, -1,
      281, 302, 282, -1,
      247, 303, 248, -1,
      248, 303, 304, -1,
      248, 304, 305, -1,
      305, 304, 306, -1,
      305, 306, 307, -1,
      307, 306, 308, -1,
      307, 308, 309, -1,
      309, 308, 310, -1,
      309, 310, 294, -1,
      294, 310, 311, -1,
      294, 311, 295, -1,
      273, 95, 94, -1,
      273, 94, 271, -1,
      271, 94, 126, -1,
      271, 126, 269, -1,
      269, 126, 125, -1,
      269, 125, 267, -1,
      267, 125, 118, -1,
      267, 118, 265, -1,
      265, 118, 117, -1,
      265, 117, 263, -1,
      263, 117, 116, -1,
      263, 116, 261, -1,
      261, 116, 115, -1,
      261, 115, 247, -1,
      303, 247, 93, -1,
      93, 247, 115, -1,
      303, 93, 91, -1,
      303, 91, 304, -1,
      304, 91, 90, -1,
      304, 90, 306, -1,
      306, 90, 70, -1,
      306, 70, 308, -1,
      308, 70, 72, -1,
      308, 72, 310, -1,
      310, 72, 73, -1,
      310, 73, 311, -1,
      311, 73, 106, -1,
      311, 106, 295, -1,
      295, 106, 105, -1,
      295, 105, 297, -1,
      297, 105, 83, -1,
      297, 83, 299, -1,
      299, 83, 82, -1,
      299, 82, 301, -1,
      301, 82, 98, -1,
      301, 98, 302, -1,
      302, 98, 97, -1,
      302, 97, 282, -1,
      148, 288, 87, -1,
      87, 288, 286, -1,
      87, 286, 88, -1,
      88, 286, 284, -1,
      88, 284, 89, -1,
      89, 284, 282, -1,
      89, 282, 97, -1,
      288, 148, 147, -1,
      288, 147, 290, -1,
      290, 147, 81, -1,
      290, 81, 292, -1,
      81, 79, 292, -1,
      292, 79, 78, -1,
      292, 78, 293, -1,
      293, 78, 101, -1,
      293, 101, 252, -1,
      252, 101, 100, -1,
      252, 100, 250, -1,
      245, 250, 99, -1,
      99, 250, 100, -1,
      243, 245, 80, -1,
      80, 245, 99, -1,
      244, 243, 77, -1,
      77, 243, 80, -1,
      246, 244, 75, -1,
      75, 244, 77, -1,
      246, 75, 107, -1,
      246, 107, 262, -1,
      262, 107, 119, -1,
      262, 119, 264, -1,
      264, 119, 111, -1,
      264, 111, 266, -1,
      266, 111, 121, -1,
      266, 121, 268, -1,
      268, 121, 114, -1,
      268, 114, 270, -1,
      270, 114, 113, -1,
      270, 113, 272, -1,
      272, 113, 112, -1,
      272, 112, 274, -1,
      274, 112, 84, -1,
      274, 84, 276, -1,
      276, 84, 85, -1,
      276, 85, 278, -1,
      278, 85, 86, -1,
      278, 86, 280, -1,
      279, 280, 71, -1,
      71, 280, 86, -1,
      279, 71, 92, -1,
      279, 92, 277, -1,
      277, 92, 96, -1,
      277, 96, 275, -1,
      275, 96, 95, -1,
      275, 95, 273, -1,
      260, 312, 313, -1,
      260, 313, 251, -1,
      251, 313, 314, -1,
      251, 314, 253, -1,
      253, 314, 315, -1,
      253, 315, 291, -1,
      291, 315, 316, -1,
      291, 316, 289, -1,
      256, 317, 318, -1,
      256, 318, 257, -1,
      257, 318, 319, -1,
      257, 319, 258, -1,
      258, 319, 320, -1,
      258, 320, 259, -1,
      259, 320, 312, -1,
      259, 312, 260, -1,
      256, 255, 317, -1,
      317, 255, 321, -1,
      255, 254, 321, -1,
      321, 254, 322, -1,
      305, 323, 324, -1,
      305, 324, 248, -1,
      248, 324, 325, -1,
      248, 325, 249, -1,
      249, 325, 322, -1,
      249, 322, 254, -1,
      296, 326, 327, -1,
      296, 327, 294, -1,
      294, 327, 328, -1,
      294, 328, 309, -1,
      309, 328, 329, -1,
      309, 329, 307, -1,
      307, 329, 323, -1,
      307, 323, 305, -1,
      283, 330, 331, -1,
      283, 331, 281, -1,
      281, 331, 332, -1,
      281, 332, 300, -1,
      300, 332, 333, -1,
      300, 333, 298, -1,
      298, 333, 326, -1,
      298, 326, 296, -1,
      289, 316, 334, -1,
      289, 334, 287, -1,
      287, 334, 335, -1,
      287, 335, 285, -1,
      285, 335, 330, -1,
      285, 330, 283, -1,
    ]
  }
}

Shape {
  appearance Appearance {
    material Material {
      diffuseColor 0.5882 0.5725 0.5255
      specularColor 0.0431 0.0392 0.0392
      ambientIntensity 0.2
      transparency 0.0000
      shininess 0.5
    }
  }
  geometry IndexedFaceSet {
    ccw TRUE
    solid FALSE
    coord DEF co Coordinate {
      point [
        0.080446 -0.385101 0.374016,
        0.079608 -0.385920 0.374016,
        0.077719 -0.387195 0.374016,
        0.075690 -0.387932 0.374016,
        0.073187 -0.388212 0.374016,
        0.083312 -0.377322 0.374016,
        0.083306 -0.377766 0.374016,
        0.082875 -0.380750 0.374016,
        0.081894 -0.383135 0.374016,
        0.083312 -0.373665 0.374016,
        0.074388 -0.374866 0.374016,
        0.067919 -0.377213 0.374016,
        0.068731 -0.376582 0.374016,
        0.070274 -0.375830 0.374016,
        0.066146 -0.382044 0.374016,
        0.066202 -0.380983 0.374016,
        0.066532 -0.379452 0.374016,
        0.067119 -0.378204 0.374016,
        0.068083 -0.386493 0.374016,
        0.067515 -0.385921 0.374016,
        0.066755 -0.384794 0.374016,
        0.066315 -0.383579 0.374016,
        0.070928 -0.387957 0.374016,
        0.069416 -0.387403 0.374016,
      ]
    }
    coordIndex [
      6, 5, 11, -1,
      5, 9, 10, -1,
      10, 13, 5, -1,
      5, 13, 12, -1,
      5, 12, 11, -1,
      6, 11, 7, -1,
      7, 11, 17, -1,
      7, 17, 8, -1,
      19, 18, 1, -1,
      19, 1, 20, -1,
      2, 1, 3, -1,
      3, 1, 4, -1,
      17, 16, 8, -1,
      8, 16, 15, -1,
      8, 15, 0, -1,
      0, 15, 14, -1,
      0, 14, 1, -1,
      1, 14, 21, -1,
      1, 21, 20, -1,
      18, 23, 1, -1,
      1, 23, 22, -1,
      1, 22, 4, -1,
    ]
  }
}

Shape {
  appearance Appearance {
    material Material {
      diffuseColor 0.0000 0.0000 0.0000
      specularColor 0.0000 0.0000 0.0000
      ambientIntensity 0.2
      transparency 0.0000
      shininess 0.5
    }
  }
  geometry IndexedFaceSet {
    ccw TRUE
    solid FALSE
    coord DEF co Coordinate {
      point [
        -0.163543 -0.414394 0.374016,
        -0.170069 -0.416900 0.374016,
        -0.092593 -0.249734 0.374016,
        -0.086021 -0.254277 0.374016,
        -0.077538 -0.260140 0.374016,
        -0.064549 -0.275317 0.374016,
        -0.022502 -0.324212 0.374016,
        -0.025841 -0.315866 0.374016,
        -0.033587 -0.305068 0.374016,
        -0.043880 -0.296359 0.374016,
        -0.057043 -0.290125 0.374016,
        -0.055174 -0.290753 0.374016,
        -0.111452 -0.242513 0.374016,
        -0.129157 -0.240404 0.374016,
        -0.146553 -0.242383 0.374016,
        -0.164144 -0.248796 0.374016,
        -0.173172 -0.254277 0.374016,
        -0.174702 -0.255206 0.374016,
        -0.260658 -0.324212 0.374016,
        -0.258961 -0.314722 0.374016,
        -0.252903 -0.301058 0.374016,
        -0.243780 -0.289366 0.374016,
        -0.215082 -0.272994 0.374016,
        -0.200132 -0.271147 0.374016,
        -0.183622 -0.262844 0.374016,
        -0.195767 -0.271385 0.374016,
        -0.191403 -0.271906 0.374016,
        -0.241215 -0.286937 0.374016,
        -0.229142 -0.278452 0.374016,
        -0.220106 -0.390790 0.374016,
        -0.233824 -0.384111 0.374016,
        -0.245678 -0.374005 0.374016,
        -0.254348 -0.361625 0.374016,
        -0.259784 -0.347494 0.374016,
        -0.261619 -0.332634 0.374016,
        -0.261511 -0.328986 0.374016,
        -0.179257 -0.418032 0.374016,
        -0.180717 -0.418005 0.374016,
        -0.189679 -0.416609 0.374016,
        -0.194951 -0.414394 0.374016,
        -0.198436 -0.412930 0.374016,
        -0.205861 -0.407335 0.374016,
        -0.215314 -0.392223 0.374016,
        -0.214835 -0.393247 0.374016,
        -0.211507 -0.400369 0.374016,
        -0.143693 -0.393247 0.374016,
        -0.143729 -0.393398 0.374016,
        -0.148219 -0.401857 0.374016,
        -0.154044 -0.408388 0.374016,
        -0.161604 -0.413649 0.374016,
        -0.095229 -0.370856 0.374016,
        -0.092625 -0.369828 0.374016,
        -0.088165 -0.348196 0.374016,
        -0.033511 -0.375902 0.374016,
        -0.043839 -0.384646 0.374016,
        -0.150791 -0.354648 0.374016,
        -0.099931 -0.328080 0.374016,
        -0.157425 -0.348607 0.374016,
        -0.165479 -0.344291 0.374016,
        -0.097563 -0.372511 0.374016,
        -0.025978 -0.365410 0.374016,
        -0.043185 -0.336896 0.374016,
        -0.044969 -0.329606 0.374016,
        -0.047877 -0.324212 0.374016,
        -0.236763 -0.324212 0.374016,
        -0.021203 -0.327459 0.374016,
        -0.019467 -0.339845 0.374016,
        -0.021210 -0.353395 0.374016,
        -0.089684 -0.369450 0.374016,
        -0.089314 -0.369477 0.374016,
        -0.088176 -0.369729 0.374016,
        -0.234531 -0.347014 0.374016,
        -0.230011 -0.354707 0.374016,
        -0.210739 -0.358633 0.374016,
        -0.223206 -0.361699 0.374016,
        -0.214935 -0.366793 0.374016,
        -0.196704 -0.346067 0.374016,
        -0.204464 -0.351459 0.374016,
        -0.237707 -0.331875 0.374016,
        -0.237254 -0.337726 0.374016,
        -0.188320 -0.342860 0.374016,
        -0.179257 -0.341743 0.374016,
        -0.174641 -0.342017 0.374016,
        -0.101450 -0.381216 0.374016,
        -0.101353 -0.379718 0.374016,
        -0.141302 -0.376282 0.374016,
        -0.100591 -0.376830 0.374016,
        -0.099131 -0.374240 0.374016,
        -0.050704 -0.360300 0.374016,
        -0.046528 -0.354381 0.374016,
        -0.043911 -0.347617 0.374016,
        -0.042999 -0.340225 0.374016,
        -0.092581 -0.392637 0.374016,
        -0.095092 -0.391649 0.374016,
        -0.097553 -0.389899 0.374016,
        -0.098435 -0.389001 0.374016,
        -0.100090 -0.386617 0.374016,
        -0.101089 -0.384043 0.374016,
        -0.141508 -0.384028 0.374016,
        -0.141302 -0.380078 0.374016,
        -0.055420 -0.390312 0.374016,
        -0.068050 -0.392982 0.374016,
        -0.090443 -0.392982 0.374016,
        -0.087406 -0.369830 0.374016,
        -0.070327 -0.369830 0.374016,
        -0.063513 -0.368524 0.374016,
        -0.056815 -0.365421 0.374016,
        -0.051204 -0.360838 0.374016,
        -0.083821 -0.287820 0.374016,
        -0.092383 -0.277593 0.374016,
        -0.179637 -0.299613 0.374016,
        -0.093341 -0.276719 0.374016,
        -0.104005 -0.269319 0.374016,
        -0.173839 -0.287609 0.374016,
        -0.182343 -0.298133 0.374016,
        -0.190853 -0.295023 0.374016,
        -0.048499 -0.323058 0.374016,
        -0.052874 -0.318174 0.374016,
        -0.072604 -0.310620 0.374016,
        -0.058760 -0.314063 0.374016,
        -0.065384 -0.311511 0.374016,
        -0.075641 -0.310620 0.374016,
        -0.077965 -0.300049 0.374016,
        -0.213073 -0.296346 0.374016,
        -0.221532 -0.300837 0.374016,
        -0.203703 -0.294126 0.374016,
        -0.228063 -0.306662 0.374016,
        -0.233324 -0.314222 0.374016,
        -0.165327 -0.277439 0.374016,
        -0.115907 -0.264759 0.374016,
        -0.155148 -0.270001 0.374016,
        -0.128777 -0.263177 0.374016,
        -0.142748 -0.264976 0.374016,
        -0.199753 -0.293920 0.374016,
        -0.236576 -0.322687 0.374016,
        -0.211507 -0.400369 0.377953,
        -0.205861 -0.407335 0.377953,
        -0.214935 -0.366793 0.377953,
        -0.221532 -0.300837 0.377953,
        -0.213073 -0.296346 0.377953,
        -0.215082 -0.272994 0.377953,
        -0.191403 -0.271906 0.377953,
        -0.179637 -0.299613 0.377953,
        -0.173839 -0.287609 0.377953,
        -0.141302 -0.380078 0.377953,
        -0.141302 -0.376282 0.377953,
        -0.173474 -0.367007 0.377953,
        -0.177050 -0.365884 0.377953,
        -0.223206 -0.361699 0.377953,
        -0.220106 -0.390790 0.377953,
        -0.215314 -0.392223 0.377953,
        -0.200132 -0.271147 0.377953,
        -0.167788 -0.371588 0.377953,
        -0.166019 -0.374640 0.377953,
        -0.141508 -0.384028 0.377953,
        -0.088165 -0.348196 0.377953,
        -0.099931 -0.328080 0.377953,
        -0.150791 -0.354648 0.377953,
        -0.179637 -0.365655 0.377953,
        -0.183290 -0.366116 0.377953,
        -0.188320 -0.342860 0.377953,
        -0.186609 -0.367410 0.377953,
        -0.196704 -0.346067 0.377953,
        -0.189584 -0.369507 0.377953,
        -0.204464 -0.351459 0.377953,
        -0.191250 -0.371284 0.377953,
        -0.210739 -0.358633 0.377953,
        -0.193173 -0.374453 0.377953,
        -0.194244 -0.378041 0.377953,
        -0.194385 -0.381743 0.377953,
        -0.165479 -0.344291 0.377953,
        -0.174641 -0.342017 0.377953,
        -0.179257 -0.341743 0.377953,
        -0.170333 -0.368957 0.377953,
        -0.075641 -0.310620 0.377953,
        -0.072604 -0.310620 0.377953,
        -0.057043 -0.290125 0.377953,
        -0.065384 -0.311511 0.377953,
        -0.055174 -0.290753 0.377953,
        -0.058760 -0.314063 0.377953,
        -0.043880 -0.296359 0.377953,
        -0.033587 -0.305068 0.377953,
        -0.183622 -0.262844 0.377953,
        -0.165327 -0.277439 0.377953,
        -0.174702 -0.255206 0.377953,
        -0.155148 -0.270001 0.377953,
        -0.164144 -0.248796 0.377953,
        -0.203703 -0.294126 0.377953,
        -0.199753 -0.293920 0.377953,
        -0.195767 -0.271385 0.377953,
        -0.190853 -0.295023 0.377953,
        -0.182343 -0.298133 0.377953,
        -0.193637 -0.385283 0.377953,
        -0.192095 -0.388454 0.377953,
        -0.157425 -0.348607 0.377953,
        -0.033511 -0.375902 0.377953,
        -0.051204 -0.360838 0.377953,
        -0.043839 -0.384646 0.377953,
        -0.056815 -0.365421 0.377953,
        -0.055420 -0.390312 0.377953,
        -0.063513 -0.368524 0.377953,
        -0.068050 -0.392982 0.377953,
        -0.070327 -0.369830 0.377953,
        -0.090443 -0.392982 0.377953,
        -0.087406 -0.369830 0.377953,
        -0.092581 -0.392637 0.377953,
        -0.052874 -0.318174 0.377953,
        -0.048499 -0.323058 0.377953,
        -0.025841 -0.315866 0.377953,
        -0.044969 -0.329606 0.377953,
        -0.021203 -0.327459 0.377953,
        -0.043185 -0.336896 0.377953,
        -0.019467 -0.339845 0.377953,
        -0.042999 -0.340225 0.377953,
        -0.021210 -0.353395 0.377953,
        -0.043911 -0.347617 0.377953,
        -0.025978 -0.365410 0.377953,
        -0.046528 -0.354381 0.377953,
        -0.050704 -0.360300 0.377953,
        -0.077538 -0.260140 0.377953,
        -0.092383 -0.277593 0.377953,
        -0.064549 -0.275317 0.377953,
        -0.083821 -0.287820 0.377953,
        -0.077965 -0.300049 0.377953,
        -0.236576 -0.322687 0.377953,
        -0.261511 -0.328986 0.377953,
        -0.237707 -0.331875 0.377953,
        -0.261619 -0.332634 0.377953,
        -0.237254 -0.337726 0.377953,
        -0.259784 -0.347494 0.377953,
        -0.234531 -0.347014 0.377953,
        -0.254348 -0.361625 0.377953,
        -0.230011 -0.354707 0.377953,
        -0.245678 -0.374005 0.377953,
        -0.233824 -0.384111 0.377953,
        -0.165020 -0.378095 0.377953,
        -0.164893 -0.381773 0.377953,
        -0.143729 -0.393398 0.377953,
        -0.165704 -0.385441 0.377953,
        -0.148219 -0.401857 0.377953,
        -0.167391 -0.388756 0.377953,
        -0.154044 -0.408388 0.377953,
        -0.169756 -0.391472 0.377953,
        -0.161604 -0.413649 0.377953,
        -0.172655 -0.393514 0.377953,
        -0.170069 -0.416900 0.377953,
        -0.175953 -0.394800 0.377953,
        -0.179257 -0.418032 0.377953,
        -0.179637 -0.395259 0.377953,
        -0.180717 -0.418005 0.377953,
        -0.180284 -0.395245 0.377953,
        -0.189679 -0.416609 0.377953,
        -0.183692 -0.394689 0.377953,
        -0.198436 -0.412930 0.377953,
        -0.187122 -0.393216 0.377953,
        -0.190027 -0.390990 0.377953,
        -0.146553 -0.242383 0.377953,
        -0.142748 -0.264976 0.377953,
        -0.129157 -0.240404 0.377953,
        -0.128777 -0.263177 0.377953,
        -0.111452 -0.242513 0.377953,
        -0.115907 -0.264759 0.377953,
        -0.092593 -0.249734 0.377953,
        -0.104005 -0.269319 0.377953,
        -0.093341 -0.276719 0.377953,
        -0.229142 -0.278452 0.377953,
        -0.241215 -0.286937 0.377953,
        -0.228063 -0.306662 0.377953,
        -0.243780 -0.289366 0.377953,
        -0.233324 -0.314222 0.377953,
        -0.252903 -0.301058 0.377953,
        -0.258961 -0.314722 0.377953,
        -0.089314 -0.369477 0.377953,
        -0.098435 -0.389001 0.377953,
        -0.097553 -0.389899 0.377953,
        -0.088176 -0.369729 0.377953,
        -0.095092 -0.391649 0.377953,
        -0.101450 -0.381216 0.377953,
        -0.101089 -0.384043 0.377953,
        -0.100090 -0.386617 0.377953,
        -0.092625 -0.369828 0.377953,
        -0.095229 -0.370856 0.377953,
        -0.101353 -0.379718 0.377953,
        -0.097563 -0.372511 0.377953,
        -0.099131 -0.374240 0.377953,
        -0.100591 -0.376830 0.377953,
        -0.089684 -0.369450 0.377953,
        -0.179637 -0.365655 0.374016,
        -0.177050 -0.365884 0.374016,
        -0.173474 -0.367007 0.374016,
        -0.170333 -0.368957 0.374016,
        -0.167788 -0.371588 0.374016,
        -0.166019 -0.374640 0.374016,
        -0.165020 -0.378095 0.374016,
        -0.164893 -0.381773 0.374016,
        -0.165704 -0.385441 0.374016,
        -0.167391 -0.388756 0.374016,
        -0.169756 -0.391472 0.374016,
        -0.172655 -0.393514 0.374016,
        -0.175953 -0.394800 0.374016,
        -0.179637 -0.395259 0.374016,
        -0.180284 -0.395245 0.374016,
        -0.183692 -0.394689 0.374016,
        -0.187122 -0.393216 0.374016,
        -0.190027 -0.390990 0.374016,
        -0.192095 -0.388454 0.374016,
        -0.193637 -0.385283 0.374016,
        -0.194385 -0.381743 0.374016,
        -0.194244 -0.378041 0.374016,
        -0.193173 -0.374453 0.374016,
        -0.191250 -0.371284 0.374016,
        -0.189584 -0.369507 0.374016,
        -0.186609 -0.367410 0.374016,
        -0.183290 -0.366116 0.374016,
      ]
    }
    coordIndex [
      135, 136, 137, -1,
      138, 139, 140, -1,
      141, 142, 143, -1,
      144, 145, 146, -1,
      146, 145, 147, -1,
      148, 149, 137, -1,
      137, 149, 150, -1,
      137, 150, 135, -1,
      140, 139, 151, -1,
      152, 153, 154, -1,
      155, 156, 145, -1,
      145, 156, 157, -1,
      145, 157, 147, -1,
      147, 157, 158, -1,
      159, 160, 161, -1,
      161, 160, 162, -1,
      161, 162, 163, -1,
      163, 162, 164, -1,
      163, 164, 165, -1,
      165, 164, 166, -1,
      165, 166, 167, -1,
      167, 166, 137, -1,
      167, 137, 168, -1,
      168, 137, 169, -1,
      170, 171, 159, -1,
      159, 171, 172, -1,
      159, 172, 160, -1,
      144, 146, 154, -1,
      154, 146, 173, -1,
      154, 173, 152, -1,
      174, 175, 176, -1,
      176, 175, 177, -1,
      176, 177, 178, -1,
      178, 177, 179, -1,
      178, 179, 180, -1,
      180, 179, 181, -1,
      141, 143, 182, -1,
      182, 143, 183, -1,
      182, 183, 184, -1,
      184, 183, 185, -1,
      184, 185, 186, -1,
      139, 187, 151, -1,
      151, 187, 188, -1,
      151, 188, 189, -1,
      189, 188, 190, -1,
      189, 190, 141, -1,
      141, 190, 191, -1,
      141, 191, 142, -1,
      169, 137, 192, -1,
      192, 137, 136, -1,
      192, 136, 193, -1,
      158, 157, 159, -1,
      159, 157, 194, -1,
      159, 194, 170, -1,
      195, 196, 197, -1,
      197, 196, 198, -1,
      197, 198, 199, -1,
      199, 198, 200, -1,
      199, 200, 201, -1,
      201, 200, 202, -1,
      201, 202, 203, -1,
      203, 202, 204, -1,
      203, 204, 205, -1,
      179, 206, 181, -1,
      181, 206, 207, -1,
      181, 207, 208, -1,
      208, 207, 209, -1,
      208, 209, 210, -1,
      210, 209, 211, -1,
      210, 211, 212, -1,
      212, 211, 213, -1,
      212, 213, 214, -1,
      214, 213, 215, -1,
      214, 215, 216, -1,
      216, 215, 217, -1,
      216, 217, 195, -1,
      195, 217, 218, -1,
      195, 218, 196, -1,
      219, 220, 221, -1,
      221, 220, 222, -1,
      221, 222, 176, -1,
      176, 222, 223, -1,
      176, 223, 174, -1,
      224, 225, 226, -1,
      226, 225, 227, -1,
      226, 227, 228, -1,
      228, 227, 229, -1,
      228, 229, 230, -1,
      230, 229, 231, -1,
      230, 231, 232, -1,
      232, 231, 233, -1,
      232, 233, 148, -1,
      148, 233, 234, -1,
      148, 234, 149, -1,
      153, 235, 154, -1,
      154, 235, 236, -1,
      154, 236, 237, -1,
      237, 236, 238, -1,
      237, 238, 239, -1,
      239, 238, 240, -1,
      239, 240, 241, -1,
      241, 240, 242, -1,
      241, 242, 243, -1,
      243, 242, 244, -1,
      243, 244, 245, -1,
      245, 244, 246, -1,
      245, 246, 247, -1,
      247, 246, 248, -1,
      247, 248, 249, -1,
      249, 248, 250, -1,
      249, 250, 251, -1,
      251, 250, 252, -1,
      251, 252, 253, -1,
      253, 252, 254, -1,
      253, 254, 136, -1,
      136, 254, 255, -1,
      136, 255, 193, -1,
      186, 185, 256, -1,
      256, 185, 257, -1,
      256, 257, 258, -1,
      258, 257, 259, -1,
      258, 259, 260, -1,
      260, 259, 261, -1,
      260, 261, 262, -1,
      262, 261, 263, -1,
      262, 263, 219, -1,
      219, 263, 264, -1,
      219, 264, 220, -1,
      140, 265, 138, -1,
      138, 265, 266, -1,
      138, 266, 267, -1,
      267, 266, 268, -1,
      267, 268, 269, -1,
      269, 268, 270, -1,
      269, 270, 224, -1,
      224, 270, 271, -1,
      224, 271, 225, -1,
      272, 273, 274, -1,
      204, 275, 205, -1,
      205, 275, 272, -1,
      205, 272, 276, -1,
      276, 272, 274, -1,
      277, 278, 272, -1,
      272, 278, 279, -1,
      272, 279, 273, -1,
      280, 281, 282, -1,
      281, 283, 282, -1,
      282, 283, 284, -1,
      282, 284, 285, -1,
      277, 272, 282, -1,
      282, 272, 286, -1,
      282, 286, 280, -1,
      212, 66, 65, -1,
      212, 65, 210, -1,
      210, 65, 6, -1,
      210, 6, 208, -1,
      6, 7, 208, -1,
      208, 7, 8, -1,
      208, 8, 181, -1,
      181, 8, 9, -1,
      181, 9, 180, -1,
      180, 9, 11, -1,
      180, 11, 178, -1,
      178, 11, 10, -1,
      178, 10, 176, -1,
      176, 10, 5, -1,
      176, 5, 221, -1,
      221, 5, 4, -1,
      221, 4, 219, -1,
      219, 4, 262, -1,
      262, 4, 3, -1,
      3, 2, 262, -1,
      262, 2, 12, -1,
      262, 12, 260, -1,
      260, 12, 13, -1,
      260, 13, 258, -1,
      17, 184, 16, -1,
      16, 184, 186, -1,
      16, 186, 15, -1,
      15, 186, 256, -1,
      15, 256, 14, -1,
      14, 256, 258, -1,
      14, 258, 13, -1,
      184, 17, 24, -1,
      184, 24, 182, -1,
      182, 24, 26, -1,
      182, 26, 141, -1,
      141, 26, 25, -1,
      141, 25, 189, -1,
      189, 25, 23, -1,
      189, 23, 151, -1,
      151, 23, 22, -1,
      151, 22, 140, -1,
      140, 22, 28, -1,
      140, 28, 265, -1,
      265, 28, 27, -1,
      265, 27, 266, -1,
      266, 27, 21, -1,
      266, 21, 268, -1,
      19, 270, 20, -1,
      20, 270, 268, -1,
      20, 268, 21, -1,
      18, 225, 19, -1,
      19, 225, 271, -1,
      19, 271, 270, -1,
      18, 35, 225, -1,
      225, 35, 34, -1,
      225, 34, 227, -1,
      227, 34, 33, -1,
      227, 33, 229, -1,
      229, 33, 32, -1,
      229, 32, 231, -1,
      231, 32, 31, -1,
      231, 31, 233, -1,
      233, 31, 30, -1,
      233, 30, 234, -1,
      234, 30, 29, -1,
      234, 29, 149, -1,
      149, 29, 42, -1,
      149, 42, 150, -1,
      150, 42, 43, -1,
      150, 43, 135, -1,
      43, 44, 135, -1,
      135, 44, 41, -1,
      135, 41, 136, -1,
      136, 41, 40, -1,
      136, 40, 253, -1,
      253, 40, 39, -1,
      253, 39, 251, -1,
      39, 38, 251, -1,
      251, 38, 37, -1,
      251, 37, 249, -1,
      249, 37, 36, -1,
      249, 36, 247, -1,
      99, 144, 154, -1,
      247, 36, 1, -1,
      247, 1, 245, -1,
      245, 1, 0, -1,
      245, 0, 243, -1,
      0, 49, 243, -1,
      243, 49, 48, -1,
      243, 48, 241, -1,
      241, 48, 47, -1,
      241, 47, 239, -1,
      239, 47, 46, -1,
      239, 46, 237, -1,
      237, 46, 45, -1,
      237, 45, 154, -1,
      154, 45, 98, -1,
      154, 98, 99, -1,
      145, 144, 85, -1,
      85, 144, 99, -1,
      155, 145, 52, -1,
      52, 145, 85, -1,
      156, 155, 56, -1,
      56, 155, 52, -1,
      157, 156, 55, -1,
      55, 156, 56, -1,
      157, 55, 57, -1,
      157, 57, 194, -1,
      194, 57, 58, -1,
      194, 58, 170, -1,
      170, 58, 82, -1,
      170, 82, 171, -1,
      171, 82, 81, -1,
      171, 81, 172, -1,
      172, 81, 80, -1,
      172, 80, 160, -1,
      160, 80, 76, -1,
      160, 76, 162, -1,
      162, 76, 77, -1,
      162, 77, 164, -1,
      164, 77, 73, -1,
      164, 73, 166, -1,
      166, 73, 75, -1,
      166, 75, 137, -1,
      137, 75, 74, -1,
      137, 74, 148, -1,
      148, 74, 72, -1,
      148, 72, 232, -1,
      232, 72, 71, -1,
      232, 71, 230, -1,
      230, 71, 79, -1,
      230, 79, 228, -1,
      228, 79, 78, -1,
      228, 78, 226, -1,
      78, 64, 226, -1,
      226, 64, 224, -1,
      64, 134, 224, -1,
      224, 134, 127, -1,
      224, 127, 269, -1,
      269, 127, 126, -1,
      269, 126, 267, -1,
      267, 126, 124, -1,
      267, 124, 138, -1,
      138, 124, 123, -1,
      138, 123, 139, -1,
      139, 123, 125, -1,
      139, 125, 187, -1,
      187, 125, 133, -1,
      187, 133, 188, -1,
      188, 133, 115, -1,
      188, 115, 190, -1,
      190, 115, 114, -1,
      190, 114, 191, -1,
      191, 114, 110, -1,
      191, 110, 142, -1,
      142, 110, 113, -1,
      142, 113, 143, -1,
      143, 113, 128, -1,
      143, 128, 183, -1,
      183, 128, 130, -1,
      183, 130, 185, -1,
      185, 130, 132, -1,
      185, 132, 257, -1,
      257, 132, 131, -1,
      257, 131, 259, -1,
      259, 131, 129, -1,
      259, 129, 261, -1,
      261, 129, 112, -1,
      261, 112, 263, -1,
      263, 112, 111, -1,
      263, 111, 264, -1,
      264, 111, 109, -1,
      264, 109, 220, -1,
      220, 109, 108, -1,
      220, 108, 222, -1,
      222, 108, 122, -1,
      222, 122, 223, -1,
      223, 122, 121, -1,
      223, 121, 174, -1,
      175, 174, 118, -1,
      118, 174, 121, -1,
      175, 118, 120, -1,
      175, 120, 177, -1,
      177, 120, 119, -1,
      177, 119, 179, -1,
      179, 119, 117, -1,
      179, 117, 206, -1,
      206, 117, 116, -1,
      206, 116, 207, -1,
      207, 116, 63, -1,
      207, 63, 209, -1,
      63, 62, 209, -1,
      209, 62, 61, -1,
      209, 61, 211, -1,
      211, 61, 91, -1,
      211, 91, 213, -1,
      213, 91, 90, -1,
      213, 90, 215, -1,
      215, 90, 89, -1,
      215, 89, 217, -1,
      217, 89, 88, -1,
      217, 88, 218, -1,
      218, 88, 107, -1,
      218, 107, 196, -1,
      196, 107, 106, -1,
      196, 106, 198, -1,
      198, 106, 105, -1,
      198, 105, 200, -1,
      200, 105, 104, -1,
      200, 104, 202, -1,
      204, 202, 103, -1,
      103, 202, 104, -1,
      204, 103, 70, -1,
      204, 70, 275, -1,
      275, 70, 69, -1,
      275, 69, 272, -1,
      272, 69, 68, -1,
      272, 68, 286, -1,
      286, 68, 51, -1,
      286, 51, 280, -1,
      280, 51, 50, -1,
      280, 50, 281, -1,
      281, 50, 59, -1,
      281, 59, 283, -1,
      283, 59, 87, -1,
      283, 87, 284, -1,
      284, 87, 86, -1,
      284, 86, 285, -1,
      285, 86, 84, -1,
      285, 84, 282, -1,
      282, 84, 83, -1,
      282, 83, 277, -1,
      277, 83, 97, -1,
      277, 97, 278, -1,
      278, 97, 96, -1,
      278, 96, 279, -1,
      279, 96, 95, -1,
      279, 95, 273, -1,
      273, 95, 94, -1,
      273, 94, 274, -1,
      274, 94, 93, -1,
      274, 93, 276, -1,
      276, 93, 92, -1,
      276, 92, 205, -1,
      205, 92, 102, -1,
      205, 102, 203, -1,
      201, 203, 101, -1,
      101, 203, 102, -1,
      201, 101, 100, -1,
      201, 100, 199, -1,
      199, 100, 54, -1,
      199, 54, 197, -1,
      197, 54, 53, -1,
      197, 53, 195, -1,
      195, 53, 60, -1,
      195, 60, 216, -1,
      216, 60, 67, -1,
      216, 67, 214, -1,
      214, 67, 66, -1,
      214, 66, 212, -1,
      158, 287, 288, -1,
      158, 288, 147, -1,
      147, 288, 289, -1,
      147, 289, 146, -1,
      146, 289, 290, -1,
      146, 290, 173, -1,
      173, 290, 291, -1,
      173, 291, 152, -1,
      152, 291, 292, -1,
      152, 292, 153, -1,
      153, 292, 293, -1,
      153, 293, 235, -1,
      235, 293, 294, -1,
      235, 294, 236, -1,
      236, 294, 295, -1,
      236, 295, 238, -1,
      238, 295, 296, -1,
      238, 296, 240, -1,
      240, 296, 297, -1,
      240, 297, 242, -1,
      242, 297, 298, -1,
      242, 298, 244, -1,
      244, 298, 299, -1,
      244, 299, 246, -1,
      246, 299, 300, -1,
      246, 300, 248, -1,
      248, 300, 301, -1,
      248, 301, 250, -1,
      250, 301, 302, -1,
      250, 302, 252, -1,
      252, 302, 303, -1,
      252, 303, 254, -1,
      254, 303, 304, -1,
      254, 304, 255, -1,
      255, 304, 305, -1,
      255, 305, 193, -1,
      193, 305, 306, -1,
      193, 306, 192, -1,
      192, 306, 307, -1,
      192, 307, 169, -1,
      169, 307, 308, -1,
      169, 308, 168, -1,
      168, 308, 309, -1,
      168, 309, 167, -1,
      167, 309, 310, -1,
      167, 310, 165, -1,
      165, 310, 311, -1,
      165, 311, 163, -1,
      163, 311, 312, -1,
      163, 312, 161, -1,
      161, 312, 313, -1,
      161, 313, 159, -1,
      159, 313, 287, -1,
      159, 287, 158, -1,
    ]
  }
}

Shape {
  appearance Appearance {
    material Material {
      diffuseColor 0.5882 0.5725 0.5255
      specularColor 0.0431 0.0392 0.0392
      ambientIntensity 0.2
      transparency 0.0000
      shininess 0.5
    }
  }
  geometry IndexedFaceSet {
    ccw TRUE
    solid FALSE
    coord DEF co Coordinate {
      point [
        -0.179637 -0.365655 0.374016,
        -0.177050 -0.365884 0.374016,
        -0.173474 -0.367007 0.374016,
        -0.170333 -0.368957 0.374016,
        -0.167788 -0.371588 0.374016,
        -0.166019 -0.374640 0.374016,
        -0.165020 -0.378095 0.374016,
        -0.164893 -0.381773 0.374016,
        -0.165704 -0.385441 0.374016,
        -0.167391 -0.388756 0.374016,
        -0.169756 -0.391472 0.374016,
        -0.172655 -0.393514 0.374016,
        -0.175953 -0.394800 0.374016,
        -0.179637 -0.395259 0.374016,
        -0.180284 -0.395245 0.374016,
        -0.183692 -0.394689 0.374016,
        -0.187122 -0.393216 0.374016,
        -0.190027 -0.390990 0.374016,
        -0.192095 -0.388454 0.374016,
        -0.193637 -0.385283 0.374016,
        -0.194385 -0.381743 0.374016,
        -0.194244 -0.378041 0.374016,
        -0.193173 -0.374453 0.374016,
        -0.191250 -0.371284 0.374016,
        -0.189584 -0.369507 0.374016,
        -0.186609 -0.367410 0.374016,
        -0.183290 -0.366116 0.374016,
      ]
    }
    coordIndex [
      14, 24, 23, -1,
      0, 26, 14, -1,
      14, 26, 25, -1,
      14, 25, 24, -1,
      19, 18, 23, -1,
      23, 18, 17, -1,
      0, 14, 1, -1,
      1, 14, 13, -1,
      1, 13, 12, -1,
      9, 5, 10, -1,
      10, 5, 4, -1,
      10, 4, 3, -1,
      12, 11, 1, -1,
      1, 11, 10, -1,
      1, 10, 2, -1,
      2, 10, 3, -1,
      22, 21, 23, -1,
      23, 21, 20, -1,
      23, 20, 19, -1,
      17, 16, 23, -1,
      23, 16, 15, -1,
      23, 15, 14, -1,
      8, 7, 9, -1,
      9, 7, 6, -1,
      9, 6, 5, -1,
    ]
  }
}

Shape {
  appearance Appearance {
    material Material {
      diffuseColor 0.0000 0.0000 0.0000
      specularColor 0.0000 0.0000 0.0000
      ambientIntensity 0.2
      transparency 0.0000
      shininess 0.5
    }
  }
  geometry IndexedFaceSet {
    ccw TRUE
    solid FALSE
    coord DEF co Coordinate {
      point [
        0.187338 -0.284142 0.374016,
        0.186044 -0.290391 0.374016,
        0.183414 -0.295911 0.374016,
        0.179448 -0.300632 0.374016,
        0.168490 -0.256019 0.374016,
        0.173860 -0.257981 0.374016,
        0.184643 -0.268305 0.374016,
        0.186615 -0.273399 0.374016,
        0.187499 -0.280736 0.374016,
        0.179448 -0.261796 0.374016,
        0.181341 -0.263648 0.374016,
        0.173853 -0.304640 0.374016,
        0.168490 -0.306729 0.374016,
        0.167763 -0.307013 0.374016,
        0.144037 -0.308110 0.374016,
        0.144037 -0.254727 0.374016,
        0.159266 -0.254727 0.374016,
        0.167417 -0.255627 0.374016,
        0.158720 -0.308110 0.374016,
        0.179448 -0.300632 0.377953,
        0.173913 -0.297049 0.377953,
        0.173853 -0.304640 0.377953,
        0.170467 -0.299439 0.377953,
        0.167763 -0.307013 0.377953,
        0.166052 -0.301146 0.377953,
        0.158720 -0.308110 0.377953,
        0.158679 -0.302024 0.377953,
        0.144037 -0.308110 0.377953,
        0.150928 -0.302024 0.377953,
        0.144037 -0.254727 0.377953,
        0.150928 -0.260868 0.377953,
        0.159266 -0.254727 0.377953,
        0.158993 -0.260868 0.377953,
        0.159427 -0.260870 0.377953,
        0.167417 -0.255627 0.377953,
        0.166295 -0.261734 0.377953,
        0.173860 -0.257981 0.377953,
        0.170851 -0.263478 0.377953,
        0.179448 -0.261796 0.377953,
        0.174399 -0.265889 0.377953,
        0.181341 -0.263648 0.377953,
        0.175900 -0.267370 0.377953,
        0.184643 -0.268305 0.377953,
        0.177966 -0.270366 0.377953,
        0.186615 -0.273399 0.377953,
        0.179468 -0.274270 0.377953,
        0.187499 -0.280736 0.377953,
        0.180253 -0.280927 0.377953,
        0.187338 -0.284142 0.377953,
        0.180054 -0.284511 0.377953,
        0.186044 -0.290391 0.377953,
        0.178989 -0.289356 0.377953,
        0.183414 -0.295911 0.377953,
        0.177123 -0.293293 0.377953,
        0.174549 -0.296456 0.377953,
        0.174399 -0.265889 0.374016,
        0.175900 -0.267370 0.374016,
        0.177966 -0.270366 0.374016,
        0.179468 -0.274270 0.374016,
        0.180253 -0.280927 0.374016,
        0.158993 -0.260868 0.374016,
        0.159427 -0.260870 0.374016,
        0.166295 -0.261734 0.374016,
        0.170851 -0.263478 0.374016,
        0.150928 -0.260868 0.374016,
        0.150928 -0.302024 0.374016,
        0.158679 -0.302024 0.374016,
        0.174549 -0.296456 0.374016,
        0.173913 -0.297049 0.374016,
        0.170467 -0.299439 0.374016,
        0.166052 -0.301146 0.374016,
        0.180054 -0.284511 0.374016,
        0.178989 -0.289356 0.374016,
        0.177123 -0.293293 0.374016,
      ]
    }
    coordIndex [
      19, 20, 21, -1,
      21, 20, 22, -1,
      21, 22, 23, -1,
      23, 22, 24, -1,
      23, 24, 25, -1,
      25, 24, 26, -1,
      25, 26, 27, -1,
      27, 26, 28, -1,
      27, 28, 29, -1,
      29, 28, 30, -1,
      29, 30, 31, -1,
      30, 32, 31, -1,
      31, 32, 33, -1,
      31, 33, 34, -1,
      34, 33, 35, -1,
      34, 35, 36, -1,
      36, 35, 37, -1,
      36, 37, 38, -1,
      38, 37, 39, -1,
      38, 39, 40, -1,
      40, 39, 41, -1,
      40, 41, 42, -1,
      42, 41, 43, -1,
      42, 43, 44, -1,
      44, 43, 45, -1,
      44, 45, 46, -1,
      46, 45, 47, -1,
      46, 47, 48, -1,
      48, 47, 49, -1,
      48, 49, 50, -1,
      50, 49, 51, -1,
      50, 51, 52, -1,
      52, 51, 53, -1,
      52, 53, 19, -1,
      19, 53, 54, -1,
      19, 54, 20, -1,
      19, 3, 2, -1,
      19, 2, 52, -1,
      52, 2, 1, -1,
      52, 1, 50, -1,
      50, 1, 0, -1,
      50, 0, 48, -1,
      48, 0, 8, -1,
      48, 8, 46, -1,
      46, 8, 7, -1,
      46, 7, 44, -1,
      44, 7, 6, -1,
      44, 6, 42, -1,
      42, 6, 10, -1,
      42, 10, 40, -1,
      40, 10, 9, -1,
      40, 9, 38, -1,
      16, 31, 34, -1,
      38, 9, 5, -1,
      38, 5, 36, -1,
      36, 5, 4, -1,
      36, 4, 34, -1,
      34, 4, 17, -1,
      34, 17, 16, -1,
      29, 31, 15, -1,
      15, 31, 16, -1,
      27, 29, 14, -1,
      14, 29, 15, -1,
      25, 27, 18, -1,
      18, 27, 14, -1,
      3, 19, 21, -1,
      25, 18, 13, -1,
      25, 13, 23, -1,
      23, 13, 12, -1,
      23, 12, 21, -1,
      21, 12, 11, -1,
      21, 11, 3, -1,
      39, 55, 56, -1,
      39, 56, 41, -1,
      41, 56, 57, -1,
      41, 57, 43, -1,
      43, 57, 58, -1,
      43, 58, 45, -1,
      45, 58, 59, -1,
      45, 59, 47, -1,
      32, 60, 61, -1,
      32, 61, 33, -1,
      33, 61, 62, -1,
      33, 62, 35, -1,
      35, 62, 63, -1,
      35, 63, 37, -1,
      37, 63, 55, -1,
      37, 55, 39, -1,
      32, 30, 60, -1,
      60, 30, 64, -1,
      30, 28, 64, -1,
      64, 28, 65, -1,
      28, 26, 65, -1,
      65, 26, 66, -1,
      54, 67, 68, -1,
      54, 68, 20, -1,
      20, 68, 69, -1,
      20, 69, 22, -1,
      22, 69, 70, -1,
      22, 70, 24, -1,
      24, 70, 66, -1,
      24, 66, 26, -1,
      47, 59, 71, -1,
      47, 71, 49, -1,
      49, 71, 72, -1,
      49, 72, 51, -1,
      51, 72, 73, -1,
      51, 73, 53, -1,
      53, 73, 67, -1,
      53, 67, 54, -1,
    ]
  }
}

Shape {
  appearance Appearance {
    material Material {
      diffuseColor 0.5882 0.5725 0.5255
      specularColor 0.0431 0.0392 0.0392
      ambientIntensity 0.2
      transparency 0.0000
      shininess 0.5
    }
  }
  geometry IndexedFaceSet {
    ccw TRUE
    solid FALSE
    coord DEF co Coordinate {
      point [
        0.174399 -0.265889 0.374016,
        0.175900 -0.267370 0.374016,
        0.177966 -0.270366 0.374016,
        0.179468 -0.274270 0.374016,
        0.180253 -0.280927 0.374016,
        0.158993 -0.260868 0.374016,
        0.159427 -0.260870 0.374016,
        0.166295 -0.261734 0.374016,
        0.170851 -0.263478 0.374016,
        0.150928 -0.260868 0.374016,
        0.150928 -0.302024 0.374016,
        0.158679 -0.302024 0.374016,
        0.174549 -0.296456 0.374016,
        0.173913 -0.297049 0.374016,
        0.170467 -0.299439 0.374016,
        0.166052 -0.301146 0.374016,
        0.180054 -0.284511 0.374016,
        0.178989 -0.289356 0.374016,
        0.177123 -0.293293 0.374016,
      ]
    }
    coordIndex [
      14, 13, 6, -1,
      9, 10, 5, -1,
      5, 10, 11, -1,
      5, 11, 6, -1,
      6, 11, 15, -1,
      6, 15, 14, -1,
      13, 12, 6, -1,
      6, 12, 18, -1,
      6, 18, 17, -1,
      4, 0, 8, -1,
      3, 2, 4, -1,
      4, 2, 1, -1,
      4, 1, 0, -1,
      17, 16, 6, -1,
      6, 16, 4, -1,
      6, 4, 7, -1,
      7, 4, 8, -1,
    ]
  }
}

Shape {
  appearance Appearance {
    material Material {
      diffuseColor 0.0000 0.0000 0.0000
      specularColor 0.0000 0.0000 0.0000
      ambientIntensity 0.2
      transparency 0.0000
      shininess 0.5
    }
  }
  geometry IndexedFaceSet {
    ccw TRUE
    solid FALSE
    coord DEF co Coordinate {
      point [
        0.057805 -0.296672 0.374016,
        0.056976 -0.294542 0.374016,
        0.087638 -0.254277 0.374016,
        0.088897 -0.254376 0.374016,
        0.094556 -0.256010 0.374016,
        0.094556 -0.263215 0.374016,
        0.081975 -0.260049 0.374016,
        0.079514 -0.260167 0.374016,
        0.076046 -0.302377 0.374016,
        0.093646 -0.306353 0.374016,
        0.087914 -0.308233 0.374016,
        0.079778 -0.309011 0.374016,
        0.075594 -0.308749 0.374016,
        0.069967 -0.307387 0.374016,
        0.065038 -0.304831 0.374016,
        0.080774 -0.302870 0.374016,
        0.083254 -0.302778 0.374016,
        0.093962 -0.262894 0.374016,
        0.089294 -0.301657 0.374016,
        0.094556 -0.299295 0.374016,
        0.094556 -0.305900 0.374016,
        0.088547 -0.260833 0.374016,
        0.074924 -0.261137 0.374016,
        0.070765 -0.263163 0.374016,
        0.067428 -0.265971 0.374016,
        0.068527 -0.298655 0.374016,
        0.061902 -0.284358 0.374016,
        0.067060 -0.297248 0.374016,
        0.062813 -0.289616 0.374016,
        0.064589 -0.293870 0.374016,
        0.061438 -0.301724 0.374016,
        0.060987 -0.301232 0.374016,
        0.067057 -0.266378 0.374016,
        0.064480 -0.270090 0.374016,
        0.062694 -0.274705 0.374016,
        0.061820 -0.282019 0.374016,
        0.072130 -0.301023 0.374016,
        0.056976 -0.270138 0.374016,
        0.058428 -0.266742 0.374016,
        0.062297 -0.261687 0.374016,
        0.063625 -0.260420 0.374016,
        0.068623 -0.256923 0.374016,
        0.074204 -0.254760 0.374016,
        0.055892 -0.272671 0.374016,
        0.054681 -0.279641 0.374016,
        0.054587 -0.282428 0.374016,
        0.055635 -0.291097 0.374016,
        0.292287 -0.378196 0.374016,
        0.270057 -0.378196 0.374016,
        0.264926 -0.392797 0.374016,
        0.297731 -0.392797 0.374016,
        0.305346 -0.392797 0.374016,
        0.285013 -0.339414 0.374016,
        0.277644 -0.339414 0.374016,
        0.257312 -0.392797 0.374016,
        0.078193 -0.254277 0.374016,
        0.081907 -0.253826 0.374016,
        0.080774 -0.302870 0.377953,
        0.076046 -0.302377 0.377953,
        0.072130 -0.301023 0.377953,
        0.068527 -0.298655 0.377953,
        0.067060 -0.297248 0.377953,
        0.064589 -0.293870 0.377953,
        0.062813 -0.289616 0.377953,
        0.061902 -0.284358 0.377953,
        0.061820 -0.282019 0.377953,
        0.062694 -0.274705 0.377953,
        0.064480 -0.270090 0.377953,
        0.067057 -0.266378 0.377953,
        0.067428 -0.265971 0.377953,
        0.070765 -0.263163 0.377953,
        0.074924 -0.261137 0.377953,
        0.079514 -0.260167 0.377953,
        0.081975 -0.260049 0.377953,
        0.088547 -0.260833 0.377953,
        0.093962 -0.262894 0.377953,
        0.094556 -0.263215 0.377953,
        0.094556 -0.256010 0.377953,
        0.081907 -0.253826 0.377953,
        0.088897 -0.254376 0.377953,
        0.074204 -0.254760 0.377953,
        0.068623 -0.256923 0.377953,
        0.063625 -0.260420 0.377953,
        0.062297 -0.261687 0.377953,
        0.055892 -0.272671 0.377953,
        0.058428 -0.266742 0.377953,
        0.054681 -0.279641 0.377953,
        0.054587 -0.282428 0.377953,
        0.057805 -0.296672 0.377953,
        0.055635 -0.291097 0.377953,
        0.060987 -0.301232 0.377953,
        0.061438 -0.301724 0.377953,
        0.065038 -0.304831 0.377953,
        0.069967 -0.307387 0.377953,
        0.075594 -0.308749 0.377953,
        0.079778 -0.309011 0.377953,
        0.087914 -0.308233 0.377953,
        0.093646 -0.306353 0.377953,
        0.094556 -0.305900 0.377953,
        0.094556 -0.299295 0.377953,
        0.089294 -0.301657 0.377953,
        0.083254 -0.302778 0.377953,
        0.272241 -0.372164 0.377953,
        0.270057 -0.378196 0.377953,
        0.290158 -0.372164 0.377953,
        0.292287 -0.378196 0.377953,
        0.280224 -0.349976 0.377953,
        0.277644 -0.339414 0.377953,
        0.257312 -0.392797 0.377953,
        0.264926 -0.392797 0.377953,
        0.280686 -0.348383 0.377953,
        0.281097 -0.346237 0.377953,
        0.285013 -0.339414 0.377953,
        0.281261 -0.346237 0.377953,
        0.281692 -0.348495 0.377953,
        0.282093 -0.349976 0.377953,
        0.305346 -0.392797 0.377953,
        0.297731 -0.392797 0.377953,
        0.280224 -0.349976 0.374016,
        0.280686 -0.348383 0.374016,
        0.281097 -0.346237 0.374016,
        0.272241 -0.372164 0.374016,
        0.290158 -0.372164 0.374016,
        0.282093 -0.349976 0.374016,
        0.281261 -0.346237 0.374016,
        0.281692 -0.348495 0.374016,
      ]
    }
    coordIndex [
      57, 15, 8, -1,
      57, 8, 58, -1,
      58, 8, 36, -1,
      58, 36, 59, -1,
      59, 36, 25, -1,
      59, 25, 60, -1,
      60, 25, 27, -1,
      60, 27, 61, -1,
      61, 27, 29, -1,
      61, 29, 62, -1,
      62, 29, 28, -1,
      62, 28, 63, -1,
      63, 28, 26, -1,
      63, 26, 64, -1,
      64, 26, 35, -1,
      64, 35, 65, -1,
      65, 35, 34, -1,
      65, 34, 66, -1,
      66, 34, 33, -1,
      66, 33, 67, -1,
      67, 33, 32, -1,
      67, 32, 68, -1,
      68, 32, 24, -1,
      68, 24, 69, -1,
      69, 24, 23, -1,
      69, 23, 70, -1,
      70, 23, 22, -1,
      70, 22, 71, -1,
      71, 22, 7, -1,
      71, 7, 72, -1,
      72, 7, 6, -1,
      72, 6, 73, -1,
      73, 6, 21, -1,
      73, 21, 74, -1,
      74, 21, 17, -1,
      74, 17, 75, -1,
      75, 17, 5, -1,
      75, 5, 76, -1,
      77, 76, 4, -1,
      4, 76, 5, -1,
      56, 78, 2, -1,
      2, 78, 79, -1,
      2, 79, 3, -1,
      3, 79, 77, -1,
      3, 77, 4, -1,
      78, 56, 55, -1,
      78, 55, 80, -1,
      55, 42, 80, -1,
      80, 42, 41, -1,
      80, 41, 81, -1,
      81, 41, 40, -1,
      81, 40, 82, -1,
      82, 40, 39, -1,
      82, 39, 83, -1,
      83, 39, 38, -1,
      37, 84, 38, -1,
      38, 84, 85, -1,
      38, 85, 83, -1,
      37, 43, 84, -1,
      84, 43, 44, -1,
      84, 44, 86, -1,
      86, 44, 45, -1,
      86, 45, 87, -1,
      87, 45, 46, -1,
      1, 88, 46, -1,
      46, 88, 89, -1,
      46, 89, 87, -1,
      1, 0, 88, -1,
      88, 0, 31, -1,
      88, 31, 90, -1,
      90, 31, 30, -1,
      90, 30, 91, -1,
      91, 30, 14, -1,
      91, 14, 92, -1,
      92, 14, 13, -1,
      92, 13, 93, -1,
      93, 13, 12, -1,
      93, 12, 94, -1,
      94, 12, 11, -1,
      94, 11, 95, -1,
      95, 11, 10, -1,
      95, 10, 96, -1,
      96, 10, 9, -1,
      96, 9, 97, -1,
      97, 9, 20, -1,
      97, 20, 98, -1,
      99, 98, 19, -1,
      19, 98, 20, -1,
      99, 19, 18, -1,
      99, 18, 100, -1,
      100, 18, 16, -1,
      100, 16, 101, -1,
      101, 16, 15, -1,
      101, 15, 57, -1,
      66, 67, 85, -1,
      85, 67, 83, -1,
      87, 65, 86, -1,
      86, 65, 66, -1,
      86, 66, 84, -1,
      84, 66, 85, -1,
      67, 68, 83, -1,
      83, 68, 69, -1,
      83, 69, 82, -1,
      82, 69, 70, -1,
      82, 70, 81, -1,
      81, 70, 80, -1,
      80, 70, 71, -1,
      80, 71, 78, -1,
      98, 99, 97, -1,
      97, 99, 100, -1,
      97, 100, 96, -1,
      96, 100, 101, -1,
      96, 101, 95, -1,
      95, 101, 57, -1,
      95, 57, 94, -1,
      94, 57, 58, -1,
      94, 58, 93, -1,
      93, 58, 59, -1,
      93, 59, 92, -1,
      92, 59, 60, -1,
      92, 60, 91, -1,
      91, 60, 61, -1,
      91, 61, 90, -1,
      90, 61, 62, -1,
      90, 62, 88, -1,
      88, 62, 89, -1,
      89, 62, 63, -1,
      89, 63, 87, -1,
      87, 63, 64, -1,
      87, 64, 65, -1,
      71, 72, 78, -1,
      78, 72, 73, -1,
      78, 73, 79, -1,
      79, 73, 74, -1,
      79, 74, 77, -1,
      77, 74, 75, -1,
      77, 75, 76, -1,
      102, 103, 104, -1,
      104, 103, 105, -1,
      106, 107, 102, -1,
      102, 107, 108, -1,
      102, 108, 103, -1,
      103, 108, 109, -1,
      106, 110, 107, -1,
      107, 110, 111, -1,
      107, 111, 112, -1,
      112, 111, 113, -1,
      112, 113, 114, -1,
      114, 115, 112, -1,
      112, 115, 104, -1,
      112, 104, 116, -1,
      116, 104, 105, -1,
      116, 105, 117, -1,
      107, 112, 53, -1,
      53, 112, 52, -1,
      108, 107, 54, -1,
      54, 107, 53, -1,
      109, 108, 49, -1,
      49, 108, 54, -1,
      103, 109, 48, -1,
      48, 109, 49, -1,
      105, 103, 47, -1,
      47, 103, 48, -1,
      117, 105, 50, -1,
      50, 105, 47, -1,
      116, 117, 51, -1,
      51, 117, 50, -1,
      112, 116, 52, -1,
      52, 116, 51, -1,
      106, 118, 119, -1,
      106, 119, 110, -1,
      110, 119, 120, -1,
      110, 120, 111, -1,
      106, 102, 118, -1,
      118, 102, 121, -1,
      102, 104, 121, -1,
      121, 104, 122, -1,
      104, 115, 122, -1,
      122, 115, 123, -1,
      113, 124, 125, -1,
      113, 125, 114, -1,
      114, 125, 123, -1,
      114, 123, 115, -1,
      113, 111, 124, -1,
      124, 111, 120, -1,
    ]
  }
}

Shape {
  appearance Appearance {
    material Material {
      diffuseColor 0.5882 0.5725 0.5255
      specularColor 0.0431 0.0392 0.0392
      ambientIntensity 0.2
      transparency 0.0000
      shininess 0.5
    }
  }
  geometry IndexedFaceSet {
    ccw TRUE
    solid FALSE
    coord DEF co Coordinate {
      point [
        0.280224 -0.349976 0.374016,
        0.280686 -0.348383 0.374016,
        0.281097 -0.346237 0.374016,
        0.272241 -0.372164 0.374016,
        0.290158 -0.372164 0.374016,
        0.282093 -0.349976 0.374016,
        0.281261 -0.346237 0.374016,
        0.281692 -0.348495 0.374016,
      ]
    }
    coordIndex [
      6, 2, 7, -1,
      7, 2, 1, -1,
      7, 1, 5, -1,
      5, 1, 0, -1,
      5, 0, 4, -1,
      4, 0, 3, -1,
    ]
  }
}

Shape {
  appearance Appearance {
    material Material {
      diffuseColor 0.0000 0.0000 0.0000
      specularColor 0.0000 0.0000 0.0000
      ambientIntensity 0.2
      transparency 0.0000
      shininess 0.5
    }
  }
  geometry IndexedFaceSet {
    ccw TRUE
    solid FALSE
    coord DEF co Coordinate {
      point [
        0.172093 -0.339414 0.374016,
        0.188980 -0.339414 0.374016,
        0.205846 -0.267715 0.374016,
        0.210793 -0.254727 0.374016,
        0.218162 -0.254727 0.374016,
        0.198075 -0.308110 0.374016,
        0.190460 -0.308110 0.374016,
        0.205846 -0.293509 0.374016,
        0.203206 -0.293509 0.374016,
        0.178984 -0.368753 0.374016,
        0.178984 -0.386711 0.374016,
        0.188980 -0.368753 0.374016,
        0.188980 -0.386711 0.374016,
        0.198075 -0.368753 0.374016,
        0.199589 -0.339414 0.374016,
        0.200804 -0.386711 0.374016,
        0.200804 -0.392797 0.374016,
        0.199589 -0.345555 0.374016,
        0.178984 -0.345555 0.374016,
        0.178984 -0.362639 0.374016,
        0.188980 -0.345555 0.374016,
        0.188980 -0.362639 0.374016,
        0.198075 -0.362639 0.374016,
        0.188980 -0.392797 0.374016,
        0.172093 -0.392797 0.374016,
        0.238494 -0.308110 0.374016,
        0.230880 -0.308110 0.374016,
        0.225435 -0.293509 0.374016,
        0.051749 -0.345555 0.374016,
        0.052963 -0.386711 0.374016,
        0.052963 -0.392797 0.374016,
        0.024252 -0.392797 0.374016,
        0.031144 -0.368753 0.374016,
        0.031144 -0.386711 0.374016,
        0.050234 -0.368753 0.374016,
        0.050234 -0.362639 0.374016,
        0.031144 -0.362639 0.374016,
        0.031144 -0.345555 0.374016,
        0.024252 -0.339414 0.374016,
        0.051749 -0.339414 0.374016,
        0.200804 -0.386711 0.377953,
        0.178984 -0.386711 0.377953,
        0.178984 -0.368753 0.377953,
        0.198075 -0.368753 0.377953,
        0.198075 -0.362639 0.377953,
        0.178984 -0.362639 0.377953,
        0.178984 -0.345555 0.377953,
        0.199589 -0.345555 0.377953,
        0.199589 -0.339414 0.377953,
        0.172093 -0.339414 0.377953,
        0.172093 -0.392797 0.377953,
        0.200804 -0.392797 0.377953,
        0.031144 -0.386711 0.377953,
        0.052963 -0.386711 0.377953,
        0.031144 -0.368753 0.377953,
        0.050234 -0.368753 0.377953,
        0.050234 -0.362639 0.377953,
        0.031144 -0.362639 0.377953,
        0.031144 -0.345555 0.377953,
        0.051749 -0.345555 0.377953,
        0.051749 -0.339414 0.377953,
        0.024252 -0.339414 0.377953,
        0.024252 -0.392797 0.377953,
        0.052963 -0.392797 0.377953,
        0.205389 -0.287478 0.377953,
        0.203206 -0.293509 0.377953,
        0.223306 -0.287478 0.377953,
        0.225435 -0.293509 0.377953,
        0.213372 -0.265289 0.377953,
        0.210793 -0.254727 0.377953,
        0.190460 -0.308110 0.377953,
        0.198075 -0.308110 0.377953,
        0.213834 -0.263696 0.377953,
        0.214245 -0.261550 0.377953,
        0.218162 -0.254727 0.377953,
        0.214409 -0.261550 0.377953,
        0.214841 -0.263808 0.377953,
        0.215241 -0.265289 0.377953,
        0.238494 -0.308110 0.377953,
        0.230880 -0.308110 0.377953,
        0.213372 -0.265289 0.374016,
        0.213834 -0.263696 0.374016,
        0.214245 -0.261550 0.374016,
        0.205389 -0.287478 0.374016,
        0.223306 -0.287478 0.374016,
        0.215241 -0.265289 0.374016,
        0.214409 -0.261550 0.374016,
        0.214841 -0.263808 0.374016,
      ]
    }
    coordIndex [
      40, 15, 41, -1,
      41, 15, 12, -1,
      41, 12, 10, -1,
      42, 41, 9, -1,
      9, 41, 10, -1,
      42, 9, 43, -1,
      43, 9, 11, -1,
      43, 11, 13, -1,
      44, 43, 22, -1,
      22, 43, 13, -1,
      19, 45, 21, -1,
      21, 45, 44, -1,
      21, 44, 22, -1,
      46, 45, 18, -1,
      18, 45, 19, -1,
      17, 47, 20, -1,
      20, 47, 46, -1,
      20, 46, 18, -1,
      48, 47, 14, -1,
      14, 47, 17, -1,
      0, 49, 1, -1,
      1, 49, 48, -1,
      1, 48, 14, -1,
      50, 49, 24, -1,
      24, 49, 0, -1,
      50, 24, 51, -1,
      51, 24, 23, -1,
      51, 23, 16, -1,
      40, 51, 15, -1,
      15, 51, 16, -1,
      50, 51, 40, -1,
      40, 41, 50, -1,
      50, 41, 42, -1,
      50, 42, 49, -1,
      47, 48, 46, -1,
      46, 48, 49, -1,
      46, 49, 45, -1,
      45, 49, 42, -1,
      45, 42, 44, -1,
      44, 42, 43, -1,
      52, 53, 33, -1,
      33, 53, 29, -1,
      54, 52, 32, -1,
      32, 52, 33, -1,
      55, 54, 34, -1,
      34, 54, 32, -1,
      56, 55, 35, -1,
      35, 55, 34, -1,
      57, 56, 36, -1,
      36, 56, 35, -1,
      58, 57, 37, -1,
      37, 57, 36, -1,
      59, 58, 28, -1,
      28, 58, 37, -1,
      60, 59, 39, -1,
      39, 59, 28, -1,
      61, 60, 38, -1,
      38, 60, 39, -1,
      62, 61, 31, -1,
      31, 61, 38, -1,
      63, 62, 30, -1,
      30, 62, 31, -1,
      53, 63, 29, -1,
      29, 63, 30, -1,
      62, 63, 53, -1,
      53, 52, 62, -1,
      62, 52, 54, -1,
      62, 54, 61, -1,
      59, 60, 58, -1,
      58, 60, 61, -1,
      58, 61, 57, -1,
      57, 61, 54, -1,
      57, 54, 56, -1,
      56, 54, 55, -1,
      64, 65, 66, -1,
      66, 65, 67, -1,
      68, 69, 64, -1,
      64, 69, 70, -1,
      64, 70, 65, -1,
      65, 70, 71, -1,
      68, 72, 69, -1,
      69, 72, 73, -1,
      69, 73, 74, -1,
      74, 73, 75, -1,
      74, 75, 76, -1,
      76, 77, 74, -1,
      74, 77, 66, -1,
      74, 66, 78, -1,
      78, 66, 67, -1,
      78, 67, 79, -1,
      69, 74, 3, -1,
      3, 74, 4, -1,
      6, 70, 2, -1,
      2, 70, 69, -1,
      2, 69, 3, -1,
      71, 70, 5, -1,
      5, 70, 6, -1,
      65, 71, 8, -1,
      8, 71, 5, -1,
      27, 67, 7, -1,
      7, 67, 65, -1,
      7, 65, 8, -1,
      79, 67, 26, -1,
      26, 67, 27, -1,
      78, 79, 25, -1,
      25, 79, 26, -1,
      74, 78, 4, -1,
      4, 78, 25, -1,
      68, 80, 81, -1,
      68, 81, 72, -1,
      72, 81, 82, -1,
      72, 82, 73, -1,
      68, 64, 80, -1,
      80, 64, 83, -1,
      64, 66, 83, -1,
      83, 66, 84, -1,
      66, 77, 84, -1,
      84, 77, 85, -1,
      75, 86, 87, -1,
      75, 87, 76, -1,
      76, 87, 85, -1,
      76, 85, 77, -1,
      75, 73, 86, -1,
      86, 73, 82, -1,
    ]
  }
}

Shape {
  appearance Appearance {
    material Material {
      diffuseColor 0.5882 0.5725 0.5255
      specularColor 0.0431 0.0392 0.0392
      ambientIntensity 0.2
      transparency 0.0000
      shininess 0.5
    }
  }
  geometry IndexedFaceSet {
    ccw TRUE
    solid FALSE
    coord DEF co Coordinate {
      point [
        0.213372 -0.265289 0.374016,
        0.213834 -0.263696 0.374016,
        0.214245 -0.261550 0.374016,
        0.205389 -0.287478 0.374016,
        0.223306 -0.287478 0.374016,
        0.215241 -0.265289 0.374016,
        0.214409 -0.261550 0.374016,
        0.214841 -0.263808 0.374016,
      ]
    }
    coordIndex [
      6, 2, 7, -1,
      7, 2, 1, -1,
      7, 1, 5, -1,
      5, 1, 0, -1,
      5, 0, 4, -1,
      4, 0, 3, -1,
    ]
  }
}

Shape {
  appearance Appearance {
    material Material {
      diffuseColor 0.0000 0.0000 0.0000
      specularColor 0.0000 0.0000 0.0000
      ambientIntensity 0.2
      transparency 0.0000
      shininess 0.5
    }
  }
  geometry IndexedFaceSet {
    ccw TRUE
    solid FALSE
    coord DEF co Coordinate {
      point [
        0.031144 -0.254727 0.374016,
        0.031144 -0.302024 0.374016,
        0.052404 -0.302024 0.374016,
        0.132738 -0.254727 0.374016,
        0.132738 -0.260868 0.374016,
        0.112132 -0.260868 0.374016,
        0.112132 -0.277952 0.374016,
        0.126550 -0.260868 0.374016,
        0.126550 -0.277952 0.374016,
        0.131223 -0.277952 0.374016,
        0.131223 -0.284066 0.374016,
        0.112132 -0.284066 0.374016,
        0.112132 -0.302024 0.374016,
        0.126550 -0.284066 0.374016,
        0.126550 -0.302024 0.374016,
        0.133952 -0.302024 0.374016,
        0.133952 -0.308110 0.374016,
        0.126550 -0.308110 0.374016,
        0.105241 -0.308110 0.374016,
        0.105241 -0.254727 0.374016,
        0.126550 -0.254727 0.374016,
        0.024252 -0.308110 0.374016,
        0.024252 -0.254727 0.374016,
        0.052404 -0.308110 0.374016,
        0.112132 -0.302024 0.377953,
        0.133952 -0.302024 0.377953,
        0.112132 -0.284066 0.377953,
        0.131223 -0.284066 0.377953,
        0.131223 -0.277952 0.377953,
        0.112132 -0.277952 0.377953,
        0.112132 -0.260868 0.377953,
        0.132738 -0.260868 0.377953,
        0.132738 -0.254727 0.377953,
        0.105241 -0.254727 0.377953,
        0.105241 -0.308110 0.377953,
        0.133952 -0.308110 0.377953,
        0.031144 -0.302024 0.377953,
        0.052404 -0.302024 0.377953,
        0.031144 -0.254727 0.377953,
        0.024252 -0.254727 0.377953,
        0.024252 -0.308110 0.377953,
        0.052404 -0.308110 0.377953,
      ]
    }
    coordIndex [
      12, 24, 14, -1,
      14, 24, 25, -1,
      14, 25, 15, -1,
      26, 24, 11, -1,
      11, 24, 12, -1,
      26, 11, 27, -1,
      27, 11, 13, -1,
      27, 13, 10, -1,
      28, 27, 9, -1,
      9, 27, 10, -1,
      6, 29, 8, -1,
      8, 29, 28, -1,
      8, 28, 9, -1,
      30, 29, 5, -1,
      5, 29, 6, -1,
      30, 5, 31, -1,
      31, 5, 7, -1,
      31, 7, 4, -1,
      32, 31, 3, -1,
      3, 31, 4, -1,
      19, 33, 20, -1,
      20, 33, 32, -1,
      20, 32, 3, -1,
      34, 33, 18, -1,
      18, 33, 19, -1,
      34, 18, 35, -1,
      35, 18, 17, -1,
      35, 17, 16, -1,
      25, 35, 15, -1,
      15, 35, 16, -1,
      34, 35, 25, -1,
      25, 24, 34, -1,
      34, 24, 26, -1,
      34, 26, 33, -1,
      31, 32, 30, -1,
      30, 32, 33, -1,
      30, 33, 29, -1,
      29, 33, 26, -1,
      29, 26, 28, -1,
      28, 26, 27, -1,
      36, 37, 1, -1,
      1, 37, 2, -1,
      38, 36, 0, -1,
      0, 36, 1, -1,
      39, 38, 22, -1,
      22, 38, 0, -1,
      40, 39, 21, -1,
      21, 39, 22, -1,
      41, 40, 23, -1,
      23, 40, 21, -1,
      37, 41, 2, -1,
      2, 41, 23, -1,
      38, 39, 36, -1,
      36, 39, 40, -1,
      36, 40, 37, -1,
      37, 40, 41, -1,
    ]
  }
}
