#VRML V2.0 utf8

Shape {
  appearance Appearance {
    material Material {
      diffuseColor 0.2980 0.2980 0.2980
      specularColor 0.0902 0.0902 0.0902
      ambientIntensity 0.2
      transparency 0.0000
      shininess 0.5
    }
  }
  geometry IndexedFaceSet {
    ccw TRUE
    solid FALSE
    coord DEF co Coordinate {
      point [
        -1.866142 -0.542930 0.039370,
        -1.866142 -0.542930 1.141732,
        -1.866142 0.382267 0.039370,
        -1.866142 0.382267 1.141732,
        -1.826772 -0.582300 1.181102,
        -1.314961 -0.582300 1.181102,
        -1.826772 0.421637 1.181102,
        -1.314961 0.421637 1.181102,
        -1.314961 0.341867 2.559055,
        -0.685039 0.341867 2.559055,
        -1.314961 0.421637 2.559055,
        -0.685039 0.421637 2.559055,
        -0.685039 0.421637 -0.000000,
        -1.826772 0.421637 -0.000000,
        -1.826772 -0.582300 0.000000,
        -1.314961 -0.582300 0.000000,
        -1.314961 -3.161040 0.000000,
        -0.685039 -3.161040 0.000000,
        -0.685039 -3.161040 2.559055,
        -1.314961 -3.161040 2.559055,
        -1.314961 -3.081269 2.559055,
        -0.685039 -3.081269 2.559055,
        -0.685039 -3.067773 2.773571,
        -1.314961 -3.067773 2.773571,
        -0.685039 -3.027497 2.984705,
        -1.314961 -3.027497 2.984705,
        -0.685039 -2.961077 3.189125,
        -1.314961 -2.961077 3.189125,
        -0.685039 -2.869559 3.383609,
        -1.314961 -2.869559 3.383609,
        -0.685039 -2.754389 3.565089,
        -1.314961 -2.754389 3.565089,
        -0.685039 -2.617380 3.730704,
        -1.314961 -2.617380 3.730704,
        -0.685039 -2.460696 3.877841,
        -1.314961 -2.460696 3.877841,
        -0.685039 -2.286805 4.004180,
        -1.314961 -2.286805 4.004180,
        -0.685039 -2.098451 4.107728,
        -1.314961 -2.098451 4.107728,
        -0.685039 -1.898605 4.186852,
        -1.314961 -1.898605 4.186852,
        -0.685039 -1.690417 4.240306,
        -1.314961 -1.690417 4.240306,
        -0.685039 -1.477171 4.267246,
        -1.314961 -1.477171 4.267246,
        -0.685039 -1.262231 4.267246,
        -1.314961 -1.262231 4.267246,
        -0.685039 -1.048985 4.240306,
        -1.314961 -1.048985 4.240306,
        -0.685039 -0.840798 4.186852,
        -1.314961 -0.840798 4.186852,
        -0.685039 -0.640951 4.107728,
        -1.314961 -0.640951 4.107728,
        -0.685039 -0.452597 4.004180,
        -1.314961 -0.452597 4.004180,
        -0.685039 -0.278707 3.877841,
        -1.314961 -0.278707 3.877841,
        -0.685039 -0.122022 3.730704,
        -1.314961 -0.122022 3.730704,
        -0.685039 0.014986 3.565089,
        -1.314961 0.014986 3.565089,
        -0.685039 0.130157 3.383609,
        -1.314961 0.130157 3.383609,
        -0.685039 0.221674 3.189125,
        -1.314961 0.221674 3.189125,
        -0.685039 0.288094 2.984705,
        -1.314961 0.288094 2.984705,
        -0.685039 0.328370 2.773571,
        -1.314961 0.328370 2.773571,
        -1.314961 -1.528963 0.576579,
        -1.314961 -1.547334 0.532226,
        -1.314961 -1.553600 0.484629,
        -1.314961 -1.547334 0.437032,
        -1.314961 -1.210440 0.392680,
        -1.314961 -1.239665 0.354593,
        -1.314961 -1.277752 0.325368,
        -1.314961 -1.528963 0.392680,
        -1.314961 -1.499737 0.354593,
        -1.314961 -1.461651 0.325368,
        -1.314961 -1.192068 0.532226,
        -1.314961 -1.185802 0.484629,
        -1.314961 -1.192068 0.437032,
        -1.314961 -1.369701 0.668528,
        -1.314961 -1.417298 0.662262,
        -1.314961 -1.461651 0.643890,
        -1.314961 -1.499737 0.614665,
        -1.314961 -1.417298 0.306996,
        -1.314961 -1.369701 0.300730,
        -1.314961 -1.322105 0.306996,
        -1.314961 -1.210440 0.576579,
        -1.314961 -1.239665 0.614665,
        -1.314961 -1.277752 0.643890,
        -1.314961 -1.322105 0.662262,
        -1.865155 -0.551690 1.150493,
        -1.864992 0.391004 1.150469,
        -1.864800 0.392457 1.151922,
        -1.864670 -0.553076 1.151878,
        -1.861990 0.399242 1.158707,
        -1.862243 -0.560011 1.158814,
        -1.860867 0.401952 1.161417,
        -1.860680 -0.562498 1.161301,
        -1.857291 0.406613 1.166078,
        -1.857552 -0.567476 1.166279,
        -1.854611 0.410106 1.169571,
        -1.854435 -0.570593 1.169396,
        -1.851319 0.413048 1.172513,
        -1.851319 -0.573710 1.172513,
        -1.846340 0.416176 1.175641,
        -1.846340 -0.576839 1.175641,
        -1.843854 0.417739 1.177204,
        -1.843854 -0.578401 1.177204,
        -1.836961 -0.580958 1.179761,
        -1.836961 0.420296 1.179761,
        -1.835517 -0.581231 1.180034,
        -1.835532 0.420650 1.180115,
        -1.831180 -0.582052 1.180855,
        -1.831180 0.421390 1.180855,
        -1.864992 0.391004 0.030633,
        -1.864800 0.392457 0.029180,
        -1.861990 0.399242 0.022395,
        -1.860867 0.401952 0.019685,
        -1.857291 0.406613 0.015025,
        -1.854611 0.410106 0.011531,
        -1.851319 0.413048 0.008589,
        -1.846340 0.416176 0.005461,
        -1.843854 0.417739 0.003899,
        -1.836961 0.420296 0.001341,
        -1.835532 0.420650 0.000987,
        -1.831180 0.421390 0.000248,
        -1.831180 -0.582052 0.000248,
        -1.835517 -0.581231 0.001068,
        -1.836961 -0.580958 0.001341,
        -1.843854 -0.578401 0.003899,
        -1.846340 -0.576839 0.005461,
        -1.851319 -0.573710 0.008589,
        -1.854435 -0.570593 0.011706,
        -1.857552 -0.567476 0.014823,
        -1.860680 -0.562498 0.019801,
        -1.862243 -0.560011 0.022288,
        -1.864670 -0.553076 0.029224,
        -1.865155 -0.551690 0.030609,
        -1.354331 -1.192068 0.532226,
        -1.354331 -1.210440 0.576579,
        -1.354331 -1.239665 0.614665,
        -1.354331 -1.277752 0.643890,
        -1.354331 -1.322105 0.662262,
        -1.354331 -1.369701 0.668528,
        -1.354331 -1.417298 0.662262,
        -1.354331 -1.461651 0.643890,
        -1.354331 -1.499737 0.614665,
        -1.354331 -1.528963 0.576579,
        -1.354331 -1.547334 0.532226,
        -1.354331 -1.553600 0.484629,
        -1.354331 -1.547334 0.437032,
        -1.354331 -1.528963 0.392680,
        -1.354331 -1.499737 0.354593,
        -1.354331 -1.461651 0.325368,
        -1.354331 -1.417298 0.306996,
        -1.354331 -1.369701 0.300730,
        -1.354331 -1.322105 0.306996,
        -1.354331 -1.277752 0.325368,
        -1.354331 -1.239665 0.354593,
        -1.354331 -1.210440 0.392680,
        -1.354331 -1.192068 0.437032,
        -1.354331 -1.185802 0.484629,
        -1.354331 -1.369701 0.484629,
      ]
    }
    coordIndex [
      0, 1, 2, -1,
      2, 1, 3, -1,
      4, 5, 6, -1,
      6, 5, 7, -1,
      8, 9, 10, -1,
      10, 9, 11, -1,
      10, 11, 7, -1,
      7, 11, 12, -1,
      7, 12, 6, -1,
      6, 12, 13, -1,
      14, 13, 15, -1,
      15, 13, 12, -1,
      15, 12, 16, -1,
      16, 12, 17, -1,
      17, 18, 16, -1,
      16, 18, 19, -1,
      19, 18, 20, -1,
      20, 18, 21, -1,
      20, 21, 22, -1,
      20, 22, 23, -1,
      23, 22, 24, -1,
      23, 24, 25, -1,
      25, 24, 26, -1,
      25, 26, 27, -1,
      27, 26, 28, -1,
      27, 28, 29, -1,
      29, 28, 30, -1,
      29, 30, 31, -1,
      31, 30, 32, -1,
      31, 32, 33, -1,
      33, 32, 34, -1,
      33, 34, 35, -1,
      35, 34, 36, -1,
      35, 36, 37, -1,
      37, 36, 38, -1,
      37, 38, 39, -1,
      39, 38, 40, -1,
      39, 40, 41, -1,
      41, 40, 42, -1,
      41, 42, 43, -1,
      43, 42, 44, -1,
      43, 44, 45, -1,
      45, 44, 46, -1,
      45, 46, 47, -1,
      47, 46, 48, -1,
      47, 48, 49, -1,
      49, 48, 50, -1,
      49, 50, 51, -1,
      51, 50, 52, -1,
      51, 52, 53, -1,
      53, 52, 54, -1,
      53, 54, 55, -1,
      55, 54, 56, -1,
      55, 56, 57, -1,
      57, 56, 58, -1,
      57, 58, 59, -1,
      59, 58, 60, -1,
      59, 60, 61, -1,
      61, 60, 62, -1,
      61, 62, 63, -1,
      63, 62, 64, -1,
      63, 64, 65, -1,
      65, 64, 66, -1,
      65, 66, 67, -1,
      67, 66, 68, -1,
      67, 68, 69, -1,
      69, 68, 9, -1,
      69, 9, 8, -1,
      11, 9, 12, -1,
      12, 9, 21, -1,
      12, 21, 17, -1,
      17, 21, 18, -1,
      9, 68, 21, -1,
      21, 68, 66, -1,
      21, 66, 64, -1,
      54, 52, 26, -1,
      24, 22, 60, -1,
      60, 22, 21, -1,
      60, 21, 62, -1,
      62, 21, 64, -1,
      54, 26, 56, -1,
      28, 26, 44, -1,
      44, 26, 46, -1,
      24, 60, 26, -1,
      26, 60, 58, -1,
      26, 58, 56, -1,
      52, 50, 26, -1,
      26, 50, 48, -1,
      26, 48, 46, -1,
      34, 32, 44, -1,
      44, 32, 30, -1,
      44, 30, 28, -1,
      44, 42, 34, -1,
      34, 42, 40, -1,
      34, 40, 36, -1,
      36, 40, 38, -1,
      10, 7, 8, -1,
      8, 7, 5, -1,
      8, 5, 69, -1,
      16, 19, 70, -1,
      70, 71, 16, -1,
      16, 71, 72, -1,
      16, 72, 73, -1,
      61, 63, 29, -1,
      29, 63, 65, -1,
      29, 65, 67, -1,
      74, 15, 75, -1,
      75, 15, 76, -1,
      31, 45, 29, -1,
      29, 45, 47, -1,
      29, 47, 49, -1,
      73, 77, 16, -1,
      16, 77, 78, -1,
      16, 78, 79, -1,
      80, 5, 81, -1,
      81, 5, 15, -1,
      81, 15, 82, -1,
      82, 15, 74, -1,
      67, 69, 29, -1,
      29, 69, 5, -1,
      29, 5, 27, -1,
      27, 5, 25, -1,
      39, 41, 37, -1,
      37, 41, 35, -1,
      31, 33, 45, -1,
      45, 33, 35, -1,
      45, 35, 43, -1,
      43, 35, 41, -1,
      49, 51, 29, -1,
      29, 51, 53, -1,
      29, 53, 55, -1,
      83, 84, 20, -1,
      20, 84, 85, -1,
      20, 85, 19, -1,
      19, 85, 86, -1,
      19, 86, 70, -1,
      79, 87, 16, -1,
      16, 87, 88, -1,
      16, 88, 15, -1,
      15, 88, 89, -1,
      15, 89, 76, -1,
      55, 57, 29, -1,
      29, 57, 59, -1,
      29, 59, 61, -1,
      80, 90, 5, -1,
      5, 90, 91, -1,
      5, 91, 92, -1,
      25, 5, 23, -1,
      23, 5, 92, -1,
      23, 92, 20, -1,
      20, 92, 93, -1,
      20, 93, 83, -1,
      14, 15, 4, -1,
      4, 15, 5, -1,
      1, 94, 3, -1,
      3, 94, 95, -1,
      95, 94, 96, -1,
      96, 94, 97, -1,
      96, 97, 98, -1,
      98, 97, 99, -1,
      98, 99, 100, -1,
      100, 99, 101, -1,
      100, 101, 102, -1,
      102, 101, 103, -1,
      102, 103, 104, -1,
      104, 103, 105, -1,
      104, 105, 106, -1,
      106, 105, 107, -1,
      106, 107, 108, -1,
      108, 107, 109, -1,
      108, 109, 110, -1,
      109, 111, 110, -1,
      110, 111, 112, -1,
      110, 112, 113, -1,
      113, 112, 114, -1,
      113, 114, 115, -1,
      115, 114, 116, -1,
      115, 116, 117, -1,
      117, 116, 4, -1,
      117, 4, 6, -1,
      118, 2, 3, -1,
      118, 3, 119, -1,
      3, 95, 119, -1,
      119, 95, 96, -1,
      119, 96, 120, -1,
      120, 96, 121, -1,
      96, 98, 121, -1,
      121, 98, 100, -1,
      121, 100, 122, -1,
      122, 100, 123, -1,
      100, 102, 123, -1,
      123, 102, 104, -1,
      123, 104, 124, -1,
      124, 104, 106, -1,
      124, 106, 125, -1,
      106, 108, 125, -1,
      125, 108, 110, -1,
      125, 110, 126, -1,
      126, 110, 113, -1,
      126, 113, 127, -1,
      127, 113, 128, -1,
      128, 113, 115, -1,
      128, 115, 129, -1,
      129, 115, 13, -1,
      13, 115, 117, -1,
      13, 117, 6, -1,
      4, 116, 14, -1,
      14, 116, 114, -1,
      14, 114, 130, -1,
      130, 114, 131, -1,
      131, 114, 132, -1,
      132, 114, 112, -1,
      132, 112, 133, -1,
      133, 112, 111, -1,
      133, 111, 134, -1,
      134, 111, 109, -1,
      134, 109, 135, -1,
      135, 109, 107, -1,
      135, 107, 136, -1,
      136, 107, 105, -1,
      136, 105, 137, -1,
      137, 105, 103, -1,
      137, 103, 138, -1,
      138, 103, 101, -1,
      138, 101, 139, -1,
      139, 101, 99, -1,
      139, 99, 140, -1,
      94, 1, 0, -1,
      99, 97, 140, -1,
      140, 97, 94, -1,
      140, 94, 141, -1,
      141, 94, 0, -1,
      2, 118, 0, -1,
      0, 118, 141, -1,
      120, 139, 140, -1,
      141, 118, 140, -1,
      140, 118, 119, -1,
      140, 119, 120, -1,
      139, 120, 138, -1,
      138, 120, 121, -1,
      138, 121, 122, -1,
      135, 136, 122, -1,
      122, 136, 137, -1,
      122, 137, 138, -1,
      122, 123, 135, -1,
      135, 123, 124, -1,
      135, 124, 134, -1,
      134, 124, 125, -1,
      134, 125, 133, -1,
      133, 125, 126, -1,
      133, 126, 132, -1,
      132, 126, 127, -1,
      132, 127, 131, -1,
      131, 127, 128, -1,
      131, 128, 130, -1,
      130, 128, 129, -1,
      130, 129, 14, -1,
      14, 129, 13, -1,
      81, 142, 80, -1,
      80, 142, 143, -1,
      80, 143, 90, -1,
      90, 143, 144, -1,
      90, 144, 91, -1,
      91, 144, 145, -1,
      91, 145, 92, -1,
      92, 145, 146, -1,
      92, 146, 93, -1,
      93, 146, 147, -1,
      93, 147, 83, -1,
      83, 147, 148, -1,
      83, 148, 84, -1,
      84, 148, 149, -1,
      84, 149, 85, -1,
      85, 149, 150, -1,
      85, 150, 86, -1,
      86, 150, 151, -1,
      86, 151, 70, -1,
      70, 151, 152, -1,
      70, 152, 71, -1,
      71, 152, 153, -1,
      71, 153, 72, -1,
      72, 153, 154, -1,
      72, 154, 73, -1,
      73, 154, 155, -1,
      73, 155, 77, -1,
      77, 155, 156, -1,
      77, 156, 78, -1,
      78, 156, 157, -1,
      78, 157, 79, -1,
      79, 157, 158, -1,
      79, 158, 87, -1,
      87, 158, 159, -1,
      87, 159, 88, -1,
      88, 159, 160, -1,
      88, 160, 89, -1,
      89, 160, 161, -1,
      89, 161, 76, -1,
      76, 161, 162, -1,
      76, 162, 75, -1,
      75, 162, 163, -1,
      75, 163, 74, -1,
      74, 163, 164, -1,
      74, 164, 82, -1,
      82, 164, 165, -1,
      82, 165, 81, -1,
      81, 165, 142, -1,
      155, 154, 166, -1,
      166, 154, 153, -1,
      166, 153, 152, -1,
      158, 157, 166, -1,
      166, 157, 156, -1,
      166, 156, 155, -1,
      161, 160, 166, -1,
      166, 160, 159, -1,
      166, 159, 158, -1,
      164, 163, 166, -1,
      166, 163, 162, -1,
      166, 162, 161, -1,
      143, 142, 166, -1,
      166, 142, 165, -1,
      166, 165, 164, -1,
      146, 145, 166, -1,
      166, 145, 144, -1,
      166, 144, 143, -1,
      149, 148, 166, -1,
      166, 148, 147, -1,
      166, 147, 146, -1,
      152, 151, 166, -1,
      166, 151, 150, -1,
      166, 150, 149, -1,
    ]
  }
}

Shape {
  appearance Appearance {
    material Material {
      diffuseColor 0.6667 0.6980 0.7686
      specularColor 0.3333 0.3490 0.3843
      ambientIntensity 0.2
      transparency 0.0000
      shininess 0.5
    }
  }
  geometry IndexedFaceSet {
    ccw TRUE
    solid FALSE
    coord DEF co Coordinate {
      point [
        0.003937 0.508252 0.110236,
        0.003937 0.508252 0.196850,
        -0.586614 0.508252 0.110236,
        -0.586614 0.508252 0.196850,
        -0.586614 0.510521 0.087194,
        0.003937 0.510521 0.087194,
        -0.586614 0.517242 0.065037,
        0.003937 0.517242 0.065037,
        -0.586614 0.528157 0.044618,
        0.003937 0.528157 0.044618,
        -0.586614 0.542845 0.026720,
        0.003937 0.542845 0.026720,
        -0.586614 0.560743 0.012031,
        0.003937 0.560743 0.012031,
        -0.586614 0.581163 0.001117,
        0.003937 0.581163 0.001117,
        -0.586614 0.603320 -0.005605,
        0.003937 0.603320 -0.005605,
        -0.586614 0.626362 -0.007874,
        0.003937 0.626362 -0.007874,
        -0.586614 1.071244 -0.007874,
        -0.556968 1.132805 -0.007874,
        -0.542038 1.142186 -0.007874,
        -0.584640 1.088765 -0.007874,
        -0.578817 1.105408 -0.007874,
        -0.569435 1.120337 -0.007874,
        -0.525395 1.148010 -0.007874,
        -0.507874 1.149984 -0.007874,
        0.003937 1.071244 -0.007874,
        -0.074803 1.149984 -0.007874,
        -0.057282 1.148010 -0.007874,
        0.001963 1.088765 -0.007874,
        -0.003861 1.105408 -0.007874,
        -0.013242 1.120337 -0.007874,
        -0.040639 1.142186 -0.007874,
        -0.025709 1.132805 -0.007874,
        -0.507874 1.149984 0.070866,
        -0.074803 1.149984 0.070866,
        -0.586614 0.626362 0.070866,
        0.003937 0.626362 0.070866,
        -0.586614 1.071244 0.070866,
        0.003937 1.071244 0.070866,
        -0.556968 1.132805 0.070866,
        -0.569435 1.120337 0.070866,
        -0.578817 1.105408 0.070866,
        -0.525395 1.148010 0.070866,
        -0.542038 1.142186 0.070866,
        -0.584640 1.088765 0.070866,
        0.001963 1.088765 0.070866,
        -0.057282 1.148010 0.070866,
        -0.003861 1.105408 0.070866,
        -0.013242 1.120337 0.070866,
        -0.040639 1.142186 0.070866,
        -0.025709 1.132805 0.070866,
        0.003937 0.616172 0.072207,
        -0.586614 0.616172 0.072207,
        0.003937 0.606677 0.076141,
        -0.586614 0.606677 0.076141,
        0.003937 0.598523 0.082397,
        -0.586614 0.598523 0.082397,
        0.003937 0.592266 0.090551,
        -0.586614 0.592266 0.090551,
        0.003937 0.588333 0.100046,
        -0.586614 0.588333 0.100046,
        0.003937 0.586992 0.110236,
        -0.586614 0.586992 0.110236,
        0.003937 0.586992 0.196850,
        -0.586614 0.586992 0.196850,
        -0.586614 0.584546 0.227787,
        0.003937 0.584546 0.227787,
        -0.586614 0.577268 0.257955,
        0.003937 0.577268 0.257955,
        -0.586614 0.565339 0.286604,
        0.003937 0.565339 0.286604,
        -0.586614 0.549056 0.313023,
        0.003937 0.549056 0.313023,
        -0.586614 0.528824 0.336554,
        0.003937 0.528824 0.336554,
        -0.586614 0.505145 0.356613,
        0.003937 0.505145 0.356613,
        -0.586614 0.478608 0.372702,
        0.003937 0.478608 0.372702,
        -0.586614 0.449872 0.384420,
        0.003937 0.449872 0.384420,
        -0.586614 0.419651 0.391476,
        0.003937 0.419651 0.391476,
        -0.586614 0.388697 0.393696,
        0.003937 0.388697 0.393696,
        -0.586614 0.357779 0.391022,
        0.003937 0.357779 0.391022,
        0.003937 0.370724 0.313354,
        -0.586614 0.370724 0.313354,
        0.003937 0.393417 0.314915,
        -0.586614 0.393417 0.314915,
        0.003937 0.415987 0.312098,
        -0.586614 0.415987 0.312098,
        0.003937 0.437600 0.305006,
        -0.586614 0.437600 0.305006,
        0.003937 0.457452 0.293904,
        -0.586614 0.457452 0.293904,
        0.003937 0.474808 0.279201,
        -0.586614 0.474808 0.279201,
        0.003937 0.489024 0.261444,
        -0.586614 0.489024 0.261444,
        0.003937 0.499572 0.241292,
        -0.586614 0.499572 0.241292,
        0.003937 0.506061 0.219491,
        -0.586614 0.506061 0.219491,
      ]
    }
    coordIndex [
      0, 1, 2, -1,
      2, 1, 3, -1,
      0, 2, 4, -1,
      0, 4, 5, -1,
      5, 4, 6, -1,
      5, 6, 7, -1,
      7, 6, 8, -1,
      7, 8, 9, -1,
      9, 8, 10, -1,
      9, 10, 11, -1,
      11, 10, 12, -1,
      11, 12, 13, -1,
      13, 12, 14, -1,
      13, 14, 15, -1,
      15, 14, 16, -1,
      15, 16, 17, -1,
      17, 16, 18, -1,
      17, 18, 19, -1,
      20, 21, 22, -1,
      20, 23, 21, -1,
      21, 23, 24, -1,
      21, 24, 25, -1,
      22, 26, 20, -1,
      20, 26, 27, -1,
      20, 27, 18, -1,
      18, 27, 28, -1,
      18, 28, 19, -1,
      27, 29, 28, -1,
      28, 29, 30, -1,
      28, 30, 31, -1,
      31, 30, 32, -1,
      32, 30, 33, -1,
      33, 30, 34, -1,
      33, 34, 35, -1,
      36, 37, 27, -1,
      27, 37, 29, -1,
      38, 39, 40, -1,
      40, 39, 41, -1,
      42, 43, 44, -1,
      45, 46, 40, -1,
      40, 46, 42, -1,
      40, 42, 47, -1,
      47, 42, 44, -1,
      48, 49, 41, -1,
      41, 49, 37, -1,
      41, 37, 40, -1,
      40, 37, 36, -1,
      40, 36, 45, -1,
      48, 50, 49, -1,
      49, 50, 51, -1,
      49, 51, 52, -1,
      52, 51, 53, -1,
      39, 38, 54, -1,
      54, 38, 55, -1,
      54, 55, 56, -1,
      56, 55, 57, -1,
      56, 57, 58, -1,
      58, 57, 59, -1,
      58, 59, 60, -1,
      60, 59, 61, -1,
      60, 61, 62, -1,
      62, 61, 63, -1,
      62, 63, 64, -1,
      64, 63, 65, -1,
      66, 64, 67, -1,
      67, 64, 65, -1,
      66, 67, 68, -1,
      66, 68, 69, -1,
      69, 68, 70, -1,
      69, 70, 71, -1,
      71, 70, 72, -1,
      71, 72, 73, -1,
      73, 72, 74, -1,
      73, 74, 75, -1,
      75, 74, 76, -1,
      75, 76, 77, -1,
      77, 76, 78, -1,
      77, 78, 79, -1,
      79, 78, 80, -1,
      79, 80, 81, -1,
      81, 80, 82, -1,
      81, 82, 83, -1,
      83, 82, 84, -1,
      83, 84, 85, -1,
      85, 84, 86, -1,
      85, 86, 87, -1,
      87, 86, 88, -1,
      87, 88, 89, -1,
      90, 89, 91, -1,
      91, 89, 88, -1,
      90, 91, 92, -1,
      92, 91, 93, -1,
      92, 93, 94, -1,
      94, 93, 95, -1,
      94, 95, 96, -1,
      96, 95, 97, -1,
      96, 97, 98, -1,
      98, 97, 99, -1,
      98, 99, 100, -1,
      100, 99, 101, -1,
      100, 101, 102, -1,
      102, 101, 103, -1,
      102, 103, 104, -1,
      104, 103, 105, -1,
      104, 105, 106, -1,
      106, 105, 107, -1,
      106, 107, 1, -1,
      1, 107, 3, -1,
      56, 58, 11, -1,
      11, 58, 9, -1,
      9, 58, 60, -1,
      9, 60, 7, -1,
      7, 60, 62, -1,
      7, 62, 5, -1,
      28, 41, 19, -1,
      19, 41, 39, -1,
      19, 39, 17, -1,
      17, 39, 54, -1,
      17, 54, 15, -1,
      15, 54, 56, -1,
      15, 56, 13, -1,
      13, 56, 11, -1,
      89, 90, 87, -1,
      87, 90, 92, -1,
      87, 92, 85, -1,
      85, 92, 94, -1,
      85, 94, 83, -1,
      83, 94, 96, -1,
      5, 62, 0, -1,
      0, 62, 64, -1,
      0, 64, 1, -1,
      1, 64, 66, -1,
      1, 66, 106, -1,
      106, 66, 69, -1,
      106, 69, 104, -1,
      69, 71, 104, -1,
      104, 71, 73, -1,
      104, 73, 102, -1,
      102, 73, 75, -1,
      102, 75, 100, -1,
      100, 75, 77, -1,
      100, 77, 98, -1,
      98, 77, 79, -1,
      98, 79, 96, -1,
      96, 79, 81, -1,
      96, 81, 83, -1,
      40, 20, 38, -1,
      38, 20, 18, -1,
      38, 18, 55, -1,
      18, 16, 55, -1,
      55, 16, 14, -1,
      55, 14, 57, -1,
      57, 14, 12, -1,
      57, 12, 59, -1,
      59, 12, 10, -1,
      59, 10, 61, -1,
      91, 88, 93, -1,
      93, 88, 86, -1,
      93, 86, 95, -1,
      103, 72, 105, -1,
      105, 72, 70, -1,
      105, 70, 107, -1,
      107, 70, 68, -1,
      107, 68, 3, -1,
      3, 68, 67, -1,
      3, 67, 2, -1,
      2, 67, 65, -1,
      2, 65, 4, -1,
      4, 65, 63, -1,
      4, 63, 6, -1,
      6, 63, 61, -1,
      6, 61, 8, -1,
      8, 61, 10, -1,
      86, 84, 95, -1,
      95, 84, 82, -1,
      95, 82, 97, -1,
      97, 82, 80, -1,
      97, 80, 99, -1,
      99, 80, 78, -1,
      99, 78, 101, -1,
      101, 78, 76, -1,
      101, 76, 103, -1,
      103, 76, 74, -1,
      103, 74, 72, -1,
      20, 40, 47, -1,
      20, 47, 23, -1,
      23, 47, 44, -1,
      23, 44, 24, -1,
      24, 44, 43, -1,
      24, 43, 25, -1,
      25, 43, 42, -1,
      25, 42, 21, -1,
      21, 42, 46, -1,
      21, 46, 22, -1,
      22, 46, 45, -1,
      22, 45, 26, -1,
      26, 45, 36, -1,
      26, 36, 27, -1,
      41, 28, 31, -1,
      41, 31, 48, -1,
      48, 31, 32, -1,
      48, 32, 50, -1,
      50, 32, 33, -1,
      50, 33, 51, -1,
      51, 33, 35, -1,
      51, 35, 53, -1,
      53, 35, 34, -1,
      53, 34, 52, -1,
      52, 34, 30, -1,
      52, 30, 49, -1,
      49, 30, 29, -1,
      49, 29, 37, -1,
    ]
  }
}

Shape {
  appearance Appearance {
    material Material {
      diffuseColor 0.2980 0.2980 0.2980
      specularColor 0.0902 0.0902 0.0902
      ambientIntensity 0.2
      transparency 0.0000
      shininess 0.5
    }
  }
  geometry IndexedFaceSet {
    ccw TRUE
    solid FALSE
    coord DEF co Coordinate {
      point [
        -0.685039 0.341867 2.559055,
        -0.685039 -3.081269 2.559055,
        0.312420 -3.161040 1.426643,
        0.312420 -3.161040 1.373780,
        0.440870 -3.161040 1.373780,
        0.384294 -3.161040 1.772922,
        0.384294 -3.161040 1.654687,
        0.437441 -3.161040 1.654687,
        -0.645669 -3.161040 0.663279,
        -0.645669 -3.161040 0.039370,
        -0.496618 -3.161040 0.039370,
        0.753872 -3.161040 1.487876,
        0.753872 -3.161040 1.442983,
        0.778859 -3.161040 1.442983,
        0.594936 -3.161040 1.427287,
        0.589478 -3.161040 1.426643,
        0.622793 -3.161040 1.426643,
        0.724955 -3.161040 1.770672,
        0.727639 -3.161040 1.769691,
        0.727639 -3.161040 1.774048,
        0.586753 -3.161040 1.699580,
        0.586753 -3.161040 1.654687,
        0.622793 -3.161040 1.654687,
        0.586753 -3.161040 1.757571,
        0.586753 -3.161040 1.714862,
        0.622793 -3.161040 1.714862,
        2.649606 -3.161040 2.519685,
        1.569800 -3.161040 2.519685,
        1.569800 -3.161040 1.774048,
        0.491894 -3.161040 1.772828,
        0.501933 -3.161040 1.774048,
        0.448869 -3.161040 1.774048,
        0.718633 -3.161040 1.523080,
        0.680610 -3.161040 1.426643,
        0.727639 -3.161040 1.426643,
        0.222493 -3.161040 1.647062,
        0.228742 -3.161040 1.638347,
        0.312420 -3.161040 1.638347,
        -0.087088 -3.161040 1.538228,
        -0.070514 -3.161040 1.523136,
        -0.032028 -3.161040 1.543241,
        -0.340918 -3.161040 1.622961,
        -0.334094 -3.161040 1.638347,
        -0.496618 -3.161040 1.638347,
        -0.016432 -3.161040 1.808728,
        0.029559 -3.161040 1.803029,
        0.312420 -3.161040 2.519685,
        0.076543 -3.161040 1.784550,
        -0.058265 -3.161040 1.804156,
        -0.496618 -3.161040 2.519685,
        -0.102348 -3.161040 1.788526,
        -0.126425 -3.161040 1.774048,
        -0.496618 -3.161040 1.774048,
        -0.130289 -3.161040 1.771724,
        -0.325769 -3.161040 1.657115,
        -0.302973 -3.161040 1.686331,
        -0.231112 -3.161040 1.727288,
        -0.193859 -3.161040 1.731874,
        -0.152586 -3.161040 1.752629,
        -0.182948 -3.161040 1.731281,
        -0.172037 -3.161040 1.729976,
        -0.296465 -3.161040 1.692485,
        -0.266268 -3.161040 1.713674,
        -0.496618 -3.161040 1.543241,
        -0.343264 -3.161040 1.543241,
        -0.347567 -3.161040 1.578167,
        -0.347297 -3.161040 1.587303,
        -0.244379 -3.161040 1.432989,
        -0.278598 -3.161040 1.449821,
        -0.496618 -3.161040 1.426643,
        -0.231812 -3.161040 1.429204,
        -0.307717 -3.161040 1.474746,
        -0.329430 -3.161040 1.505769,
        -0.343000 -3.161040 1.541097,
        -0.189633 -3.161040 1.377448,
        -0.208192 -3.161040 1.391439,
        -0.496618 -3.161040 1.373780,
        -0.222302 -3.161040 1.408854,
        -0.230615 -3.161040 1.426643,
        -0.141675 -3.161040 1.364684,
        -0.496618 -3.161040 0.663279,
        -0.118719 -3.161040 1.367511,
        0.312420 -3.161040 0.663279,
        -0.102390 -3.161040 1.373780,
        -0.145342 -3.161040 1.364753,
        -0.167743 -3.161040 1.368248,
        -0.180907 -3.161040 1.373780,
        -0.052765 -3.161040 1.426643,
        -0.052844 -3.161040 1.426308,
        -0.064061 -3.161040 1.405155,
        -0.078657 -3.161040 1.388785,
        -0.097557 -3.161040 1.375636,
        0.312420 -3.161040 1.543241,
        0.255600 -3.161040 1.543241,
        0.253415 -3.161040 1.526253,
        0.068381 -3.161040 1.482617,
        0.074892 -3.161040 1.485189,
        0.086039 -3.161040 1.539265,
        0.062547 -3.161040 1.478481,
        0.082244 -3.161040 1.486132,
        0.083168 -3.161040 1.486065,
        0.086014 -3.161040 1.485435,
        0.241490 -3.161040 1.496217,
        0.222668 -3.161040 1.470002,
        0.196841 -3.161040 1.448141,
        0.167890 -3.161040 1.433978,
        0.136326 -3.161040 1.427306,
        0.052831 -3.161040 1.456719,
        0.053072 -3.161040 1.460464,
        -0.046794 -3.161040 1.469054,
        0.054978 -3.161040 1.467685,
        0.058626 -3.161040 1.474158,
        0.179695 -3.161040 1.509012,
        0.190133 -3.161040 1.523812,
        0.075002 -3.161040 1.428167,
        0.068726 -3.161040 1.430638,
        0.062572 -3.161040 1.435013,
        0.060367 -3.161040 1.437258,
        0.056231 -3.161040 1.443218,
        0.053731 -3.161040 1.449652,
        -0.047304 -3.161040 1.449733,
        -0.046794 -3.161040 1.459565,
        0.087937 -3.161040 1.485183,
        0.130633 -3.161040 1.485183,
        0.147639 -3.161040 1.488438,
        0.164384 -3.161040 1.496189,
        0.178417 -3.161040 1.507641,
        0.133480 -3.161040 1.427306,
        0.130633 -3.161040 1.427306,
        0.080347 -3.161040 1.427306,
        -0.130122 -3.161040 1.554709,
        -0.107220 -3.161040 1.549021,
        0.116219 -3.161040 1.638347,
        -0.141675 -3.161040 1.555395,
        0.196671 -3.161040 1.540722,
        0.196982 -3.161040 1.543241,
        0.083715 -3.161040 1.543241,
        0.198948 -3.161040 1.559191,
        0.198487 -3.161040 1.567475,
        -0.164315 -3.161040 1.552607,
        -0.266985 -3.161040 1.638347,
        -0.185274 -3.161040 1.544594,
        -0.276840 -3.161040 1.624183,
        -0.284966 -3.161040 1.603020,
        -0.280157 -3.161040 1.543241,
        -0.187223 -3.161040 1.543241,
        -0.286663 -3.161040 1.565482,
        -0.287792 -3.161040 1.580065,
        0.174255 -3.161040 1.614322,
        0.159539 -3.161040 1.624598,
        0.194038 -3.161040 1.585700,
        0.185220 -3.161040 1.602075,
        0.117350 -3.161040 1.633198,
        0.056626 -3.161040 1.589553,
        0.124941 -3.161040 1.633198,
        0.142978 -3.161040 1.630974,
        -0.096438 -3.161040 1.543241,
        -0.279869 -3.161040 1.542256,
        -0.220367 -3.161040 1.513186,
        -0.204677 -3.161040 1.531119,
        -0.268543 -3.161040 1.522976,
        -0.251530 -3.161040 1.505501,
        -0.230863 -3.161040 1.492774,
        0.096925 -3.161040 1.690156,
        0.075531 -3.161040 1.715730,
        -0.142624 -3.161040 1.660713,
        0.073089 -3.161040 1.717955,
        0.046430 -3.161040 1.736452,
        -0.128137 -3.161040 1.690713,
        -0.149442 -3.161040 1.664439,
        0.111555 -3.161040 1.659580,
        -0.170718 -3.161040 1.672203,
        -0.192911 -3.161040 1.674946,
        -0.202743 -3.161040 1.674436,
        -0.106860 -3.161040 1.716139,
        0.016675 -3.161040 1.747848,
        -0.081395 -3.161040 1.734744,
        -0.015483 -3.161040 1.751799,
        -0.050397 -3.161040 1.747304,
        -0.226168 -3.161040 1.668895,
        -0.247321 -3.161040 1.657678,
        -0.263691 -3.161040 1.643082,
        0.241851 -3.161040 1.620065,
        0.253442 -3.161040 1.591085,
        0.257774 -3.161040 1.560139,
        0.091596 -3.161040 1.774048,
        0.112606 -3.161040 1.759389,
        0.312420 -3.161040 1.774048,
        0.145969 -3.161040 1.720083,
        0.163842 -3.161040 1.684433,
        0.168533 -3.161040 1.682856,
        0.196765 -3.161040 1.668835,
        0.670739 -3.161040 1.451443,
        0.672785 -3.161040 1.443597,
        0.673229 -3.161040 1.443597,
        0.727639 -3.161040 1.543241,
        0.653904 -3.161040 1.543241,
        0.701304 -3.161040 1.523080,
        0.653904 -3.161040 1.499872,
        0.675276 -3.161040 1.451307,
        0.673996 -3.161040 1.446863,
        0.653904 -3.161040 1.426643,
        0.653904 -3.161040 1.455004,
        0.627143 -3.161040 1.523080,
        0.664530 -3.161040 1.427973,
        0.663967 -3.161040 1.426643,
        0.657196 -3.161040 1.410644,
        0.622793 -3.161040 1.373780,
        0.630588 -3.161040 1.384241,
        0.630588 -3.161040 1.399114,
        0.650744 -3.161040 1.401096,
        0.653858 -3.161040 1.404550,
        0.653904 -3.161040 1.404633,
        0.653904 -3.161040 1.385856,
        0.648120 -3.161040 1.383653,
        0.653904 -3.161040 1.373780,
        0.641368 -3.161040 1.382876,
        0.637678 -3.161040 1.383009,
        0.640071 -3.161040 1.397204,
        0.644343 -3.161040 1.397717,
        0.647976 -3.161040 1.399151,
        0.675378 -3.161040 1.413373,
        0.667811 -3.161040 1.398636,
        0.727639 -3.161040 1.373780,
        0.661694 -3.161040 1.391291,
        0.660555 -3.161040 1.390246,
        0.654717 -3.161040 1.386166,
        0.464152 -3.161040 1.500156,
        0.464152 -3.161040 1.516394,
        0.448869 -3.161040 1.543241,
        0.548444 -3.161040 1.426643,
        0.531422 -3.161040 1.427769,
        0.514707 -3.161040 1.427769,
        0.448869 -3.161040 1.426643,
        0.457708 -3.161040 1.440004,
        0.455676 -3.161040 1.445646,
        0.501061 -3.161040 1.511093,
        0.495399 -3.161040 1.511686,
        0.486461 -3.161040 1.484396,
        0.448869 -3.161040 1.373780,
        0.475388 -3.161040 1.426641,
        0.475063 -3.161040 1.426678,
        0.468655 -3.161040 1.429094,
        0.548444 -3.161040 1.543241,
        0.519948 -3.161040 1.518806,
        0.524350 -3.161040 1.514459,
        0.514707 -3.161040 1.442506,
        0.514263 -3.161040 1.442506,
        0.510324 -3.161040 1.436848,
        0.504868 -3.161040 1.431650,
        0.461944 -3.161040 1.473594,
        0.467232 -3.161040 1.477985,
        0.474652 -3.161040 1.481592,
        0.475651 -3.161040 1.507390,
        0.486120 -3.161040 1.510791,
        0.463026 -3.161040 1.433022,
        0.461189 -3.161040 1.434881,
        0.467609 -3.161040 1.518396,
        0.480039 -3.161040 1.523211,
        0.496968 -3.161040 1.525263,
        0.507534 -3.161040 1.524253,
        0.514459 -3.161040 1.522051,
        0.454839 -3.161040 1.453285,
        0.454924 -3.161040 1.455998,
        0.456099 -3.161040 1.463061,
        0.458501 -3.161040 1.468881,
        0.527719 -3.161040 1.508942,
        0.530273 -3.161040 1.501116,
        0.531422 -3.161040 1.489104,
        0.514707 -3.161040 1.488353,
        0.514125 -3.161040 1.495744,
        0.512397 -3.161040 1.501696,
        0.510433 -3.161040 1.505138,
        0.507906 -3.161040 1.507826,
        0.504939 -3.161040 1.509739,
        0.548444 -3.161040 1.373780,
        0.494361 -3.161040 1.426639,
        0.485063 -3.161040 1.425517,
        0.525520 -3.161040 1.774048,
        0.528667 -3.161040 1.773800,
        0.548444 -3.161040 1.774048,
        0.542816 -3.161040 1.769715,
        0.542816 -3.161040 1.751704,
        0.542816 -3.161040 1.661509,
        0.542816 -3.161040 1.644999,
        0.548444 -3.161040 1.638347,
        0.540539 -3.161040 1.643865,
        0.526211 -3.161040 1.639166,
        0.517647 -3.161040 1.638347,
        0.511364 -3.161040 1.759618,
        0.527793 -3.161040 1.757656,
        0.541330 -3.161040 1.752506,
        0.504774 -3.161040 1.759278,
        0.493359 -3.161040 1.756768,
        0.483004 -3.161040 1.751610,
        0.463181 -3.161040 1.723044,
        0.460979 -3.161040 1.704696,
        0.508362 -3.161040 1.652572,
        0.475000 -3.161040 1.744813,
        0.474107 -3.161040 1.743836,
        0.529680 -3.161040 1.655611,
        0.514585 -3.161040 1.652804,
        0.467654 -3.161040 1.734566,
        0.461225 -3.161040 1.698314,
        0.463584 -3.161040 1.685293,
        0.468099 -3.161040 1.674726,
        0.474078 -3.161040 1.666626,
        0.478015 -3.161040 1.662880,
        0.496969 -3.161040 1.653712,
        0.487099 -3.161040 1.657023,
        0.452499 -3.161040 1.742886,
        0.462173 -3.161040 1.755524,
        0.465459 -3.161040 1.758661,
        0.477950 -3.161040 1.767414,
        0.440870 -3.161040 1.774048,
        0.446161 -3.161040 1.728063,
        0.448869 -3.161040 1.734397,
        0.448869 -3.161040 1.673395,
        0.445535 -3.161040 1.681934,
        0.440870 -3.161040 1.638347,
        0.442899 -3.161040 1.703673,
        0.443134 -3.161040 1.710641,
        0.483342 -3.161040 1.640583,
        0.470749 -3.161040 1.646524,
        0.448869 -3.161040 1.638347,
        0.460024 -3.161040 1.655437,
        0.458937 -3.161040 1.656623,
        0.450971 -3.161040 1.668012,
        0.494193 -3.161040 1.638347,
        0.497802 -3.161040 1.637603,
        0.505872 -3.161040 1.637221,
        0.448869 -3.161040 2.519685,
        0.440870 -3.161040 2.519685,
        0.548444 -3.161040 2.519685,
        0.622793 -3.161040 1.774048,
        0.622793 -3.161040 2.519685,
        0.653904 -3.161040 1.774048,
        0.653904 -3.161040 2.519685,
        0.821022 -3.161040 1.774048,
        0.778859 -3.161040 2.519685,
        0.778859 -3.161040 1.774048,
        0.727639 -3.161040 2.519685,
        0.945978 -3.161040 1.774048,
        0.945978 -3.161040 2.519685,
        0.821022 -3.161040 2.519685,
        3.960630 -3.161040 1.774048,
        3.960630 -3.161040 4.291339,
        2.649606 -3.161040 4.291339,
        0.622793 -3.161040 1.772922,
        0.638263 -3.161040 1.772922,
        0.638263 -3.161040 1.757571,
        0.653904 -3.161040 1.638347,
        0.634477 -3.161040 1.699580,
        0.634477 -3.161040 1.714862,
        0.622793 -3.161040 1.757571,
        0.622793 -3.161040 1.638347,
        0.569526 -3.161040 1.639473,
        0.622793 -3.161040 1.639473,
        0.569526 -3.161040 1.772922,
        0.511193 -3.161040 1.775174,
        0.641299 -3.161040 1.639473,
        0.641299 -3.161040 1.654687,
        0.622793 -3.161040 1.699580,
        0.771524 -3.161040 1.683777,
        0.764952 -3.161040 1.669975,
        0.778859 -3.161040 1.638347,
        0.759733 -3.161040 1.750652,
        0.767996 -3.161040 1.739019,
        0.727639 -3.161040 1.642919,
        0.727639 -3.161040 1.638347,
        0.741095 -3.161040 1.648174,
        0.755031 -3.161040 1.658167,
        0.755031 -3.161040 1.755252,
        0.741061 -3.161040 1.764788,
        0.772934 -3.161040 1.726293,
        0.775158 -3.161040 1.707903,
        0.774757 -3.161040 1.699401,
        0.704578 -3.161040 1.772922,
        0.725883 -3.161040 1.642233,
        0.703214 -3.161040 1.639473,
        0.666509 -3.161040 1.639473,
        0.666509 -3.161040 1.772922,
        0.945978 -3.161040 1.638347,
        0.902637 -3.161040 1.639473,
        0.883602 -3.161040 1.639473,
        0.869991 -3.161040 1.675974,
        0.821022 -3.161040 1.675974,
        0.821022 -3.161040 1.638347,
        0.814422 -3.161040 1.675974,
        0.801595 -3.161040 1.639473,
        0.782560 -3.161040 1.639473,
        0.821022 -3.161040 1.740455,
        0.833389 -3.161040 1.772922,
        0.851809 -3.161040 1.772922,
        0.384294 -3.161040 1.543241,
        0.384294 -3.161040 1.503158,
        0.440870 -3.161040 1.543241,
        0.432017 -3.161040 1.503158,
        0.384294 -3.161040 1.487876,
        0.384294 -3.161040 1.442983,
        0.432017 -3.161040 1.487876,
        0.438840 -3.161040 1.442983,
        0.440870 -3.161040 1.426643,
        0.438840 -3.161040 1.427769,
        0.367067 -3.161040 1.427769,
        0.501024 -3.161040 1.429212,
        0.570516 -3.161040 1.426643,
        0.579930 -3.161040 1.425517,
        0.634007 -3.161040 1.397993,
        0.563997 -3.161040 1.427422,
        0.554073 -3.161040 1.431112,
        0.554073 -3.161040 1.448373,
        0.603016 -3.161040 1.524222,
        0.613872 -3.161040 1.521033,
        0.622793 -3.161040 1.543241,
        0.613872 -3.161040 1.504795,
        0.612849 -3.161040 1.469454,
        0.615969 -3.161040 1.464850,
        0.554175 -3.161040 1.497359,
        0.554833 -3.161040 1.503330,
        0.556737 -3.161040 1.485764,
        0.554894 -3.161040 1.490869,
        0.617753 -3.161040 1.459922,
        0.618444 -3.161040 1.453694,
        0.617649 -3.161040 1.446978,
        0.615596 -3.161040 1.441681,
        0.612480 -3.161040 1.437272,
        0.645836 -3.161040 1.523080,
        0.558917 -3.161040 1.482281,
        0.556822 -3.161040 1.508711,
        0.559926 -3.161040 1.513230,
        0.564887 -3.161040 1.517690,
        0.607698 -3.161040 1.433090,
        0.603749 -3.161040 1.430667,
        0.570516 -3.161040 1.520979,
        0.579867 -3.161040 1.524120,
        0.591290 -3.161040 1.525263,
        0.571508 -3.161040 1.440289,
        0.579487 -3.161040 1.469659,
        0.561008 -3.161040 1.444126,
        0.569524 -3.161040 1.474226,
        0.561652 -3.161040 1.479421,
        0.589652 -3.161040 1.511686,
        0.584705 -3.161040 1.511315,
        0.571402 -3.161040 1.498860,
        0.580233 -3.161040 1.510131,
        0.576485 -3.161040 1.508139,
        0.571554 -3.161040 1.496636,
        0.572218 -3.161040 1.494040,
        0.573422 -3.161040 1.491785,
        0.581568 -3.161040 1.439163,
        0.582306 -3.161040 1.439167,
        0.590463 -3.161040 1.465063,
        0.590875 -3.161040 1.440127,
        0.601285 -3.161040 1.452057,
        0.601121 -3.161040 1.454136,
        0.575052 -3.161040 1.489991,
        0.580945 -3.161040 1.486306,
        0.600116 -3.161040 1.510558,
        0.591290 -3.161040 1.481803,
        0.609592 -3.161040 1.507214,
        0.597762 -3.161040 1.479185,
        0.608864 -3.161040 1.473011,
        0.595188 -3.161040 1.441706,
        0.596712 -3.161040 1.442631,
        0.598630 -3.161040 1.444333,
        0.573963 -3.161040 1.505910,
        0.572530 -3.161040 1.503782,
        0.571705 -3.161040 1.501526,
        0.600089 -3.161040 1.446491,
        0.600939 -3.161040 1.448868,
        0.600362 -3.161040 1.456746,
        0.599070 -3.161040 1.458962,
        0.596987 -3.161040 1.461131,
        0.821022 -3.161040 1.543241,
        0.778859 -3.161040 1.543241,
        0.778859 -3.161040 1.503158,
        0.801595 -3.161040 1.503158,
        0.801595 -3.161040 1.487876,
        0.821022 -3.161040 1.426643,
        0.753872 -3.161040 1.503158,
        0.753872 -3.161040 1.543241,
        0.753872 -3.161040 1.545867,
        0.778859 -3.161040 1.545867,
        0.736644 -3.161040 1.427769,
        0.736644 -3.161040 1.543241,
        0.736644 -3.161040 1.561218,
        0.778859 -3.161040 1.426643,
        0.778859 -3.161040 1.427769,
        0.808418 -3.161040 1.427769,
        0.808418 -3.161040 1.442983,
        0.778859 -3.161040 1.487876,
        0.935114 -3.161040 1.527315,
        0.945978 -3.161040 1.543241,
        0.926852 -3.161040 1.538948,
        0.922464 -3.161040 1.543241,
        0.938642 -3.161040 1.472073,
        0.932070 -3.161040 1.458271,
        0.945978 -3.161040 1.426643,
        0.922150 -3.161040 1.446463,
        0.908213 -3.161040 1.436470,
        0.893002 -3.161040 1.430529,
        0.870333 -3.161040 1.427769,
        0.833627 -3.161040 1.427769,
        0.940052 -3.161040 1.514589,
        0.942276 -3.161040 1.496199,
        0.941876 -3.161040 1.487697,
        0.922150 -3.161040 1.543547,
        0.908179 -3.161040 1.553084,
        0.833627 -3.161040 1.543241,
        0.833627 -3.161040 1.561218,
        0.871697 -3.161040 1.561218,
        0.892074 -3.161040 1.558968,
        1.050721 -3.161040 1.427769,
        1.069756 -3.161040 1.427769,
        1.569800 -3.161040 1.426643,
        1.025775 -3.161040 1.543241,
        1.569800 -3.161040 1.543241,
        1.018928 -3.161040 1.561218,
        1.569800 -3.161040 1.638347,
        1.037110 -3.161040 1.464269,
        0.981540 -3.161040 1.464269,
        0.968714 -3.161040 1.427769,
        0.949679 -3.161040 1.427769,
        0.993660 -3.161040 1.543241,
        1.000507 -3.161040 1.561218,
        -0.645669 -3.161040 1.373780,
        -0.645669 -3.161040 1.426643,
        -0.645669 -3.161040 1.543241,
        -0.645669 -3.161040 1.638347,
        -0.645669 -3.161040 1.774048,
        -0.645669 -3.161040 2.519685,
        0.367067 -3.161040 1.639473,
        0.367067 -3.161040 1.772922,
        0.437441 -3.161040 1.639473,
        0.384294 -3.161040 1.545867,
        0.435804 -3.161040 1.545867,
        0.435804 -3.161040 1.561218,
        0.367067 -3.161040 1.561218,
        0.367067 -3.161040 1.543241,
        0.805382 -3.161040 1.545867,
        0.805382 -3.161040 1.561218,
        0.778859 -3.161040 1.561218,
        0.778859 -3.161040 1.373780,
        0.821022 -3.161040 1.373780,
        0.945978 -3.161040 1.373780,
        1.569800 -3.161040 1.373780,
        0.312420 -3.161040 0.039370,
        0.440870 -3.161040 0.039370,
        0.440870 -3.161040 0.663279,
        0.448869 -3.161040 0.039370,
        0.448869 -3.161040 0.663279,
        0.548444 -3.161040 0.039370,
        0.548444 -3.161040 0.663279,
        0.622793 -3.161040 0.039370,
        0.622793 -3.161040 0.663279,
        0.653904 -3.161040 0.039370,
        0.653904 -3.161040 0.663279,
        0.727639 -3.161040 0.039370,
        0.727639 -3.161040 0.663279,
        0.778859 -3.161040 0.039370,
        0.778859 -3.161040 0.663279,
        0.821022 -3.161040 0.039370,
        0.821022 -3.161040 0.663279,
        0.945978 -3.161040 0.039370,
        0.945978 -3.161040 0.663279,
        1.569800 -3.161040 0.039370,
        1.569800 -3.161040 0.663279,
        2.350718 -3.161040 0.786376,
        2.069843 -3.161040 0.786376,
        3.960630 -3.161040 1.373780,
        2.350718 -3.161040 0.996194,
        3.960630 -3.161040 0.663279,
        2.069843 -3.161040 0.996194,
        3.960630 -3.161040 1.638347,
        3.960630 -3.161040 1.543241,
        3.960630 -3.161040 1.426643,
        2.350718 -3.161040 0.540182,
        3.960630 -3.161040 0.039370,
        2.350718 -3.161040 0.330365,
        2.069843 -3.161040 0.330365,
        2.069843 -3.161040 0.540182,
        3.960630 -3.121670 0.000000,
        3.960630 0.382267 0.000000,
        3.970819 0.382267 0.001341,
        3.970819 -3.121670 0.001341,
        3.980315 0.382267 0.005274,
        3.980315 -3.121670 0.005274,
        3.988469 0.382267 0.011531,
        3.988469 -3.121670 0.011531,
        3.994726 0.382267 0.019685,
        3.994726 -3.121670 0.019685,
        3.998658 0.382267 0.029180,
        3.998658 -3.121670 0.029180,
        4.000000 0.382267 0.039370,
        4.000000 -3.121670 0.039370,
        3.970819 -3.159698 4.291339,
        3.970819 -3.159698 0.039370,
        3.980315 -3.155765 0.039370,
        3.980315 -3.155765 4.291339,
        3.988469 -3.149509 0.039370,
        3.988469 -3.149509 4.291339,
        3.994726 -3.141355 0.039370,
        3.994726 -3.141355 4.291339,
        3.998658 -3.131859 0.039370,
        3.998658 -3.131859 4.291339,
        4.000000 -3.121670 4.291339,
        4.000000 0.382267 4.291339,
        3.998658 0.382267 4.301528,
        3.998658 -3.121670 4.301528,
        3.994726 0.382267 4.311024,
        3.994726 -3.121670 4.311024,
        3.988469 0.382267 4.319178,
        3.988469 -3.121670 4.319178,
        3.980315 0.382267 4.325434,
        3.980315 -3.121670 4.325434,
        3.970819 0.382267 4.329367,
        3.970819 -3.121670 4.329367,
        3.960630 0.382267 4.330709,
        3.960630 -3.121670 4.330709,
        3.960630 0.421637 0.039370,
        3.960630 0.421637 4.291339,
        3.970819 0.420296 4.291339,
        3.970819 0.420296 0.039370,
        3.980315 0.416363 4.291339,
        3.980315 0.416363 0.039370,
        3.988469 0.410106 4.291339,
        3.988469 0.410106 0.039370,
        3.994726 0.401952 4.291339,
        3.994726 0.401952 0.039370,
        3.998658 0.392457 4.291339,
        3.998658 0.392457 0.039370,
        2.610236 -1.146122 3.818898,
        -0.330709 -1.146122 3.818898,
        -0.330709 -1.100131 3.809864,
        2.121953 -0.877575 1.377953,
        2.375593 -0.877575 1.377953,
        3.986116 -0.699966 1.471588,
        3.986116 -0.893492 1.374331,
        3.986116 -0.855721 1.387298,
        2.965601 -0.877575 1.377953,
        2.796905 -0.877575 1.377953,
        2.808571 -0.892621 1.371796,
        2.356739 -0.892621 1.371796,
        2.877127 -0.995026 1.335613,
        2.245946 -0.995026 1.335613,
        2.162146 -1.100131 1.308246,
        2.928980 -1.100131 1.308246,
        2.105942 -1.207178 1.289891,
        2.963759 -1.207178 1.289891,
        2.077738 -1.315396 1.280680,
        2.981211 -1.315396 1.280680,
        2.981211 -1.424006 1.280680,
        2.074207 -1.369701 1.279528,
        2.077738 -1.424006 1.280680,
        2.963759 -1.532224 1.289891,
        2.105942 -1.532224 1.289891,
        2.928980 -1.639271 1.308246,
        2.162146 -1.639271 1.308246,
        2.877127 -1.744376 1.335613,
        2.245946 -1.744376 1.335613,
        2.306380 -1.803619 1.355350,
        2.796905 -1.861827 1.377953,
        -0.330709 -1.945750 1.416532,
        2.121953 -1.861827 1.377953,
        2.052741 -1.803619 1.355350,
        -0.330709 -1.744376 1.335613,
        2.375593 -1.861827 1.377953,
        3.986116 -1.943926 1.419901,
        2.965601 -1.861827 1.377953,
        3.986116 -1.883681 1.387298,
        3.045823 -1.744376 1.335613,
        3.986116 -1.743190 1.339067,
        3.097676 -1.639271 1.308246,
        3.986116 -1.683807 1.318681,
        3.132454 -1.532224 1.289891,
        3.986116 -1.531657 1.293291,
        3.149906 -1.424006 1.280680,
        3.986116 -1.475364 1.283898,
        3.149906 -1.315396 1.280680,
        2.977267 -0.892621 1.371796,
        3.045823 -0.995026 1.335613,
        3.986116 -1.055596 1.318681,
        3.097676 -1.100131 1.308246,
        3.986116 -1.100619 1.311168,
        3.132454 -1.207178 1.289891,
        3.986116 -1.264039 1.283898,
        3.986116 -1.315396 1.283898,
        3.986116 -1.475364 3.834213,
        2.610236 -1.532224 3.828219,
        2.610236 -1.315396 3.837430,
        -0.330709 -1.744376 3.782497,
        -0.330709 -1.593280 3.818898,
        2.610236 -1.593280 3.818898,
        -0.330709 -0.892621 1.371796,
        -0.330709 -1.100131 1.308246,
        1.908507 -1.100131 1.308246,
        -0.330709 -0.698835 1.469500,
        2.103099 -0.892621 1.371796,
        1.992307 -0.995026 1.335613,
        -0.330709 -1.315396 1.280680,
        -0.330709 -1.532224 1.289891,
        1.824098 -1.424006 1.280680,
        1.820568 -1.369701 1.279528,
        1.824098 -1.315396 1.280680,
        1.852302 -1.207178 1.289891,
        1.992307 -1.744376 1.335613,
        1.908507 -1.639271 1.308246,
        1.852302 -1.532224 1.289891,
        3.986116 -0.090174 2.559055,
        3.986116 -0.107625 2.769658,
        -0.330709 -0.090174 2.559055,
        -0.330709 -0.108578 2.775296,
        3.986116 -0.109024 2.775183,
        3.986116 -0.159502 2.974517,
        -0.330709 -0.163263 2.985317,
        3.986116 -0.164082 2.984958,
        3.986116 -0.244390 3.168043,
        -0.330709 -0.252656 3.183074,
        3.986116 -0.253746 3.182362,
        3.986116 -0.359974 3.344957,
        -0.330709 -0.374183 3.362880,
        3.986116 -0.375423 3.361739,
        3.986116 -0.503101 3.500434,
        -0.330709 -0.524350 3.519561,
        3.986116 -0.525604 3.517949,
        3.986116 -0.669866 3.630233,
        -0.330709 -0.698835 3.648610,
        3.986116 -0.699966 3.646522,
        3.986116 -0.855721 3.730812,
        -0.330709 -0.892621 3.746315,
        3.986116 -0.893492 3.743779,
        3.986116 -1.055596 3.799430,
        3.986116 -1.100619 3.806943,
        3.986116 -1.264039 3.834213,
        3.986116 -1.315396 3.834213,
        3.986116 -1.531657 3.824819,
        3.986116 -1.683807 3.799430,
        3.986116 -1.743190 3.779043,
        3.986116 -1.883681 3.730812,
        -0.330709 -1.945750 3.701578,
        3.986116 -1.943926 3.698210,
        3.986116 -2.069537 3.630233,
        -0.330709 -2.130551 3.587791,
        3.986116 -2.128104 3.584648,
        3.986116 -2.236302 3.500434,
        -0.330709 -2.293464 3.444410,
        3.986116 -2.290439 3.441625,
        3.986116 -2.379428 3.344957,
        -0.330709 -2.429802 3.275558,
        3.986116 -2.426274 3.273254,
        3.986116 -2.495012 3.168043,
        -0.330709 -2.535643 3.086094,
        3.986116 -2.531714 3.084370,
        3.986116 -2.579900 2.974517,
        -0.330709 -2.607942 2.881468,
        3.986116 -2.603733 2.880402,
        3.986116 -2.631778 2.769658,
        -0.330709 -2.644619 2.667567,
        3.986116 -2.640267 2.667206,
        3.986116 -2.649229 2.559055,
        -0.330709 -2.644619 2.450544,
        3.986116 -2.640267 2.450904,
        3.986116 -2.631778 2.348452,
        -0.330709 -2.607942 2.236642,
        3.986116 -2.603733 2.237708,
        3.986116 -2.579900 2.143593,
        -0.330709 -2.535643 2.032016,
        3.986116 -2.531714 2.033740,
        3.986116 -2.495012 1.950067,
        -0.330709 -2.429802 1.842552,
        3.986116 -2.426274 1.844857,
        3.986116 -2.379428 1.773153,
        -0.330709 -2.293464 1.673700,
        3.986116 -2.290439 1.676485,
        3.986116 -2.236302 1.617676,
        -0.330709 -2.130551 1.530319,
        3.986116 -2.069537 1.487878,
        3.986116 -2.128104 1.533462,
        3.986116 -0.669866 1.487878,
        -0.330709 -0.524350 1.598549,
        3.986116 -0.525604 1.600161,
        3.986116 -0.503101 1.617676,
        -0.330709 -0.374183 1.755230,
        3.986116 -0.375423 1.756372,
        3.986116 -0.359974 1.773153,
        -0.330709 -0.252656 1.935036,
        3.986116 -0.253746 1.935748,
        -0.330709 -0.163263 2.132794,
        3.986116 -0.244390 1.950067,
        3.986116 -0.164082 2.133152,
        -0.330709 -0.108578 2.342814,
        3.986116 -0.159502 2.143593,
        3.986116 -0.109024 2.342927,
        3.986116 -0.107625 2.348452,
        -0.468141 -0.965741 4.222269,
        -0.436452 -0.887497 4.201292,
        -0.685039 -0.887497 4.201292,
        -0.342909 -0.717410 4.141452,
        -0.299350 -0.659102 4.115043,
        -0.685039 -0.658690 4.115952,
        0.412076 -0.211141 3.818898,
        2.610236 -0.211141 3.818898,
        2.610236 -0.076185 3.679894,
        0.051181 -0.346837 3.931357,
        0.142197 -0.299436 3.894719,
        -0.685039 -0.248863 3.852572,
        0.238311 -0.261186 3.862842,
        0.269276 -0.248863 3.852572,
        -0.685039 -0.076185 3.679894,
        0.339498 -0.227923 3.834127,
        -0.685039 -0.444358 3.998917,
        -0.263044 -0.610503 4.093031,
        -0.193182 -0.534285 4.052890,
        -0.116526 -0.465981 4.011896,
        -0.092259 -0.444358 3.998917,
        -0.022572 -0.393124 3.964673,
        -0.381132 -0.779150 4.165515,
        -0.534873 -1.266733 4.267523,
        -0.521426 -1.164605 4.258290,
        -0.685039 -1.126120 4.253202,
        -0.513980 -1.126120 4.253202,
        -0.493735 -1.044559 4.239456,
        -0.539370 -1.369701 4.270623,
        -0.685039 -1.369701 4.270623,
        -0.534854 -1.472895 4.267509,
        -0.685039 -1.613283 4.253202,
        -0.521426 -1.574798 4.258290,
        -0.436452 -1.851906 4.201292,
        -0.468141 -1.773662 4.222269,
        -0.685039 -1.851906 4.201292,
        -0.493864 -1.694391 4.239543,
        -0.512590 -1.613139 4.252280,
        -0.381132 -1.960252 4.165515,
        -0.685039 -2.080712 4.115952,
        -0.343002 -2.021853 4.141509,
        -0.117466 -2.274478 4.011929,
        -0.193098 -2.205202 4.052843,
        -0.685039 -2.295044 3.998917,
        -0.263044 -2.128899 4.093031,
        -0.301383 -2.080712 4.115952,
        0.272482 -2.490462 3.852483,
        0.237772 -2.479574 3.861993,
        -0.685039 -2.490540 3.852572,
        0.142360 -2.440043 3.894657,
        0.051181 -2.392566 3.931357,
        -0.022680 -2.346205 3.964724,
        -0.090604 -2.294805 3.998552,
        2.610236 -2.663218 3.679894,
        2.610236 -2.528261 3.818898,
        0.412076 -2.528261 3.818898,
        0.339412 -2.511456 3.834147,
        -0.685039 -2.663218 3.679894,
        2.610236 0.070161 3.484398,
        -0.685039 0.070161 3.484398,
        2.610236 0.187196 3.270066,
        -0.685039 0.187196 3.270066,
        2.610236 0.272536 3.041259,
        -0.685039 0.272536 3.041259,
        2.610236 0.324445 2.802637,
        -0.685039 0.324445 2.802637,
        2.610236 0.341867 2.559055,
        -0.685039 -2.809564 3.484398,
        2.610236 -2.809564 3.484398,
        -0.685039 -2.926598 3.270066,
        2.610236 -2.926598 3.270066,
        -0.685039 -3.011939 3.041259,
        2.610236 -3.011939 3.041259,
        -0.685039 -3.063848 2.802637,
        2.610236 -3.063848 2.802637,
        2.610236 -3.081269 2.559055,
        2.649606 0.421637 4.291339,
        2.649606 0.421637 2.519685,
        -0.645669 0.421637 2.519685,
        -0.645669 0.421637 0.039370,
        0.444186 -1.616887 0.000000,
        0.505906 -1.591322 0.000000,
        1.854331 -1.369701 0.000000,
        0.558905 -1.550654 0.000000,
        0.599573 -1.497654 0.000000,
        0.599573 -1.241748 0.000000,
        0.558905 -1.188749 0.000000,
        1.863050 -1.303468 0.000000,
        0.505906 -1.148080 0.000000,
        -0.685039 -3.121670 0.000000,
        1.982283 -1.591322 0.000000,
        2.044003 -1.616887 0.000000,
        2.357422 -1.303468 0.000000,
        2.366142 -1.369701 0.000000,
        2.357422 -1.435934 0.000000,
        2.331857 -1.241748 0.000000,
        2.291189 -1.188749 0.000000,
        2.238189 -1.148080 0.000000,
        0.625139 -1.435934 0.000000,
        0.633858 -1.369701 0.000000,
        0.625139 -1.303468 0.000000,
        0.130767 -1.435934 0.000000,
        0.122047 -1.369701 0.000000,
        -0.685039 0.382267 0.000000,
        0.130767 -1.303468 0.000000,
        0.156332 -1.497654 0.000000,
        0.197000 -1.550654 0.000000,
        0.250000 -1.591322 0.000000,
        2.176470 -1.616887 0.000000,
        2.238189 -1.591322 0.000000,
        2.176470 -1.122515 0.000000,
        2.110236 -1.113796 0.000000,
        2.044003 -1.122515 0.000000,
        1.982283 -1.148080 0.000000,
        1.929284 -1.188749 0.000000,
        1.888615 -1.241748 0.000000,
        0.250000 -1.148080 0.000000,
        0.197000 -1.188749 0.000000,
        0.156332 -1.241748 0.000000,
        2.110236 -1.625607 0.000000,
        2.291189 -1.550654 0.000000,
        2.331857 -1.497654 0.000000,
        0.444186 -1.122515 0.000000,
        0.377953 -1.113796 0.000000,
        0.311720 -1.122515 0.000000,
        0.311720 -1.616887 0.000000,
        0.377953 -1.625607 0.000000,
        1.863050 -1.435934 0.000000,
        1.888615 -1.497654 0.000000,
        1.929284 -1.550654 0.000000,
        -0.685039 0.382267 2.559055,
        2.610236 0.382267 2.559055,
        2.610236 -3.121670 2.559055,
        -0.685039 -3.121670 2.559055,
        -0.330709 -0.887110 1.589882,
        -0.330709 -0.717243 1.695060,
        -0.330709 -0.569593 1.829660,
        -0.330709 -0.449191 1.989099,
        -0.330709 -0.360135 2.167947,
        -0.330709 -0.305459 2.360114,
        -0.330709 -0.287024 2.559055,
        -0.330709 -0.305459 2.757996,
        -0.330709 -0.360135 2.950163,
        -0.330709 -0.449191 3.129011,
        -0.330709 -0.569593 3.288450,
        -0.330709 -0.717243 3.423050,
        -0.330709 -0.887110 3.528228,
        -0.330709 -2.452378 2.559055,
        -0.330709 -2.433944 2.360114,
        -0.330709 -2.379268 2.167947,
        -0.330709 -2.290212 1.989099,
        -0.330709 -2.169809 1.829660,
        -0.330709 -2.022160 1.695060,
        -0.330709 -1.852292 1.589882,
        -0.330709 -1.665990 1.517709,
        -0.330709 -1.469598 1.480996,
        -0.330709 -1.269804 1.480996,
        -0.330709 -1.073413 1.517709,
        -0.330709 -1.073413 3.600402,
        -0.330709 -1.269804 3.637114,
        -0.330709 -1.469598 3.637114,
        -0.330709 -1.665990 3.600402,
        -0.330709 -1.852292 3.528228,
        -0.330709 -2.022160 3.423050,
        -0.330709 -2.169809 3.288450,
        -0.330709 -2.290212 3.129011,
        -0.330709 -2.379268 2.950163,
        -0.330709 -2.433944 2.757996,
        2.610236 -3.121670 4.291339,
        2.610236 -2.550804 4.291339,
        2.610236 -2.550804 3.818898,
        2.649606 -2.511433 4.330709,
        2.649606 -3.121670 4.330709,
        0.498635 -2.502431 4.330709,
        0.641732 -2.511433 4.330709,
        -0.479777 -1.155762 4.330709,
        2.649606 -0.227969 4.330709,
        2.649606 0.382267 4.330709,
        -0.444120 -1.016887 4.330709,
        0.641732 -0.227969 4.330709,
        0.498635 -0.236972 4.330709,
        0.357795 -0.263839 4.330709,
        -0.237987 -0.641934 4.330709,
        -0.139837 -0.537414 4.330709,
        -0.029361 -0.446020 4.330709,
        0.221433 -0.308145 4.330709,
        0.091698 -0.369194 4.330709,
        -0.322264 -0.757930 4.330709,
        -0.391338 -0.883575 4.330709,
        0.091698 -2.370209 4.330709,
        0.221433 -2.431257 4.330709,
        0.357795 -2.475564 4.330709,
        -0.497747 -1.441391 4.330709,
        -0.479777 -1.583641 4.330709,
        -0.029361 -2.293382 4.330709,
        -0.444120 -1.722516 4.330709,
        -0.391338 -1.855827 4.330709,
        -0.497747 -1.298011 4.330709,
        -0.322264 -1.981472 4.330709,
        -0.237987 -2.097469 4.330709,
        -0.139837 -2.201988 4.330709,
        4.000000 -0.297837 3.393320,
        4.000000 -0.175141 3.205519,
        4.000000 -0.029959 2.335491,
        4.000000 -0.011433 2.559055,
        4.000000 -1.703136 1.242350,
        4.000000 -1.915311 1.315190,
        4.000000 -2.112603 1.421959,
        4.000000 -2.289631 1.559745,
        4.000000 -1.036266 3.875760,
        4.000000 -0.824091 3.802920,
        4.000000 -0.085028 3.000084,
        4.000000 -0.029959 2.782619,
        4.000000 -0.085028 2.118026,
        4.000000 -0.175141 1.912591,
        4.000000 -0.297837 1.724790,
        4.000000 -0.449772 1.559745,
        4.000000 -0.626799 1.421959,
        4.000000 -0.824091 1.315190,
        4.000000 -2.441565 1.724790,
        4.000000 -2.564262 1.912591,
        4.000000 -2.654374 2.118026,
        4.000000 -0.626799 3.696152,
        4.000000 -0.449772 3.558365,
        4.000000 -1.036266 1.242350,
        4.000000 -1.257536 1.205427,
        4.000000 -1.481866 1.205427,
        4.000000 -2.709444 2.335491,
        4.000000 -2.727969 2.559055,
        4.000000 -2.709444 2.782619,
        4.000000 -2.654374 3.000084,
        4.000000 -2.564262 3.205519,
        4.000000 -2.441565 3.393320,
        4.000000 -2.289631 3.558365,
        4.000000 -2.112603 3.696152,
        4.000000 -1.915311 3.802920,
        4.000000 -1.703136 3.875760,
        4.000000 -1.481866 3.912684,
        4.000000 -1.257536 3.912684,
        2.610236 -0.188599 3.818898,
        2.610236 -0.188599 4.291339,
        2.610236 0.382267 4.291339,
        0.641732 -2.550804 3.818898,
        0.436636 -2.532860 3.818898,
        0.436636 -0.206543 3.818898,
        0.641732 -0.188599 3.818898,
        0.641732 -0.188599 4.291339,
        0.641732 -2.550804 4.291339,
        0.437051 -2.530684 4.291339,
        0.348004 -2.513697 4.291339,
        0.238269 -2.478042 4.291339,
        0.206939 -2.467863 4.291339,
        0.072732 -2.404709 4.291339,
        0.051875 -2.391473 4.291339,
        -0.052502 -2.325233 4.291339,
        -0.115998 -2.272704 4.291339,
        -0.262688 -2.128564 4.291339,
        -0.166788 -2.230688 4.291339,
        -0.268323 -2.122564 4.291339,
        -0.355506 -2.002568 4.291339,
        -0.379317 -1.959254 4.291339,
        -0.426961 -1.872590 4.291339,
        -0.466402 -1.772974 4.291339,
        -0.481563 -1.734682 4.291339,
        -0.518450 -1.591018 4.291339,
        -0.520513 -1.574682 4.291339,
        -0.537039 -1.443863 4.291339,
        -0.537039 -1.369701 4.291339,
        -0.537039 -1.295539 4.291339,
        -0.520513 -1.164720 4.291339,
        -0.518450 -1.148385 4.291339,
        -0.481563 -1.004720 4.291339,
        -0.466402 -0.966429 4.291339,
        -0.426961 -0.866812 4.291339,
        -0.115998 -0.466698 4.291339,
        -0.166788 -0.508715 4.291339,
        -0.262688 -0.610838 4.291339,
        -0.268323 -0.616838 4.291339,
        -0.355506 -0.736835 4.291339,
        -0.379317 -0.780148 4.291339,
        -0.052502 -0.414169 4.291339,
        0.051875 -0.347930 4.291339,
        0.072732 -0.334693 4.291339,
        0.206939 -0.271540 4.291339,
        0.238269 -0.261360 4.291339,
        0.348004 -0.225706 4.291339,
        0.493701 -2.541490 4.291339,
        0.493701 -0.197912 4.291339,
        0.437051 -0.208719 4.291339,
      ]
    }
    coordIndex [
      2, 3, 4, -1,
      5, 6, 7, -1,
      8, 9, 10, -1,
      11, 12, 13, -1,
      14, 15, 16, -1,
      17, 18, 19, -1,
      20, 21, 22, -1,
      23, 24, 25, -1,
      26, 27, 28, -1,
      29, 30, 31, -1,
      32, 33, 34, -1,
      35, 36, 37, -1,
      38, 39, 40, -1,
      41, 42, 43, -1,
      44, 45, 46, -1,
      46, 45, 47, -1,
      44, 46, 48, -1,
      48, 46, 49, -1,
      48, 49, 50, -1,
      50, 49, 51, -1,
      51, 49, 52, -1,
      51, 52, 53, -1,
      43, 42, 52, -1,
      52, 42, 54, -1,
      52, 54, 55, -1,
      52, 56, 53, -1,
      53, 56, 57, -1,
      53, 57, 58, -1,
      58, 57, 59, -1,
      58, 59, 60, -1,
      55, 61, 52, -1,
      52, 61, 62, -1,
      52, 62, 56, -1,
      63, 64, 65, -1,
      63, 65, 43, -1,
      43, 65, 66, -1,
      43, 66, 41, -1,
      67, 68, 69, -1,
      67, 69, 70, -1,
      68, 71, 69, -1,
      69, 71, 72, -1,
      69, 72, 63, -1,
      63, 72, 73, -1,
      63, 73, 64, -1,
      74, 75, 76, -1,
      76, 75, 77, -1,
      76, 77, 69, -1,
      69, 77, 78, -1,
      69, 78, 70, -1,
      79, 80, 81, -1,
      81, 80, 82, -1,
      81, 82, 83, -1,
      79, 84, 80, -1,
      80, 84, 85, -1,
      80, 85, 76, -1,
      76, 85, 86, -1,
      76, 86, 74, -1,
      2, 87, 3, -1,
      3, 87, 88, -1,
      3, 88, 89, -1,
      89, 90, 3, -1,
      3, 90, 91, -1,
      3, 91, 83, -1,
      92, 93, 94, -1,
      95, 96, 97, -1,
      95, 97, 98, -1,
      96, 99, 97, -1,
      97, 99, 100, -1,
      97, 100, 101, -1,
      92, 94, 2, -1,
      2, 94, 102, -1,
      2, 102, 103, -1,
      103, 104, 2, -1,
      2, 104, 105, -1,
      2, 105, 106, -1,
      107, 108, 109, -1,
      109, 108, 110, -1,
      109, 110, 97, -1,
      97, 110, 111, -1,
      97, 111, 98, -1,
      97, 112, 113, -1,
      114, 115, 87, -1,
      87, 115, 116, -1,
      87, 116, 117, -1,
      117, 118, 87, -1,
      87, 118, 119, -1,
      87, 119, 120, -1,
      120, 119, 107, -1,
      120, 107, 121, -1,
      121, 107, 109, -1,
      101, 122, 97, -1,
      97, 122, 123, -1,
      97, 123, 124, -1,
      124, 125, 97, -1,
      97, 125, 126, -1,
      97, 126, 112, -1,
      106, 127, 2, -1,
      2, 127, 128, -1,
      2, 128, 87, -1,
      87, 128, 129, -1,
      87, 129, 114, -1,
      130, 131, 132, -1,
      130, 132, 133, -1,
      113, 134, 97, -1,
      97, 134, 135, -1,
      97, 135, 136, -1,
      136, 135, 137, -1,
      136, 137, 138, -1,
      139, 140, 141, -1,
      141, 140, 142, -1,
      141, 142, 143, -1,
      144, 145, 146, -1,
      146, 145, 141, -1,
      146, 141, 147, -1,
      147, 141, 143, -1,
      136, 148, 149, -1,
      138, 150, 136, -1,
      136, 150, 151, -1,
      136, 151, 148, -1,
      152, 153, 154, -1,
      154, 153, 136, -1,
      154, 136, 155, -1,
      155, 136, 149, -1,
      152, 132, 153, -1,
      153, 132, 131, -1,
      153, 131, 40, -1,
      40, 131, 156, -1,
      40, 156, 38, -1,
      157, 158, 144, -1,
      144, 158, 159, -1,
      144, 159, 145, -1,
      157, 160, 158, -1,
      158, 160, 161, -1,
      158, 161, 162, -1,
      163, 164, 165, -1,
      164, 166, 165, -1,
      165, 166, 167, -1,
      165, 167, 168, -1,
      140, 165, 169, -1,
      139, 133, 140, -1,
      140, 133, 132, -1,
      140, 132, 165, -1,
      165, 132, 170, -1,
      165, 170, 163, -1,
      169, 171, 140, -1,
      140, 171, 172, -1,
      140, 172, 173, -1,
      168, 167, 174, -1,
      174, 167, 175, -1,
      174, 175, 176, -1,
      176, 175, 177, -1,
      176, 177, 178, -1,
      179, 180, 173, -1,
      173, 180, 181, -1,
      173, 181, 140, -1,
      36, 182, 37, -1,
      37, 182, 183, -1,
      37, 183, 92, -1,
      92, 183, 184, -1,
      92, 184, 93, -1,
      185, 186, 187, -1,
      187, 186, 188, -1,
      188, 189, 187, -1,
      187, 189, 190, -1,
      187, 190, 191, -1,
      192, 193, 194, -1,
      195, 196, 197, -1,
      197, 196, 198, -1,
      197, 198, 199, -1,
      199, 198, 192, -1,
      199, 192, 200, -1,
      200, 192, 194, -1,
      201, 202, 16, -1,
      16, 202, 203, -1,
      204, 202, 205, -1,
      205, 202, 201, -1,
      205, 201, 206, -1,
      207, 208, 209, -1,
      210, 211, 201, -1,
      201, 211, 212, -1,
      201, 212, 206, -1,
      213, 214, 215, -1,
      215, 214, 216, -1,
      215, 216, 207, -1,
      207, 216, 217, -1,
      207, 217, 208, -1,
      218, 219, 201, -1,
      201, 219, 220, -1,
      201, 220, 210, -1,
      221, 222, 223, -1,
      221, 223, 33, -1,
      222, 224, 223, -1,
      223, 224, 225, -1,
      223, 225, 215, -1,
      215, 225, 226, -1,
      215, 226, 213, -1,
      227, 228, 229, -1,
      230, 231, 232, -1,
      233, 234, 235, -1,
      236, 237, 238, -1,
      239, 240, 233, -1,
      233, 240, 241, -1,
      233, 241, 242, -1,
      243, 244, 245, -1,
      246, 247, 232, -1,
      232, 247, 248, -1,
      232, 248, 249, -1,
      250, 251, 227, -1,
      227, 251, 252, -1,
      227, 252, 253, -1,
      253, 252, 238, -1,
      253, 238, 254, -1,
      254, 238, 237, -1,
      242, 255, 233, -1,
      233, 255, 256, -1,
      233, 256, 234, -1,
      228, 257, 229, -1,
      229, 257, 258, -1,
      229, 258, 259, -1,
      259, 260, 243, -1,
      243, 260, 261, -1,
      243, 261, 244, -1,
      235, 262, 233, -1,
      233, 262, 263, -1,
      233, 263, 229, -1,
      229, 263, 264, -1,
      229, 264, 227, -1,
      227, 264, 265, -1,
      227, 265, 250, -1,
      245, 266, 243, -1,
      243, 266, 267, -1,
      243, 267, 268, -1,
      269, 270, 238, -1,
      238, 270, 271, -1,
      238, 271, 272, -1,
      272, 273, 238, -1,
      238, 273, 274, -1,
      238, 274, 236, -1,
      275, 276, 239, -1,
      239, 276, 277, -1,
      239, 277, 240, -1,
      278, 279, 280, -1,
      280, 279, 281, -1,
      280, 281, 282, -1,
      283, 284, 285, -1,
      284, 286, 285, -1,
      285, 286, 287, -1,
      285, 287, 288, -1,
      289, 283, 290, -1,
      290, 283, 291, -1,
      289, 292, 283, -1,
      283, 292, 293, -1,
      283, 293, 294, -1,
      295, 296, 297, -1,
      294, 298, 283, -1,
      283, 298, 299, -1,
      283, 299, 300, -1,
      300, 299, 301, -1,
      301, 299, 297, -1,
      297, 299, 302, -1,
      297, 302, 295, -1,
      296, 303, 297, -1,
      297, 303, 304, -1,
      297, 304, 305, -1,
      305, 306, 297, -1,
      297, 306, 307, -1,
      297, 307, 308, -1,
      308, 307, 309, -1,
      31, 310, 311, -1,
      311, 312, 31, -1,
      31, 312, 313, -1,
      31, 313, 29, -1,
      314, 315, 31, -1,
      31, 315, 316, -1,
      31, 316, 310, -1,
      317, 318, 319, -1,
      319, 318, 320, -1,
      319, 320, 314, -1,
      314, 320, 321, -1,
      314, 321, 315, -1,
      322, 323, 324, -1,
      323, 325, 324, -1,
      324, 325, 326, -1,
      324, 326, 327, -1,
      322, 324, 328, -1,
      328, 324, 229, -1,
      328, 229, 329, -1,
      259, 243, 229, -1,
      229, 243, 330, -1,
      229, 330, 329, -1,
      30, 331, 31, -1,
      31, 331, 332, -1,
      31, 332, 314, -1,
      314, 332, 46, -1,
      314, 46, 187, -1,
      187, 46, 47, -1,
      187, 47, 185, -1,
      333, 334, 335, -1,
      335, 334, 336, -1,
      335, 336, 337, -1,
      338, 339, 340, -1,
      340, 339, 341, -1,
      340, 341, 19, -1,
      19, 341, 337, -1,
      342, 343, 344, -1,
      345, 346, 347, -1,
      334, 348, 349, -1,
      334, 349, 336, -1,
      336, 349, 350, -1,
      336, 350, 351, -1,
      352, 351, 353, -1,
      353, 351, 350, -1,
      353, 350, 25, -1,
      25, 350, 354, -1,
      25, 354, 23, -1,
      285, 355, 356, -1,
      356, 355, 357, -1,
      291, 283, 282, -1,
      282, 283, 285, -1,
      282, 285, 280, -1,
      280, 285, 356, -1,
      280, 356, 358, -1,
      30, 359, 331, -1,
      331, 359, 278, -1,
      331, 278, 333, -1,
      333, 278, 280, -1,
      333, 280, 334, -1,
      334, 280, 358, -1,
      334, 358, 348, -1,
      357, 355, 360, -1,
      360, 355, 351, -1,
      360, 351, 361, -1,
      361, 351, 352, -1,
      361, 352, 22, -1,
      22, 352, 362, -1,
      22, 362, 20, -1,
      363, 364, 365, -1,
      366, 367, 340, -1,
      368, 369, 370, -1,
      370, 369, 365, -1,
      370, 365, 371, -1,
      371, 365, 364, -1,
      366, 340, 372, -1,
      19, 18, 340, -1,
      340, 18, 373, -1,
      340, 373, 372, -1,
      367, 374, 340, -1,
      340, 374, 375, -1,
      340, 375, 365, -1,
      365, 375, 376, -1,
      365, 376, 363, -1,
      337, 336, 19, -1,
      19, 336, 377, -1,
      19, 377, 17, -1,
      368, 378, 369, -1,
      369, 378, 379, -1,
      369, 379, 351, -1,
      351, 379, 380, -1,
      351, 380, 336, -1,
      336, 380, 381, -1,
      336, 381, 377, -1,
      382, 383, 384, -1,
      385, 386, 384, -1,
      384, 386, 387, -1,
      384, 387, 382, -1,
      386, 388, 387, -1,
      387, 388, 389, -1,
      387, 389, 365, -1,
      365, 389, 390, -1,
      365, 390, 340, -1,
      340, 390, 391, -1,
      340, 391, 338, -1,
      338, 391, 392, -1,
      338, 392, 393, -1,
      383, 382, 393, -1,
      393, 382, 342, -1,
      393, 342, 338, -1,
      338, 342, 344, -1,
      338, 344, 339, -1,
      394, 395, 396, -1,
      396, 395, 397, -1,
      398, 399, 400, -1,
      400, 399, 401, -1,
      397, 400, 396, -1,
      396, 400, 401, -1,
      396, 401, 402, -1,
      402, 401, 403, -1,
      402, 403, 404, -1,
      249, 405, 232, -1,
      232, 405, 276, -1,
      232, 276, 230, -1,
      230, 276, 275, -1,
      230, 275, 406, -1,
      406, 275, 407, -1,
      407, 275, 15, -1,
      15, 275, 207, -1,
      15, 207, 16, -1,
      16, 207, 209, -1,
      16, 209, 201, -1,
      201, 209, 408, -1,
      201, 408, 218, -1,
      406, 409, 230, -1,
      230, 409, 410, -1,
      230, 410, 411, -1,
      412, 413, 414, -1,
      414, 413, 415, -1,
      416, 417, 415, -1,
      418, 419, 243, -1,
      420, 421, 411, -1,
      422, 423, 16, -1,
      423, 424, 16, -1,
      16, 424, 425, -1,
      16, 425, 426, -1,
      417, 422, 415, -1,
      415, 422, 16, -1,
      415, 16, 414, -1,
      414, 16, 203, -1,
      414, 203, 196, -1,
      196, 203, 427, -1,
      196, 427, 198, -1,
      420, 411, 428, -1,
      421, 418, 411, -1,
      411, 418, 243, -1,
      411, 243, 230, -1,
      230, 243, 268, -1,
      230, 268, 231, -1,
      419, 429, 243, -1,
      243, 429, 430, -1,
      243, 430, 431, -1,
      426, 432, 16, -1,
      16, 432, 433, -1,
      16, 433, 14, -1,
      431, 434, 243, -1,
      243, 434, 435, -1,
      243, 435, 414, -1,
      414, 435, 436, -1,
      414, 436, 412, -1,
      437, 438, 439, -1,
      439, 438, 440, -1,
      439, 440, 411, -1,
      411, 440, 441, -1,
      411, 441, 428, -1,
      442, 443, 444, -1,
      444, 443, 445, -1,
      444, 445, 446, -1,
      444, 447, 442, -1,
      442, 447, 448, -1,
      442, 448, 449, -1,
      437, 450, 438, -1,
      438, 450, 451, -1,
      438, 451, 452, -1,
      452, 451, 453, -1,
      452, 454, 455, -1,
      449, 456, 442, -1,
      442, 456, 457, -1,
      442, 457, 458, -1,
      458, 457, 459, -1,
      458, 459, 460, -1,
      460, 459, 461, -1,
      460, 461, 415, -1,
      415, 461, 462, -1,
      415, 462, 416, -1,
      453, 463, 452, -1,
      452, 463, 464, -1,
      452, 464, 465, -1,
      466, 467, 446, -1,
      446, 467, 468, -1,
      446, 468, 444, -1,
      465, 469, 452, -1,
      452, 469, 470, -1,
      452, 470, 454, -1,
      455, 471, 452, -1,
      452, 471, 472, -1,
      452, 472, 473, -1,
      474, 475, 476, -1,
      476, 477, 474, -1,
      474, 477, 478, -1,
      474, 478, 479, -1,
      480, 476, 481, -1,
      481, 476, 475, -1,
      481, 475, 482, -1,
      482, 475, 483, -1,
      484, 485, 195, -1,
      195, 485, 486, -1,
      197, 32, 195, -1,
      195, 32, 34, -1,
      195, 34, 484, -1,
      484, 34, 487, -1,
      484, 487, 488, -1,
      488, 487, 489, -1,
      489, 487, 479, -1,
      489, 479, 490, -1,
      490, 479, 478, -1,
      490, 478, 13, -1,
      13, 478, 491, -1,
      13, 491, 11, -1,
      492, 493, 494, -1,
      494, 493, 495, -1,
      496, 497, 498, -1,
      498, 497, 499, -1,
      498, 499, 500, -1,
      500, 501, 498, -1,
      498, 501, 502, -1,
      498, 502, 479, -1,
      479, 502, 503, -1,
      479, 503, 474, -1,
      492, 504, 493, -1,
      493, 504, 505, -1,
      493, 505, 498, -1,
      498, 505, 506, -1,
      498, 506, 496, -1,
      495, 493, 507, -1,
      507, 493, 382, -1,
      507, 382, 508, -1,
      503, 509, 474, -1,
      474, 509, 510, -1,
      474, 510, 387, -1,
      387, 510, 511, -1,
      387, 511, 382, -1,
      382, 511, 512, -1,
      382, 512, 508, -1,
      513, 498, 514, -1,
      514, 498, 515, -1,
      514, 515, 516, -1,
      516, 515, 517, -1,
      516, 517, 518, -1,
      518, 517, 519, -1,
      520, 521, 513, -1,
      513, 521, 522, -1,
      513, 522, 498, -1,
      498, 522, 523, -1,
      498, 523, 493, -1,
      493, 523, 524, -1,
      493, 524, 382, -1,
      382, 524, 525, -1,
      8, 80, 526, -1,
      526, 80, 76, -1,
      526, 76, 527, -1,
      527, 76, 69, -1,
      527, 69, 528, -1,
      528, 69, 63, -1,
      528, 63, 529, -1,
      529, 63, 43, -1,
      529, 43, 530, -1,
      530, 43, 52, -1,
      530, 52, 531, -1,
      531, 52, 49, -1,
      319, 532, 37, -1,
      37, 532, 187, -1,
      37, 187, 35, -1,
      35, 187, 191, -1,
      532, 533, 187, -1,
      187, 533, 5, -1,
      187, 5, 314, -1,
      314, 5, 7, -1,
      314, 7, 319, -1,
      319, 7, 534, -1,
      319, 534, 532, -1,
      535, 394, 536, -1,
      536, 394, 396, -1,
      536, 396, 537, -1,
      537, 396, 319, -1,
      537, 319, 538, -1,
      538, 319, 37, -1,
      538, 37, 539, -1,
      539, 37, 92, -1,
      539, 92, 404, -1,
      404, 92, 2, -1,
      404, 2, 402, -1,
      402, 2, 4, -1,
      4, 239, 402, -1,
      402, 239, 233, -1,
      402, 233, 396, -1,
      396, 233, 229, -1,
      396, 229, 319, -1,
      319, 229, 324, -1,
      319, 324, 317, -1,
      317, 324, 327, -1,
      483, 475, 540, -1,
      540, 475, 474, -1,
      540, 474, 541, -1,
      541, 474, 387, -1,
      541, 387, 542, -1,
      542, 387, 365, -1,
      542, 365, 486, -1,
      486, 365, 369, -1,
      486, 369, 195, -1,
      195, 369, 351, -1,
      195, 351, 196, -1,
      196, 351, 355, -1,
      196, 355, 414, -1,
      414, 355, 285, -1,
      414, 285, 243, -1,
      243, 285, 288, -1,
      243, 288, 330, -1,
      525, 518, 382, -1,
      382, 518, 519, -1,
      382, 519, 342, -1,
      342, 519, 28, -1,
      342, 28, 343, -1,
      343, 28, 27, -1,
      33, 223, 34, -1,
      34, 223, 543, -1,
      34, 543, 487, -1,
      487, 543, 544, -1,
      487, 544, 479, -1,
      479, 544, 545, -1,
      479, 545, 498, -1,
      498, 545, 546, -1,
      498, 546, 515, -1,
      8, 10, 80, -1,
      80, 10, 547, -1,
      80, 547, 82, -1,
      82, 547, 548, -1,
      82, 548, 549, -1,
      549, 548, 550, -1,
      549, 550, 551, -1,
      551, 550, 552, -1,
      551, 552, 553, -1,
      553, 552, 554, -1,
      553, 554, 555, -1,
      555, 554, 556, -1,
      555, 556, 557, -1,
      557, 556, 558, -1,
      557, 558, 559, -1,
      559, 558, 560, -1,
      559, 560, 561, -1,
      561, 560, 562, -1,
      561, 562, 563, -1,
      563, 562, 564, -1,
      563, 564, 565, -1,
      565, 564, 566, -1,
      565, 566, 567, -1,
      568, 569, 567, -1,
      570, 571, 572, -1,
      572, 571, 568, -1,
      83, 82, 3, -1,
      3, 82, 549, -1,
      3, 549, 4, -1,
      4, 549, 551, -1,
      4, 551, 239, -1,
      239, 551, 553, -1,
      239, 553, 275, -1,
      275, 553, 555, -1,
      275, 555, 207, -1,
      207, 555, 557, -1,
      207, 557, 215, -1,
      215, 557, 559, -1,
      215, 559, 223, -1,
      223, 559, 561, -1,
      223, 561, 543, -1,
      543, 561, 563, -1,
      543, 563, 544, -1,
      544, 563, 565, -1,
      544, 565, 545, -1,
      545, 565, 567, -1,
      545, 567, 546, -1,
      546, 567, 569, -1,
      546, 569, 573, -1,
      347, 26, 345, -1,
      345, 26, 28, -1,
      345, 28, 574, -1,
      574, 28, 519, -1,
      574, 519, 575, -1,
      575, 519, 517, -1,
      575, 517, 576, -1,
      576, 517, 515, -1,
      576, 515, 570, -1,
      570, 515, 546, -1,
      570, 546, 571, -1,
      571, 546, 573, -1,
      568, 567, 572, -1,
      572, 567, 577, -1,
      572, 577, 578, -1,
      578, 577, 579, -1,
      578, 579, 566, -1,
      566, 579, 580, -1,
      566, 580, 567, -1,
      567, 580, 581, -1,
      567, 581, 577, -1,
      582, 583, 584, -1,
      582, 584, 585, -1,
      585, 584, 586, -1,
      585, 586, 587, -1,
      587, 586, 588, -1,
      587, 588, 589, -1,
      589, 588, 590, -1,
      589, 590, 591, -1,
      591, 590, 592, -1,
      591, 592, 593, -1,
      593, 592, 594, -1,
      593, 594, 595, -1,
      596, 346, 345, -1,
      345, 574, 597, -1,
      597, 574, 575, -1,
      597, 575, 576, -1,
      576, 570, 597, -1,
      597, 570, 572, -1,
      597, 572, 578, -1,
      345, 597, 596, -1,
      596, 597, 598, -1,
      596, 598, 599, -1,
      599, 598, 600, -1,
      599, 600, 601, -1,
      601, 600, 602, -1,
      601, 602, 603, -1,
      603, 602, 604, -1,
      603, 604, 605, -1,
      605, 604, 595, -1,
      605, 595, 606, -1,
      606, 607, 608, -1,
      606, 608, 609, -1,
      609, 608, 610, -1,
      609, 610, 611, -1,
      611, 610, 612, -1,
      611, 612, 613, -1,
      613, 612, 614, -1,
      613, 614, 615, -1,
      615, 614, 616, -1,
      615, 616, 617, -1,
      617, 616, 618, -1,
      617, 618, 619, -1,
      620, 621, 622, -1,
      620, 622, 623, -1,
      623, 622, 624, -1,
      623, 624, 625, -1,
      625, 624, 626, -1,
      625, 626, 627, -1,
      627, 626, 628, -1,
      627, 628, 629, -1,
      629, 628, 630, -1,
      629, 630, 631, -1,
      631, 630, 607, -1,
      631, 607, 594, -1,
      632, 633, 634, -1,
      635, 636, 637, -1,
      638, 639, 640, -1,
      640, 639, 637, -1,
      640, 637, 641, -1,
      641, 637, 636, -1,
      641, 636, 642, -1,
      642, 636, 643, -1,
      642, 643, 644, -1,
      643, 645, 644, -1,
      644, 645, 646, -1,
      644, 646, 647, -1,
      647, 646, 648, -1,
      647, 648, 649, -1,
      649, 648, 650, -1,
      649, 650, 651, -1,
      651, 650, 652, -1,
      650, 653, 652, -1,
      652, 653, 654, -1,
      652, 654, 655, -1,
      655, 654, 656, -1,
      655, 656, 657, -1,
      657, 656, 658, -1,
      657, 658, 659, -1,
      658, 660, 659, -1,
      659, 660, 661, -1,
      659, 661, 662, -1,
      663, 664, 665, -1,
      663, 665, 666, -1,
      661, 667, 662, -1,
      662, 667, 668, -1,
      662, 668, 669, -1,
      669, 668, 670, -1,
      669, 670, 671, -1,
      671, 670, 672, -1,
      671, 672, 673, -1,
      673, 672, 674, -1,
      673, 674, 675, -1,
      675, 674, 676, -1,
      675, 676, 677, -1,
      677, 676, 678, -1,
      677, 678, 679, -1,
      640, 680, 638, -1,
      638, 680, 681, -1,
      638, 681, 682, -1,
      682, 681, 683, -1,
      682, 683, 684, -1,
      684, 683, 685, -1,
      684, 685, 686, -1,
      686, 685, 679, -1,
      686, 679, 687, -1,
      687, 679, 678, -1,
      688, 689, 690, -1,
      691, 692, 693, -1,
      694, 695, 696, -1,
      635, 697, 698, -1,
      698, 697, 694, -1,
      698, 694, 699, -1,
      699, 694, 696, -1,
      700, 701, 702, -1,
      702, 703, 700, -1,
      700, 703, 704, -1,
      700, 704, 695, -1,
      695, 704, 705, -1,
      695, 705, 696, -1,
      665, 706, 666, -1,
      666, 706, 707, -1,
      666, 707, 701, -1,
      701, 707, 708, -1,
      701, 708, 702, -1,
      709, 710, 711, -1,
      711, 710, 712, -1,
      710, 713, 712, -1,
      712, 713, 714, -1,
      712, 714, 715, -1,
      714, 716, 715, -1,
      715, 716, 717, -1,
      715, 717, 718, -1,
      717, 719, 718, -1,
      718, 719, 720, -1,
      718, 720, 721, -1,
      720, 722, 721, -1,
      721, 722, 723, -1,
      721, 723, 724, -1,
      723, 725, 724, -1,
      724, 725, 726, -1,
      724, 726, 727, -1,
      726, 728, 727, -1,
      727, 728, 729, -1,
      727, 729, 730, -1,
      729, 731, 730, -1,
      730, 731, 732, -1,
      730, 732, 634, -1,
      634, 732, 733, -1,
      634, 733, 632, -1,
      632, 733, 734, -1,
      632, 734, 690, -1,
      690, 734, 735, -1,
      690, 735, 688, -1,
      688, 736, 689, -1,
      689, 736, 737, -1,
      689, 737, 693, -1,
      693, 737, 738, -1,
      693, 738, 691, -1,
      691, 738, 739, -1,
      691, 739, 740, -1,
      739, 741, 740, -1,
      740, 741, 742, -1,
      740, 742, 743, -1,
      742, 744, 743, -1,
      743, 744, 745, -1,
      743, 745, 746, -1,
      745, 747, 746, -1,
      746, 747, 748, -1,
      746, 748, 749, -1,
      748, 750, 749, -1,
      749, 750, 751, -1,
      749, 751, 752, -1,
      751, 753, 752, -1,
      752, 753, 754, -1,
      752, 754, 755, -1,
      754, 756, 755, -1,
      755, 756, 757, -1,
      755, 757, 758, -1,
      757, 759, 758, -1,
      758, 759, 760, -1,
      758, 760, 761, -1,
      760, 762, 761, -1,
      761, 762, 763, -1,
      761, 763, 764, -1,
      763, 765, 764, -1,
      764, 765, 766, -1,
      764, 766, 767, -1,
      766, 768, 767, -1,
      767, 768, 769, -1,
      767, 769, 770, -1,
      769, 771, 770, -1,
      770, 771, 772, -1,
      770, 772, 773, -1,
      772, 774, 773, -1,
      773, 774, 775, -1,
      773, 775, 776, -1,
      667, 664, 668, -1,
      668, 664, 663, -1,
      668, 663, 777, -1,
      777, 663, 776, -1,
      777, 776, 778, -1,
      778, 776, 775, -1,
      635, 637, 697, -1,
      697, 637, 779, -1,
      697, 779, 780, -1,
      779, 781, 780, -1,
      780, 781, 782, -1,
      780, 782, 783, -1,
      782, 784, 783, -1,
      783, 784, 785, -1,
      783, 785, 786, -1,
      786, 785, 787, -1,
      786, 787, 788, -1,
      787, 789, 788, -1,
      788, 789, 790, -1,
      788, 790, 791, -1,
      790, 792, 791, -1,
      791, 792, 793, -1,
      791, 793, 711, -1,
      711, 793, 794, -1,
      711, 794, 709, -1,
      795, 796, 797, -1,
      798, 799, 800, -1,
      801, 802, 803, -1,
      804, 805, 806, -1,
      805, 807, 806, -1,
      806, 807, 808, -1,
      806, 808, 809, -1,
      809, 808, 810, -1,
      809, 810, 801, -1,
      800, 799, 811, -1,
      811, 799, 812, -1,
      811, 812, 813, -1,
      813, 814, 811, -1,
      811, 814, 815, -1,
      811, 815, 806, -1,
      806, 815, 816, -1,
      806, 816, 804, -1,
      797, 796, 800, -1,
      800, 796, 817, -1,
      800, 817, 798, -1,
      818, 819, 820, -1,
      820, 819, 821, -1,
      820, 821, 797, -1,
      797, 821, 822, -1,
      797, 822, 795, -1,
      818, 820, 823, -1,
      823, 820, 824, -1,
      823, 824, 825, -1,
      825, 824, 826, -1,
      825, 826, 827, -1,
      828, 829, 830, -1,
      830, 829, 831, -1,
      830, 831, 826, -1,
      826, 831, 832, -1,
      826, 832, 827, -1,
      828, 830, 833, -1,
      833, 830, 834, -1,
      833, 834, 835, -1,
      836, 837, 838, -1,
      838, 837, 839, -1,
      838, 839, 834, -1,
      834, 839, 840, -1,
      834, 840, 835, -1,
      841, 842, 843, -1,
      843, 842, 844, -1,
      844, 845, 843, -1,
      843, 845, 846, -1,
      843, 846, 838, -1,
      838, 846, 847, -1,
      838, 847, 836, -1,
      848, 849, 850, -1,
      841, 843, 851, -1,
      851, 843, 852, -1,
      851, 852, 850, -1,
      801, 803, 809, -1,
      809, 803, 853, -1,
      809, 853, 854, -1,
      854, 853, 855, -1,
      854, 855, 856, -1,
      856, 855, 857, -1,
      856, 857, 858, -1,
      858, 857, 859, -1,
      858, 859, 860, -1,
      860, 859, 861, -1,
      860, 861, 0, -1,
      850, 852, 848, -1,
      848, 852, 862, -1,
      848, 862, 863, -1,
      863, 862, 864, -1,
      863, 864, 865, -1,
      865, 864, 866, -1,
      865, 866, 867, -1,
      867, 866, 868, -1,
      867, 868, 869, -1,
      869, 868, 1, -1,
      869, 1, 870, -1,
      871, 621, 872, -1,
      872, 621, 620, -1,
      872, 620, 873, -1,
      873, 620, 874, -1,
      875, 876, 877, -1,
      877, 876, 878, -1,
      877, 878, 879, -1,
      880, 881, 882, -1,
      882, 881, 883, -1,
      884, 885, 886, -1,
      887, 583, 888, -1,
      888, 583, 582, -1,
      888, 582, 889, -1,
      887, 890, 583, -1,
      583, 890, 891, -1,
      583, 891, 892, -1,
      879, 893, 877, -1,
      877, 893, 894, -1,
      877, 894, 882, -1,
      882, 894, 895, -1,
      882, 895, 880, -1,
      896, 884, 897, -1,
      897, 884, 898, -1,
      897, 898, 899, -1,
      896, 900, 884, -1,
      884, 900, 901, -1,
      884, 901, 902, -1,
      903, 904, 582, -1,
      892, 905, 583, -1,
      583, 905, 906, -1,
      583, 906, 898, -1,
      898, 906, 907, -1,
      898, 907, 908, -1,
      908, 909, 898, -1,
      898, 909, 910, -1,
      898, 910, 882, -1,
      911, 912, 898, -1,
      898, 912, 913, -1,
      898, 913, 899, -1,
      884, 886, 582, -1,
      582, 886, 914, -1,
      582, 914, 903, -1,
      904, 915, 582, -1,
      582, 915, 916, -1,
      582, 916, 889, -1,
      883, 917, 882, -1,
      882, 917, 918, -1,
      882, 918, 898, -1,
      898, 918, 919, -1,
      898, 919, 911, -1,
      902, 920, 884, -1,
      884, 920, 921, -1,
      884, 921, 875, -1,
      877, 922, 875, -1,
      875, 922, 923, -1,
      875, 923, 884, -1,
      884, 923, 924, -1,
      884, 924, 885, -1,
      925, 0, 926, -1,
      926, 0, 861, -1,
      927, 870, 928, -1,
      928, 870, 1, -1,
      929, 697, 930, -1,
      930, 697, 780, -1,
      930, 780, 931, -1,
      931, 780, 783, -1,
      931, 783, 932, -1,
      932, 783, 786, -1,
      932, 786, 933, -1,
      933, 786, 788, -1,
      933, 788, 934, -1,
      934, 788, 791, -1,
      934, 791, 935, -1,
      935, 791, 711, -1,
      935, 711, 936, -1,
      936, 711, 712, -1,
      936, 712, 937, -1,
      937, 712, 715, -1,
      937, 715, 938, -1,
      938, 715, 718, -1,
      938, 718, 939, -1,
      939, 718, 721, -1,
      939, 721, 940, -1,
      940, 721, 724, -1,
      940, 724, 941, -1,
      942, 761, 943, -1,
      943, 761, 764, -1,
      943, 764, 944, -1,
      944, 764, 767, -1,
      944, 767, 945, -1,
      945, 767, 770, -1,
      945, 770, 946, -1,
      946, 770, 773, -1,
      946, 773, 947, -1,
      947, 773, 776, -1,
      947, 776, 948, -1,
      948, 776, 663, -1,
      948, 663, 949, -1,
      949, 663, 666, -1,
      949, 666, 950, -1,
      950, 666, 701, -1,
      950, 701, 951, -1,
      951, 701, 700, -1,
      951, 700, 952, -1,
      952, 700, 695, -1,
      952, 695, 929, -1,
      929, 695, 694, -1,
      929, 694, 697, -1,
      724, 727, 941, -1,
      941, 727, 730, -1,
      941, 730, 953, -1,
      953, 730, 634, -1,
      953, 634, 954, -1,
      954, 634, 633, -1,
      954, 633, 955, -1,
      955, 633, 692, -1,
      955, 692, 956, -1,
      956, 692, 691, -1,
      956, 691, 957, -1,
      957, 691, 740, -1,
      957, 740, 958, -1,
      958, 740, 743, -1,
      958, 743, 959, -1,
      959, 743, 746, -1,
      959, 746, 960, -1,
      960, 746, 749, -1,
      960, 749, 961, -1,
      961, 749, 752, -1,
      961, 752, 962, -1,
      962, 752, 755, -1,
      962, 755, 942, -1,
      942, 755, 758, -1,
      942, 758, 761, -1,
      963, 964, 965, -1,
      963, 863, 865, -1,
      863, 963, 848, -1,
      848, 963, 965, -1,
      848, 965, 849, -1,
      870, 927, 869, -1,
      869, 927, 963, -1,
      869, 963, 867, -1,
      867, 963, 865, -1,
      966, 967, 619, -1,
      968, 969, 970, -1,
      969, 966, 971, -1,
      971, 966, 619, -1,
      971, 619, 972, -1,
      972, 619, 618, -1,
      970, 969, 973, -1,
      971, 974, 969, -1,
      969, 974, 975, -1,
      969, 975, 976, -1,
      977, 969, 978, -1,
      978, 969, 979, -1,
      976, 980, 969, -1,
      969, 980, 981, -1,
      969, 981, 979, -1,
      977, 982, 969, -1,
      969, 982, 983, -1,
      969, 983, 973, -1,
      984, 985, 970, -1,
      970, 985, 986, -1,
      970, 986, 968, -1,
      987, 988, 989, -1,
      989, 988, 990, -1,
      989, 990, 991, -1,
      984, 970, 989, -1,
      989, 970, 992, -1,
      989, 992, 987, -1,
      991, 993, 989, -1,
      989, 993, 994, -1,
      989, 994, 995, -1,
      996, 997, 607, -1,
      998, 594, 999, -1,
      999, 594, 607, -1,
      1000, 1001, 595, -1,
      595, 1001, 1002, -1,
      595, 1002, 1003, -1,
      1004, 1005, 607, -1,
      997, 1006, 607, -1,
      607, 1006, 1007, -1,
      607, 1007, 999, -1,
      998, 1008, 594, -1,
      594, 1008, 1009, -1,
      594, 1009, 1010, -1,
      1010, 1011, 594, -1,
      594, 1011, 1012, -1,
      594, 1012, 1013, -1,
      1003, 1014, 595, -1,
      595, 1014, 1015, -1,
      595, 1015, 1016, -1,
      1005, 1017, 607, -1,
      607, 1017, 1018, -1,
      607, 1018, 996, -1,
      1013, 1019, 594, -1,
      594, 1019, 1020, -1,
      594, 1020, 595, -1,
      595, 1020, 1021, -1,
      595, 1021, 1000, -1,
      1016, 1022, 595, -1,
      595, 1022, 1023, -1,
      595, 1023, 606, -1,
      606, 1023, 1024, -1,
      1024, 1025, 606, -1,
      606, 1025, 1026, -1,
      606, 1026, 1027, -1,
      1027, 1028, 606, -1,
      606, 1028, 1029, -1,
      606, 1029, 1030, -1,
      1030, 1031, 606, -1,
      606, 1031, 1032, -1,
      606, 1032, 607, -1,
      607, 1032, 1033, -1,
      607, 1033, 1004, -1,
      803, 802, 1034, -1,
      926, 861, 859, -1,
      1034, 1035, 803, -1,
      803, 1035, 1036, -1,
      803, 1036, 853, -1,
      853, 1036, 855, -1,
      926, 859, 1036, -1,
      1036, 859, 857, -1,
      1036, 857, 855, -1,
      965, 1037, 849, -1,
      849, 1037, 1038, -1,
      849, 1038, 850, -1,
      801, 1039, 802, -1,
      802, 1039, 1040, -1,
      802, 1040, 1034, -1,
      1035, 1034, 1041, -1,
      1041, 1034, 1040, -1,
      1042, 1037, 964, -1,
      964, 1037, 965, -1,
      851, 1043, 841, -1,
      841, 1043, 1044, -1,
      841, 1044, 842, -1,
      1044, 1045, 842, -1,
      842, 1045, 1046, -1,
      842, 1046, 844, -1,
      844, 1046, 1047, -1,
      844, 1047, 845, -1,
      845, 1047, 1048, -1,
      845, 1048, 846, -1,
      846, 1048, 1049, -1,
      846, 1049, 847, -1,
      847, 1049, 1050, -1,
      835, 840, 1051, -1,
      1051, 840, 839, -1,
      1051, 839, 1052, -1,
      1052, 839, 837, -1,
      1052, 837, 1050, -1,
      1050, 837, 836, -1,
      1050, 836, 847, -1,
      1051, 1053, 835, -1,
      835, 1053, 1054, -1,
      835, 1054, 833, -1,
      833, 1054, 1055, -1,
      833, 1055, 828, -1,
      828, 1055, 1056, -1,
      828, 1056, 829, -1,
      829, 1056, 1057, -1,
      829, 1057, 831, -1,
      831, 1057, 1058, -1,
      831, 1058, 832, -1,
      832, 1058, 1059, -1,
      832, 1059, 827, -1,
      827, 1059, 1060, -1,
      827, 1060, 825, -1,
      825, 1060, 1061, -1,
      825, 1061, 823, -1,
      823, 1061, 1062, -1,
      823, 1062, 818, -1,
      818, 1062, 1063, -1,
      818, 1063, 819, -1,
      819, 1063, 1064, -1,
      819, 1064, 821, -1,
      821, 1064, 1065, -1,
      821, 1065, 822, -1,
      822, 1065, 1066, -1,
      822, 1066, 795, -1,
      795, 1066, 1067, -1,
      795, 1067, 796, -1,
      796, 1067, 1068, -1,
      796, 1068, 817, -1,
      1069, 813, 1070, -1,
      1070, 813, 812, -1,
      1070, 812, 1071, -1,
      1071, 812, 799, -1,
      1071, 799, 1072, -1,
      1072, 799, 798, -1,
      1072, 798, 1073, -1,
      1073, 798, 817, -1,
      1073, 817, 1074, -1,
      1074, 817, 1068, -1,
      804, 816, 1075, -1,
      1075, 816, 815, -1,
      1075, 815, 1069, -1,
      1069, 815, 814, -1,
      1069, 814, 813, -1,
      1075, 1076, 804, -1,
      804, 1076, 1077, -1,
      804, 1077, 805, -1,
      805, 1077, 1078, -1,
      805, 1078, 807, -1,
      807, 1078, 1079, -1,
      807, 1079, 808, -1,
      808, 1079, 1080, -1,
      851, 850, 1043, -1,
      1043, 850, 1038, -1,
      1043, 1038, 1081, -1,
      1081, 1038, 1037, -1,
      1081, 1037, 1042, -1,
      1041, 1040, 1082, -1,
      1082, 1040, 1039, -1,
      1082, 1039, 1083, -1,
      1083, 1039, 801, -1,
      1083, 801, 1080, -1,
      1080, 801, 810, -1,
      1080, 810, 808, -1,
      693, 632, 689, -1,
      689, 632, 690, -1,
      692, 633, 693, -1,
      693, 633, 632, -1,
    ]
  }
}

Shape {
  appearance Appearance {
    material Material {
      diffuseColor 0.6667 0.6980 0.7686
      specularColor 0.3333 0.3490 0.3843
      ambientIntensity 0.2
      transparency 0.0000
      shininess 0.5
    }
  }
  geometry IndexedFaceSet {
    ccw TRUE
    solid FALSE
    coord DEF co Coordinate {
      point [
        -0.685039 0.341867 2.559055,
        -0.685039 -3.081269 2.559055,
        -0.685039 -0.887497 4.201292,
        -0.685039 -0.658690 4.115952,
        -0.685039 -0.248863 3.852572,
        -0.685039 -0.076185 3.679894,
        -0.685039 -0.444358 3.998917,
        -0.685039 -1.126120 4.253202,
        -0.685039 -1.369701 4.270623,
        -0.685039 -1.613283 4.253202,
        -0.685039 -1.851906 4.201292,
        -0.685039 -2.080712 4.115952,
        -0.685039 -2.295044 3.998917,
        -0.685039 -2.490540 3.852572,
        -0.685039 -2.663218 3.679894,
        -0.685039 0.070161 3.484398,
        -0.685039 0.187196 3.270066,
        -0.685039 0.272536 3.041259,
        -0.685039 0.324445 2.802637,
        -0.685039 -2.809564 3.484398,
        -0.685039 -2.926598 3.270066,
        -0.685039 -3.011939 3.041259,
        -0.685039 -3.063848 2.802637,
        -0.685039 -3.121670 0.000000,
        -0.685039 0.382267 0.000000,
        -0.685039 0.382267 2.559055,
        -0.685039 -3.121670 2.559055,
      ]
    }
    coordIndex [
      0, 25, 24, -1,
      23, 26, 24, -1,
      24, 26, 1, -1,
      24, 1, 0, -1,
      1, 22, 0, -1,
      0, 22, 21, -1,
      0, 21, 20, -1,
      0, 13, 12, -1,
      12, 11, 0, -1,
      0, 11, 10, -1,
      0, 10, 9, -1,
      20, 19, 0, -1,
      0, 19, 14, -1,
      0, 14, 13, -1,
      9, 8, 0, -1,
      0, 8, 7, -1,
      0, 7, 2, -1,
      2, 3, 0, -1,
      0, 3, 6, -1,
      0, 6, 4, -1,
      15, 16, 5, -1,
      5, 16, 17, -1,
      5, 17, 4, -1,
      4, 17, 18, -1,
      4, 18, 0, -1,
    ]
  }
}

Shape {
  appearance Appearance {
    material Material {
      diffuseColor 0.2980 0.2980 0.2980
      specularColor 0.0902 0.0902 0.0902
      ambientIntensity 0.2
      transparency 0.0000
      shininess 0.5
    }
  }
  geometry IndexedFaceSet {
    ccw TRUE
    solid FALSE
    coord DEF co Coordinate {
      point [
        -0.645669 -3.161040 0.663279,
        -0.645669 -3.161040 0.039370,
        -0.496618 -3.161040 0.039370,
        2.649606 -3.161040 2.519685,
        1.569800 -3.161040 2.519685,
        0.312420 -3.161040 2.519685,
        -0.496618 -3.161040 2.519685,
        0.448869 -3.161040 2.519685,
        0.440870 -3.161040 2.519685,
        0.548444 -3.161040 2.519685,
        0.622793 -3.161040 2.519685,
        0.653904 -3.161040 2.519685,
        0.778859 -3.161040 2.519685,
        0.727639 -3.161040 2.519685,
        0.945978 -3.161040 2.519685,
        0.821022 -3.161040 2.519685,
        3.960630 -3.161040 4.291339,
        2.649606 -3.161040 4.291339,
        -0.645669 -3.161040 1.373780,
        -0.645669 -3.161040 1.426643,
        -0.645669 -3.161040 1.543241,
        -0.645669 -3.161040 1.638347,
        -0.645669 -3.161040 1.774048,
        -0.645669 -3.161040 2.519685,
        0.312420 -3.161040 0.039370,
        0.440870 -3.161040 0.039370,
        0.448869 -3.161040 0.039370,
        0.548444 -3.161040 0.039370,
        0.622793 -3.161040 0.039370,
        0.653904 -3.161040 0.039370,
        0.727639 -3.161040 0.039370,
        0.778859 -3.161040 0.039370,
        0.821022 -3.161040 0.039370,
        0.945978 -3.161040 0.039370,
        1.569800 -3.161040 0.039370,
        3.960630 -3.161040 0.039370,
        3.960630 -3.121670 0.000000,
        3.960630 0.382267 0.000000,
        3.970819 0.382267 0.001341,
        3.970819 -3.121670 0.001341,
        3.980315 0.382267 0.005274,
        3.980315 -3.121670 0.005274,
        3.988469 0.382267 0.011531,
        3.988469 -3.121670 0.011531,
        3.994726 0.382267 0.019685,
        3.994726 -3.121670 0.019685,
        3.998658 0.382267 0.029180,
        3.998658 -3.121670 0.029180,
        4.000000 0.382267 0.039370,
        4.000000 -3.121670 0.039370,
        3.970819 -3.159698 4.291339,
        3.970819 -3.159698 0.039370,
        3.980315 -3.155765 0.039370,
        3.980315 -3.155765 4.291339,
        3.988469 -3.149509 0.039370,
        3.988469 -3.149509 4.291339,
        3.994726 -3.141355 0.039370,
        3.994726 -3.141355 4.291339,
        3.998658 -3.131859 0.039370,
        3.998658 -3.131859 4.291339,
        4.000000 -3.121670 4.291339,
        4.000000 0.382267 4.291339,
        3.998658 0.382267 4.301528,
        3.998658 -3.121670 4.301528,
        3.994726 0.382267 4.311024,
        3.994726 -3.121670 4.311024,
        3.988469 0.382267 4.319178,
        3.988469 -3.121670 4.319178,
        3.980315 0.382267 4.325434,
        3.980315 -3.121670 4.325434,
        3.970819 0.382267 4.329367,
        3.970819 -3.121670 4.329367,
        3.960630 0.382267 4.330709,
        3.960630 -3.121670 4.330709,
        3.960630 0.421637 0.039370,
        3.960630 0.421637 4.291339,
        3.970819 0.420296 4.291339,
        3.970819 0.420296 0.039370,
        3.980315 0.416363 4.291339,
        3.980315 0.416363 0.039370,
        3.988469 0.410106 4.291339,
        3.988469 0.410106 0.039370,
        3.994726 0.401952 4.291339,
        3.994726 0.401952 0.039370,
        3.998658 0.392457 4.291339,
        3.998658 0.392457 0.039370,
        3.986116 -0.699966 1.471588,
        3.986116 -0.893492 1.374331,
        3.986116 -0.855721 1.387298,
        3.986116 -1.943926 1.419901,
        3.986116 -1.883681 1.387298,
        3.986116 -1.743190 1.339067,
        3.986116 -1.683807 1.318681,
        3.986116 -1.531657 1.293291,
        3.986116 -1.475364 1.283898,
        3.986116 -1.055596 1.318681,
        3.986116 -1.100619 1.311168,
        3.986116 -1.264039 1.283898,
        3.986116 -1.315396 1.283898,
        3.986116 -1.475364 3.834213,
        3.986116 -0.090174 2.559055,
        3.986116 -0.107625 2.769658,
        3.986116 -0.109024 2.775183,
        3.986116 -0.159502 2.974517,
        3.986116 -0.164082 2.984958,
        3.986116 -0.244390 3.168043,
        3.986116 -0.253746 3.182362,
        3.986116 -0.359974 3.344957,
        3.986116 -0.375423 3.361739,
        3.986116 -0.503101 3.500434,
        3.986116 -0.525604 3.517949,
        3.986116 -0.669866 3.630233,
        3.986116 -0.699966 3.646522,
        3.986116 -0.855721 3.730812,
        3.986116 -0.893492 3.743779,
        3.986116 -1.055596 3.799430,
        3.986116 -1.100619 3.806943,
        3.986116 -1.264039 3.834213,
        3.986116 -1.315396 3.834213,
        3.986116 -1.531657 3.824819,
        3.986116 -1.683807 3.799430,
        3.986116 -1.743190 3.779043,
        3.986116 -1.883681 3.730812,
        3.986116 -1.943926 3.698210,
        3.986116 -2.069537 3.630233,
        3.986116 -2.128104 3.584648,
        3.986116 -2.236302 3.500434,
        3.986116 -2.290439 3.441625,
        3.986116 -2.379428 3.344957,
        3.986116 -2.426274 3.273254,
        3.986116 -2.495012 3.168043,
        3.986116 -2.531714 3.084370,
        3.986116 -2.579900 2.974517,
        3.986116 -2.603733 2.880402,
        3.986116 -2.631778 2.769658,
        3.986116 -2.640267 2.667206,
        3.986116 -2.649229 2.559055,
        3.986116 -2.640267 2.450904,
        3.986116 -2.631778 2.348452,
        3.986116 -2.603733 2.237708,
        3.986116 -2.579900 2.143593,
        3.986116 -2.531714 2.033740,
        3.986116 -2.495012 1.950067,
        3.986116 -2.426274 1.844857,
        3.986116 -2.379428 1.773153,
        3.986116 -2.290439 1.676485,
        3.986116 -2.236302 1.617676,
        3.986116 -2.069537 1.487878,
        3.986116 -2.128104 1.533462,
        3.986116 -0.669866 1.487878,
        3.986116 -0.525604 1.600161,
        3.986116 -0.503101 1.617676,
        3.986116 -0.375423 1.756372,
        3.986116 -0.359974 1.773153,
        3.986116 -0.253746 1.935748,
        3.986116 -0.244390 1.950067,
        3.986116 -0.164082 2.133152,
        3.986116 -0.159502 2.143593,
        3.986116 -0.109024 2.342927,
        3.986116 -0.107625 2.348452,
        2.649606 0.421637 4.291339,
        2.649606 0.421637 2.519685,
        -0.645669 0.421637 2.519685,
        -0.645669 0.421637 0.039370,
        -0.685039 -3.121670 0.000000,
        -0.685039 0.382267 0.000000,
        -0.685039 0.382267 2.559055,
        2.610236 0.382267 2.559055,
        2.610236 -3.121670 2.559055,
        -0.685039 -3.121670 2.559055,
        2.610236 -3.121670 4.291339,
        2.610236 -2.550804 4.291339,
        2.649606 -2.511433 4.330709,
        2.649606 -3.121670 4.330709,
        0.498635 -2.502431 4.330709,
        0.641732 -2.511433 4.330709,
        -0.479777 -1.155762 4.330709,
        2.649606 -0.227969 4.330709,
        2.649606 0.382267 4.330709,
        -0.444120 -1.016887 4.330709,
        0.641732 -0.227969 4.330709,
        0.498635 -0.236972 4.330709,
        0.357795 -0.263839 4.330709,
        -0.237987 -0.641934 4.330709,
        -0.139837 -0.537414 4.330709,
        -0.029361 -0.446020 4.330709,
        0.221433 -0.308145 4.330709,
        0.091698 -0.369194 4.330709,
        -0.322264 -0.757930 4.330709,
        -0.391338 -0.883575 4.330709,
        0.091698 -2.370209 4.330709,
        0.221433 -2.431257 4.330709,
        0.357795 -2.475564 4.330709,
        -0.497747 -1.441391 4.330709,
        -0.479777 -1.583641 4.330709,
        -0.029361 -2.293382 4.330709,
        -0.444120 -1.722516 4.330709,
        -0.391338 -1.855827 4.330709,
        -0.497747 -1.298011 4.330709,
        -0.322264 -1.981472 4.330709,
        -0.237987 -2.097469 4.330709,
        -0.139837 -2.201988 4.330709,
        4.000000 -0.297837 3.393320,
        4.000000 -0.175141 3.205519,
        4.000000 -0.029959 2.335491,
        4.000000 -0.011433 2.559055,
        4.000000 -1.703136 1.242350,
        4.000000 -1.915311 1.315190,
        4.000000 -2.112603 1.421959,
        4.000000 -2.289631 1.559745,
        4.000000 -1.036266 3.875760,
        4.000000 -0.824091 3.802920,
        4.000000 -0.085028 3.000084,
        4.000000 -0.029959 2.782619,
        4.000000 -0.085028 2.118026,
        4.000000 -0.175141 1.912591,
        4.000000 -0.297837 1.724790,
        4.000000 -0.449772 1.559745,
        4.000000 -0.626799 1.421959,
        4.000000 -0.824091 1.315190,
        4.000000 -2.441565 1.724790,
        4.000000 -2.564262 1.912591,
        4.000000 -2.654374 2.118026,
        4.000000 -0.626799 3.696152,
        4.000000 -0.449772 3.558365,
        4.000000 -1.036266 1.242350,
        4.000000 -1.257536 1.205427,
        4.000000 -1.481866 1.205427,
        4.000000 -2.709444 2.335491,
        4.000000 -2.727969 2.559055,
        4.000000 -2.709444 2.782619,
        4.000000 -2.654374 3.000084,
        4.000000 -2.564262 3.205519,
        4.000000 -2.441565 3.393320,
        4.000000 -2.289631 3.558365,
        4.000000 -2.112603 3.696152,
        4.000000 -1.915311 3.802920,
        4.000000 -1.703136 3.875760,
        4.000000 -1.481866 3.912684,
        4.000000 -1.257536 3.912684,
        2.610236 -0.188599 4.291339,
        2.610236 0.382267 4.291339,
        0.641732 -0.188599 4.291339,
        0.641732 -2.550804 4.291339,
        0.437051 -2.530684 4.291339,
        0.348004 -2.513697 4.291339,
        0.238269 -2.478042 4.291339,
        0.206939 -2.467863 4.291339,
        0.072732 -2.404709 4.291339,
        0.051875 -2.391473 4.291339,
        -0.052502 -2.325233 4.291339,
        -0.115998 -2.272704 4.291339,
        -0.262688 -2.128564 4.291339,
        -0.166788 -2.230688 4.291339,
        -0.268323 -2.122564 4.291339,
        -0.355506 -2.002568 4.291339,
        -0.379317 -1.959254 4.291339,
        -0.426961 -1.872590 4.291339,
        -0.466402 -1.772974 4.291339,
        -0.481563 -1.734682 4.291339,
        -0.518450 -1.591018 4.291339,
        -0.520513 -1.574682 4.291339,
        -0.537039 -1.443863 4.291339,
        -0.537039 -1.369701 4.291339,
        -0.537039 -1.295539 4.291339,
        -0.520513 -1.164720 4.291339,
        -0.518450 -1.148385 4.291339,
        -0.481563 -1.004720 4.291339,
        -0.466402 -0.966429 4.291339,
        -0.426961 -0.866812 4.291339,
        -0.115998 -0.466698 4.291339,
        -0.166788 -0.508715 4.291339,
        -0.262688 -0.610838 4.291339,
        -0.268323 -0.616838 4.291339,
        -0.355506 -0.736835 4.291339,
        -0.379317 -0.780148 4.291339,
        -0.052502 -0.414169 4.291339,
        0.051875 -0.347930 4.291339,
        0.072732 -0.334693 4.291339,
        0.206939 -0.271540 4.291339,
        0.238269 -0.261360 4.291339,
        0.348004 -0.225706 4.291339,
        0.493701 -2.541490 4.291339,
        0.493701 -0.197912 4.291339,
        0.437051 -0.208719 4.291339,
        2.610484 -2.550556 4.295747,
        2.611578 -3.121670 4.301528,
        2.611304 -2.549735 4.300084,
        2.611578 -2.549462 4.301528,
        2.614135 -2.546905 4.308421,
        2.615511 -3.121670 4.311024,
        2.615697 -2.545342 4.310907,
        2.618826 -2.542214 4.315885,
        2.621767 -3.121670 4.319178,
        2.621943 -2.539097 4.319002,
        2.625059 -2.535980 4.322119,
        2.629921 -3.121670 4.325434,
        2.630037 -2.531002 4.325247,
        2.632524 -2.528516 4.326810,
        2.639417 -3.121670 4.329367,
        2.639460 -2.521579 4.329237,
        2.640846 -2.520194 4.329722,
        0.641732 -2.535980 4.322119,
        0.641732 -2.520194 4.329722,
        0.641732 -2.528516 4.326810,
        0.641732 -2.542214 4.315885,
        0.641732 -2.546905 4.308421,
        0.641732 -2.549816 4.300100,
        2.639417 -3.159698 4.291339,
        2.639417 -3.159698 2.529875,
        2.629921 -3.155765 4.291339,
        2.629921 -3.155765 2.539370,
        2.621767 -3.149509 4.291339,
        2.621767 -3.149509 2.547524,
        2.615511 -3.141355 4.291339,
        2.615511 -3.141355 2.553781,
        2.618372 -3.145637 2.550919,
        2.611578 -3.131859 4.291339,
        2.610573 -3.126808 2.558719,
        2.611578 -3.131859 2.557714,
        2.613233 -3.136736 2.556058,
        2.649606 -3.159698 4.301528,
        2.639764 -3.158402 4.301528,
        2.639764 -3.138717 4.325434,
        2.644511 -3.130494 4.329367,
        2.642401 -3.128875 4.329367,
        2.639764 -3.124307 4.329367,
        2.646969 -3.131512 4.329367,
        2.644511 -3.140684 4.325434,
        2.642401 -3.148560 4.319178,
        2.649606 -3.131859 4.329367,
        2.635687 -3.135589 4.325434,
        2.640781 -3.126765 4.329367,
        2.632558 -3.131512 4.325434,
        2.630592 -3.126765 4.325434,
        2.649606 -3.141355 4.325434,
        2.649606 -3.149509 4.319178,
        2.649606 -3.155765 4.311024,
        2.635687 -3.145779 4.319178,
        2.629921 -3.141355 4.319178,
        2.625497 -3.135589 4.319178,
        2.622716 -3.128875 4.319178,
        2.640781 -3.154603 4.311024,
        2.632558 -3.151198 4.311024,
        2.625497 -3.145779 4.311024,
        2.620079 -3.138717 4.311024,
        2.616672 -3.130494 4.311024,
        2.630592 -3.154603 4.301528,
        2.622716 -3.148560 4.301528,
        2.616672 -3.140684 4.301528,
        2.612874 -3.131512 4.301528,
        0.348250 -0.226661 4.300100,
        0.207303 -0.272458 4.300100,
        -0.051922 -0.414968 4.300100,
        -0.166112 -0.509434 4.300100,
        -0.426068 -0.867233 4.300100,
        -0.480624 -1.005026 4.300100,
        -0.536054 -1.295601 4.300100,
        -0.536054 -1.443801 4.300100,
        -0.426068 -1.872170 4.300100,
        -0.354672 -2.002039 4.300100,
        -0.166112 -2.229968 4.300100,
        -0.051922 -2.324435 4.300100,
        0.348250 -2.512741 4.300100,
        0.493825 -2.540511 4.300100,
        0.497537 -0.228280 4.329722,
        0.641732 -0.219208 4.329722,
        0.641732 -0.217824 4.329238,
        0.496494 -0.220024 4.326810,
        0.641732 -0.210887 4.326810,
        0.641732 -0.208401 4.325248,
        0.495559 -0.212619 4.322119,
        0.641732 -0.203422 4.322119,
        0.641732 -0.200305 4.319002,
        0.494778 -0.206434 4.315885,
        0.641732 -0.197188 4.315885,
        0.641732 -0.194060 4.310907,
        0.494190 -0.201780 4.308421,
        0.087478 -2.377886 4.329722,
        -0.034511 -2.300470 4.329722,
        0.083469 -2.385178 4.326810,
        -0.039402 -2.307202 4.326810,
        0.079873 -2.391719 4.322119,
        -0.043789 -2.313241 4.322119,
        0.076870 -2.397182 4.315885,
        -0.047454 -2.318284 4.315885,
        0.074610 -2.401293 4.308421,
        -0.050211 -2.322079 4.308421,
        0.073207 -2.403844 4.300100,
        -0.488382 -1.585282 4.329722,
        -0.506491 -1.441941 4.329722,
        -0.496556 -1.586841 4.326810,
        -0.514795 -1.442464 4.326810,
        -0.503889 -1.588240 4.322119,
        -0.522246 -1.442932 4.322119,
        -0.510012 -1.589408 4.315885,
        -0.528467 -1.443324 4.315885,
        -0.514620 -1.590287 4.308421,
        -0.533148 -1.443619 4.308421,
        -0.517480 -1.590833 4.300100,
        -0.244738 -0.636349 4.329722,
        -0.145834 -0.531028 4.329722,
        -0.251150 -0.631045 4.326810,
        -0.151531 -0.524962 4.326810,
        -0.256901 -0.626287 4.322119,
        -0.156641 -0.519520 4.322119,
        -0.261705 -0.622313 4.315885,
        -0.160908 -0.514976 4.315885,
        -0.265319 -0.619324 4.308421,
        -0.164119 -0.511557 4.308421,
        -0.267562 -0.617467 4.300100,
        0.497537 -2.511122 4.329722,
        0.496494 -2.519378 4.326810,
        0.495559 -2.526784 4.322119,
        0.494778 -2.532969 4.315885,
        0.494190 -2.537622 4.308421,
        0.355616 -2.484049 4.329722,
        0.353547 -2.492109 4.326810,
        0.351691 -2.499339 4.322119,
        0.350140 -2.505378 4.315885,
        0.348974 -2.509921 4.308421,
        0.207303 -2.466944 4.300100,
        0.208375 -2.464237 4.308421,
        0.210102 -2.459876 4.315885,
        0.212396 -2.454080 4.322119,
        0.215144 -2.447139 4.326810,
        0.218207 -2.439402 4.329722,
        -0.164119 -2.227846 4.308421,
        -0.160908 -2.224426 4.315885,
        -0.156641 -2.219882 4.322119,
        -0.151531 -2.214441 4.326810,
        -0.145834 -2.208374 4.329722,
        -0.267562 -2.121935 4.300100,
        -0.265319 -2.120079 4.308421,
        -0.261705 -2.117089 4.315885,
        -0.256901 -2.113115 4.322119,
        -0.251150 -2.108357 4.326810,
        -0.244738 -2.103053 4.329722,
        -0.329661 -1.986166 4.329722,
        -0.336687 -1.990625 4.326810,
        -0.342990 -1.994625 4.322119,
        -0.348253 -1.997965 4.315885,
        -0.352213 -2.000478 4.308421,
        -0.399265 -1.859557 4.329722,
        -0.406794 -1.863100 4.326810,
        -0.413548 -1.866279 4.322119,
        -0.419189 -1.868933 4.315885,
        -0.423433 -1.870930 4.308421,
        -0.480624 -1.734377 4.300100,
        -0.477855 -1.733477 4.308421,
        -0.473394 -1.732028 4.315885,
        -0.467465 -1.730101 4.322119,
        -0.460366 -1.727794 4.326810,
        -0.452452 -1.725223 4.329722,
        -0.533148 -1.295784 4.308421,
        -0.528467 -1.296078 4.315885,
        -0.522246 -1.296470 4.322119,
        -0.514795 -1.296939 4.326810,
        -0.506491 -1.297461 4.329722,
        -0.517480 -1.148570 4.300100,
        -0.514620 -1.149115 4.308421,
        -0.510012 -1.149994 4.315885,
        -0.503889 -1.151162 4.322119,
        -0.496556 -1.152561 4.326810,
        -0.488382 -1.154120 4.329722,
        -0.452452 -1.014179 4.329722,
        -0.460366 -1.011608 4.326810,
        -0.467465 -1.009301 4.322119,
        -0.473394 -1.007375 4.315885,
        -0.477855 -1.005925 4.308421,
        -0.399265 -0.879845 4.329722,
        -0.406794 -0.876302 4.326810,
        -0.413548 -0.873124 4.322119,
        -0.419189 -0.870469 4.315885,
        -0.423433 -0.868472 4.308421,
        -0.354672 -0.737364 4.300100,
        -0.352213 -0.738924 4.308421,
        -0.348253 -0.741437 4.315885,
        -0.342990 -0.744778 4.322119,
        -0.336687 -0.748778 4.326810,
        -0.329661 -0.753236 4.329722,
        -0.034511 -0.438933 4.329722,
        -0.039402 -0.432201 4.326810,
        -0.043789 -0.426161 4.322119,
        -0.047454 -0.421118 4.315885,
        -0.050211 -0.417324 4.308421,
        0.073207 -0.335558 4.300100,
        0.074610 -0.338110 4.308421,
        0.076870 -0.342220 4.315885,
        0.079873 -0.347683 4.322119,
        0.083469 -0.354224 4.326810,
        0.087478 -0.361517 4.329722,
        0.218207 -0.300000 4.329722,
        0.215144 -0.292263 4.326810,
        0.212396 -0.285322 4.322119,
        0.210102 -0.279526 4.315885,
        0.208375 -0.275165 4.308421,
        0.355616 -0.255353 4.329722,
        0.353547 -0.247293 4.326810,
        0.351691 -0.240063 4.322119,
        0.350140 -0.234025 4.315885,
        0.348974 -0.229482 4.308421,
        0.493825 -0.198891 4.300100,
        0.641732 -0.192498 4.308421,
        0.641732 -0.190070 4.301483,
        0.641732 -0.189586 4.300100,
        -0.655859 -3.159698 2.529875,
        -0.665354 -3.155765 2.539370,
        -0.684702 -3.126808 2.558719,
        -0.683698 -3.131859 2.557714,
        -0.682043 -3.136736 2.556058,
        -0.679765 -3.141355 2.553781,
        -0.676904 -3.145637 2.550919,
        -0.673508 -3.149509 2.547524,
        3.960630 -3.131859 4.329367,
        3.960630 -3.141355 4.325434,
        3.960630 -3.149509 4.319178,
        3.960630 -3.155765 4.311024,
        3.960630 -3.159698 4.301528,
        2.610573 -0.188936 4.296478,
        2.611578 -0.189940 4.301528,
        2.613233 -0.191596 4.306405,
        2.615511 -0.193873 4.311024,
        2.618372 -0.196735 4.315306,
        2.621767 -0.200130 4.319178,
        2.629921 -0.208284 4.325434,
        2.639417 -0.217779 4.329367,
        -0.655859 -3.159698 0.029180,
        -0.665354 -3.155765 0.019685,
        -0.684702 -3.126808 0.000337,
        -0.683698 -3.131859 0.001341,
        -0.682043 -3.136736 0.002997,
        -0.679765 -3.141355 0.005274,
        -0.676904 -3.145637 0.008136,
        -0.673508 -3.149509 0.011531,
        3.997363 -3.131512 4.301528,
        3.977678 -3.131512 4.325434,
        3.969455 -3.126765 4.329367,
        3.967835 -3.128875 4.329367,
        3.963267 -3.131512 4.329367,
        3.970472 -3.124307 4.329367,
        3.979644 -3.126765 4.325434,
        3.987520 -3.128875 4.319178,
        3.974549 -3.135589 4.325434,
        3.965725 -3.130494 4.329367,
        3.970472 -3.138717 4.325434,
        3.965725 -3.140684 4.325434,
        3.984739 -3.135589 4.319178,
        3.980315 -3.141355 4.319178,
        3.974549 -3.145779 4.319178,
        3.967835 -3.148560 4.319178,
        3.993564 -3.130494 4.311024,
        3.990157 -3.138717 4.311024,
        3.984739 -3.145779 4.311024,
        3.977678 -3.151198 4.311024,
        3.969455 -3.154603 4.311024,
        3.993564 -3.140684 4.301528,
        3.987520 -3.148560 4.301528,
        3.979644 -3.154603 4.301528,
        3.970472 -3.158402 4.301528,
        2.639417 0.382267 4.329367,
        2.629921 0.382267 4.325434,
        2.621767 0.382267 4.319178,
        2.615511 0.382267 4.311024,
        2.611578 0.382267 4.301528,
        3.960630 -3.131859 0.001341,
        3.960630 -3.141355 0.005274,
        3.960630 -3.159698 0.029180,
        3.960630 -3.149509 0.011531,
        3.960630 -3.155765 0.019685,
        3.960630 0.392457 4.329367,
        2.649606 0.392457 4.329367,
        3.960630 0.401952 4.325434,
        2.649606 0.401952 4.325434,
        3.960630 0.410106 4.319178,
        2.649606 0.410106 4.319178,
        3.960630 0.416363 4.311024,
        2.649606 0.416363 4.311024,
        3.960630 0.420296 4.301528,
        2.649606 0.420296 4.301528,
        2.639462 0.420166 4.291339,
        2.632524 0.417739 4.291339,
        2.633106 0.416530 4.301528,
        2.630038 0.416176 4.291339,
        2.625059 0.413048 4.291339,
        2.625896 0.411999 4.301528,
        2.621943 0.409931 4.291339,
        2.618826 0.406814 4.291339,
        2.619874 0.405978 4.301528,
        2.634216 0.394541 4.325434,
        2.641639 0.388620 4.329367,
        2.643253 0.390234 4.329367,
        2.640426 0.386689 4.329367,
        2.631870 0.390808 4.325434,
        2.624524 0.394346 4.319178,
        2.639672 0.384535 4.329367,
        2.630415 0.386648 4.325434,
        2.622465 0.388462 4.319178,
        2.616366 0.389854 4.311024,
        2.618887 0.397061 4.311024,
        2.615344 0.398767 4.301528,
        2.612531 0.390730 4.301528,
        2.615697 0.401835 4.291339,
        2.614135 0.399349 4.291339,
        2.611707 0.392411 4.291339,
        2.611223 0.391028 4.291339,
        2.622950 0.403526 4.311024,
        2.627841 0.399624 4.319178,
        2.628348 0.408924 4.311024,
        2.632249 0.404033 4.319178,
        2.637333 0.397658 4.325434,
        2.634813 0.412986 4.311024,
        2.637528 0.407349 4.319178,
        2.641065 0.400003 4.325434,
        2.645185 0.391448 4.329367,
        2.640846 0.420650 4.291339,
        2.641144 0.419343 4.301528,
        2.642019 0.415508 4.311024,
        2.643411 0.409408 4.319178,
        2.645226 0.401459 4.325434,
        2.647339 0.392202 4.329367,
        3.997363 -3.131512 0.029180,
        3.993564 -3.140684 0.029180,
        3.993564 -3.130494 0.019685,
        3.990157 -3.138717 0.019685,
        3.987520 -3.128875 0.011531,
        3.984739 -3.135589 0.011531,
        3.979644 -3.126765 0.005274,
        3.977678 -3.131512 0.005274,
        3.970472 -3.124307 0.001341,
        3.969455 -3.126765 0.001341,
        3.987520 -3.148560 0.029180,
        3.984739 -3.145779 0.019685,
        3.980315 -3.141355 0.011531,
        3.974549 -3.135589 0.005274,
        3.967835 -3.128875 0.001341,
        3.979644 -3.154603 0.029180,
        3.970472 -3.158402 0.029180,
        3.977678 -3.151198 0.019685,
        3.969455 -3.154603 0.019685,
        3.974549 -3.145779 0.011531,
        3.967835 -3.148560 0.011531,
        3.970472 -3.138717 0.005274,
        3.965725 -3.140684 0.005274,
        3.965725 -3.130494 0.001341,
        3.963267 -3.131512 0.001341,
        3.970472 0.419000 4.301528,
        3.970472 0.399315 4.325434,
        3.965725 0.391092 4.329367,
        3.967835 0.389472 4.329367,
        3.970472 0.384905 4.329367,
        3.963267 0.392110 4.329367,
        3.965725 0.401281 4.325434,
        3.967835 0.409157 4.319178,
        3.974549 0.396187 4.325434,
        3.969455 0.387362 4.329367,
        3.977678 0.392110 4.325434,
        3.979644 0.387362 4.325434,
        3.974549 0.406376 4.319178,
        3.980315 0.401952 4.319178,
        3.984739 0.396187 4.319178,
        3.987520 0.389472 4.319178,
        3.969455 0.415201 4.311024,
        3.977678 0.411795 4.311024,
        3.984739 0.406376 4.311024,
        3.990157 0.399315 4.311024,
        3.993564 0.391092 4.311024,
        3.979644 0.415201 4.301528,
        3.987520 0.409157 4.301528,
        3.993564 0.401281 4.301528,
        3.997363 0.392110 4.301528,
        2.615697 0.401836 2.553594,
        2.614135 0.399349 2.555156,
        2.611578 0.392457 2.557714,
        2.611304 0.391013 2.557987,
        2.610484 0.386675 2.558807,
        2.618826 0.406814 2.550466,
        2.621943 0.409931 2.547349,
        2.625059 0.413048 2.544232,
        2.630037 0.416176 2.539254,
        2.632524 0.417739 2.536767,
        2.639460 0.420166 2.529831,
        2.640846 0.420650 2.528446,
        -0.662751 0.417739 2.536767,
        -0.684792 0.386675 2.558807,
        -0.683971 0.391013 2.557987,
        -0.683698 0.392457 2.557714,
        -0.681141 0.399349 2.555156,
        -0.679578 0.401836 2.553594,
        -0.676450 0.406814 2.550466,
        -0.673333 0.409931 2.547349,
        -0.670216 0.413048 2.544232,
        -0.665238 0.416176 2.539254,
        -0.654430 0.420650 2.528446,
        -0.655815 0.420166 2.529831,
        3.970472 0.419000 0.029180,
        3.979644 0.415201 0.029180,
        3.969455 0.415201 0.019685,
        3.977678 0.411795 0.019685,
        3.967835 0.409157 0.011531,
        3.974549 0.406376 0.011531,
        3.965725 0.401281 0.005274,
        3.970472 0.399315 0.005274,
        3.963267 0.392110 0.001341,
        3.965725 0.391092 0.001341,
        3.987520 0.409157 0.029180,
        3.984739 0.406376 0.019685,
        3.980315 0.401952 0.011531,
        3.974549 0.396187 0.005274,
        3.967835 0.389472 0.001341,
        3.960630 0.420296 0.029180,
        3.960630 0.416363 0.019685,
        3.960630 0.410106 0.011531,
        3.960630 0.401952 0.005274,
        3.960630 0.392457 0.001341,
        3.993564 0.401281 0.029180,
        3.997363 0.392110 0.029180,
        3.990157 0.399315 0.019685,
        3.993564 0.391092 0.019685,
        3.984739 0.396187 0.011531,
        3.987520 0.389472 0.011531,
        3.977678 0.392110 0.005274,
        3.979644 0.387362 0.005274,
        3.969455 0.387362 0.001341,
        3.970472 0.384905 0.001341,
        -0.684702 0.387406 0.000337,
        -0.683698 0.392457 0.001341,
        -0.682043 0.397333 0.002997,
        -0.679765 0.401952 0.005274,
        -0.676904 0.406234 0.008136,
        -0.673508 0.410106 0.011531,
        -0.665354 0.416363 0.019685,
        -0.655859 0.420296 0.029180,
      ]
    }
    coordIndex [
      171, 170, 285, -1,
      285, 170, 286, -1,
      285, 286, 287, -1,
      287, 286, 288, -1,
      288, 286, 289, -1,
      289, 286, 290, -1,
      289, 290, 291, -1,
      291, 290, 292, -1,
      292, 290, 293, -1,
      292, 293, 294, -1,
      294, 293, 295, -1,
      295, 293, 296, -1,
      295, 296, 297, -1,
      297, 296, 298, -1,
      298, 296, 299, -1,
      298, 299, 300, -1,
      300, 299, 301, -1,
      301, 299, 173, -1,
      301, 173, 172, -1,
      294, 295, 302, -1,
      175, 303, 172, -1,
      172, 303, 301, -1,
      302, 295, 304, -1,
      295, 297, 304, -1,
      304, 297, 298, -1,
      304, 298, 303, -1,
      303, 298, 300, -1,
      303, 300, 301, -1,
      294, 302, 292, -1,
      292, 302, 305, -1,
      292, 305, 291, -1,
      291, 305, 306, -1,
      291, 306, 289, -1,
      307, 243, 171, -1,
      171, 285, 307, -1,
      307, 285, 287, -1,
      307, 287, 306, -1,
      306, 287, 288, -1,
      306, 288, 289, -1,
      3, 17, 308, -1,
      3, 308, 309, -1,
      309, 308, 310, -1,
      309, 310, 311, -1,
      311, 310, 312, -1,
      311, 312, 313, -1,
      314, 315, 312, -1,
      312, 315, 316, -1,
      312, 316, 313, -1,
      317, 170, 168, -1,
      168, 318, 317, -1,
      317, 318, 319, -1,
      317, 319, 314, -1,
      314, 319, 320, -1,
      314, 320, 315, -1,
      17, 321, 322, -1,
      323, 324, 325, -1,
      173, 299, 326, -1,
      325, 324, 173, -1,
      327, 173, 324, -1,
      327, 324, 328, -1,
      328, 324, 323, -1,
      328, 323, 329, -1,
      330, 173, 327, -1,
      331, 332, 333, -1,
      333, 332, 326, -1,
      333, 326, 334, -1,
      334, 326, 299, -1,
      334, 299, 296, -1,
      330, 327, 335, -1,
      335, 327, 328, -1,
      335, 328, 336, -1,
      336, 328, 329, -1,
      336, 329, 337, -1,
      338, 331, 339, -1,
      339, 331, 333, -1,
      339, 333, 340, -1,
      340, 333, 334, -1,
      340, 334, 341, -1,
      341, 334, 296, -1,
      341, 296, 293, -1,
      342, 338, 343, -1,
      343, 338, 339, -1,
      343, 339, 344, -1,
      344, 339, 340, -1,
      344, 340, 345, -1,
      345, 340, 341, -1,
      345, 341, 346, -1,
      346, 341, 293, -1,
      346, 293, 290, -1,
      321, 342, 322, -1,
      322, 342, 343, -1,
      322, 343, 347, -1,
      347, 343, 344, -1,
      347, 344, 348, -1,
      348, 344, 345, -1,
      348, 345, 349, -1,
      349, 345, 346, -1,
      349, 346, 350, -1,
      350, 346, 290, -1,
      350, 290, 286, -1,
      17, 322, 308, -1,
      308, 322, 347, -1,
      308, 347, 310, -1,
      310, 347, 348, -1,
      310, 348, 312, -1,
      312, 348, 349, -1,
      312, 349, 314, -1,
      314, 349, 350, -1,
      314, 350, 317, -1,
      317, 350, 286, -1,
      317, 286, 170, -1,
      332, 173, 326, -1,
      321, 337, 342, -1,
      342, 337, 329, -1,
      342, 329, 338, -1,
      338, 329, 323, -1,
      338, 323, 331, -1,
      331, 323, 325, -1,
      331, 325, 332, -1,
      332, 325, 173, -1,
      284, 281, 351, -1,
      280, 279, 352, -1,
      277, 276, 353, -1,
      270, 271, 354, -1,
      275, 269, 355, -1,
      268, 267, 356, -1,
      265, 264, 357, -1,
      263, 262, 358, -1,
      258, 257, 359, -1,
      256, 255, 360, -1,
      252, 253, 361, -1,
      251, 250, 362, -1,
      246, 245, 363, -1,
      244, 282, 364, -1,
      365, 181, 180, -1,
      180, 366, 365, -1,
      365, 366, 367, -1,
      365, 367, 368, -1,
      367, 369, 368, -1,
      368, 369, 370, -1,
      368, 370, 371, -1,
      370, 372, 371, -1,
      371, 372, 373, -1,
      371, 373, 374, -1,
      373, 375, 374, -1,
      374, 375, 376, -1,
      374, 376, 377, -1,
      190, 195, 378, -1,
      378, 195, 379, -1,
      378, 379, 380, -1,
      380, 379, 381, -1,
      380, 381, 382, -1,
      382, 381, 383, -1,
      382, 383, 384, -1,
      384, 383, 385, -1,
      384, 385, 386, -1,
      386, 385, 387, -1,
      386, 387, 388, -1,
      388, 387, 362, -1,
      194, 193, 389, -1,
      389, 193, 390, -1,
      389, 390, 391, -1,
      391, 390, 392, -1,
      391, 392, 393, -1,
      393, 392, 394, -1,
      393, 394, 395, -1,
      395, 394, 396, -1,
      395, 396, 397, -1,
      397, 396, 398, -1,
      397, 398, 399, -1,
      399, 398, 358, -1,
      183, 184, 400, -1,
      400, 184, 401, -1,
      400, 401, 402, -1,
      402, 401, 403, -1,
      402, 403, 404, -1,
      404, 403, 405, -1,
      404, 405, 406, -1,
      406, 405, 407, -1,
      406, 407, 408, -1,
      408, 407, 409, -1,
      408, 409, 410, -1,
      410, 409, 354, -1,
      175, 174, 303, -1,
      303, 174, 411, -1,
      303, 411, 304, -1,
      304, 411, 412, -1,
      304, 412, 302, -1,
      302, 412, 413, -1,
      302, 413, 305, -1,
      305, 413, 414, -1,
      305, 414, 306, -1,
      306, 414, 415, -1,
      306, 415, 307, -1,
      307, 415, 364, -1,
      307, 364, 243, -1,
      243, 364, 282, -1,
      174, 192, 411, -1,
      411, 192, 416, -1,
      411, 416, 412, -1,
      412, 416, 417, -1,
      412, 417, 413, -1,
      413, 417, 418, -1,
      413, 418, 414, -1,
      414, 418, 419, -1,
      414, 419, 415, -1,
      415, 419, 420, -1,
      415, 420, 364, -1,
      364, 420, 363, -1,
      364, 363, 244, -1,
      244, 363, 245, -1,
      247, 246, 421, -1,
      421, 246, 363, -1,
      421, 363, 422, -1,
      422, 363, 420, -1,
      422, 420, 423, -1,
      423, 420, 419, -1,
      423, 419, 424, -1,
      424, 419, 418, -1,
      424, 418, 425, -1,
      425, 418, 417, -1,
      425, 417, 426, -1,
      426, 417, 416, -1,
      426, 416, 191, -1,
      191, 416, 192, -1,
      191, 190, 426, -1,
      426, 190, 378, -1,
      426, 378, 425, -1,
      425, 378, 380, -1,
      425, 380, 424, -1,
      424, 380, 382, -1,
      424, 382, 423, -1,
      423, 382, 384, -1,
      423, 384, 422, -1,
      422, 384, 386, -1,
      422, 386, 421, -1,
      421, 386, 388, -1,
      421, 388, 247, -1,
      247, 388, 248, -1,
      362, 250, 388, -1,
      388, 250, 249, -1,
      388, 249, 248, -1,
      253, 251, 361, -1,
      361, 251, 362, -1,
      361, 362, 427, -1,
      427, 362, 387, -1,
      427, 387, 428, -1,
      428, 387, 385, -1,
      428, 385, 429, -1,
      429, 385, 383, -1,
      429, 383, 430, -1,
      430, 383, 381, -1,
      430, 381, 431, -1,
      431, 381, 379, -1,
      431, 379, 201, -1,
      201, 379, 195, -1,
      254, 252, 432, -1,
      432, 252, 361, -1,
      432, 361, 433, -1,
      433, 361, 427, -1,
      433, 427, 434, -1,
      434, 427, 428, -1,
      434, 428, 435, -1,
      435, 428, 429, -1,
      435, 429, 436, -1,
      436, 429, 430, -1,
      436, 430, 437, -1,
      437, 430, 431, -1,
      437, 431, 200, -1,
      200, 431, 201, -1,
      200, 199, 437, -1,
      437, 199, 438, -1,
      437, 438, 436, -1,
      436, 438, 439, -1,
      436, 439, 435, -1,
      435, 439, 440, -1,
      435, 440, 434, -1,
      434, 440, 441, -1,
      434, 441, 433, -1,
      433, 441, 442, -1,
      433, 442, 432, -1,
      432, 442, 360, -1,
      432, 360, 254, -1,
      254, 360, 255, -1,
      199, 197, 438, -1,
      438, 197, 443, -1,
      438, 443, 439, -1,
      439, 443, 444, -1,
      439, 444, 440, -1,
      440, 444, 445, -1,
      440, 445, 441, -1,
      441, 445, 446, -1,
      441, 446, 442, -1,
      442, 446, 447, -1,
      442, 447, 360, -1,
      360, 447, 359, -1,
      360, 359, 256, -1,
      256, 359, 257, -1,
      259, 258, 448, -1,
      448, 258, 359, -1,
      448, 359, 449, -1,
      449, 359, 447, -1,
      449, 447, 450, -1,
      450, 447, 446, -1,
      450, 446, 451, -1,
      451, 446, 445, -1,
      451, 445, 452, -1,
      452, 445, 444, -1,
      452, 444, 453, -1,
      453, 444, 443, -1,
      453, 443, 196, -1,
      196, 443, 197, -1,
      196, 194, 453, -1,
      453, 194, 389, -1,
      453, 389, 452, -1,
      452, 389, 391, -1,
      452, 391, 451, -1,
      451, 391, 393, -1,
      451, 393, 450, -1,
      450, 393, 395, -1,
      450, 395, 449, -1,
      449, 395, 397, -1,
      449, 397, 448, -1,
      448, 397, 399, -1,
      448, 399, 259, -1,
      259, 399, 260, -1,
      358, 262, 399, -1,
      399, 262, 261, -1,
      399, 261, 260, -1,
      264, 263, 357, -1,
      357, 263, 358, -1,
      357, 358, 454, -1,
      454, 358, 398, -1,
      454, 398, 455, -1,
      455, 398, 396, -1,
      455, 396, 456, -1,
      456, 396, 394, -1,
      456, 394, 457, -1,
      457, 394, 392, -1,
      457, 392, 458, -1,
      458, 392, 390, -1,
      458, 390, 198, -1,
      198, 390, 193, -1,
      266, 265, 459, -1,
      459, 265, 357, -1,
      459, 357, 460, -1,
      460, 357, 454, -1,
      460, 454, 461, -1,
      461, 454, 455, -1,
      461, 455, 462, -1,
      462, 455, 456, -1,
      462, 456, 463, -1,
      463, 456, 457, -1,
      463, 457, 464, -1,
      464, 457, 458, -1,
      464, 458, 176, -1,
      176, 458, 198, -1,
      176, 179, 464, -1,
      464, 179, 465, -1,
      464, 465, 463, -1,
      463, 465, 466, -1,
      463, 466, 462, -1,
      462, 466, 467, -1,
      462, 467, 461, -1,
      461, 467, 468, -1,
      461, 468, 460, -1,
      460, 468, 469, -1,
      460, 469, 459, -1,
      459, 469, 356, -1,
      459, 356, 266, -1,
      266, 356, 267, -1,
      179, 189, 465, -1,
      465, 189, 470, -1,
      465, 470, 466, -1,
      466, 470, 471, -1,
      466, 471, 467, -1,
      467, 471, 472, -1,
      467, 472, 468, -1,
      468, 472, 473, -1,
      468, 473, 469, -1,
      469, 473, 474, -1,
      469, 474, 356, -1,
      356, 474, 355, -1,
      356, 355, 268, -1,
      268, 355, 269, -1,
      274, 275, 475, -1,
      475, 275, 355, -1,
      475, 355, 476, -1,
      476, 355, 474, -1,
      476, 474, 477, -1,
      477, 474, 473, -1,
      477, 473, 478, -1,
      478, 473, 472, -1,
      478, 472, 479, -1,
      479, 472, 471, -1,
      479, 471, 480, -1,
      480, 471, 470, -1,
      480, 470, 188, -1,
      188, 470, 189, -1,
      188, 183, 480, -1,
      480, 183, 400, -1,
      480, 400, 479, -1,
      479, 400, 402, -1,
      479, 402, 478, -1,
      478, 402, 404, -1,
      478, 404, 477, -1,
      477, 404, 406, -1,
      477, 406, 476, -1,
      476, 406, 408, -1,
      476, 408, 475, -1,
      475, 408, 410, -1,
      475, 410, 274, -1,
      274, 410, 273, -1,
      354, 271, 410, -1,
      410, 271, 272, -1,
      410, 272, 273, -1,
      184, 185, 401, -1,
      401, 185, 481, -1,
      401, 481, 403, -1,
      403, 481, 482, -1,
      403, 482, 405, -1,
      405, 482, 483, -1,
      405, 483, 407, -1,
      407, 483, 484, -1,
      407, 484, 409, -1,
      409, 484, 485, -1,
      409, 485, 354, -1,
      354, 485, 353, -1,
      354, 353, 270, -1,
      270, 353, 276, -1,
      278, 277, 486, -1,
      486, 277, 353, -1,
      486, 353, 487, -1,
      487, 353, 485, -1,
      487, 485, 488, -1,
      488, 485, 484, -1,
      488, 484, 489, -1,
      489, 484, 483, -1,
      489, 483, 490, -1,
      490, 483, 482, -1,
      490, 482, 491, -1,
      491, 482, 481, -1,
      491, 481, 187, -1,
      187, 481, 185, -1,
      187, 186, 491, -1,
      491, 186, 492, -1,
      491, 492, 490, -1,
      490, 492, 493, -1,
      490, 493, 489, -1,
      489, 493, 494, -1,
      489, 494, 488, -1,
      488, 494, 495, -1,
      488, 495, 487, -1,
      487, 495, 496, -1,
      487, 496, 486, -1,
      486, 496, 352, -1,
      486, 352, 278, -1,
      278, 352, 279, -1,
      186, 182, 492, -1,
      492, 182, 497, -1,
      492, 497, 493, -1,
      493, 497, 498, -1,
      493, 498, 494, -1,
      494, 498, 499, -1,
      494, 499, 495, -1,
      495, 499, 500, -1,
      495, 500, 496, -1,
      496, 500, 501, -1,
      496, 501, 352, -1,
      352, 501, 351, -1,
      352, 351, 280, -1,
      280, 351, 281, -1,
      283, 284, 502, -1,
      502, 284, 351, -1,
      502, 351, 377, -1,
      377, 351, 501, -1,
      377, 501, 374, -1,
      374, 501, 500, -1,
      374, 500, 371, -1,
      371, 500, 499, -1,
      371, 499, 368, -1,
      368, 499, 498, -1,
      368, 498, 365, -1,
      365, 498, 497, -1,
      365, 497, 181, -1,
      181, 497, 182, -1,
      376, 503, 377, -1,
      377, 503, 504, -1,
      377, 504, 502, -1,
      502, 504, 505, -1,
      502, 505, 283, -1,
      283, 505, 242, -1,
      23, 6, 506, -1,
      506, 6, 5, -1,
      506, 5, 8, -1,
      8, 7, 506, -1,
      506, 7, 9, -1,
      506, 9, 10, -1,
      11, 13, 309, -1,
      309, 13, 12, -1,
      309, 12, 15, -1,
      15, 14, 309, -1,
      309, 14, 4, -1,
      309, 4, 3, -1,
      313, 507, 311, -1,
      311, 507, 506, -1,
      311, 506, 309, -1,
      309, 506, 10, -1,
      309, 10, 11, -1,
      168, 169, 318, -1,
      318, 169, 508, -1,
      318, 508, 319, -1,
      319, 508, 509, -1,
      319, 509, 320, -1,
      320, 509, 510, -1,
      320, 510, 315, -1,
      315, 510, 511, -1,
      315, 511, 316, -1,
      316, 511, 512, -1,
      316, 512, 313, -1,
      313, 512, 513, -1,
      313, 513, 507, -1,
      73, 173, 330, -1,
      73, 330, 514, -1,
      514, 330, 335, -1,
      514, 335, 515, -1,
      515, 335, 336, -1,
      515, 336, 516, -1,
      516, 336, 337, -1,
      516, 337, 517, -1,
      517, 337, 321, -1,
      517, 321, 518, -1,
      518, 321, 17, -1,
      518, 17, 16, -1,
      240, 242, 519, -1,
      519, 242, 505, -1,
      519, 505, 520, -1,
      520, 505, 504, -1,
      520, 504, 521, -1,
      521, 504, 522, -1,
      504, 503, 522, -1,
      522, 503, 376, -1,
      522, 376, 523, -1,
      523, 376, 524, -1,
      376, 375, 524, -1,
      524, 375, 373, -1,
      524, 373, 525, -1,
      373, 372, 525, -1,
      525, 372, 370, -1,
      525, 370, 526, -1,
      370, 369, 526, -1,
      526, 369, 367, -1,
      526, 367, 177, -1,
      177, 367, 366, -1,
      177, 366, 180, -1,
      1, 0, 527, -1,
      527, 0, 18, -1,
      506, 19, 20, -1,
      20, 21, 506, -1,
      506, 21, 22, -1,
      506, 22, 23, -1,
      513, 528, 507, -1,
      507, 528, 527, -1,
      507, 527, 506, -1,
      506, 527, 18, -1,
      506, 18, 19, -1,
      169, 164, 508, -1,
      508, 164, 529, -1,
      508, 529, 509, -1,
      509, 529, 530, -1,
      509, 530, 510, -1,
      510, 530, 531, -1,
      510, 531, 511, -1,
      511, 531, 532, -1,
      511, 532, 512, -1,
      512, 532, 533, -1,
      512, 533, 513, -1,
      513, 533, 534, -1,
      513, 534, 528, -1,
      60, 63, 535, -1,
      536, 537, 538, -1,
      73, 514, 539, -1,
      538, 537, 73, -1,
      540, 73, 537, -1,
      540, 537, 541, -1,
      541, 537, 536, -1,
      541, 536, 542, -1,
      71, 73, 540, -1,
      543, 544, 545, -1,
      545, 544, 539, -1,
      545, 539, 546, -1,
      546, 539, 514, -1,
      546, 514, 515, -1,
      71, 540, 69, -1,
      69, 540, 541, -1,
      69, 541, 67, -1,
      67, 541, 542, -1,
      67, 542, 65, -1,
      547, 543, 548, -1,
      548, 543, 545, -1,
      548, 545, 549, -1,
      549, 545, 546, -1,
      549, 546, 550, -1,
      550, 546, 515, -1,
      550, 515, 516, -1,
      551, 547, 552, -1,
      552, 547, 548, -1,
      552, 548, 553, -1,
      553, 548, 549, -1,
      553, 549, 554, -1,
      554, 549, 550, -1,
      554, 550, 555, -1,
      555, 550, 516, -1,
      555, 516, 517, -1,
      63, 551, 535, -1,
      535, 551, 552, -1,
      535, 552, 556, -1,
      556, 552, 553, -1,
      556, 553, 557, -1,
      557, 553, 554, -1,
      557, 554, 558, -1,
      558, 554, 555, -1,
      558, 555, 559, -1,
      559, 555, 517, -1,
      559, 517, 518, -1,
      60, 535, 59, -1,
      59, 535, 556, -1,
      59, 556, 57, -1,
      57, 556, 557, -1,
      57, 557, 55, -1,
      55, 557, 558, -1,
      55, 558, 53, -1,
      53, 558, 559, -1,
      53, 559, 50, -1,
      50, 559, 518, -1,
      50, 518, 16, -1,
      544, 73, 539, -1,
      63, 65, 551, -1,
      551, 65, 542, -1,
      551, 542, 547, -1,
      547, 542, 536, -1,
      547, 536, 543, -1,
      543, 536, 538, -1,
      543, 538, 544, -1,
      544, 538, 73, -1,
      177, 178, 560, -1,
      177, 560, 526, -1,
      526, 560, 561, -1,
      526, 561, 525, -1,
      525, 561, 562, -1,
      525, 562, 524, -1,
      563, 522, 562, -1,
      562, 522, 523, -1,
      562, 523, 524, -1,
      564, 241, 240, -1,
      240, 519, 564, -1,
      564, 519, 520, -1,
      564, 520, 563, -1,
      563, 520, 521, -1,
      563, 521, 522, -1,
      164, 36, 529, -1,
      529, 36, 565, -1,
      566, 531, 565, -1,
      565, 531, 530, -1,
      565, 530, 529, -1,
      534, 533, 566, -1,
      566, 533, 532, -1,
      566, 532, 531, -1,
      567, 35, 34, -1,
      566, 568, 534, -1,
      534, 568, 569, -1,
      534, 569, 528, -1,
      528, 569, 567, -1,
      528, 567, 527, -1,
      527, 567, 34, -1,
      34, 33, 527, -1,
      527, 33, 32, -1,
      527, 32, 31, -1,
      31, 30, 527, -1,
      527, 30, 29, -1,
      527, 29, 28, -1,
      28, 27, 527, -1,
      527, 27, 26, -1,
      527, 26, 25, -1,
      25, 24, 527, -1,
      527, 24, 2, -1,
      527, 2, 1, -1,
      178, 72, 570, -1,
      178, 570, 571, -1,
      571, 570, 572, -1,
      571, 572, 573, -1,
      573, 572, 574, -1,
      573, 574, 575, -1,
      575, 574, 576, -1,
      575, 576, 577, -1,
      577, 576, 578, -1,
      577, 578, 579, -1,
      579, 578, 75, -1,
      579, 75, 160, -1,
      580, 581, 582, -1,
      583, 584, 585, -1,
      586, 587, 588, -1,
      589, 590, 591, -1,
      591, 590, 178, -1,
      592, 178, 590, -1,
      592, 590, 593, -1,
      593, 590, 589, -1,
      593, 589, 594, -1,
      595, 178, 592, -1,
      595, 592, 596, -1,
      596, 592, 593, -1,
      596, 593, 597, -1,
      597, 593, 594, -1,
      597, 594, 598, -1,
      560, 178, 595, -1,
      560, 595, 561, -1,
      561, 595, 596, -1,
      561, 596, 562, -1,
      562, 596, 597, -1,
      562, 597, 563, -1,
      563, 597, 598, -1,
      563, 598, 564, -1,
      599, 600, 601, -1,
      602, 603, 600, -1,
      600, 603, 604, -1,
      600, 604, 601, -1,
      601, 604, 605, -1,
      601, 605, 241, -1,
      587, 602, 588, -1,
      588, 602, 600, -1,
      588, 600, 606, -1,
      606, 600, 599, -1,
      606, 599, 607, -1,
      584, 586, 585, -1,
      585, 586, 588, -1,
      585, 588, 608, -1,
      608, 588, 606, -1,
      608, 606, 609, -1,
      609, 606, 607, -1,
      609, 607, 610, -1,
      581, 583, 582, -1,
      582, 583, 585, -1,
      582, 585, 611, -1,
      611, 585, 608, -1,
      611, 608, 612, -1,
      612, 608, 609, -1,
      612, 609, 613, -1,
      613, 609, 610, -1,
      613, 610, 614, -1,
      615, 580, 616, -1,
      616, 580, 582, -1,
      616, 582, 617, -1,
      617, 582, 611, -1,
      617, 611, 618, -1,
      618, 611, 612, -1,
      618, 612, 619, -1,
      619, 612, 613, -1,
      619, 613, 620, -1,
      620, 613, 614, -1,
      160, 615, 579, -1,
      579, 615, 616, -1,
      579, 616, 577, -1,
      577, 616, 617, -1,
      577, 617, 575, -1,
      575, 617, 618, -1,
      575, 618, 573, -1,
      573, 618, 619, -1,
      573, 619, 571, -1,
      571, 619, 620, -1,
      571, 620, 178, -1,
      614, 178, 620, -1,
      241, 564, 601, -1,
      601, 564, 598, -1,
      601, 598, 599, -1,
      599, 598, 594, -1,
      599, 594, 607, -1,
      607, 594, 589, -1,
      607, 589, 610, -1,
      610, 589, 591, -1,
      610, 591, 614, -1,
      614, 591, 178, -1,
      58, 56, 621, -1,
      621, 56, 622, -1,
      621, 622, 623, -1,
      623, 622, 624, -1,
      623, 624, 625, -1,
      625, 624, 626, -1,
      625, 626, 627, -1,
      627, 626, 628, -1,
      627, 628, 629, -1,
      629, 628, 630, -1,
      629, 630, 36, -1,
      56, 54, 622, -1,
      622, 54, 631, -1,
      622, 631, 624, -1,
      624, 631, 632, -1,
      624, 632, 626, -1,
      626, 632, 633, -1,
      626, 633, 628, -1,
      628, 633, 634, -1,
      628, 634, 630, -1,
      630, 634, 635, -1,
      630, 635, 36, -1,
      49, 58, 47, -1,
      47, 58, 621, -1,
      47, 621, 45, -1,
      45, 621, 623, -1,
      45, 623, 43, -1,
      43, 623, 625, -1,
      43, 625, 41, -1,
      41, 625, 627, -1,
      41, 627, 39, -1,
      39, 627, 629, -1,
      39, 629, 36, -1,
      52, 51, 636, -1,
      636, 51, 637, -1,
      636, 637, 638, -1,
      638, 637, 639, -1,
      638, 639, 640, -1,
      640, 639, 641, -1,
      640, 641, 642, -1,
      642, 641, 643, -1,
      642, 643, 644, -1,
      644, 643, 645, -1,
      644, 645, 36, -1,
      51, 35, 637, -1,
      637, 35, 567, -1,
      637, 567, 639, -1,
      639, 567, 569, -1,
      639, 569, 641, -1,
      641, 569, 568, -1,
      641, 568, 643, -1,
      643, 568, 566, -1,
      643, 566, 645, -1,
      645, 566, 565, -1,
      645, 565, 36, -1,
      54, 52, 631, -1,
      631, 52, 636, -1,
      631, 636, 632, -1,
      632, 636, 638, -1,
      632, 638, 633, -1,
      633, 638, 640, -1,
      633, 640, 634, -1,
      634, 640, 642, -1,
      634, 642, 635, -1,
      635, 642, 644, -1,
      635, 644, 36, -1,
      75, 578, 646, -1,
      647, 648, 649, -1,
      72, 70, 650, -1,
      649, 648, 72, -1,
      651, 72, 648, -1,
      651, 648, 652, -1,
      652, 648, 647, -1,
      652, 647, 653, -1,
      570, 72, 651, -1,
      654, 655, 656, -1,
      656, 655, 650, -1,
      656, 650, 657, -1,
      657, 650, 70, -1,
      657, 70, 68, -1,
      570, 651, 572, -1,
      572, 651, 652, -1,
      572, 652, 574, -1,
      574, 652, 653, -1,
      574, 653, 576, -1,
      658, 654, 659, -1,
      659, 654, 656, -1,
      659, 656, 660, -1,
      660, 656, 657, -1,
      660, 657, 661, -1,
      661, 657, 68, -1,
      661, 68, 66, -1,
      662, 658, 663, -1,
      663, 658, 659, -1,
      663, 659, 664, -1,
      664, 659, 660, -1,
      664, 660, 665, -1,
      665, 660, 661, -1,
      665, 661, 666, -1,
      666, 661, 66, -1,
      666, 66, 64, -1,
      578, 662, 646, -1,
      646, 662, 663, -1,
      646, 663, 667, -1,
      667, 663, 664, -1,
      667, 664, 668, -1,
      668, 664, 665, -1,
      668, 665, 669, -1,
      669, 665, 666, -1,
      669, 666, 670, -1,
      670, 666, 64, -1,
      670, 64, 62, -1,
      75, 646, 76, -1,
      76, 646, 667, -1,
      76, 667, 78, -1,
      78, 667, 668, -1,
      78, 668, 80, -1,
      80, 668, 669, -1,
      80, 669, 82, -1,
      82, 669, 670, -1,
      82, 670, 84, -1,
      84, 670, 62, -1,
      84, 62, 61, -1,
      655, 72, 650, -1,
      578, 576, 662, -1,
      662, 576, 653, -1,
      662, 653, 658, -1,
      658, 653, 647, -1,
      658, 647, 654, -1,
      654, 647, 649, -1,
      654, 649, 655, -1,
      655, 649, 72, -1,
      671, 672, 604, -1,
      604, 672, 673, -1,
      604, 673, 605, -1,
      605, 673, 674, -1,
      605, 674, 241, -1,
      241, 674, 675, -1,
      241, 675, 167, -1,
      604, 603, 671, -1,
      671, 603, 602, -1,
      671, 602, 676, -1,
      676, 602, 677, -1,
      602, 587, 677, -1,
      677, 587, 586, -1,
      677, 586, 678, -1,
      678, 586, 679, -1,
      586, 584, 679, -1,
      679, 584, 583, -1,
      679, 583, 680, -1,
      680, 583, 681, -1,
      583, 581, 681, -1,
      681, 581, 580, -1,
      681, 580, 682, -1,
      682, 580, 161, -1,
      161, 580, 615, -1,
      161, 615, 160, -1,
      679, 680, 683, -1,
      166, 167, 684, -1,
      684, 167, 675, -1,
      684, 675, 685, -1,
      685, 675, 674, -1,
      685, 674, 686, -1,
      686, 674, 673, -1,
      686, 673, 687, -1,
      687, 673, 672, -1,
      687, 672, 688, -1,
      688, 672, 671, -1,
      688, 671, 689, -1,
      689, 671, 676, -1,
      689, 676, 690, -1,
      690, 676, 691, -1,
      691, 676, 677, -1,
      691, 677, 678, -1,
      679, 683, 678, -1,
      678, 683, 692, -1,
      678, 692, 691, -1,
      681, 693, 680, -1,
      680, 693, 694, -1,
      680, 694, 683, -1,
      681, 682, 693, -1,
      693, 682, 161, -1,
      693, 161, 162, -1,
      77, 79, 695, -1,
      695, 79, 696, -1,
      695, 696, 697, -1,
      697, 696, 698, -1,
      697, 698, 699, -1,
      699, 698, 700, -1,
      699, 700, 701, -1,
      701, 700, 702, -1,
      701, 702, 703, -1,
      703, 702, 704, -1,
      703, 704, 37, -1,
      79, 81, 696, -1,
      696, 81, 705, -1,
      696, 705, 698, -1,
      698, 705, 706, -1,
      698, 706, 700, -1,
      700, 706, 707, -1,
      700, 707, 702, -1,
      702, 707, 708, -1,
      702, 708, 704, -1,
      704, 708, 709, -1,
      704, 709, 37, -1,
      74, 77, 710, -1,
      710, 77, 695, -1,
      710, 695, 711, -1,
      711, 695, 697, -1,
      711, 697, 712, -1,
      712, 697, 699, -1,
      712, 699, 713, -1,
      713, 699, 701, -1,
      713, 701, 714, -1,
      714, 701, 703, -1,
      714, 703, 37, -1,
      83, 85, 715, -1,
      715, 85, 716, -1,
      715, 716, 717, -1,
      717, 716, 718, -1,
      717, 718, 719, -1,
      719, 718, 720, -1,
      719, 720, 721, -1,
      721, 720, 722, -1,
      721, 722, 723, -1,
      723, 722, 724, -1,
      723, 724, 37, -1,
      85, 48, 716, -1,
      716, 48, 46, -1,
      716, 46, 718, -1,
      718, 46, 44, -1,
      718, 44, 720, -1,
      720, 44, 42, -1,
      720, 42, 722, -1,
      722, 42, 40, -1,
      722, 40, 724, -1,
      724, 40, 38, -1,
      724, 38, 37, -1,
      81, 83, 705, -1,
      705, 83, 715, -1,
      705, 715, 706, -1,
      706, 715, 717, -1,
      706, 717, 707, -1,
      707, 717, 719, -1,
      707, 719, 708, -1,
      708, 719, 721, -1,
      708, 721, 709, -1,
      709, 721, 723, -1,
      709, 723, 37, -1,
      165, 166, 725, -1,
      725, 166, 684, -1,
      725, 684, 726, -1,
      684, 685, 726, -1,
      726, 685, 686, -1,
      726, 686, 727, -1,
      727, 686, 687, -1,
      727, 687, 728, -1,
      728, 687, 688, -1,
      728, 688, 729, -1,
      729, 688, 689, -1,
      729, 689, 730, -1,
      689, 690, 730, -1,
      730, 690, 691, -1,
      730, 691, 731, -1,
      691, 692, 731, -1,
      731, 692, 683, -1,
      731, 683, 732, -1,
      162, 163, 693, -1,
      693, 163, 732, -1,
      693, 732, 694, -1,
      694, 732, 683, -1,
      163, 74, 710, -1,
      163, 710, 732, -1,
      732, 710, 711, -1,
      732, 711, 731, -1,
      731, 711, 712, -1,
      731, 712, 730, -1,
      730, 712, 729, -1,
      729, 712, 713, -1,
      729, 713, 728, -1,
      728, 713, 727, -1,
      727, 713, 714, -1,
      727, 714, 726, -1,
      726, 714, 725, -1,
      725, 714, 37, -1,
      725, 37, 165, -1,
      214, 204, 158, -1,
      158, 157, 214, -1,
      214, 157, 156, -1,
      214, 156, 215, -1,
      156, 155, 215, -1,
      215, 155, 154, -1,
      215, 154, 216, -1,
      154, 153, 216, -1,
      216, 153, 152, -1,
      216, 152, 217, -1,
      152, 151, 217, -1,
      217, 151, 150, -1,
      217, 150, 218, -1,
      150, 149, 218, -1,
      218, 149, 86, -1,
      218, 86, 219, -1,
      86, 88, 219, -1,
      219, 88, 87, -1,
      219, 87, 225, -1,
      87, 95, 225, -1,
      225, 95, 96, -1,
      225, 96, 226, -1,
      96, 97, 226, -1,
      226, 97, 98, -1,
      226, 98, 227, -1,
      98, 94, 227, -1,
      227, 94, 93, -1,
      227, 93, 206, -1,
      93, 92, 206, -1,
      206, 92, 91, -1,
      206, 91, 207, -1,
      91, 90, 207, -1,
      207, 90, 89, -1,
      207, 89, 208, -1,
      89, 147, 208, -1,
      208, 147, 148, -1,
      208, 148, 209, -1,
      148, 146, 209, -1,
      209, 146, 145, -1,
      209, 145, 220, -1,
      145, 144, 220, -1,
      220, 144, 143, -1,
      220, 143, 221, -1,
      143, 142, 221, -1,
      221, 142, 141, -1,
      221, 141, 222, -1,
      141, 140, 222, -1,
      222, 140, 139, -1,
      222, 139, 228, -1,
      139, 138, 228, -1,
      228, 138, 137, -1,
      228, 137, 229, -1,
      229, 137, 136, -1,
      229, 136, 230, -1,
      136, 135, 230, -1,
      230, 135, 134, -1,
      230, 134, 231, -1,
      134, 133, 231, -1,
      231, 133, 132, -1,
      231, 132, 232, -1,
      132, 131, 232, -1,
      232, 131, 130, -1,
      232, 130, 233, -1,
      130, 129, 233, -1,
      233, 129, 128, -1,
      233, 128, 234, -1,
      128, 127, 234, -1,
      234, 127, 126, -1,
      234, 126, 235, -1,
      126, 125, 235, -1,
      235, 125, 124, -1,
      235, 124, 236, -1,
      124, 123, 236, -1,
      236, 123, 122, -1,
      236, 122, 237, -1,
      122, 121, 237, -1,
      237, 121, 120, -1,
      237, 120, 238, -1,
      120, 119, 238, -1,
      238, 119, 99, -1,
      238, 99, 239, -1,
      99, 118, 239, -1,
      239, 118, 117, -1,
      239, 117, 210, -1,
      117, 116, 210, -1,
      210, 116, 115, -1,
      210, 115, 211, -1,
      211, 115, 114, -1,
      114, 113, 211, -1,
      211, 113, 112, -1,
      211, 112, 223, -1,
      112, 111, 223, -1,
      223, 111, 110, -1,
      223, 110, 224, -1,
      110, 109, 224, -1,
      224, 109, 108, -1,
      224, 108, 202, -1,
      108, 107, 202, -1,
      202, 107, 106, -1,
      202, 106, 203, -1,
      106, 105, 203, -1,
      203, 105, 104, -1,
      203, 104, 212, -1,
      104, 103, 212, -1,
      212, 103, 102, -1,
      212, 102, 213, -1,
      213, 102, 101, -1,
      213, 101, 205, -1,
      205, 101, 100, -1,
      205, 100, 204, -1,
      204, 100, 159, -1,
      204, 159, 158, -1,
    ]
  }
}

Shape {
  appearance Appearance {
    material Material {
      diffuseColor 0.6667 0.6980 0.7686
      specularColor 0.3333 0.3490 0.3843
      ambientIntensity 0.2
      transparency 0.0000
      shininess 0.5
    }
  }
  geometry IndexedFaceSet {
    ccw TRUE
    solid FALSE
    coord DEF co Coordinate {
      point [
        2.121953 -0.877575 1.377953,
        2.375593 -0.877575 1.377953,
        2.965601 -0.877575 1.377953,
        2.796905 -0.877575 1.377953,
        2.808571 -0.892621 1.371796,
        2.356739 -0.892621 1.371796,
        2.877127 -0.995026 1.335613,
        2.245946 -0.995026 1.335613,
        2.162146 -1.100131 1.308246,
        2.928980 -1.100131 1.308246,
        2.105942 -1.207178 1.289891,
        2.963759 -1.207178 1.289891,
        2.077738 -1.315396 1.280680,
        2.981211 -1.315396 1.280680,
        2.981211 -1.424006 1.280680,
        2.074207 -1.369701 1.279528,
        2.077738 -1.424006 1.280680,
        2.963759 -1.532224 1.289891,
        2.105942 -1.532224 1.289891,
        2.928980 -1.639271 1.308246,
        2.162146 -1.639271 1.308246,
        2.877127 -1.744376 1.335613,
        2.245946 -1.744376 1.335613,
        2.306380 -1.803619 1.355350,
        2.796905 -1.861827 1.377953,
        2.121953 -1.861827 1.377953,
        2.052741 -1.803619 1.355350,
        2.375593 -1.861827 1.377953,
        2.965601 -1.861827 1.377953,
        3.045823 -1.744376 1.335613,
        3.097676 -1.639271 1.308246,
        3.132454 -1.532224 1.289891,
        3.149906 -1.424006 1.280680,
        3.149906 -1.315396 1.280680,
        2.977267 -0.892621 1.371796,
        3.045823 -0.995026 1.335613,
        3.097676 -1.100131 1.308246,
        3.132454 -1.207178 1.289891,
        1.908507 -1.100131 1.308246,
        2.103099 -0.892621 1.371796,
        1.992307 -0.995026 1.335613,
        1.824098 -1.424006 1.280680,
        1.820568 -1.369701 1.279528,
        1.824098 -1.315396 1.280680,
        1.852302 -1.207178 1.289891,
        1.992307 -1.744376 1.335613,
        1.908507 -1.639271 1.308246,
        1.852302 -1.532224 1.289891,
        2.509048 -0.877575 1.421537,
        2.509048 -1.861827 1.421537,
        2.484604 -1.861827 1.496386,
        2.484604 -0.877575 1.496386,
        2.790589 -0.877575 1.470320,
        2.790589 -1.861827 1.470320,
        2.753836 -0.877575 1.400683,
        2.753836 -1.861827 1.400683,
        2.570579 -0.877575 1.435005,
        2.561518 -0.877575 1.513222,
        2.633559 -0.877575 1.435961,
        2.640243 -0.877575 1.514417,
        2.695470 -0.877575 1.424366,
        2.717631 -0.877575 1.499923,
        2.695470 -1.861827 1.424366,
        2.717631 -1.861827 1.499923,
        2.633559 -1.861827 1.435961,
        2.640243 -1.861827 1.514417,
        2.570579 -1.861827 1.435005,
        2.561518 -1.861827 1.513222,
      ]
    }
    coordIndex [
      7, 5, 15, -1,
      1, 48, 5, -1,
      5, 48, 49, -1,
      5, 49, 27, -1,
      27, 23, 5, -1,
      5, 23, 22, -1,
      5, 22, 20, -1,
      20, 18, 5, -1,
      5, 18, 16, -1,
      5, 16, 15, -1,
      7, 15, 8, -1,
      8, 15, 12, -1,
      8, 12, 10, -1,
      50, 51, 0, -1,
      0, 39, 50, -1,
      50, 39, 26, -1,
      50, 26, 25, -1,
      47, 46, 39, -1,
      39, 46, 45, -1,
      39, 45, 26, -1,
      44, 43, 38, -1,
      38, 43, 42, -1,
      38, 42, 40, -1,
      40, 42, 39, -1,
      39, 42, 41, -1,
      39, 41, 47, -1,
      2, 52, 34, -1,
      34, 52, 53, -1,
      34, 53, 35, -1,
      35, 53, 36, -1,
      53, 28, 29, -1,
      29, 30, 53, -1,
      53, 30, 31, -1,
      53, 31, 32, -1,
      32, 33, 53, -1,
      53, 33, 37, -1,
      53, 37, 36, -1,
      54, 3, 55, -1,
      55, 3, 4, -1,
      55, 4, 6, -1,
      24, 55, 21, -1,
      21, 55, 6, -1,
      21, 6, 19, -1,
      19, 6, 9, -1,
      19, 9, 11, -1,
      13, 14, 11, -1,
      11, 14, 17, -1,
      11, 17, 19, -1,
      1, 0, 48, -1,
      48, 0, 51, -1,
      48, 51, 56, -1,
      56, 51, 57, -1,
      56, 57, 58, -1,
      58, 57, 59, -1,
      58, 59, 60, -1,
      60, 59, 61, -1,
      60, 61, 54, -1,
      54, 61, 52, -1,
      54, 52, 3, -1,
      3, 52, 2, -1,
      24, 28, 55, -1,
      55, 28, 53, -1,
      55, 53, 62, -1,
      62, 53, 63, -1,
      62, 63, 64, -1,
      64, 63, 65, -1,
      64, 65, 66, -1,
      66, 65, 67, -1,
      66, 67, 49, -1,
      49, 67, 50, -1,
      49, 50, 27, -1,
      27, 50, 25, -1,
      51, 50, 67, -1,
      51, 67, 57, -1,
      57, 67, 65, -1,
      57, 65, 59, -1,
      59, 65, 63, -1,
      59, 63, 61, -1,
      61, 63, 53, -1,
      61, 53, 52, -1,
      54, 55, 60, -1,
      60, 55, 62, -1,
      60, 62, 58, -1,
      58, 62, 64, -1,
      58, 64, 56, -1,
      56, 64, 66, -1,
      56, 66, 48, -1,
      48, 66, 49, -1,
    ]
  }
}

Shape {
  appearance Appearance {
    material Material {
      diffuseColor 0.2980 0.2980 0.2980
      specularColor 0.0902 0.0902 0.0902
      ambientIntensity 0.2
      transparency 0.0000
      shininess 0.5
    }
  }
  geometry IndexedFaceSet {
    ccw TRUE
    solid FALSE
    coord DEF co Coordinate {
      point [
        2.350718 -3.161040 0.786376,
        2.069843 -3.161040 0.786376,
        2.350718 -3.161040 0.996194,
        2.069843 -3.161040 0.996194,
        2.350718 -3.161040 0.540182,
        2.350718 -3.161040 0.330365,
        2.069843 -3.161040 0.330365,
        2.069843 -3.161040 0.540182,
        0.444186 -1.616887 0.000000,
        0.505906 -1.591322 0.000000,
        1.854331 -1.369701 0.000000,
        0.558905 -1.550654 0.000000,
        0.599573 -1.497654 0.000000,
        0.599573 -1.241748 0.000000,
        0.558905 -1.188749 0.000000,
        1.863050 -1.303468 0.000000,
        0.505906 -1.148080 0.000000,
        1.982283 -1.591322 0.000000,
        2.044003 -1.616887 0.000000,
        2.357422 -1.303468 0.000000,
        2.366142 -1.369701 0.000000,
        2.357422 -1.435934 0.000000,
        2.331857 -1.241748 0.000000,
        2.291189 -1.188749 0.000000,
        2.238189 -1.148080 0.000000,
        0.625139 -1.435934 0.000000,
        0.633858 -1.369701 0.000000,
        0.625139 -1.303468 0.000000,
        0.130767 -1.435934 0.000000,
        0.122047 -1.369701 0.000000,
        0.130767 -1.303468 0.000000,
        0.156332 -1.497654 0.000000,
        0.197000 -1.550654 0.000000,
        0.250000 -1.591322 0.000000,
        2.176470 -1.616887 0.000000,
        2.238189 -1.591322 0.000000,
        2.176470 -1.122515 0.000000,
        2.110236 -1.113796 0.000000,
        2.044003 -1.122515 0.000000,
        1.982283 -1.148080 0.000000,
        1.929284 -1.188749 0.000000,
        1.888615 -1.241748 0.000000,
        0.250000 -1.148080 0.000000,
        0.197000 -1.188749 0.000000,
        0.156332 -1.241748 0.000000,
        2.110236 -1.625607 0.000000,
        2.291189 -1.550654 0.000000,
        2.331857 -1.497654 0.000000,
        0.444186 -1.122515 0.000000,
        0.377953 -1.113796 0.000000,
        0.311720 -1.122515 0.000000,
        0.311720 -1.616887 0.000000,
        0.377953 -1.625607 0.000000,
        1.863050 -1.435934 0.000000,
        1.888615 -1.497654 0.000000,
        1.929284 -1.550654 0.000000,
        2.350718 -3.326394 0.540182,
        2.069843 -3.326394 0.540182,
        2.350718 -3.326394 0.330365,
        2.069843 -3.326394 0.330365,
        2.350718 -3.326394 0.996194,
        2.069843 -3.326394 0.996194,
        2.350718 -3.326394 0.786376,
        2.069843 -3.326394 0.786376,
        1.860892 -1.319861 -0.433071,
        1.875823 -1.272632 -0.433071,
        1.863050 -1.303468 -0.433071,
        1.898799 -1.228477 -0.433071,
        1.888615 -1.241748 -0.433071,
        1.982283 -1.148080 -0.433071,
        1.969045 -1.158239 -0.433071,
        1.929315 -1.188725 -0.433071,
        1.929284 -1.188749 -0.433071,
        2.013222 -1.135265 -0.433071,
        2.044003 -1.122515 -0.433071,
        2.060446 -1.120350 -0.433071,
        2.110236 -1.113796 -0.433071,
        2.110281 -1.113802 -0.433071,
        2.159877 -1.120331 -0.433071,
        2.251421 -1.158234 -0.433071,
        2.238189 -1.148080 -0.433071,
        2.207297 -1.135285 -0.433071,
        2.176470 -1.122515 -0.433071,
        2.321721 -1.228539 -0.433071,
        2.291189 -1.188749 -0.433071,
        2.291100 -1.188680 -0.433071,
        2.344583 -1.272472 -0.433071,
        2.331857 -1.241748 -0.433071,
        2.366130 -1.369611 -0.433071,
        2.359591 -1.319943 -0.433071,
        2.357422 -1.303468 -0.433071,
        2.366142 -1.369701 -0.433071,
        2.359574 -1.419593 -0.433071,
        2.357422 -1.435934 -0.433071,
        2.344568 -1.466967 -0.433071,
        2.331857 -1.497654 -0.433071,
        2.321553 -1.511082 -0.433071,
        2.291189 -1.550654 -0.433071,
        2.291099 -1.550722 -0.433071,
        2.251216 -1.581326 -0.433071,
        2.207241 -1.604141 -0.433071,
        2.238189 -1.591322 -0.433071,
        2.159774 -1.619085 -0.433071,
        2.176470 -1.616887 -0.433071,
        2.044003 -1.616887 -0.433071,
        2.060437 -1.619050 -0.433071,
        2.110069 -1.625585 -0.433071,
        2.110236 -1.625607 -0.433071,
        2.012955 -1.604026 -0.433071,
        1.982283 -1.591322 -0.433071,
        1.969033 -1.581154 -0.433071,
        1.929284 -1.550654 -0.433071,
        1.929188 -1.550530 -0.433071,
        1.898726 -1.510831 -0.433071,
        1.875804 -1.466724 -0.433071,
        1.888615 -1.497654 -0.433071,
        1.854331 -1.369701 -0.433071,
        1.860857 -1.419275 -0.433071,
        1.863050 -1.435934 -0.433071,
        2.012761 -1.563054 -0.472441,
        1.990453 -1.548873 -0.472441,
        1.930381 -1.249442 -0.472441,
        1.897942 -1.327355 -0.472441,
        1.898002 -1.326754 -0.472441,
        1.910285 -1.286891 -0.472441,
        1.931283 -1.247785 -0.472441,
        2.309476 -1.452441 -0.472441,
        2.305816 -1.462634 -0.472441,
        2.289431 -1.489747 -0.472441,
        1.957320 -1.216710 -0.472441,
        1.958878 -1.214850 -0.472441,
        1.990094 -1.189885 -0.472441,
        2.262881 -1.216976 -0.472441,
        2.268428 -1.221841 -0.472441,
        2.289757 -1.249815 -0.472441,
        2.326542 -1.379699 -0.472441,
        2.321790 -1.411981 -0.472441,
        2.027593 -1.169922 -0.472441,
        2.138589 -1.584373 -0.472441,
        2.110062 -1.585267 -0.472441,
        2.095408 -1.585727 -0.472441,
        2.068080 -1.581101 -0.472441,
        2.053139 -1.578573 -0.472441,
        2.027574 -1.568747 -0.472441,
        1.903889 -1.435337 -0.472441,
        1.898887 -1.411609 -0.472441,
        1.992432 -1.188015 -0.472441,
        2.320250 -1.422440 -0.472441,
        2.283451 -1.499642 -0.472441,
        2.262649 -1.522302 -0.472441,
        2.254481 -1.531199 -0.472441,
        1.976511 -1.540010 -0.472441,
        1.910636 -1.285750 -0.472441,
        2.229836 -1.549133 -0.472441,
        2.219543 -1.556624 -0.472441,
        2.192642 -1.568946 -0.472441,
        2.180394 -1.574557 -0.472441,
        2.152122 -1.581195 -0.472441,
        1.957739 -1.521980 -0.472441,
        1.945467 -1.510194 -0.472441,
        1.931028 -1.489365 -0.472441,
        1.920862 -1.474700 -0.472441,
        1.911115 -1.452094 -0.472441,
        2.294704 -1.256302 -0.472441,
        2.030897 -1.168222 -0.472441,
        2.068028 -1.157704 -0.472441,
        2.309622 -1.287022 -0.472441,
        2.313416 -1.294834 -0.472441,
        2.321897 -1.327600 -0.472441,
        2.324229 -1.336607 -0.472441,
        2.326003 -1.369665 -0.472441,
        1.894954 -1.392950 -0.472441,
        1.893701 -1.369701 -0.472441,
        2.072104 -1.156549 -0.472441,
        2.110308 -1.153602 -0.472441,
        2.115217 -1.153223 -0.472441,
        2.152363 -1.157790 -0.472441,
        2.157838 -1.158463 -0.472441,
        2.192907 -1.170135 -0.472441,
        2.198716 -1.172069 -0.472441,
        2.230259 -1.190166 -0.472441,
        2.236196 -1.193573 -0.472441,
        0.625139 -1.303468 -0.433071,
        0.599573 -1.241748 -0.433071,
        0.558905 -1.188749 -0.433071,
        0.505906 -1.148080 -0.433071,
        0.444186 -1.122515 -0.433071,
        0.377953 -1.113796 -0.433071,
        0.311720 -1.122515 -0.433071,
        0.250000 -1.148080 -0.433071,
        0.197000 -1.188749 -0.433071,
        0.156332 -1.241748 -0.433071,
        0.130767 -1.303468 -0.433071,
        0.122047 -1.369701 -0.433071,
        0.130767 -1.435934 -0.433071,
        0.156332 -1.497654 -0.433071,
        0.197000 -1.550654 -0.433071,
        0.250000 -1.591322 -0.433071,
        0.311720 -1.616887 -0.433071,
        0.377953 -1.625607 -0.433071,
        0.444186 -1.616887 -0.433071,
        0.505906 -1.591322 -0.433071,
        0.558905 -1.550654 -0.433071,
        0.599573 -1.497654 -0.433071,
        0.625139 -1.435934 -0.433071,
        0.633858 -1.369701 -0.433071,
        0.565478 -1.261433 -0.472441,
        0.587110 -1.313658 -0.472441,
        0.377953 -1.369701 -0.472441,
        0.594488 -1.369701 -0.472441,
        0.587110 -1.425745 -0.472441,
        0.433996 -1.160544 -0.472441,
        0.486220 -1.182176 -0.472441,
        0.531067 -1.216587 -0.472441,
        0.269685 -1.182176 -0.472441,
        0.321909 -1.160544 -0.472441,
        0.377953 -1.153166 -0.472441,
        0.168796 -1.313658 -0.472441,
        0.190428 -1.261433 -0.472441,
        0.224839 -1.216587 -0.472441,
        0.190428 -1.477969 -0.472441,
        0.168796 -1.425745 -0.472441,
        0.161417 -1.369701 -0.472441,
        0.321909 -1.578858 -0.472441,
        0.269685 -1.557226 -0.472441,
        0.224839 -1.522815 -0.472441,
        0.486220 -1.557226 -0.472441,
        0.433996 -1.578858 -0.472441,
        0.377953 -1.586237 -0.472441,
        0.565478 -1.477969 -0.472441,
        0.531067 -1.522815 -0.472441,
      ]
    }
    coordIndex [
      56, 4, 57, -1,
      57, 4, 7, -1,
      58, 5, 56, -1,
      56, 5, 4, -1,
      59, 6, 58, -1,
      58, 6, 5, -1,
      57, 7, 59, -1,
      59, 7, 6, -1,
      56, 57, 58, -1,
      58, 57, 59, -1,
      60, 2, 61, -1,
      61, 2, 3, -1,
      62, 0, 60, -1,
      60, 0, 2, -1,
      63, 1, 62, -1,
      62, 1, 0, -1,
      61, 3, 63, -1,
      63, 3, 1, -1,
      60, 61, 62, -1,
      62, 61, 63, -1,
      10, 15, 64, -1,
      41, 65, 15, -1,
      15, 65, 66, -1,
      15, 66, 64, -1,
      40, 67, 41, -1,
      41, 67, 68, -1,
      41, 68, 65, -1,
      69, 70, 39, -1,
      39, 70, 71, -1,
      39, 71, 40, -1,
      40, 71, 72, -1,
      40, 72, 67, -1,
      69, 39, 73, -1,
      73, 39, 38, -1,
      73, 38, 74, -1,
      74, 38, 75, -1,
      75, 38, 37, -1,
      75, 37, 76, -1,
      76, 37, 77, -1,
      77, 37, 36, -1,
      77, 36, 78, -1,
      79, 80, 24, -1,
      24, 80, 81, -1,
      24, 81, 36, -1,
      36, 81, 82, -1,
      36, 82, 78, -1,
      22, 83, 23, -1,
      23, 83, 84, -1,
      23, 84, 24, -1,
      24, 84, 85, -1,
      24, 85, 79, -1,
      19, 86, 22, -1,
      22, 86, 87, -1,
      22, 87, 83, -1,
      88, 89, 19, -1,
      19, 89, 90, -1,
      19, 90, 86, -1,
      88, 19, 91, -1,
      91, 19, 20, -1,
      91, 20, 92, -1,
      92, 20, 21, -1,
      92, 21, 93, -1,
      93, 21, 94, -1,
      94, 21, 47, -1,
      94, 47, 95, -1,
      95, 47, 96, -1,
      96, 47, 46, -1,
      96, 46, 97, -1,
      97, 46, 98, -1,
      98, 46, 35, -1,
      98, 35, 99, -1,
      34, 100, 35, -1,
      35, 100, 101, -1,
      35, 101, 99, -1,
      45, 102, 34, -1,
      34, 102, 103, -1,
      34, 103, 100, -1,
      104, 105, 18, -1,
      18, 105, 106, -1,
      18, 106, 45, -1,
      45, 106, 107, -1,
      45, 107, 102, -1,
      104, 18, 108, -1,
      108, 18, 17, -1,
      108, 17, 109, -1,
      109, 17, 110, -1,
      110, 17, 55, -1,
      110, 55, 111, -1,
      111, 55, 112, -1,
      112, 55, 54, -1,
      112, 54, 113, -1,
      53, 114, 54, -1,
      54, 114, 115, -1,
      54, 115, 113, -1,
      64, 116, 10, -1,
      10, 116, 117, -1,
      10, 117, 53, -1,
      53, 117, 118, -1,
      53, 118, 114, -1,
      119, 120, 121, -1,
      122, 123, 124, -1,
      125, 126, 121, -1,
      121, 126, 127, -1,
      121, 127, 128, -1,
      125, 129, 126, -1,
      126, 129, 130, -1,
      126, 130, 131, -1,
      132, 133, 134, -1,
      135, 136, 137, -1,
      138, 139, 121, -1,
      121, 139, 140, -1,
      121, 140, 141, -1,
      141, 142, 121, -1,
      121, 142, 143, -1,
      121, 143, 119, -1,
      144, 145, 124, -1,
      131, 146, 126, -1,
      126, 146, 137, -1,
      126, 137, 147, -1,
      147, 137, 136, -1,
      128, 148, 121, -1,
      121, 148, 149, -1,
      121, 149, 150, -1,
      151, 124, 120, -1,
      120, 124, 152, -1,
      120, 152, 121, -1,
      150, 153, 121, -1,
      121, 153, 154, -1,
      121, 154, 155, -1,
      155, 156, 121, -1,
      121, 156, 157, -1,
      121, 157, 138, -1,
      151, 158, 124, -1,
      124, 158, 159, -1,
      124, 159, 160, -1,
      160, 161, 124, -1,
      124, 161, 162, -1,
      124, 162, 144, -1,
      163, 137, 134, -1,
      134, 137, 164, -1,
      134, 164, 165, -1,
      163, 166, 137, -1,
      137, 166, 167, -1,
      137, 167, 168, -1,
      168, 169, 137, -1,
      137, 169, 170, -1,
      137, 170, 135, -1,
      145, 171, 124, -1,
      124, 171, 172, -1,
      124, 172, 122, -1,
      165, 173, 134, -1,
      134, 173, 174, -1,
      134, 174, 175, -1,
      175, 176, 134, -1,
      134, 176, 177, -1,
      134, 177, 178, -1,
      178, 179, 134, -1,
      134, 179, 180, -1,
      134, 180, 132, -1,
      132, 180, 181, -1,
      26, 182, 27, -1,
      27, 182, 183, -1,
      27, 183, 13, -1,
      13, 183, 184, -1,
      13, 184, 14, -1,
      14, 184, 185, -1,
      14, 185, 16, -1,
      16, 185, 186, -1,
      16, 186, 48, -1,
      48, 186, 187, -1,
      48, 187, 49, -1,
      49, 187, 188, -1,
      49, 188, 50, -1,
      50, 188, 189, -1,
      50, 189, 42, -1,
      42, 189, 190, -1,
      42, 190, 43, -1,
      43, 190, 191, -1,
      43, 191, 44, -1,
      44, 191, 192, -1,
      44, 192, 30, -1,
      30, 192, 193, -1,
      30, 193, 29, -1,
      29, 193, 194, -1,
      29, 194, 28, -1,
      28, 194, 195, -1,
      28, 195, 31, -1,
      31, 195, 196, -1,
      31, 196, 32, -1,
      32, 196, 197, -1,
      32, 197, 33, -1,
      33, 197, 198, -1,
      33, 198, 51, -1,
      51, 198, 199, -1,
      51, 199, 52, -1,
      52, 199, 200, -1,
      52, 200, 8, -1,
      8, 200, 201, -1,
      8, 201, 9, -1,
      9, 201, 202, -1,
      9, 202, 11, -1,
      11, 202, 203, -1,
      11, 203, 12, -1,
      12, 203, 204, -1,
      12, 204, 25, -1,
      25, 204, 205, -1,
      25, 205, 26, -1,
      26, 205, 182, -1,
      206, 207, 208, -1,
      208, 207, 209, -1,
      208, 209, 210, -1,
      211, 212, 208, -1,
      208, 212, 213, -1,
      208, 213, 206, -1,
      214, 215, 208, -1,
      208, 215, 216, -1,
      208, 216, 211, -1,
      217, 218, 208, -1,
      208, 218, 219, -1,
      208, 219, 214, -1,
      220, 221, 208, -1,
      208, 221, 222, -1,
      208, 222, 217, -1,
      223, 224, 208, -1,
      208, 224, 225, -1,
      208, 225, 220, -1,
      226, 227, 208, -1,
      208, 227, 228, -1,
      208, 228, 223, -1,
      210, 229, 208, -1,
      208, 229, 230, -1,
      208, 230, 226, -1,
    ]
  }
}

Shape {
  appearance Appearance {
    material Material {
      diffuseColor 0.7529 0.7529 0.7529
      specularColor 0.3765 0.3765 0.3765
      ambientIntensity 0.2
      transparency 0.0000
      shininess 0.5
    }
  }
  geometry IndexedFaceSet {
    ccw TRUE
    solid FALSE
    coord DEF co Coordinate {
      point [
        -0.330709 -0.887110 1.589882,
        -0.330709 -0.717243 1.695060,
        -0.330709 -0.569593 1.829660,
        -0.330709 -0.449191 1.989099,
        -0.330709 -0.360135 2.167947,
        -0.330709 -0.305459 2.360114,
        -0.330709 -0.287024 2.559055,
        -0.330709 -0.305459 2.757996,
        -0.330709 -0.360135 2.950163,
        -0.330709 -0.449191 3.129011,
        -0.330709 -0.569593 3.288450,
        -0.330709 -0.717243 3.423050,
        -0.330709 -0.887110 3.528228,
        -0.330709 -2.452378 2.559055,
        -0.330709 -2.433944 2.360114,
        -0.330709 -2.379268 2.167947,
        -0.330709 -2.290212 1.989099,
        -0.330709 -2.169809 1.829660,
        -0.330709 -2.022160 1.695060,
        -0.330709 -1.852292 1.589882,
        -0.330709 -1.665990 1.517709,
        -0.330709 -1.469598 1.480996,
        -0.330709 -1.269804 1.480996,
        -0.330709 -1.073413 1.517709,
        -0.330709 -1.073413 3.600402,
        -0.330709 -1.269804 3.637114,
        -0.330709 -1.469598 3.637114,
        -0.330709 -1.665990 3.600402,
        -0.330709 -1.852292 3.528228,
        -0.330709 -2.022160 3.423050,
        -0.330709 -2.169809 3.288450,
        -0.330709 -2.290212 3.129011,
        -0.330709 -2.379268 2.950163,
        -0.330709 -2.433944 2.757996,
        0.850394 -2.433944 2.757996,
        0.850394 -2.379268 2.950163,
        0.850394 -2.290212 3.129011,
        0.850394 -2.169809 3.288450,
        0.850394 -2.022160 3.423050,
        0.850394 -1.852292 3.528228,
        0.850394 -1.665990 3.600402,
        0.850394 -1.469598 3.637114,
        0.850394 -1.269804 3.637114,
        0.850394 -1.073413 3.600402,
        0.850394 -0.887110 3.528228,
        0.850394 -0.717243 3.423050,
        0.850394 -0.569593 3.288450,
        0.850394 -0.449191 3.129011,
        0.850394 -0.360135 2.950163,
        0.850394 -0.305459 2.757996,
        0.850394 -0.287024 2.559055,
        0.850394 -0.305459 2.360114,
        0.850394 -0.360135 2.167947,
        0.850394 -0.449191 1.989099,
        0.850394 -0.569593 1.829660,
        0.850394 -0.717243 1.695060,
        0.850394 -0.887110 1.589882,
        0.850394 -1.073413 1.517709,
        0.850394 -1.269804 1.480996,
        0.850394 -1.469598 1.480996,
        0.850394 -1.665990 1.517709,
        0.850394 -1.852292 1.589882,
        0.850394 -2.022160 1.695060,
        0.850394 -2.169809 1.829660,
        0.850394 -2.290212 1.989099,
        0.850394 -2.379268 2.167947,
        0.850394 -2.433944 2.360114,
        0.850394 -2.452378 2.559055,
        0.850394 -1.028746 2.362205,
        0.850394 -0.989415 2.457158,
        0.850394 -0.976000 2.559055,
        0.850394 -0.989415 2.660952,
        0.850394 -1.471598 2.178769,
        0.850394 -1.369701 2.165354,
        0.850394 -1.267804 2.178769,
        0.850394 -1.172851 2.218100,
        0.850394 -1.648090 2.280667,
        0.850394 -1.566552 2.218100,
        0.850394 -1.710656 2.755906,
        0.850394 -1.749987 2.660952,
        0.850394 -1.763402 2.559055,
        0.850394 -1.749987 2.457158,
        0.850394 -1.091313 2.837444,
        0.850394 -1.172851 2.900010,
        0.850394 -1.267804 2.939341,
        0.850394 -1.710656 2.362205,
        0.850394 -1.369701 2.952756,
        0.850394 -1.471598 2.939341,
        0.850394 -1.566552 2.900010,
        0.850394 -1.028746 2.755906,
        0.850394 -1.648090 2.837444,
        0.850394 -1.091313 2.280667,
      ]
    }
    coordIndex [
      13, 34, 33, -1,
      33, 34, 35, -1,
      33, 35, 32, -1,
      32, 35, 36, -1,
      32, 36, 31, -1,
      31, 36, 37, -1,
      31, 37, 30, -1,
      30, 37, 38, -1,
      30, 38, 29, -1,
      29, 38, 39, -1,
      29, 39, 28, -1,
      28, 39, 40, -1,
      28, 40, 27, -1,
      27, 40, 41, -1,
      27, 41, 26, -1,
      26, 41, 42, -1,
      26, 42, 25, -1,
      25, 42, 43, -1,
      25, 43, 24, -1,
      24, 43, 44, -1,
      24, 44, 12, -1,
      12, 44, 45, -1,
      12, 45, 11, -1,
      11, 45, 46, -1,
      11, 46, 10, -1,
      10, 46, 47, -1,
      10, 47, 9, -1,
      9, 47, 48, -1,
      9, 48, 8, -1,
      8, 48, 49, -1,
      8, 49, 7, -1,
      7, 49, 50, -1,
      7, 50, 6, -1,
      6, 50, 51, -1,
      6, 51, 5, -1,
      5, 51, 52, -1,
      5, 52, 4, -1,
      4, 52, 53, -1,
      4, 53, 3, -1,
      3, 53, 54, -1,
      3, 54, 2, -1,
      2, 54, 55, -1,
      2, 55, 1, -1,
      1, 55, 56, -1,
      1, 56, 0, -1,
      0, 56, 57, -1,
      0, 57, 23, -1,
      23, 57, 58, -1,
      23, 58, 22, -1,
      22, 58, 59, -1,
      22, 59, 21, -1,
      21, 59, 60, -1,
      21, 60, 20, -1,
      20, 60, 61, -1,
      20, 61, 19, -1,
      19, 61, 62, -1,
      19, 62, 18, -1,
      18, 62, 63, -1,
      18, 63, 17, -1,
      17, 63, 64, -1,
      17, 64, 16, -1,
      16, 64, 65, -1,
      16, 65, 15, -1,
      15, 65, 66, -1,
      15, 66, 14, -1,
      14, 66, 67, -1,
      14, 67, 13, -1,
      13, 67, 34, -1,
      68, 52, 69, -1,
      69, 52, 51, -1,
      69, 51, 70, -1,
      70, 51, 50, -1,
      70, 50, 71, -1,
      72, 59, 73, -1,
      73, 59, 58, -1,
      73, 58, 74, -1,
      74, 58, 57, -1,
      74, 57, 75, -1,
      76, 62, 77, -1,
      77, 62, 61, -1,
      77, 61, 72, -1,
      72, 61, 60, -1,
      72, 60, 59, -1,
      78, 35, 79, -1,
      79, 35, 34, -1,
      79, 34, 80, -1,
      80, 34, 67, -1,
      80, 67, 81, -1,
      82, 45, 83, -1,
      83, 45, 44, -1,
      83, 44, 84, -1,
      67, 66, 81, -1,
      81, 66, 65, -1,
      81, 65, 85, -1,
      85, 65, 64, -1,
      85, 64, 76, -1,
      76, 64, 63, -1,
      76, 63, 62, -1,
      44, 43, 84, -1,
      84, 43, 42, -1,
      84, 42, 86, -1,
      86, 42, 41, -1,
      86, 41, 87, -1,
      87, 41, 40, -1,
      87, 40, 88, -1,
      50, 49, 71, -1,
      71, 49, 48, -1,
      71, 48, 89, -1,
      89, 48, 47, -1,
      89, 47, 82, -1,
      82, 47, 46, -1,
      82, 46, 45, -1,
      40, 39, 88, -1,
      88, 39, 38, -1,
      88, 38, 90, -1,
      90, 38, 37, -1,
      90, 37, 78, -1,
      78, 37, 36, -1,
      78, 36, 35, -1,
      57, 56, 75, -1,
      75, 56, 55, -1,
      75, 55, 91, -1,
      91, 55, 54, -1,
      91, 54, 68, -1,
      68, 54, 53, -1,
      68, 53, 52, -1,
    ]
  }
}

Shape {
  appearance Appearance {
    material Material {
      diffuseColor 0.6667 0.6980 0.7686
      specularColor 0.3333 0.3490 0.3843
      ambientIntensity 0.2
      transparency 0.0000
      shininess 0.5
    }
  }
  geometry IndexedFaceSet {
    ccw TRUE
    solid FALSE
    coord DEF co Coordinate {
      point [
        0.850394 -1.028746 2.362205,
        0.850394 -0.989415 2.457158,
        0.850394 -0.976000 2.559055,
        0.850394 -0.989415 2.660952,
        0.850394 -1.471598 2.178769,
        0.850394 -1.369701 2.165354,
        0.850394 -1.267804 2.178769,
        0.850394 -1.172851 2.218100,
        0.850394 -1.648090 2.280667,
        0.850394 -1.566552 2.218100,
        0.850394 -1.710656 2.755906,
        0.850394 -1.749987 2.660952,
        0.850394 -1.763402 2.559055,
        0.850394 -1.749987 2.457158,
        0.850394 -1.091313 2.837444,
        0.850394 -1.172851 2.900010,
        0.850394 -1.267804 2.939341,
        0.850394 -1.710656 2.362205,
        0.850394 -1.369701 2.952756,
        0.850394 -1.471598 2.939341,
        0.850394 -1.566552 2.900010,
        0.850394 -1.028746 2.755906,
        0.850394 -1.648090 2.837444,
        0.850394 -1.091313 2.280667,
        2.425197 -0.990858 2.660467,
        2.425197 -1.012388 2.724366,
        2.502004 -1.019254 2.721189,
        2.425197 -1.030669 2.754749,
        2.425197 -1.056279 2.797313,
        2.502004 -1.062301 2.792735,
        2.425197 -1.092883 2.835956,
        2.425197 -1.114825 2.859119,
        2.502004 -1.119722 2.853354,
        2.425197 -1.173570 2.898949,
        2.425197 -1.185289 2.906894,
        2.502004 -1.188832 2.900211,
        2.425197 -1.267863 2.938978,
        2.425197 -1.348387 2.952178,
        2.502004 -1.348796 2.944625,
        2.425197 -1.369607 2.951028,
        2.425197 -1.433395 2.947570,
        2.502004 -1.432171 2.940104,
        2.425197 -1.470985 2.937133,
        2.425197 -1.515425 2.924794,
        2.502004 -1.512625 2.917767,
        2.425197 -1.565591 2.898198,
        2.425197 -1.590641 2.884917,
        2.502004 -1.586396 2.878656,
        2.425197 -1.647436 2.836674,
        2.425197 -1.655526 2.829803,
        2.502004 -1.650034 2.824600,
        2.425197 -1.710016 2.755610,
        2.425197 -1.742793 2.684765,
        2.502004 -1.735624 2.682349,
        2.425197 -1.748125 2.660543,
        2.425197 -1.761094 2.601622,
        2.502004 -1.753574 2.600804,
        2.425197 -1.763402 2.559055,
        2.425197 -1.761094 2.516489,
        2.502004 -1.753574 2.517307,
        2.425197 -1.748125 2.457568,
        2.425197 -1.742793 2.433346,
        2.502004 -1.735624 2.435761,
        2.425197 -1.710016 2.362500,
        2.425197 -1.707046 2.356081,
        2.502004 -1.700565 2.359981,
        2.425197 -1.647436 2.281436,
        2.425197 -1.590641 2.233193,
        2.502004 -1.586396 2.239455,
        2.425197 -1.565591 2.219913,
        2.425197 -1.515425 2.193316,
        2.502004 -1.512625 2.200344,
        2.425197 -1.470985 2.180978,
        2.425197 -1.433395 2.170541,
        2.502004 -1.432171 2.178006,
        2.425197 -1.369607 2.167082,
        2.425197 -1.348387 2.165932,
        2.502004 -1.348796 2.173485,
        2.425197 -1.267863 2.179133,
        2.425197 -1.264375 2.179705,
        2.502004 -1.266399 2.186994,
        2.425197 -1.173570 2.219161,
        2.425197 -1.114825 2.258991,
        2.502004 -1.119722 2.264757,
        2.425197 -1.092883 2.282154,
        2.425197 -1.056279 2.320798,
        2.502004 -1.062301 2.325376,
        2.425197 -1.030669 2.363361,
        2.425197 -1.012388 2.393744,
        2.502004 -1.019254 2.396921,
        2.425197 -0.990858 2.457644,
        2.425197 -0.985205 2.474421,
        2.502004 -0.992593 2.476047,
        2.788929 -1.232963 2.495793,
        2.811333 -1.299993 2.526805,
        2.811333 -1.308556 2.512574,
        2.818898 -1.369701 2.559055,
        2.811333 -1.294690 2.542544,
        2.788929 -1.222561 2.526667,
        2.752547 -1.156087 2.512035,
        2.811333 -1.292894 2.559055,
        2.788929 -1.219039 2.559055,
        2.752547 -1.150973 2.559055,
        2.703585 -1.091313 2.559055,
        2.425197 -0.976000 2.559055,
        2.502004 -0.983565 2.559055,
        2.575860 -1.014473 2.480863,
        2.575860 -1.005969 2.559055,
        2.643925 -1.050004 2.488685,
        2.643925 -1.042351 2.559055,
        2.703585 -1.097821 2.499210,
        2.575860 -1.039587 2.406328,
        2.643925 -1.072606 2.421604,
        2.703585 -1.117043 2.442163,
        2.752547 -1.171189 2.467213,
        2.575860 -1.080137 2.338934,
        2.643925 -1.109100 2.360951,
        2.703585 -1.148078 2.390581,
        2.752547 -1.195573 2.426687,
        2.788929 -1.249759 2.467878,
        2.575860 -1.134226 2.281832,
        2.643925 -1.157779 2.309561,
        2.703585 -1.189476 2.346878,
        2.752547 -1.228100 2.392348,
        2.788929 -1.272164 2.444226,
        2.811333 -1.319977 2.500515,
        2.425197 -1.185289 2.211216,
        2.502004 -1.188832 2.217899,
        2.575860 -1.199326 2.237694,
        2.643925 -1.216368 2.269837,
        2.703585 -1.239302 2.313095,
        2.752547 -1.267247 2.365806,
        2.788929 -1.299130 2.425943,
        2.811333 -1.333724 2.491195,
        2.575860 -1.272393 2.208581,
        2.643925 -1.282126 2.243637,
        2.703585 -1.295224 2.290814,
        2.752547 -1.311185 2.348299,
        2.788929 -1.329394 2.413884,
        2.811333 -1.349153 2.485048,
        2.575860 -1.350009 2.195856,
        2.643925 -1.351979 2.232185,
        2.703585 -1.354630 2.281075,
        2.752547 -1.357859 2.340647,
        2.788929 -1.361544 2.408613,
        2.811333 -1.365543 2.482361,
        2.575860 -1.428546 2.200115,
        2.643925 -1.422661 2.236017,
        2.703585 -1.414739 2.284334,
        2.752547 -1.405088 2.343208,
        2.788929 -1.394076 2.410377,
        2.811333 -1.382127 2.483260,
        2.575860 -1.504332 2.221156,
        2.643925 -1.490866 2.254954,
        2.703585 -1.472743 2.300439,
        2.752547 -1.450661 2.355861,
        2.788929 -1.425467 2.419093,
        2.811333 -1.398130 2.487703,
        2.575860 -1.573823 2.257998,
        2.643925 -1.553406 2.288111,
        2.703585 -1.525929 2.328636,
        2.752547 -1.492449 2.378016,
        2.788929 -1.454251 2.434353,
        2.811333 -1.412804 2.495483,
        2.425197 -1.655526 2.288307,
        2.502004 -1.650034 2.293509,
        2.575860 -1.633769 2.308917,
        2.643925 -1.607356 2.333937,
        2.703585 -1.571810 2.367607,
        2.752547 -1.528497 2.408636,
        2.788929 -1.479081 2.455444,
        2.811333 -1.425463 2.506235,
        2.575860 -1.681368 2.371532,
        2.643925 -1.650194 2.390289,
        2.703585 -1.608241 2.415531,
        2.752547 -1.557120 2.446289,
        2.788929 -1.498798 2.481380,
        2.811333 -1.435514 2.519457,
        2.575860 -1.714393 2.442915,
        2.643925 -1.679916 2.454531,
        2.703585 -1.633517 2.470165,
        2.752547 -1.576980 2.489215,
        2.788929 -1.512477 2.510948,
        2.811333 -1.442488 2.534530,
        2.575860 -1.731301 2.519729,
        2.643925 -1.695132 2.523662,
        2.703585 -1.646458 2.528956,
        2.752547 -1.587147 2.535406,
        2.788929 -1.519481 2.542766,
        2.811333 -1.446058 2.550751,
        2.575860 -1.731301 2.598381,
        2.643925 -1.695132 2.594448,
        2.703585 -1.646458 2.589154,
        2.752547 -1.587147 2.582704,
        2.788929 -1.519481 2.575345,
        2.811333 -1.446058 2.567359,
        2.575860 -1.714393 2.675195,
        2.643925 -1.679916 2.663579,
        2.703585 -1.633517 2.647945,
        2.752547 -1.576980 2.628895,
        2.788929 -1.512477 2.607162,
        2.811333 -1.442488 2.583580,
        2.425197 -1.707046 2.762029,
        2.502004 -1.700565 2.758129,
        2.575860 -1.681368 2.746579,
        2.643925 -1.650194 2.727822,
        2.703585 -1.608241 2.702580,
        2.752547 -1.557120 2.671822,
        2.788929 -1.498798 2.636730,
        2.811333 -1.435514 2.598654,
        2.575860 -1.633769 2.809194,
        2.643925 -1.607356 2.784174,
        2.703585 -1.571810 2.750503,
        2.752547 -1.528497 2.709474,
        2.788929 -1.479081 2.662666,
        2.811333 -1.425463 2.611876,
        2.575860 -1.573823 2.860112,
        2.643925 -1.553406 2.829999,
        2.703585 -1.525929 2.789474,
        2.752547 -1.492449 2.740094,
        2.788929 -1.454251 2.683757,
        2.811333 -1.412804 2.622628,
        2.575860 -1.504332 2.896954,
        2.643925 -1.490866 2.863156,
        2.703585 -1.472743 2.817672,
        2.752547 -1.450661 2.762249,
        2.788929 -1.425467 2.699017,
        2.811333 -1.398130 2.630407,
        2.575860 -1.428546 2.917996,
        2.643925 -1.422661 2.882093,
        2.703585 -1.414739 2.833776,
        2.752547 -1.405088 2.774902,
        2.788929 -1.394076 2.707733,
        2.811333 -1.382127 2.634850,
        2.575860 -1.350009 2.922254,
        2.643925 -1.351979 2.885925,
        2.703585 -1.354630 2.837035,
        2.752547 -1.357859 2.777463,
        2.788929 -1.361544 2.709497,
        2.811333 -1.365543 2.635750,
        2.425197 -1.264375 2.938406,
        2.502004 -1.266399 2.931116,
        2.575860 -1.272393 2.909529,
        2.643925 -1.282126 2.874473,
        2.703585 -1.295224 2.827296,
        2.752547 -1.311185 2.769811,
        2.788929 -1.329394 2.704226,
        2.811333 -1.349153 2.633063,
        2.575860 -1.199326 2.880417,
        2.643925 -1.216368 2.848273,
        2.703585 -1.239302 2.805015,
        2.752547 -1.267247 2.752304,
        2.788929 -1.299130 2.692168,
        2.811333 -1.333724 2.626915,
        2.575860 -1.134226 2.836278,
        2.643925 -1.157779 2.808549,
        2.703585 -1.189476 2.771232,
        2.752547 -1.228100 2.725761,
        2.788929 -1.272164 2.673885,
        2.811333 -1.319977 2.617594,
        2.575860 -1.080137 2.779176,
        2.643925 -1.109100 2.757159,
        2.703585 -1.148078 2.727529,
        2.752547 -1.195573 2.691424,
        2.788929 -1.249759 2.650232,
        2.811333 -1.308556 2.605537,
        2.575860 -1.039587 2.711782,
        2.643925 -1.072606 2.696506,
        2.703585 -1.117043 2.675947,
        2.752547 -1.171189 2.650897,
        2.788929 -1.232963 2.622317,
        2.811333 -1.299993 2.591306,
        2.425197 -0.985205 2.643689,
        2.502004 -0.992593 2.642063,
        2.575860 -1.014473 2.637247,
        2.643925 -1.050004 2.629426,
        2.703585 -1.097821 2.618900,
        2.752547 -1.156087 2.606075,
        2.788929 -1.222561 2.591443,
        2.811333 -1.294690 2.575566,
      ]
    }
    coordIndex [
      24, 25, 26, -1,
      27, 28, 29, -1,
      30, 31, 32, -1,
      33, 34, 35, -1,
      36, 37, 38, -1,
      39, 40, 41, -1,
      42, 43, 44, -1,
      45, 46, 47, -1,
      48, 49, 50, -1,
      51, 52, 53, -1,
      54, 55, 56, -1,
      57, 58, 59, -1,
      60, 61, 62, -1,
      63, 64, 65, -1,
      66, 67, 68, -1,
      69, 70, 71, -1,
      72, 73, 74, -1,
      75, 76, 77, -1,
      78, 79, 80, -1,
      81, 82, 83, -1,
      84, 85, 86, -1,
      87, 88, 89, -1,
      90, 91, 92, -1,
      93, 94, 95, -1,
      95, 94, 96, -1,
      97, 96, 94, -1,
      97, 94, 98, -1,
      98, 94, 93, -1,
      98, 93, 99, -1,
      100, 96, 97, -1,
      100, 97, 101, -1,
      101, 97, 98, -1,
      101, 98, 102, -1,
      102, 98, 99, -1,
      102, 99, 103, -1,
      91, 104, 92, -1,
      92, 104, 105, -1,
      92, 105, 106, -1,
      106, 105, 107, -1,
      106, 107, 108, -1,
      108, 107, 109, -1,
      108, 109, 110, -1,
      88, 90, 89, -1,
      89, 90, 92, -1,
      89, 92, 111, -1,
      111, 92, 106, -1,
      111, 106, 112, -1,
      112, 106, 108, -1,
      112, 108, 113, -1,
      113, 108, 110, -1,
      113, 110, 114, -1,
      85, 87, 86, -1,
      86, 87, 89, -1,
      86, 89, 115, -1,
      115, 89, 111, -1,
      115, 111, 116, -1,
      116, 111, 112, -1,
      116, 112, 117, -1,
      117, 112, 113, -1,
      117, 113, 118, -1,
      118, 113, 114, -1,
      118, 114, 119, -1,
      82, 84, 83, -1,
      83, 84, 86, -1,
      83, 86, 120, -1,
      120, 86, 115, -1,
      120, 115, 121, -1,
      121, 115, 116, -1,
      121, 116, 122, -1,
      122, 116, 117, -1,
      122, 117, 123, -1,
      123, 117, 118, -1,
      123, 118, 124, -1,
      124, 118, 119, -1,
      124, 119, 125, -1,
      126, 81, 127, -1,
      127, 81, 83, -1,
      127, 83, 128, -1,
      128, 83, 120, -1,
      128, 120, 129, -1,
      129, 120, 121, -1,
      129, 121, 130, -1,
      130, 121, 122, -1,
      130, 122, 131, -1,
      131, 122, 123, -1,
      131, 123, 132, -1,
      132, 123, 124, -1,
      132, 124, 133, -1,
      133, 124, 125, -1,
      79, 126, 80, -1,
      80, 126, 127, -1,
      80, 127, 134, -1,
      134, 127, 128, -1,
      134, 128, 135, -1,
      135, 128, 129, -1,
      135, 129, 136, -1,
      136, 129, 130, -1,
      136, 130, 137, -1,
      137, 130, 131, -1,
      137, 131, 138, -1,
      138, 131, 132, -1,
      138, 132, 139, -1,
      139, 132, 133, -1,
      139, 133, 96, -1,
      125, 96, 133, -1,
      109, 103, 110, -1,
      110, 103, 99, -1,
      110, 99, 114, -1,
      114, 99, 93, -1,
      114, 93, 119, -1,
      119, 93, 95, -1,
      119, 95, 125, -1,
      125, 95, 96, -1,
      76, 78, 77, -1,
      77, 78, 80, -1,
      77, 80, 140, -1,
      140, 80, 134, -1,
      140, 134, 141, -1,
      141, 134, 135, -1,
      141, 135, 142, -1,
      142, 135, 136, -1,
      142, 136, 143, -1,
      143, 136, 137, -1,
      143, 137, 144, -1,
      144, 137, 138, -1,
      144, 138, 145, -1,
      145, 138, 139, -1,
      145, 139, 96, -1,
      73, 75, 74, -1,
      74, 75, 77, -1,
      74, 77, 146, -1,
      146, 77, 140, -1,
      146, 140, 147, -1,
      147, 140, 141, -1,
      147, 141, 148, -1,
      148, 141, 142, -1,
      148, 142, 149, -1,
      149, 142, 143, -1,
      149, 143, 150, -1,
      150, 143, 144, -1,
      150, 144, 151, -1,
      151, 144, 145, -1,
      151, 145, 96, -1,
      70, 72, 71, -1,
      71, 72, 74, -1,
      71, 74, 152, -1,
      152, 74, 146, -1,
      152, 146, 153, -1,
      153, 146, 147, -1,
      153, 147, 154, -1,
      154, 147, 148, -1,
      154, 148, 155, -1,
      155, 148, 149, -1,
      155, 149, 156, -1,
      156, 149, 150, -1,
      156, 150, 157, -1,
      157, 150, 151, -1,
      157, 151, 96, -1,
      67, 69, 68, -1,
      68, 69, 71, -1,
      68, 71, 158, -1,
      158, 71, 152, -1,
      158, 152, 159, -1,
      159, 152, 153, -1,
      159, 153, 160, -1,
      160, 153, 154, -1,
      160, 154, 161, -1,
      161, 154, 155, -1,
      161, 155, 162, -1,
      162, 155, 156, -1,
      162, 156, 163, -1,
      163, 156, 157, -1,
      163, 157, 96, -1,
      164, 66, 165, -1,
      165, 66, 68, -1,
      165, 68, 166, -1,
      166, 68, 158, -1,
      166, 158, 167, -1,
      167, 158, 159, -1,
      167, 159, 168, -1,
      168, 159, 160, -1,
      168, 160, 169, -1,
      169, 160, 161, -1,
      169, 161, 170, -1,
      170, 161, 162, -1,
      170, 162, 171, -1,
      171, 162, 163, -1,
      171, 163, 96, -1,
      64, 164, 65, -1,
      65, 164, 165, -1,
      65, 165, 172, -1,
      172, 165, 166, -1,
      172, 166, 173, -1,
      173, 166, 167, -1,
      173, 167, 174, -1,
      174, 167, 168, -1,
      174, 168, 175, -1,
      175, 168, 169, -1,
      175, 169, 176, -1,
      176, 169, 170, -1,
      176, 170, 177, -1,
      177, 170, 171, -1,
      177, 171, 96, -1,
      61, 63, 62, -1,
      62, 63, 65, -1,
      62, 65, 178, -1,
      178, 65, 172, -1,
      178, 172, 179, -1,
      179, 172, 173, -1,
      179, 173, 180, -1,
      180, 173, 174, -1,
      180, 174, 181, -1,
      181, 174, 175, -1,
      181, 175, 182, -1,
      182, 175, 176, -1,
      182, 176, 183, -1,
      183, 176, 177, -1,
      183, 177, 96, -1,
      58, 60, 59, -1,
      59, 60, 62, -1,
      59, 62, 184, -1,
      184, 62, 178, -1,
      184, 178, 185, -1,
      185, 178, 179, -1,
      185, 179, 186, -1,
      186, 179, 180, -1,
      186, 180, 187, -1,
      187, 180, 181, -1,
      187, 181, 188, -1,
      188, 181, 182, -1,
      188, 182, 189, -1,
      189, 182, 183, -1,
      189, 183, 96, -1,
      55, 57, 56, -1,
      56, 57, 59, -1,
      56, 59, 190, -1,
      190, 59, 184, -1,
      190, 184, 191, -1,
      191, 184, 185, -1,
      191, 185, 192, -1,
      192, 185, 186, -1,
      192, 186, 193, -1,
      193, 186, 187, -1,
      193, 187, 194, -1,
      194, 187, 188, -1,
      194, 188, 195, -1,
      195, 188, 189, -1,
      195, 189, 96, -1,
      52, 54, 53, -1,
      53, 54, 56, -1,
      53, 56, 196, -1,
      196, 56, 190, -1,
      196, 190, 197, -1,
      197, 190, 191, -1,
      197, 191, 198, -1,
      198, 191, 192, -1,
      198, 192, 199, -1,
      199, 192, 193, -1,
      199, 193, 200, -1,
      200, 193, 194, -1,
      200, 194, 201, -1,
      201, 194, 195, -1,
      201, 195, 96, -1,
      202, 51, 203, -1,
      203, 51, 53, -1,
      203, 53, 204, -1,
      204, 53, 196, -1,
      204, 196, 205, -1,
      205, 196, 197, -1,
      205, 197, 206, -1,
      206, 197, 198, -1,
      206, 198, 207, -1,
      207, 198, 199, -1,
      207, 199, 208, -1,
      208, 199, 200, -1,
      208, 200, 209, -1,
      209, 200, 201, -1,
      209, 201, 96, -1,
      49, 202, 50, -1,
      50, 202, 203, -1,
      50, 203, 210, -1,
      210, 203, 204, -1,
      210, 204, 211, -1,
      211, 204, 205, -1,
      211, 205, 212, -1,
      212, 205, 206, -1,
      212, 206, 213, -1,
      213, 206, 207, -1,
      213, 207, 214, -1,
      214, 207, 208, -1,
      214, 208, 215, -1,
      215, 208, 209, -1,
      215, 209, 96, -1,
      46, 48, 47, -1,
      47, 48, 50, -1,
      47, 50, 216, -1,
      216, 50, 210, -1,
      216, 210, 217, -1,
      217, 210, 211, -1,
      217, 211, 218, -1,
      218, 211, 212, -1,
      218, 212, 219, -1,
      219, 212, 213, -1,
      219, 213, 220, -1,
      220, 213, 214, -1,
      220, 214, 221, -1,
      221, 214, 215, -1,
      221, 215, 96, -1,
      43, 45, 44, -1,
      44, 45, 47, -1,
      44, 47, 222, -1,
      222, 47, 216, -1,
      222, 216, 223, -1,
      223, 216, 217, -1,
      223, 217, 224, -1,
      224, 217, 218, -1,
      224, 218, 225, -1,
      225, 218, 219, -1,
      225, 219, 226, -1,
      226, 219, 220, -1,
      226, 220, 227, -1,
      227, 220, 221, -1,
      227, 221, 96, -1,
      40, 42, 41, -1,
      41, 42, 44, -1,
      41, 44, 228, -1,
      228, 44, 222, -1,
      228, 222, 229, -1,
      229, 222, 223, -1,
      229, 223, 230, -1,
      230, 223, 224, -1,
      230, 224, 231, -1,
      231, 224, 225, -1,
      231, 225, 232, -1,
      232, 225, 226, -1,
      232, 226, 233, -1,
      233, 226, 227, -1,
      233, 227, 96, -1,
      37, 39, 38, -1,
      38, 39, 41, -1,
      38, 41, 234, -1,
      234, 41, 228, -1,
      234, 228, 235, -1,
      235, 228, 229, -1,
      235, 229, 236, -1,
      236, 229, 230, -1,
      236, 230, 237, -1,
      237, 230, 231, -1,
      237, 231, 238, -1,
      238, 231, 232, -1,
      238, 232, 239, -1,
      239, 232, 233, -1,
      239, 233, 96, -1,
      240, 36, 241, -1,
      241, 36, 38, -1,
      241, 38, 242, -1,
      242, 38, 234, -1,
      242, 234, 243, -1,
      243, 234, 235, -1,
      243, 235, 244, -1,
      244, 235, 236, -1,
      244, 236, 245, -1,
      245, 236, 237, -1,
      245, 237, 246, -1,
      246, 237, 238, -1,
      246, 238, 247, -1,
      247, 238, 239, -1,
      247, 239, 96, -1,
      34, 240, 35, -1,
      35, 240, 241, -1,
      35, 241, 248, -1,
      248, 241, 242, -1,
      248, 242, 249, -1,
      249, 242, 243, -1,
      249, 243, 250, -1,
      250, 243, 244, -1,
      250, 244, 251, -1,
      251, 244, 245, -1,
      251, 245, 252, -1,
      252, 245, 246, -1,
      252, 246, 253, -1,
      253, 246, 247, -1,
      253, 247, 96, -1,
      31, 33, 32, -1,
      32, 33, 35, -1,
      32, 35, 254, -1,
      254, 35, 248, -1,
      254, 248, 255, -1,
      255, 248, 249, -1,
      255, 249, 256, -1,
      256, 249, 250, -1,
      256, 250, 257, -1,
      257, 250, 251, -1,
      257, 251, 258, -1,
      258, 251, 252, -1,
      258, 252, 259, -1,
      259, 252, 253, -1,
      259, 253, 96, -1,
      28, 30, 29, -1,
      29, 30, 32, -1,
      29, 32, 260, -1,
      260, 32, 254, -1,
      260, 254, 261, -1,
      261, 254, 255, -1,
      261, 255, 262, -1,
      262, 255, 256, -1,
      262, 256, 263, -1,
      263, 256, 257, -1,
      263, 257, 264, -1,
      264, 257, 258, -1,
      264, 258, 265, -1,
      265, 258, 259, -1,
      265, 259, 96, -1,
      25, 27, 26, -1,
      26, 27, 29, -1,
      26, 29, 266, -1,
      266, 29, 260, -1,
      266, 260, 267, -1,
      267, 260, 261, -1,
      267, 261, 268, -1,
      268, 261, 262, -1,
      268, 262, 269, -1,
      269, 262, 263, -1,
      269, 263, 270, -1,
      270, 263, 264, -1,
      270, 264, 271, -1,
      271, 264, 265, -1,
      271, 265, 96, -1,
      272, 24, 273, -1,
      273, 24, 26, -1,
      273, 26, 274, -1,
      274, 26, 266, -1,
      274, 266, 275, -1,
      275, 266, 267, -1,
      275, 267, 276, -1,
      276, 267, 268, -1,
      276, 268, 277, -1,
      277, 268, 269, -1,
      277, 269, 278, -1,
      278, 269, 270, -1,
      278, 270, 279, -1,
      279, 270, 271, -1,
      279, 271, 96, -1,
      104, 272, 105, -1,
      105, 272, 273, -1,
      105, 273, 107, -1,
      107, 273, 274, -1,
      107, 274, 109, -1,
      109, 274, 275, -1,
      109, 275, 103, -1,
      103, 275, 276, -1,
      103, 276, 102, -1,
      102, 276, 277, -1,
      102, 277, 101, -1,
      101, 277, 278, -1,
      101, 278, 100, -1,
      100, 278, 279, -1,
      100, 279, 96, -1,
      58, 12, 13, -1,
      17, 61, 13, -1,
      13, 61, 60, -1,
      13, 60, 58, -1,
      66, 164, 8, -1,
      8, 164, 64, -1,
      8, 64, 17, -1,
      17, 64, 63, -1,
      17, 63, 61, -1,
      66, 8, 67, -1,
      67, 8, 9, -1,
      67, 9, 69, -1,
      69, 9, 70, -1,
      70, 9, 4, -1,
      70, 4, 72, -1,
      72, 4, 73, -1,
      73, 4, 5, -1,
      73, 5, 75, -1,
      75, 5, 76, -1,
      76, 5, 6, -1,
      76, 6, 78, -1,
      78, 6, 79, -1,
      79, 6, 7, -1,
      79, 7, 126, -1,
      23, 82, 7, -1,
      7, 82, 81, -1,
      7, 81, 126, -1,
      0, 85, 23, -1,
      23, 85, 84, -1,
      23, 84, 82, -1,
      1, 88, 0, -1,
      0, 88, 87, -1,
      0, 87, 85, -1,
      2, 91, 1, -1,
      1, 91, 90, -1,
      1, 90, 88, -1,
      3, 272, 2, -1,
      2, 272, 104, -1,
      2, 104, 91, -1,
      21, 25, 3, -1,
      3, 25, 24, -1,
      3, 24, 272, -1,
      14, 28, 21, -1,
      21, 28, 27, -1,
      21, 27, 25, -1,
      34, 33, 15, -1,
      15, 33, 31, -1,
      15, 31, 14, -1,
      14, 31, 30, -1,
      14, 30, 28, -1,
      18, 37, 16, -1,
      16, 37, 36, -1,
      16, 36, 15, -1,
      15, 36, 240, -1,
      15, 240, 34, -1,
      19, 40, 18, -1,
      18, 40, 39, -1,
      18, 39, 37, -1,
      20, 43, 19, -1,
      19, 43, 42, -1,
      19, 42, 40, -1,
      49, 48, 22, -1,
      22, 48, 46, -1,
      22, 46, 20, -1,
      20, 46, 45, -1,
      20, 45, 43, -1,
      11, 52, 10, -1,
      10, 52, 51, -1,
      10, 51, 22, -1,
      22, 51, 202, -1,
      22, 202, 49, -1,
      58, 57, 12, -1,
      12, 57, 55, -1,
      12, 55, 11, -1,
      11, 55, 54, -1,
      11, 54, 52, -1,
    ]
  }
}

Shape {
  appearance Appearance {
    material Material {
      diffuseColor 1.0000 1.0000 1.0000
      specularColor 0.5020 0.5020 0.5020
      ambientIntensity 0.2
      transparency 0.0000
      shininess 0.5
    }
  }
  geometry IndexedFaceSet {
    ccw TRUE
    solid FALSE
    coord DEF co Coordinate {
      point [
        0.384294 -3.161040 1.772922,
        0.384294 -3.161040 1.654687,
        0.437441 -3.161040 1.654687,
        0.724955 -3.161040 1.770672,
        0.727639 -3.161040 1.769691,
        0.586753 -3.161040 1.699580,
        0.586753 -3.161040 1.654687,
        0.622793 -3.161040 1.654687,
        0.586753 -3.161040 1.757571,
        0.586753 -3.161040 1.714862,
        0.622793 -3.161040 1.714862,
        0.491894 -3.161040 1.772828,
        0.501933 -3.161040 1.774048,
        0.525520 -3.161040 1.774048,
        0.528667 -3.161040 1.773800,
        0.542816 -3.161040 1.769715,
        0.542816 -3.161040 1.751704,
        0.542816 -3.161040 1.661509,
        0.542816 -3.161040 1.644999,
        0.540539 -3.161040 1.643865,
        0.526211 -3.161040 1.639166,
        0.517647 -3.161040 1.638347,
        0.511364 -3.161040 1.759618,
        0.527793 -3.161040 1.757656,
        0.541330 -3.161040 1.752506,
        0.504774 -3.161040 1.759278,
        0.493359 -3.161040 1.756768,
        0.483004 -3.161040 1.751610,
        0.463181 -3.161040 1.723044,
        0.460979 -3.161040 1.704696,
        0.508362 -3.161040 1.652572,
        0.475000 -3.161040 1.744813,
        0.474107 -3.161040 1.743836,
        0.529680 -3.161040 1.655611,
        0.514585 -3.161040 1.652804,
        0.467654 -3.161040 1.734566,
        0.461225 -3.161040 1.698314,
        0.463584 -3.161040 1.685293,
        0.468099 -3.161040 1.674726,
        0.474078 -3.161040 1.666626,
        0.478015 -3.161040 1.662880,
        0.496969 -3.161040 1.653712,
        0.487099 -3.161040 1.657023,
        0.452499 -3.161040 1.742886,
        0.462173 -3.161040 1.755524,
        0.465459 -3.161040 1.758661,
        0.477950 -3.161040 1.767414,
        0.446161 -3.161040 1.728063,
        0.448869 -3.161040 1.734397,
        0.448869 -3.161040 1.673395,
        0.445535 -3.161040 1.681934,
        0.442899 -3.161040 1.703673,
        0.443134 -3.161040 1.710641,
        0.483342 -3.161040 1.640583,
        0.470749 -3.161040 1.646524,
        0.460024 -3.161040 1.655437,
        0.458937 -3.161040 1.656623,
        0.450971 -3.161040 1.668012,
        0.494193 -3.161040 1.638347,
        0.497802 -3.161040 1.637603,
        0.505872 -3.161040 1.637221,
        0.622793 -3.161040 1.772922,
        0.638263 -3.161040 1.772922,
        0.638263 -3.161040 1.757571,
        0.634477 -3.161040 1.699580,
        0.634477 -3.161040 1.714862,
        0.622793 -3.161040 1.757571,
        0.569526 -3.161040 1.639473,
        0.622793 -3.161040 1.639473,
        0.569526 -3.161040 1.772922,
        0.511193 -3.161040 1.775174,
        0.641299 -3.161040 1.639473,
        0.641299 -3.161040 1.654687,
        0.622793 -3.161040 1.699580,
        0.771524 -3.161040 1.683777,
        0.764952 -3.161040 1.669975,
        0.759733 -3.161040 1.750652,
        0.767996 -3.161040 1.739019,
        0.727639 -3.161040 1.642919,
        0.741095 -3.161040 1.648174,
        0.755031 -3.161040 1.658167,
        0.755031 -3.161040 1.755252,
        0.741061 -3.161040 1.764788,
        0.772934 -3.161040 1.726293,
        0.775158 -3.161040 1.707903,
        0.774757 -3.161040 1.699401,
        0.704578 -3.161040 1.772922,
        0.725883 -3.161040 1.642233,
        0.703214 -3.161040 1.639473,
        0.666509 -3.161040 1.639473,
        0.666509 -3.161040 1.772922,
        0.367067 -3.161040 1.639473,
        0.367067 -3.161040 1.772922,
        0.437441 -3.161040 1.639473,
        0.384294 -3.164977 1.772922,
        0.384294 -3.164977 1.654687,
        0.367067 -3.164977 1.772922,
        0.367067 -3.164977 1.639473,
        0.437441 -3.164977 1.639473,
        0.437441 -3.164977 1.654687,
        0.542816 -3.164977 1.661509,
        0.529680 -3.164977 1.655611,
        0.514585 -3.164977 1.652804,
        0.508362 -3.164977 1.652572,
        0.496969 -3.164977 1.653712,
        0.487099 -3.164977 1.657023,
        0.478015 -3.164977 1.662880,
        0.474078 -3.164977 1.666626,
        0.468099 -3.164977 1.674726,
        0.463584 -3.164977 1.685293,
        0.461225 -3.164977 1.698314,
        0.460979 -3.164977 1.704696,
        0.463181 -3.164977 1.723044,
        0.467654 -3.164977 1.734566,
        0.474107 -3.164977 1.743836,
        0.475000 -3.164977 1.744813,
        0.483004 -3.164977 1.751610,
        0.493359 -3.164977 1.756768,
        0.504774 -3.164977 1.759278,
        0.511364 -3.164977 1.759618,
        0.527793 -3.164977 1.757656,
        0.541330 -3.164977 1.752506,
        0.542816 -3.164977 1.751704,
        0.542816 -3.164977 1.769715,
        0.511193 -3.164977 1.775174,
        0.528667 -3.164977 1.773800,
        0.491894 -3.164977 1.772828,
        0.477950 -3.164977 1.767414,
        0.465459 -3.164977 1.758661,
        0.462173 -3.164977 1.755524,
        0.446161 -3.164977 1.728063,
        0.452499 -3.164977 1.742886,
        0.443134 -3.164977 1.710641,
        0.442899 -3.164977 1.703673,
        0.450971 -3.164977 1.668012,
        0.445535 -3.164977 1.681934,
        0.458937 -3.164977 1.656623,
        0.460024 -3.164977 1.655437,
        0.470749 -3.164977 1.646524,
        0.497802 -3.164977 1.637603,
        0.483342 -3.164977 1.640583,
        0.505872 -3.164977 1.637221,
        0.526211 -3.164977 1.639166,
        0.540539 -3.164977 1.643865,
        0.542816 -3.164977 1.644999,
        0.586753 -3.164977 1.699580,
        0.586753 -3.164977 1.654687,
        0.634477 -3.164977 1.699580,
        0.634477 -3.164977 1.714862,
        0.586753 -3.164977 1.714862,
        0.586753 -3.164977 1.757571,
        0.638263 -3.164977 1.757571,
        0.638263 -3.164977 1.772922,
        0.569526 -3.164977 1.772922,
        0.569526 -3.164977 1.639473,
        0.641299 -3.164977 1.639473,
        0.641299 -3.164977 1.654687,
        0.755031 -3.164977 1.658167,
        0.764952 -3.164977 1.669975,
        0.771524 -3.164977 1.683777,
        0.774757 -3.164977 1.699401,
        0.775158 -3.164977 1.707903,
        0.772934 -3.164977 1.726293,
        0.767996 -3.164977 1.739019,
        0.759733 -3.164977 1.750652,
        0.755031 -3.164977 1.755252,
        0.724955 -3.164977 1.770672,
        0.741061 -3.164977 1.764788,
        0.704578 -3.164977 1.772922,
        0.666509 -3.164977 1.772922,
        0.666509 -3.164977 1.639473,
        0.703214 -3.164977 1.639473,
        0.741095 -3.164977 1.648174,
        0.725883 -3.164977 1.642233,
        0.741237 -3.164977 1.667161,
        0.732633 -3.164977 1.661178,
        0.721617 -3.164977 1.656900,
        0.703112 -3.164977 1.654687,
        0.683735 -3.164977 1.654687,
        0.683735 -3.164977 1.757571,
        0.703896 -3.164977 1.757571,
        0.705635 -3.164977 1.757554,
        0.722585 -3.164977 1.755292,
        0.733900 -3.164977 1.750854,
        0.742409 -3.164977 1.745018,
        0.746124 -3.164977 1.741357,
        0.751298 -3.164977 1.733880,
        0.755062 -3.164977 1.724138,
        0.757044 -3.164977 1.707426,
        0.756485 -3.164977 1.697965,
        0.753748 -3.164977 1.685964,
        0.749012 -3.164977 1.676191,
        0.742785 -3.164977 1.668605,
        0.703112 -3.161040 1.654687,
        0.683735 -3.161040 1.654687,
        0.742785 -3.161040 1.668605,
        0.741237 -3.161040 1.667161,
        0.732633 -3.161040 1.661178,
        0.721617 -3.161040 1.656900,
        0.757044 -3.161040 1.707426,
        0.756485 -3.161040 1.697965,
        0.753748 -3.161040 1.685964,
        0.749012 -3.161040 1.676191,
        0.742409 -3.161040 1.745018,
        0.746124 -3.161040 1.741357,
        0.751298 -3.161040 1.733880,
        0.755062 -3.161040 1.724138,
        0.703896 -3.161040 1.757571,
        0.705635 -3.161040 1.757554,
        0.722585 -3.161040 1.755292,
        0.733900 -3.161040 1.750854,
        0.683735 -3.161040 1.757571,
      ]
    }
    coordIndex [
      0, 94, 1, -1,
      1, 94, 95, -1,
      92, 96, 0, -1,
      0, 96, 94, -1,
      91, 97, 92, -1,
      92, 97, 96, -1,
      93, 98, 91, -1,
      91, 98, 97, -1,
      2, 99, 93, -1,
      93, 99, 98, -1,
      95, 99, 1, -1,
      1, 99, 2, -1,
      94, 96, 95, -1,
      95, 96, 97, -1,
      95, 97, 99, -1,
      99, 97, 98, -1,
      100, 17, 33, -1,
      100, 33, 101, -1,
      101, 33, 34, -1,
      101, 34, 102, -1,
      102, 34, 30, -1,
      102, 30, 103, -1,
      103, 30, 41, -1,
      103, 41, 104, -1,
      104, 41, 42, -1,
      104, 42, 105, -1,
      105, 42, 40, -1,
      105, 40, 106, -1,
      106, 40, 39, -1,
      106, 39, 107, -1,
      107, 39, 38, -1,
      107, 38, 108, -1,
      108, 38, 37, -1,
      108, 37, 109, -1,
      109, 37, 36, -1,
      109, 36, 110, -1,
      110, 36, 29, -1,
      110, 29, 111, -1,
      111, 29, 28, -1,
      111, 28, 112, -1,
      112, 28, 35, -1,
      112, 35, 113, -1,
      113, 35, 32, -1,
      113, 32, 114, -1,
      114, 32, 31, -1,
      114, 31, 115, -1,
      115, 31, 27, -1,
      115, 27, 116, -1,
      116, 27, 26, -1,
      116, 26, 117, -1,
      117, 26, 25, -1,
      117, 25, 118, -1,
      118, 25, 22, -1,
      118, 22, 119, -1,
      119, 22, 23, -1,
      119, 23, 120, -1,
      120, 23, 24, -1,
      120, 24, 121, -1,
      121, 24, 16, -1,
      121, 16, 122, -1,
      15, 123, 16, -1,
      16, 123, 122, -1,
      70, 124, 13, -1,
      13, 124, 125, -1,
      13, 125, 14, -1,
      14, 125, 123, -1,
      14, 123, 15, -1,
      124, 70, 12, -1,
      124, 12, 126, -1,
      12, 11, 126, -1,
      126, 11, 46, -1,
      126, 46, 127, -1,
      127, 46, 45, -1,
      127, 45, 128, -1,
      128, 45, 44, -1,
      128, 44, 129, -1,
      129, 44, 43, -1,
      48, 130, 43, -1,
      43, 130, 131, -1,
      43, 131, 129, -1,
      48, 47, 130, -1,
      130, 47, 52, -1,
      130, 52, 132, -1,
      132, 52, 51, -1,
      132, 51, 133, -1,
      133, 51, 50, -1,
      49, 134, 50, -1,
      50, 134, 135, -1,
      50, 135, 133, -1,
      49, 57, 134, -1,
      134, 57, 56, -1,
      134, 56, 136, -1,
      136, 56, 55, -1,
      136, 55, 137, -1,
      53, 138, 54, -1,
      54, 138, 137, -1,
      54, 137, 55, -1,
      58, 139, 53, -1,
      53, 139, 140, -1,
      53, 140, 138, -1,
      58, 59, 139, -1,
      139, 59, 60, -1,
      139, 60, 141, -1,
      141, 60, 142, -1,
      142, 60, 21, -1,
      21, 20, 142, -1,
      142, 20, 19, -1,
      142, 19, 143, -1,
      143, 19, 18, -1,
      143, 18, 144, -1,
      100, 144, 17, -1,
      17, 144, 18, -1,
      116, 117, 126, -1,
      112, 113, 131, -1,
      131, 113, 129, -1,
      126, 117, 124, -1,
      133, 111, 132, -1,
      132, 111, 112, -1,
      132, 112, 130, -1,
      130, 112, 131, -1,
      117, 118, 124, -1,
      124, 118, 119, -1,
      124, 119, 125, -1,
      125, 119, 120, -1,
      125, 120, 123, -1,
      123, 120, 121, -1,
      123, 121, 122, -1,
      144, 100, 143, -1,
      143, 100, 101, -1,
      143, 101, 142, -1,
      142, 101, 102, -1,
      142, 102, 141, -1,
      141, 102, 103, -1,
      141, 103, 139, -1,
      139, 103, 104, -1,
      139, 104, 140, -1,
      140, 104, 105, -1,
      140, 105, 138, -1,
      138, 105, 106, -1,
      138, 106, 137, -1,
      137, 106, 107, -1,
      137, 107, 136, -1,
      136, 107, 108, -1,
      136, 108, 134, -1,
      134, 108, 135, -1,
      135, 108, 109, -1,
      135, 109, 133, -1,
      133, 109, 110, -1,
      133, 110, 111, -1,
      113, 114, 129, -1,
      129, 114, 115, -1,
      129, 115, 128, -1,
      128, 115, 116, -1,
      128, 116, 127, -1,
      127, 116, 126, -1,
      5, 145, 6, -1,
      6, 145, 146, -1,
      145, 5, 147, -1,
      147, 5, 73, -1,
      147, 73, 64, -1,
      65, 148, 64, -1,
      64, 148, 147, -1,
      9, 149, 10, -1,
      10, 149, 148, -1,
      10, 148, 65, -1,
      8, 150, 9, -1,
      9, 150, 149, -1,
      63, 151, 66, -1,
      66, 151, 150, -1,
      66, 150, 8, -1,
      62, 152, 63, -1,
      63, 152, 151, -1,
      69, 153, 61, -1,
      61, 153, 152, -1,
      61, 152, 62, -1,
      67, 154, 69, -1,
      69, 154, 153, -1,
      71, 155, 68, -1,
      68, 155, 154, -1,
      68, 154, 67, -1,
      72, 156, 71, -1,
      71, 156, 155, -1,
      6, 146, 7, -1,
      7, 146, 156, -1,
      7, 156, 72, -1,
      154, 155, 156, -1,
      156, 146, 154, -1,
      154, 146, 145, -1,
      154, 145, 153, -1,
      151, 152, 150, -1,
      150, 152, 153, -1,
      150, 153, 149, -1,
      149, 153, 145, -1,
      149, 145, 148, -1,
      148, 145, 147, -1,
      157, 80, 75, -1,
      157, 75, 158, -1,
      158, 75, 74, -1,
      158, 74, 159, -1,
      159, 74, 85, -1,
      159, 85, 160, -1,
      160, 85, 84, -1,
      160, 84, 161, -1,
      161, 84, 83, -1,
      161, 83, 162, -1,
      162, 83, 77, -1,
      162, 77, 163, -1,
      163, 77, 76, -1,
      163, 76, 164, -1,
      164, 76, 81, -1,
      164, 81, 165, -1,
      165, 81, 82, -1,
      4, 166, 82, -1,
      82, 166, 167, -1,
      82, 167, 165, -1,
      4, 3, 166, -1,
      166, 3, 86, -1,
      166, 86, 168, -1,
      90, 169, 86, -1,
      86, 169, 168, -1,
      89, 170, 90, -1,
      90, 170, 169, -1,
      88, 171, 89, -1,
      89, 171, 170, -1,
      80, 157, 172, -1,
      171, 88, 87, -1,
      171, 87, 173, -1,
      173, 87, 78, -1,
      173, 78, 172, -1,
      172, 78, 79, -1,
      172, 79, 80, -1,
      157, 174, 172, -1,
      172, 174, 175, -1,
      172, 175, 173, -1,
      173, 175, 176, -1,
      173, 176, 171, -1,
      171, 176, 177, -1,
      171, 177, 170, -1,
      170, 177, 178, -1,
      170, 178, 169, -1,
      169, 178, 179, -1,
      169, 179, 168, -1,
      179, 180, 168, -1,
      168, 180, 181, -1,
      168, 181, 166, -1,
      166, 181, 182, -1,
      166, 182, 167, -1,
      167, 182, 183, -1,
      167, 183, 165, -1,
      165, 183, 184, -1,
      165, 184, 164, -1,
      164, 184, 185, -1,
      164, 185, 163, -1,
      163, 185, 186, -1,
      163, 186, 162, -1,
      162, 186, 187, -1,
      162, 187, 161, -1,
      161, 187, 188, -1,
      161, 188, 160, -1,
      160, 188, 189, -1,
      160, 189, 159, -1,
      159, 189, 190, -1,
      159, 190, 158, -1,
      158, 190, 191, -1,
      158, 191, 157, -1,
      157, 191, 192, -1,
      157, 192, 174, -1,
      177, 193, 178, -1,
      178, 193, 194, -1,
      192, 195, 196, -1,
      192, 196, 174, -1,
      174, 196, 197, -1,
      174, 197, 175, -1,
      175, 197, 198, -1,
      175, 198, 176, -1,
      176, 198, 193, -1,
      176, 193, 177, -1,
      188, 199, 200, -1,
      188, 200, 189, -1,
      189, 200, 201, -1,
      189, 201, 190, -1,
      190, 201, 202, -1,
      190, 202, 191, -1,
      191, 202, 195, -1,
      191, 195, 192, -1,
      184, 203, 204, -1,
      184, 204, 185, -1,
      185, 204, 205, -1,
      185, 205, 186, -1,
      186, 205, 206, -1,
      186, 206, 187, -1,
      187, 206, 199, -1,
      187, 199, 188, -1,
      180, 207, 208, -1,
      180, 208, 181, -1,
      181, 208, 209, -1,
      181, 209, 182, -1,
      182, 209, 210, -1,
      182, 210, 183, -1,
      183, 210, 203, -1,
      183, 203, 184, -1,
      179, 211, 180, -1,
      180, 211, 207, -1,
      179, 178, 211, -1,
      211, 178, 194, -1,
    ]
  }
}

Shape {
  appearance Appearance {
    material Material {
      diffuseColor 0.2980 0.2980 0.2980
      specularColor 0.0902 0.0902 0.0902
      ambientIntensity 0.2
      transparency 0.0000
      shininess 0.5
    }
  }
  geometry IndexedFaceSet {
    ccw TRUE
    solid FALSE
    coord DEF co Coordinate {
      point [
        0.703112 -3.161040 1.654687,
        0.683735 -3.161040 1.654687,
        0.742785 -3.161040 1.668605,
        0.741237 -3.161040 1.667161,
        0.732633 -3.161040 1.661178,
        0.721617 -3.161040 1.656900,
        0.757044 -3.161040 1.707426,
        0.756485 -3.161040 1.697965,
        0.753748 -3.161040 1.685964,
        0.749012 -3.161040 1.676191,
        0.742409 -3.161040 1.745018,
        0.746124 -3.161040 1.741357,
        0.751298 -3.161040 1.733880,
        0.755062 -3.161040 1.724138,
        0.703896 -3.161040 1.757571,
        0.705635 -3.161040 1.757554,
        0.722585 -3.161040 1.755292,
        0.733900 -3.161040 1.750854,
        0.683735 -3.161040 1.757571,
      ]
    }
    coordIndex [
      18, 1, 14, -1,
      14, 1, 0, -1,
      14, 0, 15, -1,
      15, 0, 5, -1,
      15, 5, 4, -1,
      4, 3, 15, -1,
      15, 3, 2, -1,
      15, 2, 9, -1,
      6, 10, 7, -1,
      7, 10, 17, -1,
      9, 8, 15, -1,
      15, 8, 7, -1,
      15, 7, 16, -1,
      16, 7, 17, -1,
      13, 12, 6, -1,
      6, 12, 11, -1,
      6, 11, 10, -1,
    ]
  }
}

Shape {
  appearance Appearance {
    material Material {
      diffuseColor 1.0000 1.0000 1.0000
      specularColor 0.5020 0.5020 0.5020
      ambientIntensity 0.2
      transparency 0.0000
      shininess 0.5
    }
  }
  geometry IndexedFaceSet {
    ccw TRUE
    solid FALSE
    coord DEF co Coordinate {
      point [
        0.902637 -3.161040 1.639473,
        0.883602 -3.161040 1.639473,
        0.869991 -3.161040 1.675974,
        0.821022 -3.161040 1.675974,
        0.814422 -3.161040 1.675974,
        0.801595 -3.161040 1.639473,
        0.782560 -3.161040 1.639473,
        0.821022 -3.161040 1.740455,
        0.833389 -3.161040 1.772922,
        0.851809 -3.161040 1.772922,
        0.819880 -3.164977 1.691051,
        0.814422 -3.164977 1.675974,
        0.864670 -3.164977 1.691051,
        0.869991 -3.164977 1.675974,
        0.839836 -3.164977 1.746519,
        0.833389 -3.164977 1.772922,
        0.782560 -3.164977 1.639473,
        0.801595 -3.164977 1.639473,
        0.840991 -3.164977 1.750501,
        0.842019 -3.164977 1.755865,
        0.851809 -3.164977 1.772922,
        0.842428 -3.164977 1.755865,
        0.843507 -3.164977 1.750220,
        0.844509 -3.164977 1.746519,
        0.902637 -3.164977 1.639473,
        0.883602 -3.164977 1.639473,
        0.842428 -3.161040 1.755865,
        0.843507 -3.161040 1.750220,
        0.844509 -3.161040 1.746519,
        0.842019 -3.161040 1.755865,
        0.839836 -3.161040 1.746519,
        0.840991 -3.161040 1.750501,
        0.819880 -3.161040 1.691051,
        0.864670 -3.161040 1.691051,
      ]
    }
    coordIndex [
      10, 11, 12, -1,
      12, 11, 13, -1,
      14, 15, 10, -1,
      10, 15, 16, -1,
      10, 16, 11, -1,
      11, 16, 17, -1,
      14, 18, 15, -1,
      15, 18, 19, -1,
      15, 19, 20, -1,
      20, 19, 21, -1,
      20, 21, 22, -1,
      22, 23, 20, -1,
      20, 23, 12, -1,
      20, 12, 24, -1,
      24, 12, 13, -1,
      24, 13, 25, -1,
      6, 16, 7, -1,
      7, 16, 15, -1,
      7, 15, 8, -1,
      5, 17, 6, -1,
      6, 17, 16, -1,
      4, 11, 5, -1,
      5, 11, 17, -1,
      2, 13, 3, -1,
      3, 13, 11, -1,
      3, 11, 4, -1,
      1, 25, 2, -1,
      2, 25, 13, -1,
      0, 24, 1, -1,
      1, 24, 25, -1,
      9, 20, 0, -1,
      0, 20, 24, -1,
      15, 20, 8, -1,
      8, 20, 9, -1,
      21, 26, 27, -1,
      21, 27, 22, -1,
      22, 27, 28, -1,
      22, 28, 23, -1,
      19, 29, 21, -1,
      21, 29, 26, -1,
      14, 30, 31, -1,
      14, 31, 18, -1,
      18, 31, 29, -1,
      18, 29, 19, -1,
      10, 32, 14, -1,
      14, 32, 30, -1,
      12, 33, 10, -1,
      10, 33, 32, -1,
      12, 23, 33, -1,
      33, 23, 28, -1,
    ]
  }
}

Shape {
  appearance Appearance {
    material Material {
      diffuseColor 0.2980 0.2980 0.2980
      specularColor 0.0902 0.0902 0.0902
      ambientIntensity 0.2
      transparency 0.0000
      shininess 0.5
    }
  }
  geometry IndexedFaceSet {
    ccw TRUE
    solid FALSE
    coord DEF co Coordinate {
      point [
        0.842428 -3.161040 1.755865,
        0.843507 -3.161040 1.750220,
        0.844509 -3.161040 1.746519,
        0.842019 -3.161040 1.755865,
        0.839836 -3.161040 1.746519,
        0.840991 -3.161040 1.750501,
        0.819880 -3.161040 1.691051,
        0.864670 -3.161040 1.691051,
      ]
    }
    coordIndex [
      0, 3, 1, -1,
      1, 3, 5, -1,
      1, 5, 2, -1,
      2, 5, 4, -1,
      2, 4, 7, -1,
      7, 4, 6, -1,
    ]
  }
}

Shape {
  appearance Appearance {
    material Material {
      diffuseColor 1.0000 1.0000 1.0000
      specularColor 0.5020 0.5020 0.5020
      ambientIntensity 0.2
      transparency 0.0000
      shininess 0.5
    }
  }
  geometry IndexedFaceSet {
    ccw TRUE
    solid FALSE
    coord DEF co Coordinate {
      point [
        0.464152 -3.161040 1.500156,
        0.464152 -3.161040 1.516394,
        0.531422 -3.161040 1.427769,
        0.514707 -3.161040 1.427769,
        0.457708 -3.161040 1.440004,
        0.455676 -3.161040 1.445646,
        0.501061 -3.161040 1.511093,
        0.495399 -3.161040 1.511686,
        0.486461 -3.161040 1.484396,
        0.475388 -3.161040 1.426641,
        0.475063 -3.161040 1.426678,
        0.468655 -3.161040 1.429094,
        0.519948 -3.161040 1.518806,
        0.524350 -3.161040 1.514459,
        0.514707 -3.161040 1.442506,
        0.514263 -3.161040 1.442506,
        0.510324 -3.161040 1.436848,
        0.504868 -3.161040 1.431650,
        0.461944 -3.161040 1.473594,
        0.467232 -3.161040 1.477985,
        0.474652 -3.161040 1.481592,
        0.475651 -3.161040 1.507390,
        0.486120 -3.161040 1.510791,
        0.463026 -3.161040 1.433022,
        0.461189 -3.161040 1.434881,
        0.467609 -3.161040 1.518396,
        0.480039 -3.161040 1.523211,
        0.496968 -3.161040 1.525263,
        0.507534 -3.161040 1.524253,
        0.514459 -3.161040 1.522051,
        0.454839 -3.161040 1.453285,
        0.454924 -3.161040 1.455998,
        0.456099 -3.161040 1.463061,
        0.458501 -3.161040 1.468881,
        0.527719 -3.161040 1.508942,
        0.530273 -3.161040 1.501116,
        0.531422 -3.161040 1.489104,
        0.514707 -3.161040 1.488353,
        0.514125 -3.161040 1.495744,
        0.512397 -3.161040 1.501696,
        0.510433 -3.161040 1.505138,
        0.507906 -3.161040 1.507826,
        0.504939 -3.161040 1.509739,
        0.494361 -3.161040 1.426639,
        0.485063 -3.161040 1.425517,
        0.384294 -3.161040 1.543241,
        0.384294 -3.161040 1.503158,
        0.432017 -3.161040 1.503158,
        0.384294 -3.161040 1.487876,
        0.384294 -3.161040 1.442983,
        0.432017 -3.161040 1.487876,
        0.438840 -3.161040 1.442983,
        0.438840 -3.161040 1.427769,
        0.367067 -3.161040 1.427769,
        0.501024 -3.161040 1.429212,
        0.384294 -3.161040 1.545867,
        0.435804 -3.161040 1.545867,
        0.435804 -3.161040 1.561218,
        0.367067 -3.161040 1.561218,
        0.367067 -3.161040 1.543241,
        0.384294 -3.164977 1.487876,
        0.384294 -3.164977 1.442983,
        0.432017 -3.164977 1.487876,
        0.432017 -3.164977 1.503158,
        0.384294 -3.164977 1.503158,
        0.384294 -3.164977 1.545867,
        0.435804 -3.164977 1.545867,
        0.435804 -3.164977 1.561218,
        0.367067 -3.164977 1.561218,
        0.367067 -3.164977 1.427769,
        0.438840 -3.164977 1.427769,
        0.438840 -3.164977 1.442983,
        0.514707 -3.164977 1.427769,
        0.531422 -3.164977 1.427769,
        0.514707 -3.164977 1.442506,
        0.531422 -3.164977 1.489104,
        0.492397 -3.164977 1.472593,
        0.514707 -3.164977 1.475595,
        0.514707 -3.164977 1.488353,
        0.472760 -3.164977 1.461131,
        0.474227 -3.164977 1.464248,
        0.461944 -3.164977 1.473594,
        0.514263 -3.164977 1.442506,
        0.505447 -3.164977 1.444960,
        0.510324 -3.164977 1.436848,
        0.500723 -3.164977 1.441772,
        0.467232 -3.164977 1.477985,
        0.514707 -3.164977 1.466453,
        0.530273 -3.164977 1.501116,
        0.514691 -3.164977 1.465343,
        0.513614 -3.164977 1.457885,
        0.511163 -3.164977 1.451922,
        0.507543 -3.164977 1.447008,
        0.486461 -3.164977 1.484396,
        0.477752 -3.164977 1.467969,
        0.481268 -3.164977 1.469848,
        0.464152 -3.164977 1.516394,
        0.464152 -3.164977 1.500156,
        0.467609 -3.164977 1.518396,
        0.475651 -3.164977 1.507390,
        0.480039 -3.164977 1.523211,
        0.486120 -3.164977 1.510791,
        0.496968 -3.164977 1.525263,
        0.495399 -3.164977 1.511686,
        0.507534 -3.164977 1.524253,
        0.501061 -3.164977 1.511093,
        0.514459 -3.164977 1.522051,
        0.504939 -3.164977 1.509739,
        0.519948 -3.164977 1.518806,
        0.507906 -3.164977 1.507826,
        0.524350 -3.164977 1.514459,
        0.510433 -3.164977 1.505138,
        0.527719 -3.164977 1.508942,
        0.512397 -3.164977 1.501696,
        0.514125 -3.164977 1.495744,
        0.475215 -3.164977 1.444957,
        0.463026 -3.164977 1.433022,
        0.476637 -3.164977 1.443529,
        0.468655 -3.164977 1.429094,
        0.479968 -3.164977 1.441254,
        0.475063 -3.164977 1.426678,
        0.483749 -3.164977 1.439867,
        0.485063 -3.164977 1.425517,
        0.489395 -3.164977 1.439231,
        0.494361 -3.164977 1.426639,
        0.495652 -3.164977 1.439930,
        0.501024 -3.164977 1.429212,
        0.504868 -3.164977 1.431650,
        0.476228 -3.164977 1.466726,
        0.474652 -3.164977 1.481592,
        0.458501 -3.164977 1.468881,
        0.456099 -3.164977 1.463061,
        0.471935 -3.164977 1.457303,
        0.454924 -3.164977 1.455998,
        0.471793 -3.164977 1.454650,
        0.454839 -3.164977 1.453285,
        0.472217 -3.164977 1.450812,
        0.455676 -3.164977 1.445646,
        0.473316 -3.164977 1.447775,
        0.457708 -3.164977 1.440004,
        0.461189 -3.164977 1.434881,
        0.476637 -3.161040 1.443529,
        0.475215 -3.161040 1.444957,
        0.473316 -3.161040 1.447775,
        0.472217 -3.161040 1.450812,
        0.471793 -3.161040 1.454650,
        0.489395 -3.161040 1.439231,
        0.483749 -3.161040 1.439867,
        0.479968 -3.161040 1.441254,
        0.507543 -3.161040 1.447008,
        0.505447 -3.161040 1.444960,
        0.500723 -3.161040 1.441772,
        0.495652 -3.161040 1.439930,
        0.514707 -3.161040 1.466453,
        0.514691 -3.161040 1.465343,
        0.513614 -3.161040 1.457885,
        0.511163 -3.161040 1.451922,
        0.514707 -3.161040 1.475595,
        0.492397 -3.161040 1.472593,
        0.476228 -3.161040 1.466726,
        0.477752 -3.161040 1.467969,
        0.481268 -3.161040 1.469848,
        0.471935 -3.161040 1.457303,
        0.472760 -3.161040 1.461131,
        0.474227 -3.161040 1.464248,
      ]
    }
    coordIndex [
      48, 60, 49, -1,
      49, 60, 61, -1,
      50, 62, 48, -1,
      48, 62, 60, -1,
      47, 63, 50, -1,
      50, 63, 62, -1,
      46, 64, 47, -1,
      47, 64, 63, -1,
      64, 46, 65, -1,
      65, 46, 45, -1,
      65, 45, 55, -1,
      56, 66, 55, -1,
      55, 66, 65, -1,
      57, 67, 56, -1,
      56, 67, 66, -1,
      58, 68, 57, -1,
      57, 68, 67, -1,
      53, 69, 59, -1,
      59, 69, 68, -1,
      59, 68, 58, -1,
      52, 70, 53, -1,
      53, 70, 69, -1,
      51, 71, 52, -1,
      52, 71, 70, -1,
      61, 71, 49, -1,
      49, 71, 51, -1,
      69, 70, 71, -1,
      71, 61, 69, -1,
      69, 61, 60, -1,
      69, 60, 68, -1,
      66, 67, 65, -1,
      65, 67, 68, -1,
      65, 68, 64, -1,
      64, 68, 60, -1,
      64, 60, 63, -1,
      63, 60, 62, -1,
      72, 73, 74, -1,
      74, 73, 75, -1,
      76, 77, 78, -1,
      79, 80, 81, -1,
      82, 83, 84, -1,
      84, 83, 85, -1,
      81, 80, 86, -1,
      87, 75, 77, -1,
      77, 75, 88, -1,
      77, 88, 78, -1,
      87, 89, 75, -1,
      75, 89, 90, -1,
      75, 90, 74, -1,
      74, 90, 91, -1,
      74, 91, 82, -1,
      82, 91, 92, -1,
      82, 92, 83, -1,
      93, 94, 78, -1,
      78, 94, 95, -1,
      78, 95, 76, -1,
      96, 97, 98, -1,
      98, 97, 99, -1,
      98, 99, 100, -1,
      100, 99, 101, -1,
      100, 101, 102, -1,
      102, 101, 103, -1,
      102, 103, 104, -1,
      104, 103, 105, -1,
      104, 105, 106, -1,
      106, 105, 107, -1,
      106, 107, 108, -1,
      108, 107, 109, -1,
      108, 109, 110, -1,
      110, 109, 111, -1,
      110, 111, 112, -1,
      112, 111, 113, -1,
      112, 113, 88, -1,
      88, 113, 114, -1,
      88, 114, 78, -1,
      115, 116, 117, -1,
      117, 116, 118, -1,
      117, 118, 119, -1,
      119, 118, 120, -1,
      119, 120, 121, -1,
      121, 120, 122, -1,
      121, 122, 123, -1,
      123, 122, 124, -1,
      123, 124, 125, -1,
      125, 124, 126, -1,
      125, 126, 85, -1,
      85, 126, 127, -1,
      85, 127, 84, -1,
      80, 128, 86, -1,
      86, 128, 94, -1,
      86, 94, 129, -1,
      129, 94, 93, -1,
      81, 130, 79, -1,
      79, 130, 131, -1,
      79, 131, 132, -1,
      132, 131, 133, -1,
      132, 133, 134, -1,
      134, 133, 135, -1,
      134, 135, 136, -1,
      136, 135, 137, -1,
      136, 137, 138, -1,
      138, 137, 139, -1,
      138, 139, 115, -1,
      115, 139, 140, -1,
      115, 140, 116, -1,
      97, 0, 21, -1,
      97, 21, 99, -1,
      99, 21, 22, -1,
      99, 22, 101, -1,
      101, 22, 7, -1,
      101, 7, 103, -1,
      103, 7, 6, -1,
      103, 6, 105, -1,
      105, 6, 42, -1,
      105, 42, 107, -1,
      107, 42, 41, -1,
      107, 41, 109, -1,
      109, 41, 40, -1,
      109, 40, 111, -1,
      111, 40, 39, -1,
      111, 39, 113, -1,
      113, 39, 38, -1,
      113, 38, 114, -1,
      114, 38, 37, -1,
      114, 37, 78, -1,
      8, 93, 37, -1,
      37, 93, 78, -1,
      93, 8, 20, -1,
      93, 20, 129, -1,
      129, 20, 19, -1,
      129, 19, 86, -1,
      86, 19, 18, -1,
      86, 18, 81, -1,
      81, 18, 33, -1,
      81, 33, 130, -1,
      130, 33, 32, -1,
      130, 32, 131, -1,
      131, 32, 31, -1,
      131, 31, 133, -1,
      133, 31, 30, -1,
      133, 30, 135, -1,
      135, 30, 5, -1,
      135, 5, 137, -1,
      137, 5, 4, -1,
      137, 4, 139, -1,
      139, 4, 24, -1,
      139, 24, 140, -1,
      140, 24, 23, -1,
      140, 23, 116, -1,
      44, 122, 9, -1,
      9, 122, 120, -1,
      9, 120, 10, -1,
      10, 120, 118, -1,
      10, 118, 11, -1,
      11, 118, 116, -1,
      11, 116, 23, -1,
      122, 44, 43, -1,
      122, 43, 124, -1,
      124, 43, 54, -1,
      124, 54, 126, -1,
      126, 54, 17, -1,
      126, 17, 127, -1,
      127, 17, 16, -1,
      127, 16, 84, -1,
      84, 16, 15, -1,
      84, 15, 82, -1,
      14, 74, 15, -1,
      15, 74, 82, -1,
      3, 72, 14, -1,
      14, 72, 74, -1,
      2, 73, 3, -1,
      3, 73, 72, -1,
      36, 75, 2, -1,
      2, 75, 73, -1,
      75, 36, 35, -1,
      75, 35, 88, -1,
      88, 35, 34, -1,
      88, 34, 112, -1,
      112, 34, 13, -1,
      112, 13, 110, -1,
      110, 13, 12, -1,
      110, 12, 108, -1,
      108, 12, 29, -1,
      108, 29, 106, -1,
      106, 29, 28, -1,
      106, 28, 104, -1,
      104, 28, 27, -1,
      104, 27, 102, -1,
      102, 27, 26, -1,
      102, 26, 100, -1,
      100, 26, 25, -1,
      100, 25, 98, -1,
      98, 25, 1, -1,
      98, 1, 96, -1,
      97, 96, 0, -1,
      0, 96, 1, -1,
      117, 141, 142, -1,
      117, 142, 115, -1,
      115, 142, 143, -1,
      115, 143, 138, -1,
      138, 143, 144, -1,
      138, 144, 136, -1,
      136, 144, 145, -1,
      136, 145, 134, -1,
      123, 146, 147, -1,
      123, 147, 121, -1,
      121, 147, 148, -1,
      121, 148, 119, -1,
      119, 148, 141, -1,
      119, 141, 117, -1,
      92, 149, 150, -1,
      92, 150, 83, -1,
      83, 150, 151, -1,
      83, 151, 85, -1,
      85, 151, 152, -1,
      85, 152, 125, -1,
      125, 152, 146, -1,
      125, 146, 123, -1,
      87, 153, 154, -1,
      87, 154, 89, -1,
      89, 154, 155, -1,
      89, 155, 90, -1,
      90, 155, 156, -1,
      90, 156, 91, -1,
      91, 156, 149, -1,
      91, 149, 92, -1,
      77, 157, 87, -1,
      87, 157, 153, -1,
      76, 158, 77, -1,
      77, 158, 157, -1,
      128, 159, 160, -1,
      128, 160, 94, -1,
      94, 160, 161, -1,
      94, 161, 95, -1,
      95, 161, 158, -1,
      95, 158, 76, -1,
      134, 145, 162, -1,
      134, 162, 132, -1,
      132, 162, 163, -1,
      132, 163, 79, -1,
      79, 163, 164, -1,
      79, 164, 80, -1,
      80, 164, 159, -1,
      80, 159, 128, -1,
    ]
  }
}

Shape {
  appearance Appearance {
    material Material {
      diffuseColor 0.2980 0.2980 0.2980
      specularColor 0.0902 0.0902 0.0902
      ambientIntensity 0.2
      transparency 0.0000
      shininess 0.5
    }
  }
  geometry IndexedFaceSet {
    ccw TRUE
    solid FALSE
    coord DEF co Coordinate {
      point [
        0.476637 -3.161040 1.443529,
        0.475215 -3.161040 1.444957,
        0.473316 -3.161040 1.447775,
        0.472217 -3.161040 1.450812,
        0.471793 -3.161040 1.454650,
        0.489395 -3.161040 1.439231,
        0.483749 -3.161040 1.439867,
        0.479968 -3.161040 1.441254,
        0.507543 -3.161040 1.447008,
        0.505447 -3.161040 1.444960,
        0.500723 -3.161040 1.441772,
        0.495652 -3.161040 1.439930,
        0.514707 -3.161040 1.466453,
        0.514691 -3.161040 1.465343,
        0.513614 -3.161040 1.457885,
        0.511163 -3.161040 1.451922,
        0.514707 -3.161040 1.475595,
        0.492397 -3.161040 1.472593,
        0.476228 -3.161040 1.466726,
        0.477752 -3.161040 1.467969,
        0.481268 -3.161040 1.469848,
        0.471935 -3.161040 1.457303,
        0.472760 -3.161040 1.461131,
        0.474227 -3.161040 1.464248,
      ]
    }
    coordIndex [
      13, 12, 18, -1,
      12, 16, 17, -1,
      17, 20, 12, -1,
      12, 20, 19, -1,
      12, 19, 18, -1,
      13, 18, 14, -1,
      14, 18, 23, -1,
      14, 23, 15, -1,
      1, 0, 9, -1,
      1, 9, 2, -1,
      10, 9, 11, -1,
      11, 9, 5, -1,
      23, 22, 15, -1,
      15, 22, 21, -1,
      15, 21, 8, -1,
      8, 21, 4, -1,
      8, 4, 9, -1,
      9, 4, 3, -1,
      9, 3, 2, -1,
      0, 7, 9, -1,
      9, 7, 6, -1,
      9, 6, 5, -1,
    ]
  }
}

Shape {
  appearance Appearance {
    material Material {
      diffuseColor 1.0000 1.0000 1.0000
      specularColor 0.5020 0.5020 0.5020
      ambientIntensity 0.2
      transparency 0.0000
      shininess 0.5
    }
  }
  geometry IndexedFaceSet {
    ccw TRUE
    solid FALSE
    coord DEF co Coordinate {
      point [
        0.753872 -3.161040 1.487876,
        0.753872 -3.161040 1.442983,
        0.778859 -3.161040 1.442983,
        0.594936 -3.161040 1.427287,
        0.589478 -3.161040 1.426643,
        0.718633 -3.161040 1.523080,
        0.680610 -3.161040 1.426643,
        0.670739 -3.161040 1.451443,
        0.672785 -3.161040 1.443597,
        0.673229 -3.161040 1.443597,
        0.701304 -3.161040 1.523080,
        0.653904 -3.161040 1.499872,
        0.675276 -3.161040 1.451307,
        0.673996 -3.161040 1.446863,
        0.653904 -3.161040 1.455004,
        0.627143 -3.161040 1.523080,
        0.664530 -3.161040 1.427973,
        0.663967 -3.161040 1.426643,
        0.657196 -3.161040 1.410644,
        0.630588 -3.161040 1.384241,
        0.630588 -3.161040 1.399114,
        0.650744 -3.161040 1.401096,
        0.653858 -3.161040 1.404550,
        0.653904 -3.161040 1.404633,
        0.653904 -3.161040 1.385856,
        0.648120 -3.161040 1.383653,
        0.641368 -3.161040 1.382876,
        0.637678 -3.161040 1.383009,
        0.640071 -3.161040 1.397204,
        0.644343 -3.161040 1.397717,
        0.647976 -3.161040 1.399151,
        0.675378 -3.161040 1.413373,
        0.667811 -3.161040 1.398636,
        0.661694 -3.161040 1.391291,
        0.660555 -3.161040 1.390246,
        0.654717 -3.161040 1.386166,
        0.570516 -3.161040 1.426643,
        0.579930 -3.161040 1.425517,
        0.634007 -3.161040 1.397993,
        0.563997 -3.161040 1.427422,
        0.554073 -3.161040 1.431112,
        0.554073 -3.161040 1.448373,
        0.603016 -3.161040 1.524222,
        0.613872 -3.161040 1.521033,
        0.613872 -3.161040 1.504795,
        0.612849 -3.161040 1.469454,
        0.615969 -3.161040 1.464850,
        0.554175 -3.161040 1.497359,
        0.554833 -3.161040 1.503330,
        0.556737 -3.161040 1.485764,
        0.554894 -3.161040 1.490869,
        0.617753 -3.161040 1.459922,
        0.618444 -3.161040 1.453694,
        0.617649 -3.161040 1.446978,
        0.615596 -3.161040 1.441681,
        0.612480 -3.161040 1.437272,
        0.645836 -3.161040 1.523080,
        0.558917 -3.161040 1.482281,
        0.556822 -3.161040 1.508711,
        0.559926 -3.161040 1.513230,
        0.564887 -3.161040 1.517690,
        0.607698 -3.161040 1.433090,
        0.603749 -3.161040 1.430667,
        0.570516 -3.161040 1.520979,
        0.579867 -3.161040 1.524120,
        0.591290 -3.161040 1.525263,
        0.571508 -3.161040 1.440289,
        0.579487 -3.161040 1.469659,
        0.561008 -3.161040 1.444126,
        0.569524 -3.161040 1.474226,
        0.561652 -3.161040 1.479421,
        0.589652 -3.161040 1.511686,
        0.584705 -3.161040 1.511315,
        0.571402 -3.161040 1.498860,
        0.580233 -3.161040 1.510131,
        0.576485 -3.161040 1.508139,
        0.571554 -3.161040 1.496636,
        0.572218 -3.161040 1.494040,
        0.573422 -3.161040 1.491785,
        0.581568 -3.161040 1.439163,
        0.582306 -3.161040 1.439167,
        0.590463 -3.161040 1.465063,
        0.590875 -3.161040 1.440127,
        0.601285 -3.161040 1.452057,
        0.601121 -3.161040 1.454136,
        0.575052 -3.161040 1.489991,
        0.580945 -3.161040 1.486306,
        0.600116 -3.161040 1.510558,
        0.591290 -3.161040 1.481803,
        0.609592 -3.161040 1.507214,
        0.597762 -3.161040 1.479185,
        0.608864 -3.161040 1.473011,
        0.595188 -3.161040 1.441706,
        0.596712 -3.161040 1.442631,
        0.598630 -3.161040 1.444333,
        0.573963 -3.161040 1.505910,
        0.572530 -3.161040 1.503782,
        0.571705 -3.161040 1.501526,
        0.600089 -3.161040 1.446491,
        0.600939 -3.161040 1.448868,
        0.600362 -3.161040 1.456746,
        0.599070 -3.161040 1.458962,
        0.596987 -3.161040 1.461131,
        0.778859 -3.161040 1.503158,
        0.801595 -3.161040 1.503158,
        0.801595 -3.161040 1.487876,
        0.753872 -3.161040 1.503158,
        0.753872 -3.161040 1.543241,
        0.753872 -3.161040 1.545867,
        0.778859 -3.161040 1.545867,
        0.736644 -3.161040 1.427769,
        0.736644 -3.161040 1.543241,
        0.736644 -3.161040 1.561218,
        0.778859 -3.161040 1.427769,
        0.808418 -3.161040 1.427769,
        0.808418 -3.161040 1.442983,
        0.778859 -3.161040 1.487876,
        0.935114 -3.161040 1.527315,
        0.926852 -3.161040 1.538948,
        0.922464 -3.161040 1.543241,
        0.938642 -3.161040 1.472073,
        0.932070 -3.161040 1.458271,
        0.922150 -3.161040 1.446463,
        0.908213 -3.161040 1.436470,
        0.893002 -3.161040 1.430529,
        0.870333 -3.161040 1.427769,
        0.833627 -3.161040 1.427769,
        0.940052 -3.161040 1.514589,
        0.942276 -3.161040 1.496199,
        0.941876 -3.161040 1.487697,
        0.922150 -3.161040 1.543547,
        0.908179 -3.161040 1.553084,
        0.833627 -3.161040 1.543241,
        0.833627 -3.161040 1.561218,
        0.871697 -3.161040 1.561218,
        0.892074 -3.161040 1.558968,
        0.805382 -3.161040 1.545867,
        0.805382 -3.161040 1.561218,
        0.778859 -3.161040 1.561218,
        0.579930 -3.164977 1.425517,
        0.563997 -3.164977 1.427422,
        0.554073 -3.164977 1.431112,
        0.594936 -3.164977 1.427287,
        0.603749 -3.164977 1.430667,
        0.607698 -3.164977 1.433090,
        0.612480 -3.164977 1.437272,
        0.615596 -3.164977 1.441681,
        0.617649 -3.164977 1.446978,
        0.618444 -3.164977 1.453694,
        0.617753 -3.164977 1.459922,
        0.615969 -3.164977 1.464850,
        0.612849 -3.164977 1.469454,
        0.608864 -3.164977 1.473011,
        0.597762 -3.164977 1.479185,
        0.591290 -3.164977 1.481803,
        0.580945 -3.164977 1.486306,
        0.575052 -3.164977 1.489991,
        0.573422 -3.164977 1.491785,
        0.572218 -3.164977 1.494040,
        0.571554 -3.164977 1.496636,
        0.571402 -3.164977 1.498860,
        0.571705 -3.164977 1.501526,
        0.572530 -3.164977 1.503782,
        0.573963 -3.164977 1.505910,
        0.576485 -3.164977 1.508139,
        0.580233 -3.164977 1.510131,
        0.584705 -3.164977 1.511315,
        0.589652 -3.164977 1.511686,
        0.600116 -3.164977 1.510558,
        0.609592 -3.164977 1.507214,
        0.613872 -3.164977 1.504795,
        0.613872 -3.164977 1.521033,
        0.603016 -3.164977 1.524222,
        0.591290 -3.164977 1.525263,
        0.579867 -3.164977 1.524120,
        0.570516 -3.164977 1.520979,
        0.564887 -3.164977 1.517690,
        0.559926 -3.164977 1.513230,
        0.556822 -3.164977 1.508711,
        0.554833 -3.164977 1.503330,
        0.554175 -3.164977 1.497359,
        0.554894 -3.164977 1.490869,
        0.556737 -3.164977 1.485764,
        0.558917 -3.164977 1.482281,
        0.561652 -3.164977 1.479421,
        0.569524 -3.164977 1.474226,
        0.579487 -3.164977 1.469659,
        0.590463 -3.164977 1.465063,
        0.596987 -3.164977 1.461131,
        0.599070 -3.164977 1.458962,
        0.600362 -3.164977 1.456746,
        0.601121 -3.164977 1.454136,
        0.601285 -3.164977 1.452057,
        0.600939 -3.164977 1.448868,
        0.600089 -3.164977 1.446491,
        0.598630 -3.164977 1.444333,
        0.596712 -3.164977 1.442631,
        0.595188 -3.164977 1.441706,
        0.590875 -3.164977 1.440127,
        0.582306 -3.164977 1.439167,
        0.581568 -3.164977 1.439163,
        0.571508 -3.164977 1.440289,
        0.561008 -3.164977 1.444126,
        0.554073 -3.164977 1.448373,
        0.675276 -3.164977 1.451307,
        0.673996 -3.164977 1.446863,
        0.673229 -3.164977 1.443597,
        0.672785 -3.164977 1.443597,
        0.670739 -3.164977 1.451443,
        0.645836 -3.164977 1.523080,
        0.627143 -3.164977 1.523080,
        0.664530 -3.164977 1.427973,
        0.657196 -3.164977 1.410644,
        0.653858 -3.164977 1.404550,
        0.650744 -3.164977 1.401096,
        0.647976 -3.164977 1.399151,
        0.644343 -3.164977 1.397717,
        0.640071 -3.164977 1.397204,
        0.634007 -3.164977 1.397993,
        0.630588 -3.164977 1.399114,
        0.630588 -3.164977 1.384241,
        0.637678 -3.164977 1.383009,
        0.641368 -3.164977 1.382876,
        0.648120 -3.164977 1.383653,
        0.654717 -3.164977 1.386166,
        0.660555 -3.164977 1.390246,
        0.661694 -3.164977 1.391291,
        0.667811 -3.164977 1.398636,
        0.675378 -3.164977 1.413373,
        0.718633 -3.164977 1.523080,
        0.701304 -3.164977 1.523080,
        0.753872 -3.164977 1.487876,
        0.753872 -3.164977 1.442983,
        0.801595 -3.164977 1.487876,
        0.801595 -3.164977 1.503158,
        0.753872 -3.164977 1.503158,
        0.753872 -3.164977 1.545867,
        0.805382 -3.164977 1.545867,
        0.805382 -3.164977 1.561218,
        0.736644 -3.164977 1.561218,
        0.736644 -3.164977 1.427769,
        0.808418 -3.164977 1.427769,
        0.808418 -3.164977 1.442983,
        0.922150 -3.164977 1.446463,
        0.932070 -3.164977 1.458271,
        0.938642 -3.164977 1.472073,
        0.941876 -3.164977 1.487697,
        0.942276 -3.164977 1.496199,
        0.922150 -3.164977 1.543547,
        0.926852 -3.164977 1.538948,
        0.935114 -3.164977 1.527315,
        0.940052 -3.164977 1.514589,
        0.908179 -3.164977 1.553084,
        0.892074 -3.164977 1.558968,
        0.871697 -3.164977 1.561218,
        0.833627 -3.164977 1.561218,
        0.833627 -3.164977 1.427769,
        0.870333 -3.164977 1.427769,
        0.893002 -3.164977 1.430529,
        0.908213 -3.164977 1.436470,
        0.908356 -3.164977 1.455457,
        0.899752 -3.164977 1.449474,
        0.888736 -3.164977 1.445196,
        0.870230 -3.164977 1.442983,
        0.850854 -3.164977 1.442983,
        0.850854 -3.164977 1.545867,
        0.871015 -3.164977 1.545867,
        0.872754 -3.164977 1.545850,
        0.889704 -3.164977 1.543587,
        0.901018 -3.164977 1.539150,
        0.909528 -3.164977 1.533314,
        0.913243 -3.164977 1.529654,
        0.918417 -3.164977 1.522176,
        0.922180 -3.164977 1.512434,
        0.924163 -3.164977 1.495721,
        0.923604 -3.164977 1.486261,
        0.920866 -3.164977 1.474260,
        0.916131 -3.164977 1.464487,
        0.909904 -3.164977 1.456901,
        0.870230 -3.161040 1.442983,
        0.850854 -3.161040 1.442983,
        0.909904 -3.161040 1.456901,
        0.908356 -3.161040 1.455457,
        0.899752 -3.161040 1.449474,
        0.888736 -3.161040 1.445196,
        0.924163 -3.161040 1.495721,
        0.923604 -3.161040 1.486261,
        0.920866 -3.161040 1.474260,
        0.916131 -3.161040 1.464487,
        0.909528 -3.161040 1.533314,
        0.913243 -3.161040 1.529654,
        0.918417 -3.161040 1.522176,
        0.922180 -3.161040 1.512434,
        0.871015 -3.161040 1.545867,
        0.872754 -3.161040 1.545850,
        0.889704 -3.161040 1.543587,
        0.901018 -3.161040 1.539150,
        0.850854 -3.161040 1.545867,
      ]
    }
    coordIndex [
      37, 139, 36, -1,
      36, 139, 140, -1,
      36, 140, 39, -1,
      39, 140, 141, -1,
      39, 141, 40, -1,
      139, 37, 142, -1,
      142, 37, 4, -1,
      4, 3, 142, -1,
      142, 3, 62, -1,
      142, 62, 143, -1,
      143, 62, 61, -1,
      143, 61, 144, -1,
      144, 61, 55, -1,
      144, 55, 145, -1,
      145, 55, 54, -1,
      145, 54, 146, -1,
      146, 54, 53, -1,
      146, 53, 147, -1,
      147, 53, 52, -1,
      147, 52, 148, -1,
      148, 52, 51, -1,
      148, 51, 149, -1,
      149, 51, 46, -1,
      149, 46, 150, -1,
      150, 46, 45, -1,
      150, 45, 151, -1,
      151, 45, 91, -1,
      151, 91, 152, -1,
      152, 91, 90, -1,
      152, 90, 153, -1,
      153, 90, 88, -1,
      153, 88, 154, -1,
      154, 88, 86, -1,
      154, 86, 155, -1,
      155, 86, 85, -1,
      155, 85, 156, -1,
      156, 85, 78, -1,
      156, 78, 157, -1,
      157, 78, 77, -1,
      157, 77, 158, -1,
      158, 77, 76, -1,
      158, 76, 159, -1,
      159, 76, 73, -1,
      159, 73, 160, -1,
      160, 73, 97, -1,
      160, 97, 161, -1,
      161, 97, 96, -1,
      161, 96, 162, -1,
      162, 96, 95, -1,
      162, 95, 163, -1,
      163, 95, 75, -1,
      163, 75, 164, -1,
      164, 75, 74, -1,
      164, 74, 165, -1,
      165, 74, 72, -1,
      165, 72, 166, -1,
      166, 72, 71, -1,
      166, 71, 167, -1,
      167, 71, 87, -1,
      167, 87, 168, -1,
      168, 87, 89, -1,
      168, 89, 169, -1,
      169, 89, 44, -1,
      169, 44, 170, -1,
      43, 171, 44, -1,
      44, 171, 170, -1,
      171, 43, 42, -1,
      171, 42, 172, -1,
      172, 42, 65, -1,
      172, 65, 173, -1,
      173, 65, 64, -1,
      173, 64, 174, -1,
      174, 64, 63, -1,
      174, 63, 175, -1,
      175, 63, 60, -1,
      175, 60, 176, -1,
      176, 60, 59, -1,
      176, 59, 177, -1,
      177, 59, 58, -1,
      177, 58, 178, -1,
      178, 58, 48, -1,
      178, 48, 179, -1,
      179, 48, 47, -1,
      179, 47, 180, -1,
      180, 47, 50, -1,
      180, 50, 181, -1,
      181, 50, 49, -1,
      181, 49, 182, -1,
      182, 49, 57, -1,
      182, 57, 183, -1,
      183, 57, 70, -1,
      183, 70, 184, -1,
      184, 70, 69, -1,
      184, 69, 185, -1,
      185, 69, 67, -1,
      185, 67, 186, -1,
      186, 67, 81, -1,
      186, 81, 187, -1,
      187, 81, 102, -1,
      187, 102, 188, -1,
      188, 102, 101, -1,
      188, 101, 189, -1,
      189, 101, 100, -1,
      189, 100, 190, -1,
      190, 100, 84, -1,
      190, 84, 191, -1,
      191, 84, 83, -1,
      191, 83, 192, -1,
      192, 83, 99, -1,
      192, 99, 193, -1,
      193, 99, 98, -1,
      193, 98, 194, -1,
      194, 98, 94, -1,
      194, 94, 195, -1,
      195, 94, 93, -1,
      195, 93, 196, -1,
      196, 93, 92, -1,
      196, 92, 197, -1,
      197, 92, 82, -1,
      197, 82, 198, -1,
      198, 82, 80, -1,
      198, 80, 199, -1,
      199, 80, 79, -1,
      199, 79, 200, -1,
      200, 79, 66, -1,
      200, 66, 201, -1,
      201, 66, 68, -1,
      201, 68, 202, -1,
      202, 68, 41, -1,
      202, 41, 203, -1,
      141, 203, 40, -1,
      40, 203, 41, -1,
      163, 164, 175, -1,
      175, 164, 174, -1,
      187, 154, 186, -1,
      186, 154, 155, -1,
      143, 144, 195, -1,
      195, 144, 145, -1,
      195, 145, 194, -1,
      194, 145, 146, -1,
      194, 146, 193, -1,
      193, 146, 147, -1,
      193, 147, 192, -1,
      192, 147, 148, -1,
      192, 148, 191, -1,
      191, 148, 149, -1,
      191, 149, 190, -1,
      190, 149, 150, -1,
      190, 150, 189, -1,
      189, 150, 151, -1,
      189, 151, 188, -1,
      188, 151, 152, -1,
      188, 152, 187, -1,
      187, 152, 153, -1,
      187, 153, 154, -1,
      139, 200, 140, -1,
      140, 200, 201, -1,
      140, 201, 141, -1,
      141, 201, 202, -1,
      141, 202, 203, -1,
      164, 165, 174, -1,
      174, 165, 166, -1,
      174, 166, 173, -1,
      173, 166, 167, -1,
      173, 167, 172, -1,
      172, 167, 168, -1,
      172, 168, 171, -1,
      171, 168, 169, -1,
      171, 169, 170, -1,
      195, 196, 143, -1,
      143, 196, 197, -1,
      143, 197, 142, -1,
      142, 197, 198, -1,
      142, 198, 139, -1,
      139, 198, 199, -1,
      139, 199, 200, -1,
      175, 176, 163, -1,
      163, 176, 177, -1,
      163, 177, 162, -1,
      162, 177, 178, -1,
      162, 178, 161, -1,
      161, 178, 179, -1,
      161, 179, 160, -1,
      160, 179, 180, -1,
      160, 180, 159, -1,
      159, 180, 181, -1,
      159, 181, 158, -1,
      158, 181, 182, -1,
      158, 182, 157, -1,
      157, 182, 183, -1,
      157, 183, 156, -1,
      156, 183, 184, -1,
      156, 184, 155, -1,
      155, 184, 185, -1,
      155, 185, 186, -1,
      204, 12, 13, -1,
      204, 13, 205, -1,
      205, 13, 9, -1,
      205, 9, 206, -1,
      8, 207, 9, -1,
      9, 207, 206, -1,
      7, 208, 8, -1,
      8, 208, 207, -1,
      56, 209, 11, -1,
      11, 209, 208, -1,
      11, 208, 7, -1,
      15, 210, 56, -1,
      56, 210, 209, -1,
      16, 211, 14, -1,
      14, 211, 210, -1,
      14, 210, 15, -1,
      18, 212, 17, -1,
      17, 212, 211, -1,
      17, 211, 16, -1,
      18, 23, 212, -1,
      212, 23, 213, -1,
      23, 22, 213, -1,
      213, 22, 21, -1,
      213, 21, 214, -1,
      214, 21, 30, -1,
      214, 30, 215, -1,
      215, 30, 29, -1,
      215, 29, 216, -1,
      216, 29, 28, -1,
      216, 28, 217, -1,
      217, 28, 38, -1,
      217, 38, 218, -1,
      218, 38, 20, -1,
      218, 20, 219, -1,
      19, 220, 20, -1,
      20, 220, 219, -1,
      220, 19, 27, -1,
      220, 27, 221, -1,
      221, 27, 26, -1,
      221, 26, 222, -1,
      222, 26, 25, -1,
      222, 25, 223, -1,
      223, 25, 24, -1,
      223, 24, 224, -1,
      24, 35, 224, -1,
      224, 35, 34, -1,
      224, 34, 225, -1,
      225, 34, 33, -1,
      225, 33, 226, -1,
      226, 33, 32, -1,
      226, 32, 227, -1,
      227, 32, 31, -1,
      227, 31, 228, -1,
      5, 229, 6, -1,
      6, 229, 228, -1,
      6, 228, 31, -1,
      10, 230, 5, -1,
      5, 230, 229, -1,
      204, 230, 12, -1,
      12, 230, 10, -1,
      205, 206, 228, -1,
      229, 230, 228, -1,
      228, 230, 204, -1,
      228, 204, 205, -1,
      209, 210, 208, -1,
      208, 210, 211, -1,
      208, 211, 207, -1,
      219, 220, 218, -1,
      218, 220, 221, -1,
      218, 221, 217, -1,
      217, 221, 222, -1,
      217, 222, 216, -1,
      216, 222, 223, -1,
      216, 223, 215, -1,
      215, 223, 224, -1,
      215, 224, 214, -1,
      206, 207, 228, -1,
      228, 207, 211, -1,
      228, 211, 227, -1,
      211, 212, 227, -1,
      227, 212, 213, -1,
      227, 213, 226, -1,
      226, 213, 214, -1,
      226, 214, 225, -1,
      225, 214, 224, -1,
      0, 231, 1, -1,
      1, 231, 232, -1,
      105, 233, 116, -1,
      116, 233, 231, -1,
      116, 231, 0, -1,
      104, 234, 105, -1,
      105, 234, 233, -1,
      106, 235, 103, -1,
      103, 235, 234, -1,
      103, 234, 104, -1,
      235, 106, 236, -1,
      236, 106, 107, -1,
      236, 107, 108, -1,
      136, 237, 109, -1,
      109, 237, 236, -1,
      109, 236, 108, -1,
      137, 238, 136, -1,
      136, 238, 237, -1,
      112, 239, 138, -1,
      138, 239, 238, -1,
      138, 238, 137, -1,
      110, 240, 111, -1,
      111, 240, 239, -1,
      111, 239, 112, -1,
      114, 241, 113, -1,
      113, 241, 240, -1,
      113, 240, 110, -1,
      115, 242, 114, -1,
      114, 242, 241, -1,
      1, 232, 2, -1,
      2, 232, 242, -1,
      2, 242, 115, -1,
      240, 241, 242, -1,
      242, 232, 240, -1,
      240, 232, 231, -1,
      240, 231, 239, -1,
      237, 238, 236, -1,
      236, 238, 239, -1,
      236, 239, 235, -1,
      235, 239, 231, -1,
      235, 231, 234, -1,
      234, 231, 233, -1,
      243, 122, 121, -1,
      243, 121, 244, -1,
      244, 121, 120, -1,
      244, 120, 245, -1,
      245, 120, 129, -1,
      245, 129, 246, -1,
      246, 129, 128, -1,
      246, 128, 247, -1,
      130, 248, 119, -1,
      119, 248, 249, -1,
      119, 249, 118, -1,
      118, 249, 250, -1,
      118, 250, 117, -1,
      117, 250, 251, -1,
      117, 251, 127, -1,
      127, 251, 247, -1,
      127, 247, 128, -1,
      248, 130, 131, -1,
      248, 131, 252, -1,
      252, 131, 135, -1,
      252, 135, 253, -1,
      253, 135, 134, -1,
      253, 134, 254, -1,
      133, 255, 134, -1,
      134, 255, 254, -1,
      126, 256, 132, -1,
      132, 256, 255, -1,
      132, 255, 133, -1,
      125, 257, 126, -1,
      126, 257, 256, -1,
      257, 125, 124, -1,
      257, 124, 258, -1,
      258, 124, 123, -1,
      258, 123, 259, -1,
      259, 123, 122, -1,
      259, 122, 243, -1,
      243, 260, 259, -1,
      259, 260, 261, -1,
      259, 261, 258, -1,
      258, 261, 262, -1,
      258, 262, 257, -1,
      257, 262, 263, -1,
      257, 263, 256, -1,
      256, 263, 264, -1,
      256, 264, 255, -1,
      255, 264, 265, -1,
      255, 265, 254, -1,
      265, 266, 254, -1,
      254, 266, 267, -1,
      254, 267, 253, -1,
      253, 267, 268, -1,
      253, 268, 252, -1,
      252, 268, 269, -1,
      252, 269, 248, -1,
      248, 269, 270, -1,
      248, 270, 249, -1,
      249, 270, 271, -1,
      249, 271, 250, -1,
      250, 271, 272, -1,
      250, 272, 251, -1,
      251, 272, 273, -1,
      251, 273, 247, -1,
      247, 273, 274, -1,
      247, 274, 246, -1,
      246, 274, 275, -1,
      246, 275, 245, -1,
      245, 275, 276, -1,
      245, 276, 244, -1,
      244, 276, 277, -1,
      244, 277, 243, -1,
      243, 277, 278, -1,
      243, 278, 260, -1,
      263, 279, 264, -1,
      264, 279, 280, -1,
      278, 281, 282, -1,
      278, 282, 260, -1,
      260, 282, 283, -1,
      260, 283, 261, -1,
      261, 283, 284, -1,
      261, 284, 262, -1,
      262, 284, 279, -1,
      262, 279, 263, -1,
      274, 285, 286, -1,
      274, 286, 275, -1,
      275, 286, 287, -1,
      275, 287, 276, -1,
      276, 287, 288, -1,
      276, 288, 277, -1,
      277, 288, 281, -1,
      277, 281, 278, -1,
      270, 289, 290, -1,
      270, 290, 271, -1,
      271, 290, 291, -1,
      271, 291, 272, -1,
      272, 291, 292, -1,
      272, 292, 273, -1,
      273, 292, 285, -1,
      273, 285, 274, -1,
      266, 293, 294, -1,
      266, 294, 267, -1,
      267, 294, 295, -1,
      267, 295, 268, -1,
      268, 295, 296, -1,
      268, 296, 269, -1,
      269, 296, 289, -1,
      269, 289, 270, -1,
      265, 297, 266, -1,
      266, 297, 293, -1,
      265, 264, 297, -1,
      297, 264, 280, -1,
    ]
  }
}

Shape {
  appearance Appearance {
    material Material {
      diffuseColor 0.2980 0.2980 0.2980
      specularColor 0.0902 0.0902 0.0902
      ambientIntensity 0.2
      transparency 0.0000
      shininess 0.5
    }
  }
  geometry IndexedFaceSet {
    ccw TRUE
    solid FALSE
    coord DEF co Coordinate {
      point [
        0.870230 -3.161040 1.442983,
        0.850854 -3.161040 1.442983,
        0.909904 -3.161040 1.456901,
        0.908356 -3.161040 1.455457,
        0.899752 -3.161040 1.449474,
        0.888736 -3.161040 1.445196,
        0.924163 -3.161040 1.495721,
        0.923604 -3.161040 1.486261,
        0.920866 -3.161040 1.474260,
        0.916131 -3.161040 1.464487,
        0.909528 -3.161040 1.533314,
        0.913243 -3.161040 1.529654,
        0.918417 -3.161040 1.522176,
        0.922180 -3.161040 1.512434,
        0.871015 -3.161040 1.545867,
        0.872754 -3.161040 1.545850,
        0.889704 -3.161040 1.543587,
        0.901018 -3.161040 1.539150,
        0.850854 -3.161040 1.545867,
      ]
    }
    coordIndex [
      18, 1, 14, -1,
      14, 1, 0, -1,
      14, 0, 15, -1,
      15, 0, 5, -1,
      15, 5, 4, -1,
      4, 3, 15, -1,
      15, 3, 2, -1,
      15, 2, 9, -1,
      6, 10, 7, -1,
      7, 10, 17, -1,
      9, 8, 15, -1,
      15, 8, 7, -1,
      15, 7, 16, -1,
      16, 7, 17, -1,
      13, 12, 6, -1,
      6, 12, 11, -1,
      6, 11, 10, -1,
    ]
  }
}

Shape {
  appearance Appearance {
    material Material {
      diffuseColor 1.0000 1.0000 1.0000
      specularColor 0.5020 0.5020 0.5020
      ambientIntensity 0.2
      transparency 0.0000
      shininess 0.5
    }
  }
  geometry IndexedFaceSet {
    ccw TRUE
    solid FALSE
    coord DEF co Coordinate {
      point [
        1.050721 -3.161040 1.427769,
        1.069756 -3.161040 1.427769,
        1.025775 -3.161040 1.543241,
        1.018928 -3.161040 1.561218,
        1.037110 -3.161040 1.464269,
        0.981540 -3.161040 1.464269,
        0.968714 -3.161040 1.427769,
        0.949679 -3.161040 1.427769,
        0.993660 -3.161040 1.543241,
        1.000507 -3.161040 1.561218,
        0.986998 -3.164977 1.479347,
        0.981540 -3.164977 1.464269,
        1.031789 -3.164977 1.479347,
        1.037110 -3.164977 1.464269,
        1.006954 -3.164977 1.534815,
        1.000507 -3.164977 1.561218,
        0.949679 -3.164977 1.427769,
        0.968714 -3.164977 1.427769,
        1.008110 -3.164977 1.538797,
        1.009137 -3.164977 1.544161,
        1.018928 -3.164977 1.561218,
        1.009547 -3.164977 1.544161,
        1.010626 -3.164977 1.538516,
        1.011628 -3.164977 1.534815,
        1.069756 -3.164977 1.427769,
        1.050721 -3.164977 1.427769,
        1.009547 -3.161040 1.544161,
        1.010626 -3.161040 1.538516,
        1.011628 -3.161040 1.534815,
        1.009137 -3.161040 1.544161,
        1.006954 -3.161040 1.534815,
        1.008110 -3.161040 1.538797,
        0.986998 -3.161040 1.479347,
        1.031789 -3.161040 1.479347,
      ]
    }
    coordIndex [
      10, 11, 12, -1,
      12, 11, 13, -1,
      14, 15, 10, -1,
      10, 15, 16, -1,
      10, 16, 11, -1,
      11, 16, 17, -1,
      14, 18, 15, -1,
      15, 18, 19, -1,
      15, 19, 20, -1,
      20, 19, 21, -1,
      20, 21, 22, -1,
      22, 23, 20, -1,
      20, 23, 12, -1,
      20, 12, 24, -1,
      24, 12, 13, -1,
      24, 13, 25, -1,
      7, 16, 8, -1,
      8, 16, 15, -1,
      8, 15, 9, -1,
      6, 17, 7, -1,
      7, 17, 16, -1,
      5, 11, 6, -1,
      6, 11, 17, -1,
      4, 13, 5, -1,
      5, 13, 11, -1,
      0, 25, 4, -1,
      4, 25, 13, -1,
      1, 24, 0, -1,
      0, 24, 25, -1,
      3, 20, 2, -1,
      2, 20, 24, -1,
      2, 24, 1, -1,
      15, 20, 9, -1,
      9, 20, 3, -1,
      21, 26, 27, -1,
      21, 27, 22, -1,
      22, 27, 28, -1,
      22, 28, 23, -1,
      19, 29, 21, -1,
      21, 29, 26, -1,
      14, 30, 31, -1,
      14, 31, 18, -1,
      18, 31, 29, -1,
      18, 29, 19, -1,
      10, 32, 14, -1,
      14, 32, 30, -1,
      12, 33, 10, -1,
      10, 33, 32, -1,
      12, 23, 33, -1,
      33, 23, 28, -1,
    ]
  }
}

Shape {
  appearance Appearance {
    material Material {
      diffuseColor 0.2980 0.2980 0.2980
      specularColor 0.0902 0.0902 0.0902
      ambientIntensity 0.2
      transparency 0.0000
      shininess 0.5
    }
  }
  geometry IndexedFaceSet {
    ccw TRUE
    solid FALSE
    coord DEF co Coordinate {
      point [
        1.009547 -3.161040 1.544161,
        1.010626 -3.161040 1.538516,
        1.011628 -3.161040 1.534815,
        1.009137 -3.161040 1.544161,
        1.006954 -3.161040 1.534815,
        1.008110 -3.161040 1.538797,
        0.986998 -3.161040 1.479347,
        1.031789 -3.161040 1.479347,
      ]
    }
    coordIndex [
      0, 3, 1, -1,
      1, 3, 5, -1,
      1, 5, 2, -1,
      2, 5, 4, -1,
      2, 4, 7, -1,
      7, 4, 6, -1,
    ]
  }
}

Shape {
  appearance Appearance {
    material Material {
      diffuseColor 1.0000 1.0000 1.0000
      specularColor 0.5020 0.5020 0.5020
      ambientIntensity 0.2
      transparency 0.0000
      shininess 0.5
    }
  }
  geometry IndexedFaceSet {
    ccw TRUE
    solid FALSE
    coord DEF co Coordinate {
      point [
        0.222493 -3.161040 1.647062,
        0.228742 -3.161040 1.638347,
        -0.087088 -3.161040 1.538228,
        -0.070514 -3.161040 1.523136,
        -0.032028 -3.161040 1.543241,
        -0.340918 -3.161040 1.622961,
        -0.334094 -3.161040 1.638347,
        -0.016432 -3.161040 1.808728,
        0.029559 -3.161040 1.803029,
        0.076543 -3.161040 1.784550,
        -0.058265 -3.161040 1.804156,
        -0.102348 -3.161040 1.788526,
        -0.126425 -3.161040 1.774048,
        -0.130289 -3.161040 1.771724,
        -0.325769 -3.161040 1.657115,
        -0.302973 -3.161040 1.686331,
        -0.231112 -3.161040 1.727288,
        -0.193859 -3.161040 1.731874,
        -0.152586 -3.161040 1.752629,
        -0.182948 -3.161040 1.731281,
        -0.172037 -3.161040 1.729976,
        -0.296465 -3.161040 1.692485,
        -0.266268 -3.161040 1.713674,
        -0.343264 -3.161040 1.543241,
        -0.347567 -3.161040 1.578167,
        -0.347297 -3.161040 1.587303,
        -0.244379 -3.161040 1.432989,
        -0.278598 -3.161040 1.449821,
        -0.231812 -3.161040 1.429204,
        -0.307717 -3.161040 1.474746,
        -0.329430 -3.161040 1.505769,
        -0.343000 -3.161040 1.541097,
        -0.189633 -3.161040 1.377448,
        -0.208192 -3.161040 1.391439,
        -0.222302 -3.161040 1.408854,
        -0.230615 -3.161040 1.426643,
        -0.141675 -3.161040 1.364684,
        -0.118719 -3.161040 1.367511,
        -0.102390 -3.161040 1.373780,
        -0.145342 -3.161040 1.364753,
        -0.167743 -3.161040 1.368248,
        -0.180907 -3.161040 1.373780,
        -0.052765 -3.161040 1.426643,
        -0.052844 -3.161040 1.426308,
        -0.064061 -3.161040 1.405155,
        -0.078657 -3.161040 1.388785,
        -0.097557 -3.161040 1.375636,
        0.255600 -3.161040 1.543241,
        0.253415 -3.161040 1.526253,
        0.068381 -3.161040 1.482617,
        0.074892 -3.161040 1.485189,
        0.086039 -3.161040 1.539265,
        0.062547 -3.161040 1.478481,
        0.082244 -3.161040 1.486132,
        0.083168 -3.161040 1.486065,
        0.086014 -3.161040 1.485435,
        0.241490 -3.161040 1.496217,
        0.222668 -3.161040 1.470002,
        0.196841 -3.161040 1.448141,
        0.167890 -3.161040 1.433978,
        0.136326 -3.161040 1.427306,
        0.052831 -3.161040 1.456719,
        0.053072 -3.161040 1.460464,
        -0.046794 -3.161040 1.469054,
        0.054978 -3.161040 1.467685,
        0.058626 -3.161040 1.474158,
        0.179695 -3.161040 1.509012,
        0.190133 -3.161040 1.523812,
        0.075002 -3.161040 1.428167,
        0.068726 -3.161040 1.430638,
        0.062572 -3.161040 1.435013,
        0.060367 -3.161040 1.437258,
        0.056231 -3.161040 1.443218,
        0.053731 -3.161040 1.449652,
        -0.047304 -3.161040 1.449733,
        -0.046794 -3.161040 1.459565,
        0.087937 -3.161040 1.485183,
        0.130633 -3.161040 1.485183,
        0.147639 -3.161040 1.488438,
        0.164384 -3.161040 1.496189,
        0.178417 -3.161040 1.507641,
        0.133480 -3.161040 1.427306,
        0.130633 -3.161040 1.427306,
        0.080347 -3.161040 1.427306,
        -0.130122 -3.161040 1.554709,
        -0.107220 -3.161040 1.549021,
        0.116219 -3.161040 1.638347,
        -0.141675 -3.161040 1.555395,
        0.196671 -3.161040 1.540722,
        0.196982 -3.161040 1.543241,
        0.083715 -3.161040 1.543241,
        0.198948 -3.161040 1.559191,
        0.198487 -3.161040 1.567475,
        -0.164315 -3.161040 1.552607,
        -0.266985 -3.161040 1.638347,
        -0.185274 -3.161040 1.544594,
        -0.276840 -3.161040 1.624183,
        -0.284966 -3.161040 1.603020,
        -0.280157 -3.161040 1.543241,
        -0.187223 -3.161040 1.543241,
        -0.286663 -3.161040 1.565482,
        -0.287792 -3.161040 1.580065,
        0.174255 -3.161040 1.614322,
        0.159539 -3.161040 1.624598,
        0.194038 -3.161040 1.585700,
        0.185220 -3.161040 1.602075,
        0.117350 -3.161040 1.633198,
        0.056626 -3.161040 1.589553,
        0.124941 -3.161040 1.633198,
        0.142978 -3.161040 1.630974,
        -0.096438 -3.161040 1.543241,
        -0.279869 -3.161040 1.542256,
        -0.220367 -3.161040 1.513186,
        -0.204677 -3.161040 1.531119,
        -0.268543 -3.161040 1.522976,
        -0.251530 -3.161040 1.505501,
        -0.230863 -3.161040 1.492774,
        0.096925 -3.161040 1.690156,
        0.075531 -3.161040 1.715730,
        -0.142624 -3.161040 1.660713,
        0.073089 -3.161040 1.717955,
        0.046430 -3.161040 1.736452,
        -0.128137 -3.161040 1.690713,
        -0.149442 -3.161040 1.664439,
        0.111555 -3.161040 1.659580,
        -0.170718 -3.161040 1.672203,
        -0.192911 -3.161040 1.674946,
        -0.202743 -3.161040 1.674436,
        -0.106860 -3.161040 1.716139,
        0.016675 -3.161040 1.747848,
        -0.081395 -3.161040 1.734744,
        -0.015483 -3.161040 1.751799,
        -0.050397 -3.161040 1.747304,
        -0.226168 -3.161040 1.668895,
        -0.247321 -3.161040 1.657678,
        -0.263691 -3.161040 1.643082,
        0.241851 -3.161040 1.620065,
        0.253442 -3.161040 1.591085,
        0.257774 -3.161040 1.560139,
        0.091596 -3.161040 1.774048,
        0.112606 -3.161040 1.759389,
        0.145969 -3.161040 1.720083,
        0.163842 -3.161040 1.684433,
        0.168533 -3.161040 1.682856,
        0.196765 -3.161040 1.668835,
        -0.222302 -3.164977 1.408854,
        -0.208192 -3.164977 1.391439,
        -0.230863 -3.164977 1.492774,
        -0.247321 -3.164977 1.657678,
        -0.226168 -3.164977 1.668895,
        -0.231112 -3.164977 1.727288,
        -0.172037 -3.164977 1.729976,
        -0.142624 -3.164977 1.660713,
        -0.128137 -3.164977 1.690713,
        -0.046794 -3.164977 1.459565,
        -0.046794 -3.164977 1.469054,
        -0.127080 -3.164977 1.492176,
        -0.136007 -3.164977 1.495020,
        -0.251530 -3.164977 1.505501,
        -0.244379 -3.164977 1.432989,
        -0.231812 -3.164977 1.429204,
        -0.193859 -3.164977 1.731874,
        -0.112915 -3.164977 1.480669,
        -0.108522 -3.164977 1.473023,
        -0.047304 -3.164977 1.449733,
        0.086039 -3.164977 1.539265,
        0.056626 -3.164977 1.589553,
        -0.070514 -3.164977 1.523136,
        -0.142624 -3.164977 1.495620,
        -0.151431 -3.164977 1.494550,
        -0.164315 -3.164977 1.552607,
        -0.159750 -3.164977 1.491393,
        -0.185274 -3.164977 1.544594,
        -0.167228 -3.164977 1.486225,
        -0.204677 -3.164977 1.531119,
        -0.172303 -3.164977 1.480710,
        -0.220367 -3.164977 1.513186,
        -0.176892 -3.164977 1.472623,
        -0.179301 -3.164977 1.463570,
        -0.107220 -3.164977 1.549021,
        -0.130122 -3.164977 1.554709,
        -0.141675 -3.164977 1.555395,
        -0.119250 -3.164977 1.487272,
        -0.167110 -3.164977 1.430903,
        -0.159507 -3.164977 1.425714,
        -0.189633 -3.164977 1.377448,
        -0.150715 -3.164977 1.422514,
        0.117350 -3.164977 1.633198,
        0.124941 -3.164977 1.633198,
        0.163842 -3.164977 1.684433,
        0.142978 -3.164977 1.630974,
        0.168533 -3.164977 1.682856,
        0.159539 -3.164977 1.624598,
        0.196765 -3.164977 1.668835,
        0.222493 -3.164977 1.647062,
        -0.152586 -3.164977 1.752629,
        -0.106860 -3.164977 1.716139,
        -0.130289 -3.164977 1.771724,
        -0.081395 -3.164977 1.734744,
        -0.102348 -3.164977 1.788526,
        -0.202743 -3.164977 1.674436,
        -0.192911 -3.164977 1.674946,
        -0.182948 -3.164977 1.731281,
        -0.170718 -3.164977 1.672203,
        -0.149442 -3.164977 1.664439,
        -0.087088 -3.164977 1.538228,
        0.174255 -3.164977 1.614322,
        0.185220 -3.164977 1.602075,
        0.241851 -3.164977 1.620065,
        0.194038 -3.164977 1.585700,
        0.253442 -3.164977 1.591085,
        0.198487 -3.164977 1.567475,
        0.257774 -3.164977 1.560139,
        0.198948 -3.164977 1.559191,
        0.253415 -3.164977 1.526253,
        0.196671 -3.164977 1.540722,
        0.241490 -3.164977 1.496217,
        0.190133 -3.164977 1.523812,
        0.222668 -3.164977 1.470002,
        -0.173189 -3.164977 1.437758,
        -0.177269 -3.164977 1.445569,
        -0.179382 -3.164977 1.454315,
        0.130633 -3.164977 1.427306,
        0.130633 -3.164977 1.485183,
        0.080347 -3.164977 1.427306,
        0.087937 -3.164977 1.485183,
        0.075002 -3.164977 1.428167,
        0.179695 -3.164977 1.509012,
        0.178417 -3.164977 1.507641,
        0.196841 -3.164977 1.448141,
        0.164384 -3.164977 1.496189,
        0.167890 -3.164977 1.433978,
        0.147639 -3.164977 1.488438,
        0.136326 -3.164977 1.427306,
        0.133480 -3.164977 1.427306,
        0.112606 -3.164977 1.759389,
        0.075531 -3.164977 1.715730,
        0.145969 -3.164977 1.720083,
        0.096925 -3.164977 1.690156,
        0.111555 -3.164977 1.659580,
        -0.284966 -3.164977 1.603020,
        -0.347297 -3.164977 1.587303,
        -0.287792 -3.164977 1.580065,
        -0.347567 -3.164977 1.578167,
        -0.286663 -3.164977 1.565482,
        -0.343000 -3.164977 1.541097,
        -0.279869 -3.164977 1.542256,
        -0.329430 -3.164977 1.505769,
        -0.268543 -3.164977 1.522976,
        -0.307717 -3.164977 1.474746,
        -0.278598 -3.164977 1.449821,
        -0.058265 -3.164977 1.804156,
        -0.050397 -3.164977 1.747304,
        -0.016432 -3.164977 1.808728,
        -0.015483 -3.164977 1.751799,
        0.029559 -3.164977 1.803029,
        0.016675 -3.164977 1.747848,
        0.076543 -3.164977 1.784550,
        0.046430 -3.164977 1.736452,
        0.073089 -3.164977 1.717955,
        -0.266268 -3.164977 1.713674,
        -0.296465 -3.164977 1.692485,
        -0.263691 -3.164977 1.643082,
        -0.302973 -3.164977 1.686331,
        -0.276840 -3.164977 1.624183,
        -0.325769 -3.164977 1.657115,
        -0.340918 -3.164977 1.622961,
        -0.106061 -3.164977 1.464367,
        -0.105782 -3.164977 1.455168,
        -0.052844 -3.164977 1.426308,
        -0.107848 -3.164977 1.446010,
        -0.064061 -3.164977 1.405155,
        -0.112102 -3.164977 1.437741,
        -0.078657 -3.164977 1.388785,
        -0.118180 -3.164977 1.430854,
        -0.097557 -3.164977 1.375636,
        -0.125466 -3.164977 1.425819,
        -0.118719 -3.164977 1.367511,
        -0.133742 -3.164977 1.422680,
        -0.141675 -3.164977 1.364684,
        -0.142624 -3.164977 1.421613,
        -0.145342 -3.164977 1.364753,
        -0.167743 -3.164977 1.368248,
        0.083168 -3.164977 1.486065,
        0.060367 -3.164977 1.437258,
        0.062572 -3.164977 1.435013,
        0.086014 -3.164977 1.485435,
        0.068726 -3.164977 1.430638,
        0.052831 -3.164977 1.456719,
        0.053731 -3.164977 1.449652,
        0.056231 -3.164977 1.443218,
        0.074892 -3.164977 1.485189,
        0.068381 -3.164977 1.482617,
        0.053072 -3.164977 1.460464,
        0.062547 -3.164977 1.478481,
        0.058626 -3.164977 1.474158,
        0.054978 -3.164977 1.467685,
        0.082244 -3.164977 1.486132,
        -0.142624 -3.161040 1.495620,
        -0.136007 -3.161040 1.495020,
        -0.127080 -3.161040 1.492176,
        -0.119250 -3.161040 1.487272,
        -0.112915 -3.161040 1.480669,
        -0.108522 -3.161040 1.473023,
        -0.106061 -3.161040 1.464367,
        -0.105782 -3.161040 1.455168,
        -0.107848 -3.161040 1.446010,
        -0.112102 -3.161040 1.437741,
        -0.118180 -3.161040 1.430854,
        -0.125466 -3.161040 1.425819,
        -0.133742 -3.161040 1.422680,
        -0.142624 -3.161040 1.421613,
        -0.150715 -3.161040 1.422514,
        -0.159507 -3.161040 1.425714,
        -0.167110 -3.161040 1.430903,
        -0.173189 -3.161040 1.437758,
        -0.177269 -3.161040 1.445569,
        -0.179382 -3.161040 1.454315,
        -0.179301 -3.161040 1.463570,
        -0.176892 -3.161040 1.472623,
        -0.172303 -3.161040 1.480710,
        -0.167228 -3.161040 1.486225,
        -0.159750 -3.161040 1.491393,
        -0.151431 -3.161040 1.494550,
      ]
    }
    coordIndex [
      145, 146, 147, -1,
      148, 149, 150, -1,
      151, 152, 153, -1,
      154, 155, 156, -1,
      156, 155, 157, -1,
      158, 159, 147, -1,
      147, 159, 160, -1,
      147, 160, 145, -1,
      150, 149, 161, -1,
      162, 163, 164, -1,
      165, 166, 155, -1,
      155, 166, 167, -1,
      155, 167, 157, -1,
      157, 167, 168, -1,
      169, 170, 171, -1,
      171, 170, 172, -1,
      171, 172, 173, -1,
      173, 172, 174, -1,
      173, 174, 175, -1,
      175, 174, 176, -1,
      175, 176, 177, -1,
      177, 176, 147, -1,
      177, 147, 178, -1,
      179, 180, 169, -1,
      169, 180, 181, -1,
      169, 181, 170, -1,
      154, 156, 164, -1,
      164, 156, 182, -1,
      164, 182, 162, -1,
      183, 146, 184, -1,
      184, 146, 185, -1,
      184, 185, 186, -1,
      187, 188, 189, -1,
      189, 188, 190, -1,
      189, 190, 191, -1,
      191, 190, 192, -1,
      191, 192, 193, -1,
      193, 192, 194, -1,
      151, 153, 195, -1,
      195, 153, 196, -1,
      195, 196, 197, -1,
      197, 196, 198, -1,
      197, 198, 199, -1,
      149, 200, 161, -1,
      161, 200, 201, -1,
      161, 201, 202, -1,
      202, 201, 203, -1,
      202, 203, 151, -1,
      151, 203, 204, -1,
      151, 204, 152, -1,
      168, 167, 169, -1,
      169, 167, 205, -1,
      169, 205, 179, -1,
      192, 206, 194, -1,
      194, 206, 207, -1,
      194, 207, 208, -1,
      208, 207, 209, -1,
      208, 209, 210, -1,
      210, 209, 211, -1,
      210, 211, 212, -1,
      212, 211, 213, -1,
      212, 213, 214, -1,
      214, 213, 215, -1,
      214, 215, 216, -1,
      216, 215, 217, -1,
      216, 217, 218, -1,
      183, 219, 146, -1,
      146, 219, 220, -1,
      146, 220, 147, -1,
      147, 220, 221, -1,
      147, 221, 178, -1,
      222, 223, 224, -1,
      224, 223, 225, -1,
      224, 225, 226, -1,
      217, 227, 218, -1,
      218, 227, 228, -1,
      218, 228, 229, -1,
      229, 228, 230, -1,
      229, 230, 231, -1,
      231, 230, 232, -1,
      231, 232, 233, -1,
      233, 232, 223, -1,
      233, 223, 234, -1,
      234, 223, 222, -1,
      235, 236, 237, -1,
      237, 236, 238, -1,
      237, 238, 189, -1,
      189, 238, 239, -1,
      189, 239, 187, -1,
      240, 241, 242, -1,
      242, 241, 243, -1,
      242, 243, 244, -1,
      244, 243, 245, -1,
      244, 245, 246, -1,
      246, 245, 247, -1,
      246, 247, 248, -1,
      248, 247, 249, -1,
      248, 249, 158, -1,
      158, 249, 250, -1,
      158, 250, 159, -1,
      199, 198, 251, -1,
      251, 198, 252, -1,
      251, 252, 253, -1,
      253, 252, 254, -1,
      253, 254, 255, -1,
      255, 254, 256, -1,
      255, 256, 257, -1,
      257, 256, 258, -1,
      257, 258, 235, -1,
      235, 258, 259, -1,
      235, 259, 236, -1,
      150, 260, 148, -1,
      148, 260, 261, -1,
      148, 261, 262, -1,
      262, 261, 263, -1,
      262, 263, 264, -1,
      264, 263, 265, -1,
      264, 265, 240, -1,
      240, 265, 266, -1,
      240, 266, 241, -1,
      163, 267, 164, -1,
      164, 267, 268, -1,
      164, 268, 269, -1,
      269, 268, 270, -1,
      269, 270, 271, -1,
      271, 270, 272, -1,
      271, 272, 273, -1,
      273, 272, 274, -1,
      273, 274, 275, -1,
      275, 274, 276, -1,
      275, 276, 277, -1,
      277, 276, 278, -1,
      277, 278, 279, -1,
      279, 278, 280, -1,
      279, 280, 281, -1,
      281, 280, 186, -1,
      281, 186, 282, -1,
      282, 186, 185, -1,
      283, 284, 285, -1,
      225, 286, 226, -1,
      226, 286, 283, -1,
      226, 283, 287, -1,
      287, 283, 285, -1,
      288, 289, 283, -1,
      283, 289, 290, -1,
      283, 290, 284, -1,
      291, 292, 293, -1,
      292, 294, 293, -1,
      293, 294, 295, -1,
      293, 295, 296, -1,
      288, 283, 293, -1,
      293, 283, 297, -1,
      293, 297, 291, -1,
      257, 235, 139, -1,
      139, 235, 140, -1,
      139, 9, 257, -1,
      257, 9, 8, -1,
      257, 8, 255, -1,
      255, 8, 7, -1,
      255, 7, 253, -1,
      253, 7, 10, -1,
      253, 10, 251, -1,
      251, 10, 11, -1,
      251, 11, 199, -1,
      199, 11, 197, -1,
      197, 11, 12, -1,
      197, 12, 13, -1,
      197, 13, 18, -1,
      197, 18, 195, -1,
      195, 18, 20, -1,
      195, 20, 151, -1,
      151, 20, 19, -1,
      151, 19, 202, -1,
      202, 19, 17, -1,
      202, 17, 161, -1,
      161, 17, 16, -1,
      161, 16, 150, -1,
      150, 16, 22, -1,
      150, 22, 260, -1,
      260, 22, 21, -1,
      260, 21, 261, -1,
      261, 21, 15, -1,
      261, 15, 263, -1,
      263, 15, 14, -1,
      263, 14, 265, -1,
      265, 14, 6, -1,
      265, 6, 266, -1,
      6, 5, 266, -1,
      266, 5, 25, -1,
      266, 25, 241, -1,
      241, 25, 24, -1,
      241, 24, 243, -1,
      24, 23, 243, -1,
      243, 23, 245, -1,
      23, 31, 245, -1,
      245, 31, 30, -1,
      245, 30, 247, -1,
      247, 30, 29, -1,
      247, 29, 249, -1,
      249, 29, 27, -1,
      249, 27, 250, -1,
      250, 27, 26, -1,
      250, 26, 159, -1,
      159, 26, 28, -1,
      159, 28, 160, -1,
      160, 28, 35, -1,
      160, 35, 145, -1,
      35, 34, 145, -1,
      145, 34, 33, -1,
      145, 33, 146, -1,
      146, 33, 32, -1,
      146, 32, 185, -1,
      185, 32, 41, -1,
      185, 41, 282, -1,
      41, 40, 282, -1,
      282, 40, 39, -1,
      282, 39, 281, -1,
      281, 39, 36, -1,
      281, 36, 279, -1,
      75, 154, 164, -1,
      279, 36, 37, -1,
      38, 275, 37, -1,
      37, 275, 277, -1,
      37, 277, 279, -1,
      38, 46, 275, -1,
      275, 46, 45, -1,
      275, 45, 273, -1,
      273, 45, 44, -1,
      273, 44, 271, -1,
      271, 44, 43, -1,
      271, 43, 269, -1,
      269, 43, 42, -1,
      269, 42, 164, -1,
      164, 42, 74, -1,
      164, 74, 75, -1,
      63, 155, 75, -1,
      75, 155, 154, -1,
      51, 165, 63, -1,
      63, 165, 155, -1,
      107, 166, 90, -1,
      90, 166, 165, -1,
      90, 165, 51, -1,
      3, 167, 4, -1,
      4, 167, 166, -1,
      4, 166, 107, -1,
      167, 3, 2, -1,
      167, 2, 205, -1,
      205, 2, 110, -1,
      205, 110, 179, -1,
      110, 85, 179, -1,
      179, 85, 84, -1,
      179, 84, 180, -1,
      180, 84, 87, -1,
      180, 87, 181, -1,
      181, 87, 93, -1,
      181, 93, 170, -1,
      170, 93, 95, -1,
      170, 95, 172, -1,
      172, 95, 99, -1,
      172, 99, 174, -1,
      99, 113, 174, -1,
      174, 113, 112, -1,
      174, 112, 176, -1,
      176, 112, 116, -1,
      176, 116, 147, -1,
      101, 242, 244, -1,
      147, 116, 115, -1,
      147, 115, 158, -1,
      158, 115, 114, -1,
      158, 114, 248, -1,
      248, 114, 111, -1,
      248, 111, 246, -1,
      246, 111, 98, -1,
      246, 98, 244, -1,
      244, 98, 100, -1,
      244, 100, 101, -1,
      96, 240, 97, -1,
      97, 240, 242, -1,
      97, 242, 101, -1,
      94, 262, 96, -1,
      96, 262, 264, -1,
      96, 264, 240, -1,
      94, 135, 262, -1,
      262, 135, 134, -1,
      262, 134, 148, -1,
      148, 134, 133, -1,
      148, 133, 149, -1,
      149, 133, 127, -1,
      149, 127, 200, -1,
      200, 127, 126, -1,
      200, 126, 201, -1,
      201, 126, 125, -1,
      201, 125, 203, -1,
      203, 125, 123, -1,
      203, 123, 204, -1,
      204, 123, 119, -1,
      204, 119, 152, -1,
      152, 119, 122, -1,
      152, 122, 153, -1,
      153, 122, 128, -1,
      153, 128, 196, -1,
      196, 128, 130, -1,
      196, 130, 198, -1,
      198, 130, 132, -1,
      198, 132, 252, -1,
      252, 132, 131, -1,
      252, 131, 254, -1,
      254, 131, 129, -1,
      254, 129, 256, -1,
      256, 129, 121, -1,
      256, 121, 258, -1,
      258, 121, 120, -1,
      258, 120, 259, -1,
      259, 120, 118, -1,
      259, 118, 236, -1,
      236, 118, 117, -1,
      236, 117, 238, -1,
      238, 117, 124, -1,
      238, 124, 239, -1,
      239, 124, 187, -1,
      187, 124, 86, -1,
      187, 86, 106, -1,
      108, 188, 106, -1,
      106, 188, 187, -1,
      188, 108, 109, -1,
      188, 109, 190, -1,
      190, 109, 103, -1,
      190, 103, 192, -1,
      192, 103, 102, -1,
      192, 102, 206, -1,
      206, 102, 105, -1,
      206, 105, 207, -1,
      207, 105, 104, -1,
      207, 104, 209, -1,
      209, 104, 92, -1,
      209, 92, 211, -1,
      211, 92, 91, -1,
      211, 91, 213, -1,
      213, 91, 215, -1,
      215, 91, 89, -1,
      89, 88, 215, -1,
      215, 88, 67, -1,
      215, 67, 217, -1,
      217, 67, 66, -1,
      217, 66, 227, -1,
      227, 66, 80, -1,
      227, 80, 228, -1,
      228, 80, 79, -1,
      228, 79, 230, -1,
      230, 79, 78, -1,
      230, 78, 232, -1,
      232, 78, 77, -1,
      232, 77, 223, -1,
      76, 225, 77, -1,
      77, 225, 223, -1,
      225, 76, 55, -1,
      225, 55, 286, -1,
      286, 55, 54, -1,
      286, 54, 283, -1,
      283, 54, 53, -1,
      283, 53, 297, -1,
      297, 53, 50, -1,
      297, 50, 291, -1,
      291, 50, 49, -1,
      291, 49, 292, -1,
      292, 49, 52, -1,
      292, 52, 294, -1,
      294, 52, 65, -1,
      294, 65, 295, -1,
      295, 65, 64, -1,
      295, 64, 296, -1,
      296, 64, 62, -1,
      296, 62, 293, -1,
      293, 62, 61, -1,
      293, 61, 288, -1,
      288, 61, 73, -1,
      288, 73, 289, -1,
      289, 73, 72, -1,
      289, 72, 290, -1,
      290, 72, 71, -1,
      290, 71, 284, -1,
      284, 71, 70, -1,
      284, 70, 285, -1,
      285, 70, 69, -1,
      285, 69, 287, -1,
      287, 69, 68, -1,
      287, 68, 226, -1,
      226, 68, 83, -1,
      226, 83, 224, -1,
      82, 222, 83, -1,
      83, 222, 224, -1,
      81, 234, 82, -1,
      82, 234, 222, -1,
      60, 233, 81, -1,
      81, 233, 234, -1,
      233, 60, 59, -1,
      233, 59, 231, -1,
      231, 59, 58, -1,
      231, 58, 229, -1,
      229, 58, 57, -1,
      229, 57, 218, -1,
      138, 212, 47, -1,
      47, 212, 214, -1,
      47, 214, 48, -1,
      48, 214, 216, -1,
      48, 216, 56, -1,
      56, 216, 218, -1,
      56, 218, 57, -1,
      136, 210, 137, -1,
      137, 210, 212, -1,
      137, 212, 138, -1,
      1, 194, 136, -1,
      136, 194, 208, -1,
      136, 208, 210, -1,
      1, 0, 194, -1,
      194, 0, 144, -1,
      194, 144, 193, -1,
      193, 144, 143, -1,
      193, 143, 191, -1,
      191, 143, 142, -1,
      191, 142, 189, -1,
      189, 142, 141, -1,
      189, 141, 237, -1,
      237, 141, 140, -1,
      237, 140, 235, -1,
      168, 298, 299, -1,
      168, 299, 157, -1,
      157, 299, 300, -1,
      157, 300, 156, -1,
      156, 300, 301, -1,
      156, 301, 182, -1,
      182, 301, 302, -1,
      182, 302, 162, -1,
      162, 302, 303, -1,
      162, 303, 163, -1,
      163, 303, 304, -1,
      163, 304, 267, -1,
      267, 304, 305, -1,
      267, 305, 268, -1,
      268, 305, 306, -1,
      268, 306, 270, -1,
      270, 306, 307, -1,
      270, 307, 272, -1,
      272, 307, 308, -1,
      272, 308, 274, -1,
      274, 308, 309, -1,
      274, 309, 276, -1,
      276, 309, 310, -1,
      276, 310, 278, -1,
      278, 310, 311, -1,
      278, 311, 280, -1,
      280, 311, 312, -1,
      280, 312, 186, -1,
      186, 312, 313, -1,
      186, 313, 184, -1,
      184, 313, 314, -1,
      184, 314, 183, -1,
      183, 314, 315, -1,
      183, 315, 219, -1,
      219, 315, 316, -1,
      219, 316, 220, -1,
      220, 316, 317, -1,
      220, 317, 221, -1,
      221, 317, 318, -1,
      221, 318, 178, -1,
      178, 318, 319, -1,
      178, 319, 177, -1,
      177, 319, 320, -1,
      177, 320, 175, -1,
      175, 320, 321, -1,
      175, 321, 173, -1,
      173, 321, 322, -1,
      173, 322, 171, -1,
      171, 322, 323, -1,
      171, 323, 169, -1,
      169, 323, 298, -1,
      169, 298, 168, -1,
    ]
  }
}

Shape {
  appearance Appearance {
    material Material {
      diffuseColor 0.2980 0.2980 0.2980
      specularColor 0.0902 0.0902 0.0902
      ambientIntensity 0.2
      transparency 0.0000
      shininess 0.5
    }
  }
  geometry IndexedFaceSet {
    ccw TRUE
    solid FALSE
    coord DEF co Coordinate {
      point [
        1.860892 -1.319861 -0.433071,
        1.875823 -1.272632 -0.433071,
        1.863050 -1.303468 -0.433071,
        1.898799 -1.228477 -0.433071,
        1.888615 -1.241748 -0.433071,
        1.982283 -1.148080 -0.433071,
        1.969045 -1.158239 -0.433071,
        1.929315 -1.188725 -0.433071,
        1.929284 -1.188749 -0.433071,
        2.013222 -1.135265 -0.433071,
        2.044003 -1.122515 -0.433071,
        2.060446 -1.120350 -0.433071,
        2.110236 -1.113796 -0.433071,
        2.110281 -1.113802 -0.433071,
        2.159877 -1.120331 -0.433071,
        2.251421 -1.158234 -0.433071,
        2.238189 -1.148080 -0.433071,
        2.207297 -1.135285 -0.433071,
        2.176470 -1.122515 -0.433071,
        2.321721 -1.228539 -0.433071,
        2.291189 -1.188749 -0.433071,
        2.291100 -1.188680 -0.433071,
        2.344583 -1.272472 -0.433071,
        2.331857 -1.241748 -0.433071,
        2.366130 -1.369611 -0.433071,
        2.359591 -1.319943 -0.433071,
        2.357422 -1.303468 -0.433071,
        2.366142 -1.369701 -0.433071,
        2.359574 -1.419593 -0.433071,
        2.357422 -1.435934 -0.433071,
        2.344568 -1.466967 -0.433071,
        2.331857 -1.497654 -0.433071,
        2.321553 -1.511082 -0.433071,
        2.291189 -1.550654 -0.433071,
        2.291099 -1.550722 -0.433071,
        2.251216 -1.581326 -0.433071,
        2.207241 -1.604141 -0.433071,
        2.238189 -1.591322 -0.433071,
        2.159774 -1.619085 -0.433071,
        2.176470 -1.616887 -0.433071,
        2.044003 -1.616887 -0.433071,
        2.060437 -1.619050 -0.433071,
        2.110069 -1.625585 -0.433071,
        2.110236 -1.625607 -0.433071,
        2.012955 -1.604026 -0.433071,
        1.982283 -1.591322 -0.433071,
        1.969033 -1.581154 -0.433071,
        1.929284 -1.550654 -0.433071,
        1.929188 -1.550530 -0.433071,
        1.898726 -1.510831 -0.433071,
        1.875804 -1.466724 -0.433071,
        1.888615 -1.497654 -0.433071,
        1.854331 -1.369701 -0.433071,
        1.860857 -1.419275 -0.433071,
        1.863050 -1.435934 -0.433071,
        2.012761 -1.563054 -0.472441,
        1.990453 -1.548873 -0.472441,
        1.930381 -1.249442 -0.472441,
        1.897942 -1.327355 -0.472441,
        1.898002 -1.326754 -0.472441,
        1.910285 -1.286891 -0.472441,
        1.931283 -1.247785 -0.472441,
        2.309476 -1.452441 -0.472441,
        2.305816 -1.462634 -0.472441,
        2.289431 -1.489747 -0.472441,
        1.957320 -1.216710 -0.472441,
        1.958878 -1.214850 -0.472441,
        1.990094 -1.189885 -0.472441,
        2.262881 -1.216976 -0.472441,
        2.268428 -1.221841 -0.472441,
        2.289757 -1.249815 -0.472441,
        2.326542 -1.379699 -0.472441,
        2.321790 -1.411981 -0.472441,
        2.027593 -1.169922 -0.472441,
        2.138589 -1.584373 -0.472441,
        2.110062 -1.585267 -0.472441,
        2.095408 -1.585727 -0.472441,
        2.068080 -1.581101 -0.472441,
        2.053139 -1.578573 -0.472441,
        2.027574 -1.568747 -0.472441,
        1.903889 -1.435337 -0.472441,
        1.898887 -1.411609 -0.472441,
        1.992432 -1.188015 -0.472441,
        2.320250 -1.422440 -0.472441,
        2.283451 -1.499642 -0.472441,
        2.262649 -1.522302 -0.472441,
        2.254481 -1.531199 -0.472441,
        1.976511 -1.540010 -0.472441,
        1.910636 -1.285750 -0.472441,
        2.229836 -1.549133 -0.472441,
        2.219543 -1.556624 -0.472441,
        2.192642 -1.568946 -0.472441,
        2.180394 -1.574557 -0.472441,
        2.152122 -1.581195 -0.472441,
        1.957739 -1.521980 -0.472441,
        1.945467 -1.510194 -0.472441,
        1.931028 -1.489365 -0.472441,
        1.920862 -1.474700 -0.472441,
        1.911115 -1.452094 -0.472441,
        2.294704 -1.256302 -0.472441,
        2.030897 -1.168222 -0.472441,
        2.068028 -1.157704 -0.472441,
        2.309622 -1.287022 -0.472441,
        2.313416 -1.294834 -0.472441,
        2.321897 -1.327600 -0.472441,
        2.324229 -1.336607 -0.472441,
        2.326003 -1.369665 -0.472441,
        1.894954 -1.392950 -0.472441,
        1.893701 -1.369701 -0.472441,
        2.072104 -1.156549 -0.472441,
        2.110308 -1.153602 -0.472441,
        2.115217 -1.153223 -0.472441,
        2.152363 -1.157790 -0.472441,
        2.157838 -1.158463 -0.472441,
        2.192907 -1.170135 -0.472441,
        2.198716 -1.172069 -0.472441,
        2.230259 -1.190166 -0.472441,
        2.236196 -1.193573 -0.472441,
        0.625139 -1.303468 -0.433071,
        0.599573 -1.241748 -0.433071,
        0.558905 -1.188749 -0.433071,
        0.505906 -1.148080 -0.433071,
        0.444186 -1.122515 -0.433071,
        0.377953 -1.113796 -0.433071,
        0.311720 -1.122515 -0.433071,
        0.250000 -1.148080 -0.433071,
        0.197000 -1.188749 -0.433071,
        0.156332 -1.241748 -0.433071,
        0.130767 -1.303468 -0.433071,
        0.122047 -1.369701 -0.433071,
        0.130767 -1.435934 -0.433071,
        0.156332 -1.497654 -0.433071,
        0.197000 -1.550654 -0.433071,
        0.250000 -1.591322 -0.433071,
        0.311720 -1.616887 -0.433071,
        0.377953 -1.625607 -0.433071,
        0.444186 -1.616887 -0.433071,
        0.505906 -1.591322 -0.433071,
        0.558905 -1.550654 -0.433071,
        0.599573 -1.497654 -0.433071,
        0.625139 -1.435934 -0.433071,
        0.633858 -1.369701 -0.433071,
        0.565478 -1.261433 -0.472441,
        0.587110 -1.313658 -0.472441,
        0.594488 -1.369701 -0.472441,
        0.587110 -1.425745 -0.472441,
        0.433996 -1.160544 -0.472441,
        0.486220 -1.182176 -0.472441,
        0.531067 -1.216587 -0.472441,
        0.269685 -1.182176 -0.472441,
        0.321909 -1.160544 -0.472441,
        0.377953 -1.153166 -0.472441,
        0.168796 -1.313658 -0.472441,
        0.190428 -1.261433 -0.472441,
        0.224839 -1.216587 -0.472441,
        0.190428 -1.477969 -0.472441,
        0.168796 -1.425745 -0.472441,
        0.161417 -1.369701 -0.472441,
        0.321909 -1.578858 -0.472441,
        0.269685 -1.557226 -0.472441,
        0.224839 -1.522815 -0.472441,
        0.486220 -1.557226 -0.472441,
        0.433996 -1.578858 -0.472441,
        0.377953 -1.586237 -0.472441,
        0.565478 -1.477969 -0.472441,
        0.531067 -1.522815 -0.472441,
        -0.142624 -3.161040 1.495620,
        -0.136007 -3.161040 1.495020,
        -0.127080 -3.161040 1.492176,
        -0.119250 -3.161040 1.487272,
        -0.112915 -3.161040 1.480669,
        -0.108522 -3.161040 1.473023,
        -0.106061 -3.161040 1.464367,
        -0.105782 -3.161040 1.455168,
        -0.107848 -3.161040 1.446010,
        -0.112102 -3.161040 1.437741,
        -0.118180 -3.161040 1.430854,
        -0.125466 -3.161040 1.425819,
        -0.133742 -3.161040 1.422680,
        -0.142624 -3.161040 1.421613,
        -0.150715 -3.161040 1.422514,
        -0.159507 -3.161040 1.425714,
        -0.167110 -3.161040 1.430903,
        -0.173189 -3.161040 1.437758,
        -0.177269 -3.161040 1.445569,
        -0.179382 -3.161040 1.454315,
        -0.179301 -3.161040 1.463570,
        -0.176892 -3.161040 1.472623,
        -0.172303 -3.161040 1.480710,
        -0.167228 -3.161040 1.486225,
        -0.159750 -3.161040 1.491393,
        -0.151431 -3.161040 1.494550,
      ]
    }
    coordIndex [
      178, 167, 179, -1,
      179, 167, 166, -1,
      179, 166, 191, -1,
      191, 190, 179, -1,
      179, 190, 189, -1,
      179, 189, 188, -1,
      176, 170, 169, -1,
      184, 183, 188, -1,
      188, 183, 182, -1,
      178, 177, 167, -1,
      167, 177, 176, -1,
      167, 176, 168, -1,
      168, 176, 169, -1,
      182, 181, 188, -1,
      188, 181, 180, -1,
      188, 180, 179, -1,
      187, 186, 188, -1,
      188, 186, 185, -1,
      188, 185, 184, -1,
      174, 173, 175, -1,
      175, 173, 172, -1,
      175, 172, 176, -1,
      176, 172, 171, -1,
      176, 171, 170, -1,
      53, 81, 54, -1,
      54, 81, 80, -1,
      54, 80, 50, -1,
      50, 80, 98, -1,
      50, 98, 51, -1,
      51, 98, 97, -1,
      51, 97, 49, -1,
      49, 97, 96, -1,
      49, 96, 48, -1,
      96, 95, 48, -1,
      48, 95, 94, -1,
      48, 94, 47, -1,
      47, 94, 87, -1,
      47, 87, 46, -1,
      46, 87, 56, -1,
      46, 56, 45, -1,
      45, 56, 55, -1,
      45, 55, 44, -1,
      44, 55, 79, -1,
      44, 79, 40, -1,
      40, 79, 78, -1,
      40, 78, 41, -1,
      41, 78, 77, -1,
      41, 77, 42, -1,
      77, 76, 42, -1,
      42, 76, 75, -1,
      42, 75, 43, -1,
      43, 75, 74, -1,
      43, 74, 38, -1,
      38, 74, 93, -1,
      38, 93, 39, -1,
      39, 93, 92, -1,
      39, 92, 36, -1,
      36, 92, 91, -1,
      36, 91, 37, -1,
      37, 91, 90, -1,
      37, 90, 35, -1,
      35, 90, 89, -1,
      35, 89, 34, -1,
      15, 116, 16, -1,
      16, 116, 115, -1,
      16, 115, 17, -1,
      17, 115, 114, -1,
      17, 114, 18, -1,
      18, 114, 113, -1,
      18, 113, 14, -1,
      14, 113, 112, -1,
      14, 112, 13, -1,
      25, 104, 26, -1,
      26, 104, 103, -1,
      26, 103, 22, -1,
      22, 103, 102, -1,
      22, 102, 23, -1,
      23, 102, 99, -1,
      23, 99, 19, -1,
      19, 99, 70, -1,
      19, 70, 20, -1,
      20, 70, 69, -1,
      20, 69, 21, -1,
      21, 69, 68, -1,
      21, 68, 15, -1,
      15, 68, 117, -1,
      15, 117, 116, -1,
      112, 111, 13, -1,
      13, 111, 110, -1,
      13, 110, 12, -1,
      12, 110, 109, -1,
      12, 109, 11, -1,
      11, 109, 101, -1,
      11, 101, 10, -1,
      10, 101, 100, -1,
      10, 100, 9, -1,
      9, 100, 73, -1,
      9, 73, 5, -1,
      5, 73, 82, -1,
      5, 82, 6, -1,
      6, 82, 67, -1,
      6, 67, 7, -1,
      67, 66, 7, -1,
      7, 66, 65, -1,
      7, 65, 8, -1,
      8, 65, 61, -1,
      8, 61, 3, -1,
      3, 61, 57, -1,
      3, 57, 4, -1,
      4, 57, 88, -1,
      4, 88, 1, -1,
      1, 88, 60, -1,
      1, 60, 2, -1,
      2, 60, 59, -1,
      2, 59, 0, -1,
      0, 59, 58, -1,
      0, 58, 52, -1,
      52, 58, 108, -1,
      52, 108, 53, -1,
      53, 108, 107, -1,
      53, 107, 81, -1,
      89, 86, 34, -1,
      34, 86, 85, -1,
      34, 85, 33, -1,
      33, 85, 84, -1,
      33, 84, 32, -1,
      32, 84, 64, -1,
      32, 64, 31, -1,
      31, 64, 63, -1,
      31, 63, 30, -1,
      30, 63, 62, -1,
      30, 62, 29, -1,
      29, 62, 83, -1,
      29, 83, 28, -1,
      28, 83, 72, -1,
      28, 72, 27, -1,
      27, 72, 71, -1,
      27, 71, 24, -1,
      24, 71, 106, -1,
      24, 106, 25, -1,
      25, 106, 105, -1,
      25, 105, 104, -1,
      129, 156, 130, -1,
      130, 156, 155, -1,
      130, 155, 131, -1,
      131, 155, 160, -1,
      131, 160, 132, -1,
      132, 160, 159, -1,
      132, 159, 133, -1,
      133, 159, 158, -1,
      133, 158, 134, -1,
      134, 158, 163, -1,
      134, 163, 135, -1,
      135, 163, 162, -1,
      135, 162, 136, -1,
      136, 162, 161, -1,
      136, 161, 137, -1,
      137, 161, 165, -1,
      137, 165, 138, -1,
      138, 165, 164, -1,
      138, 164, 139, -1,
      139, 164, 145, -1,
      139, 145, 140, -1,
      140, 145, 144, -1,
      140, 144, 141, -1,
      141, 144, 143, -1,
      141, 143, 118, -1,
      118, 143, 142, -1,
      118, 142, 119, -1,
      119, 142, 148, -1,
      119, 148, 120, -1,
      120, 148, 147, -1,
      120, 147, 121, -1,
      121, 147, 146, -1,
      121, 146, 122, -1,
      122, 146, 151, -1,
      122, 151, 123, -1,
      123, 151, 150, -1,
      123, 150, 124, -1,
      124, 150, 149, -1,
      124, 149, 125, -1,
      125, 149, 154, -1,
      125, 154, 126, -1,
      126, 154, 153, -1,
      126, 153, 127, -1,
      127, 153, 152, -1,
      127, 152, 128, -1,
      128, 152, 157, -1,
      128, 157, 129, -1,
      129, 157, 156, -1,
    ]
  }
}

Shape {
  appearance Appearance {
    material Material {
      diffuseColor 0.6667 0.6980 0.7686
      specularColor 0.3333 0.3490 0.3843
      ambientIntensity 0.2
      transparency 0.0000
      shininess 0.5
    }
  }
  geometry IndexedFaceSet {
    ccw TRUE
    solid FALSE
    coord DEF co Coordinate {
      point [
        1.814961 0.626362 0.070866,
        2.405512 0.626362 0.070866,
        1.814961 1.228724 0.070866,
        2.405512 1.228724 0.070866,
        2.382449 1.284402 0.070866,
        2.366142 1.296915 0.070866,
        2.347151 1.304781 0.070866,
        1.822758 1.262888 0.070866,
        1.893701 1.307464 0.070866,
        1.876180 1.305490 0.070866,
        1.859537 1.299667 0.070866,
        1.844607 1.290285 0.070866,
        1.832139 1.277818 0.070866,
        2.394963 1.268094 0.070866,
        1.816935 1.246245 0.070866,
        2.326772 1.307464 0.070866,
        2.402829 1.249104 0.070866,
        2.326772 1.307464 -0.007874,
        1.893701 1.307464 -0.007874,
        2.405512 0.626362 -0.007874,
        1.814961 0.626362 -0.007874,
        2.405512 1.228724 -0.007874,
        1.814961 1.228724 -0.007874,
        1.859537 1.299667 -0.007874,
        1.822758 1.262888 -0.007874,
        1.844607 1.290285 -0.007874,
        1.832139 1.277818 -0.007874,
        1.876180 1.305490 -0.007874,
        1.816935 1.246245 -0.007874,
        2.347151 1.304781 -0.007874,
        2.366142 1.296915 -0.007874,
        2.382449 1.284402 -0.007874,
        2.394963 1.268094 -0.007874,
        2.402829 1.249104 -0.007874,
        2.405512 0.508252 0.110236,
        1.814961 0.508252 0.110236,
        1.814961 0.510521 0.087194,
        2.405512 0.510521 0.087194,
        1.814961 0.517242 0.065037,
        2.405512 0.517242 0.065037,
        1.814961 0.528157 0.044618,
        2.405512 0.528157 0.044618,
        1.814961 0.542845 0.026720,
        2.405512 0.542845 0.026720,
        1.814961 0.560743 0.012031,
        2.405512 0.560743 0.012031,
        1.814961 0.581163 0.001117,
        2.405512 0.581163 0.001117,
        1.814961 0.603320 -0.005605,
        2.405512 0.603320 -0.005605,
        2.405512 0.508252 0.196850,
        1.814961 0.508252 0.196850,
        2.405512 0.370724 0.313354,
        1.814961 0.370724 0.313354,
        2.405512 0.396262 0.314802,
        1.814961 0.396262 0.314802,
        2.405512 0.421513 0.310718,
        1.814961 0.421513 0.310718,
        2.405512 0.445292 0.301294,
        1.814961 0.445292 0.301294,
        2.405512 0.466485 0.286971,
        1.814961 0.466485 0.286971,
        2.405512 0.484097 0.268421,
        1.814961 0.484097 0.268421,
        2.405512 0.497302 0.246515,
        1.814961 0.497302 0.246515,
        2.405512 0.505482 0.222279,
        1.814961 0.505482 0.222279,
        2.405512 0.357779 0.391022,
        1.814961 0.357779 0.391022,
        2.405512 0.586992 0.196850,
        1.814961 0.586992 0.196850,
        1.814961 0.584546 0.227787,
        2.405512 0.584546 0.227787,
        1.814961 0.577268 0.257955,
        2.405512 0.577268 0.257955,
        1.814961 0.565339 0.286604,
        2.405512 0.565339 0.286604,
        1.814961 0.549056 0.313023,
        2.405512 0.549056 0.313023,
        1.814961 0.528824 0.336554,
        2.405512 0.528824 0.336554,
        1.814961 0.505145 0.356613,
        2.405512 0.505145 0.356613,
        1.814961 0.478608 0.372702,
        2.405512 0.478608 0.372702,
        1.814961 0.449872 0.384420,
        2.405512 0.449872 0.384420,
        1.814961 0.419651 0.391476,
        2.405512 0.419651 0.391476,
        1.814961 0.388697 0.393696,
        2.405512 0.388697 0.393696,
        2.405512 0.586992 0.110236,
        1.814961 0.586992 0.110236,
        2.405512 0.616172 0.072207,
        1.814961 0.616172 0.072207,
        2.405512 0.606677 0.076141,
        1.814961 0.606677 0.076141,
        2.405512 0.598523 0.082397,
        1.814961 0.598523 0.082397,
        2.405512 0.592266 0.090551,
        1.814961 0.592266 0.090551,
        2.405512 0.588333 0.100046,
        1.814961 0.588333 0.100046,
        2.405512 -3.810646 0.070866,
        2.405512 -3.810646 -0.007874,
        2.405512 -3.365764 0.070866,
        2.405512 -3.365764 -0.007874,
        2.405512 -3.355574 0.072207,
        2.405512 -3.335195 -0.003850,
        2.405512 -3.346080 0.076141,
        2.405512 -3.306709 0.007950,
        2.405512 -3.337926 0.082397,
        2.405512 -3.282248 0.026720,
        2.405512 -3.331669 0.090551,
        2.405512 -3.263478 0.051181,
        2.405512 -3.327735 0.100046,
        2.405512 -3.251678 0.079667,
        2.405512 -3.326394 0.110236,
        2.405512 -3.247654 0.110236,
        2.405512 -3.326394 0.287057,
        2.405512 -3.247654 0.287057,
        -0.468504 -3.889387 0.070866,
        -0.035433 -3.889387 0.070866,
        0.043307 -3.810646 0.070866,
        -0.507874 -3.878837 0.070866,
        -0.488883 -3.886703 0.070866,
        -0.524181 -3.866324 0.070866,
        -0.536695 -3.850016 0.070866,
        -0.017912 -3.887412 0.070866,
        -0.001269 -3.881589 0.070866,
        0.013661 -3.872207 0.070866,
        0.026128 -3.859740 0.070866,
        0.035509 -3.844810 0.070866,
        0.041333 -3.828167 0.070866,
        0.043307 -3.365764 0.070866,
        -0.547244 -3.365764 0.070866,
        -0.547244 -3.810646 0.070866,
        -0.544561 -3.831025 0.070866,
        -0.468504 -3.889387 -0.007874,
        -0.035433 -3.889387 -0.007874,
        -0.547244 -3.365764 -0.007874,
        0.043307 -3.365764 -0.007874,
        -0.547244 -3.810646 -0.007874,
        0.043307 -3.810646 -0.007874,
        0.041333 -3.828167 -0.007874,
        0.035509 -3.844810 -0.007874,
        0.026128 -3.859740 -0.007874,
        0.013661 -3.872207 -0.007874,
        -0.001269 -3.881589 -0.007874,
        -0.536695 -3.850016 -0.007874,
        -0.524181 -3.866324 -0.007874,
        -0.488883 -3.886703 -0.007874,
        -0.507874 -3.878837 -0.007874,
        -0.017912 -3.887412 -0.007874,
        -0.544561 -3.831025 -0.007874,
        -0.547244 -3.335195 -0.003850,
        0.043307 -3.335195 -0.003850,
        -0.547244 -3.306709 0.007950,
        0.043307 -3.306709 0.007950,
        -0.547244 -3.282248 0.026720,
        0.043307 -3.282248 0.026720,
        -0.547244 -3.263478 0.051181,
        0.043307 -3.263478 0.051181,
        -0.547244 -3.251678 0.079667,
        0.043307 -3.251678 0.079667,
        -0.547244 -3.247654 0.110236,
        0.043307 -3.247654 0.110236,
        1.814961 -3.247654 0.110236,
        2.023342 -3.247654 0.337959,
        2.031496 -3.247654 0.331702,
        -1.314961 -3.247654 0.110236,
        -1.314961 -3.247654 0.782439,
        2.031496 -3.247654 0.538845,
        2.040991 -3.247654 0.542778,
        2.366142 -3.247654 0.782439,
        2.051181 -3.247654 0.544119,
        2.023342 -3.247654 0.532588,
        2.040991 -3.247654 0.327769,
        2.051181 -3.247654 0.326428,
        2.366142 -3.247654 0.326428,
        2.404170 -3.247654 0.297247,
        2.404170 -3.247654 0.753259,
        2.405512 -3.247654 0.743069,
        2.017085 -3.247654 0.524434,
        2.013153 -3.247654 0.514939,
        2.011811 -3.247654 0.504749,
        2.011811 -3.247654 0.365798,
        2.013153 -3.247654 0.355608,
        2.017085 -3.247654 0.346113,
        2.385827 -3.247654 0.321153,
        2.393981 -3.247654 0.314896,
        2.400237 -3.247654 0.306743,
        2.385827 -3.247654 0.777165,
        2.393981 -3.247654 0.770908,
        2.400237 -3.247654 0.762754,
        2.366142 -3.247654 0.544119,
        2.405512 -3.247654 0.583489,
        2.404525 -3.247654 0.574729,
        2.401613 -3.247654 0.566407,
        2.396922 -3.247654 0.558943,
        2.376331 -3.247654 0.325086,
        2.376331 -3.247654 0.781098,
        2.390689 -3.247654 0.552709,
        2.383224 -3.247654 0.548018,
        2.374902 -3.247654 0.545106,
        2.040991 -3.326394 0.327769,
        2.031496 -3.326394 0.331702,
        1.814961 -3.326394 0.110236,
        2.051181 -3.326394 0.326428,
        -1.314961 -3.326394 0.782439,
        2.013153 -3.326394 0.514939,
        2.017085 -3.326394 0.524434,
        2.405512 -3.326394 0.743069,
        2.404170 -3.326394 0.753259,
        2.031496 -3.326394 0.538845,
        2.400237 -3.326394 0.762754,
        2.040991 -3.326394 0.542778,
        2.051181 -3.326394 0.544119,
        2.366142 -3.326394 0.544119,
        2.023342 -3.326394 0.337959,
        2.017085 -3.326394 0.346113,
        0.043307 -3.326394 0.110236,
        -1.314961 -3.326394 0.110236,
        -0.547244 -3.326394 0.110236,
        2.011811 -3.326394 0.365798,
        2.013153 -3.326394 0.355608,
        2.011811 -3.326394 0.504749,
        2.401613 -3.326394 0.566407,
        2.404525 -3.326394 0.574729,
        2.405512 -3.326394 0.583489,
        2.366142 -3.326394 0.326428,
        2.404170 -3.326394 0.297247,
        2.400237 -3.326394 0.306743,
        2.393981 -3.326394 0.770908,
        2.385827 -3.326394 0.777165,
        2.376331 -3.326394 0.781098,
        2.383224 -3.326394 0.548018,
        2.390689 -3.326394 0.552709,
        2.396922 -3.326394 0.558943,
        2.393981 -3.326394 0.314896,
        2.385827 -3.326394 0.321153,
        2.376331 -3.326394 0.325086,
        2.023342 -3.326394 0.532588,
        2.366142 -3.326394 0.782439,
        2.374902 -3.326394 0.545106,
        0.043307 -3.327735 0.100046,
        -0.547244 -3.327735 0.100046,
        0.043307 -3.331669 0.090551,
        -0.547244 -3.331669 0.090551,
        0.043307 -3.337926 0.082397,
        -0.547244 -3.337926 0.082397,
        0.043307 -3.346080 0.076141,
        -0.547244 -3.346080 0.076141,
        0.043307 -3.355574 0.072207,
        -0.547244 -3.355574 0.072207,
        -1.393701 -3.247654 0.110236,
        -1.393701 -3.247654 0.782439,
        -1.393701 -1.573285 0.484629,
        -1.393701 -1.797987 0.782439,
        -1.393701 -1.422393 0.681276,
        -1.393701 -1.471493 0.660938,
        -1.393701 -1.513657 0.628585,
        -1.393701 -1.546010 0.586421,
        -1.393701 -1.566348 0.537320,
        -1.393701 -1.579178 2.196231,
        -1.393701 -1.478134 2.154377,
        -1.393701 -0.941415 1.879813,
        -1.393701 -1.369701 2.140102,
        -1.393701 -1.317010 0.287982,
        -1.393701 -1.267909 0.308320,
        -1.393701 -0.941415 0.110236,
        -1.393701 -1.665946 2.262810,
        -1.393701 -2.020359 2.088478,
        -1.393701 -1.732526 2.349578,
        -1.393701 -2.097875 2.220585,
        -1.393701 -1.774379 2.450622,
        -1.393701 -2.148896 2.365007,
        -1.393701 -1.788655 2.559055,
        -1.393701 -2.171566 2.516490,
        -1.393701 -2.165060 2.669522,
        -1.393701 -1.774379 2.667488,
        -1.393701 -2.129616 2.818534,
        -1.393701 -1.732526 2.768532,
        -1.393701 -2.066521 2.958105,
        -1.393701 -1.665946 2.855300,
        -1.393701 -1.225746 0.340673,
        -1.393701 -1.193392 0.382837,
        -1.393701 -1.173054 0.431937,
        -1.393701 -1.797987 1.879813,
        -1.393701 -1.919170 1.973493,
        -1.393701 -1.261268 2.154377,
        -1.393701 -1.160224 2.196231,
        -1.393701 -0.820233 1.973493,
        -1.393701 -1.073456 2.262810,
        -1.393701 -0.719043 2.088478,
        -1.393701 -1.006877 2.349578,
        -1.393701 -1.566348 0.431937,
        -1.393701 -1.546010 0.382837,
        -1.393701 -1.513657 0.340673,
        -1.393701 -1.978073 3.083157,
        -1.393701 -1.867490 3.189139,
        -1.393701 -1.579178 2.921880,
        -1.393701 -1.738794 3.272196,
        -1.393701 -1.478134 2.963733,
        -1.393701 -1.596669 3.329305,
        -1.393701 -1.369701 2.978009,
        -1.393701 -1.166117 0.484629,
        -1.393701 -1.173054 0.537320,
        -1.393701 -1.193392 0.586421,
        -1.393701 -1.225746 0.628585,
        -1.393701 -1.267909 0.660938,
        -1.393701 -1.317010 0.681276,
        -1.393701 -0.965023 2.667488,
        -1.393701 -0.574342 2.669522,
        -1.393701 -0.950748 2.559055,
        -1.393701 -0.567836 2.516490,
        -1.393701 -0.965023 2.450622,
        -1.393701 -0.590506 2.365007,
        -1.393701 -0.641528 2.220585,
        -1.393701 -1.471493 0.308320,
        -1.393701 -1.422393 0.287982,
        -1.393701 -1.369701 0.281045,
        -1.393701 -1.369701 0.688213,
        -1.393701 -1.160224 2.921880,
        -1.393701 -0.871913 3.189139,
        -1.393701 -1.073456 2.855300,
        -1.393701 -0.761329 3.083157,
        -1.393701 -1.006877 2.768532,
        -1.393701 -0.672881 2.958105,
        -1.393701 -0.609787 2.818534,
        -1.393701 -1.446286 3.358389,
        -1.393701 -1.293117 3.358389,
        -1.393701 -1.261268 2.963733,
        -1.393701 -1.142733 3.329305,
        -1.393701 -1.000608 3.272196,
        -1.314961 -1.797987 0.782439,
        -1.332482 -3.324420 0.782439,
        -1.349125 -3.318596 0.782439,
        -1.391727 -3.265175 0.782439,
        -1.385903 -3.281818 0.782439,
        -1.376522 -3.296748 0.782439,
        -1.364054 -3.309215 0.782439,
        -1.376522 -3.296748 0.110236,
        -1.385903 -3.281818 0.110236,
        -1.332482 -3.324420 0.110236,
        -1.314961 -0.941415 0.110236,
        -1.391727 -3.265175 0.110236,
        -1.349125 -3.318596 0.110236,
        -1.364054 -3.309215 0.110236,
        -1.314961 -1.797987 1.879813,
        -1.314961 -1.919170 1.973493,
        -1.314961 -2.020359 2.088478,
        -1.314961 -2.097875 2.220585,
        -1.314961 -2.148896 2.365007,
        -1.314961 -2.171566 2.516490,
        -1.314961 -2.165060 2.669522,
        -1.314961 -2.129616 2.818534,
        -1.314961 -2.066521 2.958105,
        -1.314961 -1.978073 3.083157,
        -1.314961 -1.867490 3.189139,
        -1.314961 -1.738794 3.272196,
        -1.314961 -1.596669 3.329305,
        -1.314961 -1.446286 3.358389,
        -1.314961 -1.293117 3.358389,
        -1.314961 -1.142733 3.329305,
        -1.314961 -1.000608 3.272196,
        -1.314961 -0.871913 3.189139,
        -1.314961 -0.761329 3.083157,
        -1.314961 -0.672881 2.958105,
        -1.314961 -0.609787 2.818534,
        -1.314961 -0.574342 2.669522,
        -1.314961 -0.567836 2.516490,
        -1.314961 -0.590506 2.365007,
        -1.314961 -0.641528 2.220585,
        -1.314961 -0.719043 2.088478,
        -1.314961 -0.820233 1.973493,
        -1.314961 -0.941415 1.879813,
        -1.314961 -1.173054 0.431937,
        -1.314961 -1.193392 0.382837,
        -1.314961 -1.225746 0.340673,
        -1.314961 -1.267909 0.308320,
        -1.314961 -1.317010 0.287982,
        -1.314961 -1.513657 0.340673,
        -1.314961 -1.546010 0.382837,
        -1.314961 -1.573285 0.484629,
        -1.314961 -1.566348 0.537320,
        -1.314961 -1.317010 0.681276,
        -1.314961 -1.267909 0.660938,
        -1.314961 -1.225746 0.628585,
        -1.314961 -1.566348 0.431937,
        -1.314961 -1.369701 0.281045,
        -1.314961 -1.422393 0.287982,
        -1.314961 -1.471493 0.308320,
        -1.314961 -1.193392 0.586421,
        -1.314961 -1.173054 0.537320,
        -1.314961 -1.166117 0.484629,
        -1.314961 -1.546010 0.586421,
        -1.314961 -1.513657 0.628585,
        -1.314961 -1.471493 0.660938,
        -1.314961 -1.422393 0.681276,
        -1.314961 -1.369701 0.688213,
        -1.472441 -1.594849 2.309004,
        -1.472441 -1.644398 2.308636,
        -1.472441 -1.641917 2.361279,
        -1.472441 -1.685735 2.363375,
        -1.472441 -1.677089 2.422197,
        -1.472441 -1.716310 2.424778,
        -1.472441 -1.698826 2.489098,
        -1.472441 -1.735081 2.490754,
        -1.472441 -1.706179 2.559055,
        -1.472441 -1.741411 2.559055,
        -1.472441 -1.698826 2.629013,
        -1.472441 -1.735081 2.627356,
        -1.472441 -1.677089 2.695913,
        -1.472441 -1.716310 2.693332,
        -1.472441 -1.641917 2.756831,
        -1.472441 -1.685735 2.754735,
        -1.472441 -1.594849 2.809107,
        -1.472441 -1.644398 2.809474,
        -1.472441 -1.593706 2.855685,
        -1.472441 -1.537940 2.850453,
        -1.472441 -1.535386 2.891796,
        -1.472441 -1.473678 2.879064,
        -1.472441 -1.471424 2.916575,
        -1.472441 -1.404873 2.893689,
        -1.472441 -1.403998 2.929179,
        -1.472441 -1.334530 2.893689,
        -1.472441 -1.335404 2.929179,
        -1.472441 -1.265724 2.879064,
        -1.472441 -1.267978 2.916575,
        -1.472441 -1.201462 2.850453,
        -1.472441 -1.204016 2.891796,
        -1.472441 -1.144554 2.809107,
        -1.472441 -1.144554 2.309004,
        -1.472441 -1.145696 2.262424,
        -1.472441 -1.201462 2.267657,
        -1.472441 -1.204016 2.226315,
        -1.472441 -1.265724 2.239046,
        -1.472441 -1.267978 2.201535,
        -1.472441 -1.334530 2.224421,
        -1.472441 -1.335404 2.188931,
        -1.472441 -1.404873 2.224421,
        -1.472441 -1.403998 2.188931,
        -1.472441 -1.473678 2.239046,
        -1.472441 -1.471424 2.201535,
        -1.472441 -1.537940 2.267657,
        -1.472441 -1.535386 2.226315,
        -1.472441 -1.593706 2.262424,
        -1.472441 -1.145696 2.855685,
        -1.472441 -1.095005 2.809474,
        -1.472441 -1.097485 2.756831,
        -1.472441 -1.053667 2.754735,
        -1.472441 -1.062314 2.695913,
        -1.472441 -1.023093 2.693332,
        -1.472441 -1.040576 2.629013,
        -1.472441 -1.004321 2.627356,
        -1.472441 -1.033224 2.559055,
        -1.472441 -0.997992 2.559055,
        -1.472441 -1.040576 2.489098,
        -1.472441 -1.004321 2.490754,
        -1.472441 -1.062314 2.422197,
        -1.472441 -1.023093 2.424778,
        -1.472441 -1.097485 2.361279,
        -1.472441 -1.053667 2.363375,
        -1.472441 -1.095005 2.308636,
        -1.425197 -1.060091 2.841302,
        -1.425197 -1.074359 2.854310,
        -1.425197 -1.255049 2.962015,
        -1.425197 -1.261369 2.963197,
        -1.425197 -1.007765 2.350021,
        -1.425197 -0.979039 2.407711,
        -1.425197 -1.074359 2.263800,
        -1.425197 -1.060091 2.276808,
        -1.425197 -1.013500 2.338504,
        -1.425197 -1.117225 2.224723,
        -1.425197 -1.161061 2.197581,
        -1.425197 -1.261369 2.154914,
        -1.425197 -1.255049 2.156095,
        -1.425197 -1.182957 2.184023,
        -1.425197 -1.331045 2.141889,
        -1.425197 -1.369701 2.141889,
        -1.425197 -1.578342 2.197581,
        -1.425197 -1.556445 2.184023,
        -1.425197 -1.484353 2.156095,
        -1.425197 -1.478034 2.154914,
        -1.425197 -1.408357 2.141889,
        -1.425197 -1.725902 2.338504,
        -1.425197 -1.679311 2.276808,
        -1.425197 -1.665043 2.263800,
        -1.425197 -1.622177 2.224723,
        -1.425197 -1.781521 2.482072,
        -1.425197 -1.772708 2.451098,
        -1.425197 -1.760364 2.407711,
        -1.425197 -1.731637 2.350021,
        -1.425197 -1.788655 2.559055,
        -1.425197 -1.781521 2.636038,
        -1.425197 -1.772708 2.667013,
        -1.425197 -1.731637 2.768089,
        -1.425197 -1.760364 2.710398,
        -1.425197 -1.679311 2.841302,
        -1.425197 -1.725902 2.779606,
        -1.425197 -1.556445 2.934087,
        -1.425197 -1.578342 2.920529,
        -1.425197 -1.622177 2.893387,
        -1.425197 -1.665043 2.854310,
        -1.425197 -1.484353 2.962015,
        -1.425197 -1.478034 2.963197,
        -1.425197 -1.408357 2.976222,
        -1.425197 -1.369701 2.976222,
        -1.425197 -1.331045 2.976222,
        -1.425197 -1.182957 2.934087,
        -1.425197 -1.161061 2.920529,
        -1.425197 -1.117225 2.893387,
        -1.425197 -1.013500 2.779606,
        -1.425197 -1.007765 2.768089,
        -1.425197 -0.979039 2.710398,
        -1.425197 -0.966694 2.667013,
        -1.425197 -0.966694 2.451098,
        -1.425197 -0.957881 2.482072,
        -1.425197 -0.950748 2.559055,
        -1.425197 -0.957881 2.636038,
        -1.393701 -1.080468 2.559055,
        -1.393701 -1.090323 2.633914,
        -1.425197 -1.086788 2.619190,
        -1.425197 -1.135706 2.729062,
        -1.425197 -1.120590 2.702880,
        -1.393701 -1.119218 2.703672,
        -1.425197 -1.105473 2.676697,
        -1.425197 -1.091453 2.633547,
        -1.425197 -1.166065 2.762779,
        -1.393701 -1.165182 2.763574,
        -1.425197 -1.176166 2.773998,
        -1.393701 -1.225085 2.809539,
        -1.425197 -1.225085 2.809539,
        -1.425197 -1.280323 2.834133,
        -1.393701 -1.294842 2.838433,
        -1.425197 -1.295089 2.837271,
        -1.425197 -1.339468 2.846704,
        -1.393701 -1.369701 2.848289,
        -1.425197 -1.369701 2.846704,
        -1.393701 -1.514318 2.809539,
        -1.425197 -1.459079 2.834133,
        -1.393701 -1.444560 2.838433,
        -1.425197 -1.444313 2.837271,
        -1.425197 -1.399934 2.846704,
        -1.393701 -1.574220 2.763574,
        -1.425197 -1.563236 2.773998,
        -1.425197 -1.514318 2.809539,
        -1.425197 -1.633929 2.676697,
        -1.425197 -1.618813 2.702880,
        -1.393701 -1.620185 2.703672,
        -1.425197 -1.603696 2.729062,
        -1.425197 -1.573337 2.762779,
        -1.425197 -1.647949 2.633547,
        -1.393701 -1.649079 2.633914,
        -1.425197 -1.652614 2.619190,
        -1.393701 -1.658935 2.559055,
        -1.425197 -1.658935 2.559055,
        -1.425197 -1.652614 2.498920,
        -1.393701 -1.649079 2.484196,
        -1.425197 -1.647949 2.484563,
        -1.425197 -1.633929 2.441413,
        -1.393701 -1.620185 2.414438,
        -1.425197 -1.618813 2.415231,
        -1.393701 -1.514318 2.308572,
        -1.425197 -1.563236 2.344113,
        -1.393701 -1.574220 2.354536,
        -1.425197 -1.573337 2.355331,
        -1.425197 -1.603696 2.389048,
        -1.393701 -1.444560 2.279677,
        -1.425197 -1.459079 2.283978,
        -1.425197 -1.514318 2.308572,
        -1.425197 -1.339468 2.271406,
        -1.425197 -1.369701 2.271406,
        -1.393701 -1.369701 2.269822,
        -1.425197 -1.399934 2.271406,
        -1.425197 -1.444313 2.280839,
        -1.425197 -1.295089 2.280839,
        -1.393701 -1.294842 2.279677,
        -1.425197 -1.280323 2.283978,
        -1.393701 -1.225085 2.308572,
        -1.425197 -1.225085 2.308572,
        -1.425197 -1.176166 2.344113,
        -1.393701 -1.165182 2.354536,
        -1.425197 -1.166065 2.355331,
        -1.425197 -1.135706 2.389048,
        -1.393701 -1.119218 2.414438,
        -1.425197 -1.120590 2.415231,
        -1.425197 -1.080468 2.559055,
        -1.425197 -1.086788 2.498920,
        -1.393701 -1.090323 2.484196,
        -1.425197 -1.091453 2.484563,
        -1.425197 -1.105473 2.441413,
        -1.393701 -1.369701 2.559055,
        -1.437424 -1.635400 2.440759,
        -1.437424 -1.604998 2.388102,
        -1.437424 -1.564313 2.342917,
        -1.437424 -1.515123 2.307178,
        -1.437424 -1.459577 2.282447,
        -1.437424 -1.400103 2.269805,
        -1.437424 -1.339300 2.269805,
        -1.437424 -1.279826 2.282447,
        -1.437424 -1.224280 2.307178,
        -1.437424 -1.175089 2.342917,
        -1.437424 -1.134404 2.388102,
        -1.437424 -1.104003 2.440759,
        -1.437424 -1.085214 2.498585,
        -1.437424 -1.078858 2.559055,
        -1.437424 -1.085214 2.619525,
        -1.437424 -1.104003 2.677352,
        -1.437424 -1.134404 2.730008,
        -1.437424 -1.175089 2.775194,
        -1.437424 -1.224280 2.810933,
        -1.437424 -1.279826 2.835663,
        -1.437424 -1.339300 2.848305,
        -1.437424 -1.400103 2.848305,
        -1.437424 -1.459577 2.835663,
        -1.437424 -1.515123 2.810933,
        -1.437424 -1.564313 2.775194,
        -1.437424 -1.604998 2.730008,
        -1.437424 -1.635400 2.677352,
        -1.437424 -1.654189 2.619525,
        -1.437424 -1.660544 2.559055,
        -1.437424 -1.654189 2.498585,
        -1.448819 -1.658806 2.620506,
        -1.448819 -1.639711 2.679271,
        -1.448819 -1.608817 2.732783,
        -1.448819 -1.567471 2.778701,
        -1.448819 -1.517483 2.815020,
        -1.448819 -1.461035 2.840152,
        -1.448819 -1.400596 2.852999,
        -1.448819 -1.338806 2.852999,
        -1.448819 -1.278367 2.840152,
        -1.448819 -1.221920 2.815020,
        -1.448819 -1.171931 2.778701,
        -1.448819 -1.130586 2.732783,
        -1.448819 -1.099691 2.679271,
        -1.448819 -1.080597 2.620506,
        -1.448819 -1.074138 2.559055,
        -1.448819 -1.080597 2.497604,
        -1.448819 -1.099691 2.438839,
        -1.448819 -1.130586 2.385328,
        -1.448819 -1.171931 2.339409,
        -1.448819 -1.221920 2.303090,
        -1.448819 -1.278367 2.277958,
        -1.448819 -1.338806 2.265111,
        -1.448819 -1.400596 2.265111,
        -1.448819 -1.461035 2.277958,
        -1.448819 -1.517483 2.303090,
        -1.448819 -1.567471 2.339409,
        -1.448819 -1.608817 2.385328,
        -1.448819 -1.639711 2.438839,
        -1.448819 -1.658806 2.497604,
        -1.448819 -1.665264 2.559055,
        -1.458604 -1.666149 2.622067,
        -1.458604 -1.646570 2.682325,
        -1.458604 -1.614891 2.737196,
        -1.458604 -1.572495 2.784281,
        -1.458604 -1.521237 2.821522,
        -1.458604 -1.463355 2.847293,
        -1.458604 -1.401381 2.860466,
        -1.458604 -1.338022 2.860466,
        -1.458604 -1.276047 2.847293,
        -1.458604 -1.218166 2.821522,
        -1.458604 -1.166907 2.784281,
        -1.458604 -1.124512 2.737196,
        -1.458604 -1.092832 2.682325,
        -1.458604 -1.073253 2.622067,
        -1.458604 -1.066630 2.559055,
        -1.458604 -1.073253 2.496043,
        -1.458604 -1.092832 2.435785,
        -1.458604 -1.124512 2.380915,
        -1.458604 -1.166907 2.333830,
        -1.458604 -1.218166 2.296588,
        -1.458604 -1.276047 2.270818,
        -1.458604 -1.338022 2.257644,
        -1.458604 -1.401381 2.257644,
        -1.458604 -1.463355 2.270818,
        -1.458604 -1.521237 2.296588,
        -1.458604 -1.572495 2.333830,
        -1.458604 -1.614891 2.380915,
        -1.458604 -1.646570 2.435785,
        -1.458604 -1.666149 2.496043,
        -1.458604 -1.672772 2.559055,
        -1.466111 -1.675720 2.624102,
        -1.466111 -1.655509 2.686305,
        -1.466111 -1.622807 2.742947,
        -1.466111 -1.579042 2.791552,
        -1.466111 -1.526129 2.829996,
        -1.466111 -1.466379 2.856598,
        -1.466111 -1.402404 2.870196,
        -1.466111 -1.336999 2.870196,
        -1.466111 -1.273024 2.856598,
        -1.466111 -1.213273 2.829996,
        -1.466111 -1.160360 2.791552,
        -1.466111 -1.116596 2.742947,
        -1.466111 -1.083893 2.686305,
        -1.466111 -1.063682 2.624102,
        -1.466111 -1.056846 2.559055,
        -1.466111 -1.063682 2.494009,
        -1.466111 -1.083893 2.431805,
        -1.466111 -1.116596 2.375163,
        -1.466111 -1.160360 2.326558,
        -1.466111 -1.213273 2.288114,
        -1.466111 -1.273024 2.261512,
        -1.466111 -1.336999 2.247913,
        -1.466111 -1.402404 2.247913,
        -1.466111 -1.466379 2.261512,
        -1.466111 -1.526129 2.288114,
        -1.466111 -1.579042 2.326558,
        -1.466111 -1.622807 2.375163,
        -1.466111 -1.655509 2.431805,
        -1.466111 -1.675720 2.494009,
        -1.466111 -1.682557 2.559055,
        -1.470831 -1.686865 2.626470,
        -1.470831 -1.665918 2.690939,
        -1.470831 -1.632025 2.749644,
        -1.470831 -1.586667 2.800020,
        -1.470831 -1.531826 2.839864,
        -1.470831 -1.469900 2.867435,
        -1.470831 -1.403594 2.881529,
        -1.470831 -1.335808 2.881529,
        -1.470831 -1.269502 2.867435,
        -1.470831 -1.207576 2.839864,
        -1.470831 -1.152736 2.800020,
        -1.470831 -1.107378 2.749644,
        -1.470831 -1.073484 2.690939,
        -1.470831 -1.052537 2.626470,
        -1.470831 -1.045452 2.559055,
        -1.470831 -1.052537 2.491640,
        -1.470831 -1.073484 2.427171,
        -1.470831 -1.107378 2.368466,
        -1.470831 -1.152736 2.318091,
        -1.470831 -1.207576 2.278247,
        -1.470831 -1.269502 2.250675,
        -1.470831 -1.335808 2.236581,
        -1.470831 -1.403594 2.236581,
        -1.470831 -1.469900 2.250675,
        -1.470831 -1.531826 2.278247,
        -1.470831 -1.586667 2.318091,
        -1.470831 -1.632025 2.368466,
        -1.470831 -1.665918 2.427171,
        -1.470831 -1.686865 2.491640,
        -1.470831 -1.693951 2.559055,
        -1.437424 -1.758863 2.709817,
        -1.437424 -1.621207 2.892103,
        -1.437424 -1.408209 2.974619,
        -1.437424 -1.331194 2.974619,
        -1.437424 -1.255490 2.960467,
        -1.437424 -1.118195 2.892103,
        -1.437424 -0.980540 2.709817,
        -1.437424 -0.980540 2.408293,
        -1.437424 -1.118195 2.226007,
        -1.437424 -1.331194 2.143492,
        -1.437424 -1.408209 2.143492,
        -1.437424 -1.483913 2.157643,
        -1.437424 -1.621207 2.226007,
        -1.437424 -1.758863 2.408293,
        -1.470831 -1.747101 2.488507,
        -1.470831 -1.727712 2.420361,
        -1.466111 -1.758302 2.486413,
        -1.466111 -1.738337 2.416245,
        -1.458604 -1.767919 2.484615,
        -1.458604 -1.747461 2.412710,
        -1.448819 -1.775300 2.483235,
        -1.448819 -1.754461 2.409998,
        -1.437424 -1.779939 2.482369,
        -1.470831 -1.653434 2.300398,
        -1.470831 -1.601075 2.252667,
        -1.466111 -1.661855 2.292722,
        -1.466111 -1.607942 2.243574,
        -1.458604 -1.669085 2.286130,
        -1.458604 -1.613838 2.235765,
        -1.448819 -1.674634 2.281072,
        -1.448819 -1.618363 2.229774,
        -1.437424 -1.678122 2.277893,
        -1.470831 -1.198566 2.215369,
        -1.470831 -1.138327 2.252667,
        -1.466111 -1.193487 2.205169,
        -1.466111 -1.131461 2.243574,
        -1.458604 -1.189126 2.196410,
        -1.458604 -1.125564 2.235765,
        -1.448819 -1.185779 2.189689,
        -1.448819 -1.121040 2.229774,
        -1.437424 -1.183675 2.185464,
        -1.470831 -1.043271 2.356938,
        -1.470831 -1.011691 2.420361,
        -1.466111 -1.033583 2.350940,
        -1.466111 -1.001065 2.416245,
        -1.458604 -1.025265 2.345789,
        -1.458604 -0.991942 2.412710,
        -1.448819 -1.018881 2.341837,
        -1.448819 -0.984941 2.409998,
        -1.437424 -1.014869 2.339352,
        -1.470831 -0.992301 2.629604,
        -1.470831 -1.011691 2.697749,
        -1.466111 -0.981101 2.631697,
        -1.466111 -1.001065 2.701865,
        -1.458604 -0.971483 2.633495,
        -1.458604 -0.991942 2.705400,
        -1.448819 -0.964103 2.634874,
        -1.448819 -0.984941 2.708112,
        -1.437424 -0.959463 2.635742,
        -1.470831 -1.085968 2.817712,
        -1.470831 -1.138327 2.865444,
        -1.466111 -1.077548 2.825388,
        -1.466111 -1.131461 2.874536,
        -1.458604 -1.070317 2.831980,
        -1.458604 -1.125564 2.882345,
        -1.448819 -1.064769 2.837038,
        -1.448819 -1.121040 2.888336,
        -1.437424 -1.061280 2.840218,
        -1.470831 -1.540837 2.902742,
        -1.470831 -1.601075 2.865444,
        -1.466111 -1.545915 2.912941,
        -1.466111 -1.607942 2.874536,
        -1.458604 -1.550277 2.921700,
        -1.458604 -1.613838 2.882345,
        -1.448819 -1.553624 2.928421,
        -1.448819 -1.618363 2.888336,
        -1.437424 -1.555727 2.932646,
        -1.470831 -1.696131 2.761172,
        -1.470831 -1.727712 2.697749,
        -1.466111 -1.705819 2.767170,
        -1.466111 -1.738337 2.701865,
        -1.458604 -1.714138 2.772321,
        -1.458604 -1.747461 2.705400,
        -1.448819 -1.720521 2.776274,
        -1.448819 -1.754461 2.708112,
        -1.437424 -1.724534 2.778758,
        -1.470831 -1.753639 2.559055,
        -1.466111 -1.765033 2.559055,
        -1.458604 -1.774817 2.559055,
        -1.448819 -1.782325 2.559055,
        -1.437424 -1.787045 2.559055,
        -1.437424 -1.724534 2.339352,
        -1.448819 -1.720521 2.341837,
        -1.458604 -1.714138 2.345789,
        -1.466111 -1.705819 2.350940,
        -1.470831 -1.696131 2.356938,
        -1.437424 -1.555727 2.185464,
        -1.448819 -1.553624 2.189689,
        -1.458604 -1.550277 2.196410,
        -1.466111 -1.545915 2.205169,
        -1.470831 -1.540837 2.215369,
        -1.470831 -1.474770 2.189774,
        -1.466111 -1.477889 2.178815,
        -1.458604 -1.480567 2.169404,
        -1.448819 -1.482621 2.162183,
        -1.448819 -1.407773 2.148191,
        -1.458604 -1.407081 2.155667,
        -1.466111 -1.406178 2.165410,
        -1.470831 -1.405126 2.176756,
        -1.470831 -1.334276 2.176756,
        -1.466111 -1.333224 2.165410,
        -1.458604 -1.332322 2.155667,
        -1.448819 -1.331629 2.148191,
        -1.437424 -1.255490 2.157643,
        -1.448819 -1.256781 2.162183,
        -1.458604 -1.258836 2.169404,
        -1.466111 -1.261513 2.178815,
        -1.470831 -1.264632 2.189774,
        -1.437424 -1.061280 2.277893,
        -1.448819 -1.064769 2.281072,
        -1.458604 -1.070317 2.286130,
        -1.466111 -1.077548 2.292722,
        -1.470831 -1.085968 2.300398,
        -1.437424 -0.959463 2.482369,
        -1.448819 -0.964103 2.483235,
        -1.458604 -0.971483 2.484615,
        -1.466111 -0.981101 2.486413,
        -1.470831 -0.992301 2.488507,
        -1.470831 -0.985764 2.559055,
        -1.466111 -0.974370 2.559055,
        -1.458604 -0.964585 2.559055,
        -1.448819 -0.957077 2.559055,
        -1.437424 -0.952357 2.559055,
        -1.437424 -1.014869 2.778758,
        -1.448819 -1.018881 2.776274,
        -1.458604 -1.025265 2.772321,
        -1.466111 -1.033583 2.767170,
        -1.470831 -1.043271 2.761172,
        -1.437424 -1.183675 2.932646,
        -1.448819 -1.185779 2.928421,
        -1.458604 -1.189126 2.921700,
        -1.466111 -1.193487 2.912941,
        -1.470831 -1.198566 2.902742,
        -1.470831 -1.264632 2.928336,
        -1.466111 -1.261513 2.939295,
        -1.458604 -1.258836 2.948706,
        -1.448819 -1.256781 2.955928,
        -1.448819 -1.331629 2.969919,
        -1.458604 -1.332322 2.962443,
        -1.466111 -1.333224 2.952700,
        -1.470831 -1.334276 2.941354,
        -1.470831 -1.405126 2.941354,
        -1.466111 -1.406178 2.952700,
        -1.458604 -1.407081 2.962443,
        -1.448819 -1.407773 2.969919,
        -1.437424 -1.483913 2.960467,
        -1.448819 -1.482621 2.955928,
        -1.458604 -1.480567 2.948706,
        -1.466111 -1.477889 2.939295,
        -1.470831 -1.474770 2.928336,
        -1.437424 -1.678122 2.840218,
        -1.448819 -1.674634 2.837038,
        -1.458604 -1.669085 2.831980,
        -1.466111 -1.661855 2.825388,
        -1.470831 -1.653434 2.817712,
        -1.437424 -1.779939 2.635742,
        -1.448819 -1.775300 2.634874,
        -1.458604 -1.767919 2.633495,
        -1.466111 -1.758302 2.631697,
        -1.470831 -1.747101 2.629604,
        1.893701 -3.889387 0.070866,
        1.814961 -3.365764 0.070866,
        1.814961 -3.810646 0.070866,
        2.326772 -3.889387 0.070866,
        1.825510 -3.850016 0.070866,
        1.838023 -3.866324 0.070866,
        1.817644 -3.831025 0.070866,
        1.854331 -3.878837 0.070866,
        1.873321 -3.886703 0.070866,
        2.347151 -3.886703 0.070866,
        2.366142 -3.878837 0.070866,
        2.402829 -3.831025 0.070866,
        2.382449 -3.866324 0.070866,
        2.394963 -3.850016 0.070866,
        1.893701 -3.889387 -0.007874,
        2.326772 -3.889387 -0.007874,
        1.814961 -3.810646 -0.007874,
        1.814961 -3.365764 -0.007874,
        1.873321 -3.886703 -0.007874,
        1.854331 -3.878837 -0.007874,
        1.817644 -3.831025 -0.007874,
        1.838023 -3.866324 -0.007874,
        1.825510 -3.850016 -0.007874,
        2.394963 -3.850016 -0.007874,
        2.382449 -3.866324 -0.007874,
        2.402829 -3.831025 -0.007874,
        2.366142 -3.878837 -0.007874,
        2.347151 -3.886703 -0.007874,
        1.814961 -3.335195 -0.003850,
        1.814961 -3.306709 0.007950,
        1.814961 -3.282248 0.026720,
        1.814961 -3.263478 0.051181,
        1.814961 -3.251678 0.079667,
        1.814961 -3.327735 0.100046,
        1.814961 -3.331669 0.090551,
        1.814961 -3.337926 0.082397,
        1.814961 -3.346080 0.076141,
        1.814961 -3.355574 0.072207,
      ]
    }
    coordIndex [
      0, 1, 2, -1,
      2, 1, 3, -1,
      4, 5, 6, -1,
      7, 8, 9, -1,
      9, 10, 7, -1,
      7, 10, 11, -1,
      7, 11, 12, -1,
      4, 6, 13, -1,
      7, 14, 8, -1,
      8, 14, 2, -1,
      8, 2, 15, -1,
      15, 2, 3, -1,
      15, 3, 6, -1,
      6, 3, 16, -1,
      6, 16, 13, -1,
      17, 18, 15, -1,
      15, 18, 8, -1,
      19, 20, 21, -1,
      21, 20, 22, -1,
      23, 24, 25, -1,
      25, 24, 26, -1,
      23, 27, 24, -1,
      24, 27, 18, -1,
      24, 18, 28, -1,
      29, 30, 31, -1,
      31, 32, 29, -1,
      29, 32, 33, -1,
      29, 33, 17, -1,
      17, 33, 21, -1,
      17, 21, 18, -1,
      18, 21, 22, -1,
      18, 22, 28, -1,
      34, 35, 36, -1,
      34, 36, 37, -1,
      37, 36, 38, -1,
      37, 38, 39, -1,
      39, 38, 40, -1,
      39, 40, 41, -1,
      41, 40, 42, -1,
      41, 42, 43, -1,
      43, 42, 44, -1,
      43, 44, 45, -1,
      45, 44, 46, -1,
      45, 46, 47, -1,
      47, 46, 48, -1,
      47, 48, 49, -1,
      49, 48, 20, -1,
      49, 20, 19, -1,
      34, 50, 35, -1,
      35, 50, 51, -1,
      52, 53, 54, -1,
      54, 53, 55, -1,
      54, 55, 56, -1,
      56, 55, 57, -1,
      56, 57, 58, -1,
      58, 57, 59, -1,
      58, 59, 60, -1,
      60, 59, 61, -1,
      60, 61, 62, -1,
      62, 61, 63, -1,
      62, 63, 64, -1,
      64, 63, 65, -1,
      64, 65, 66, -1,
      66, 65, 67, -1,
      66, 67, 50, -1,
      50, 67, 51, -1,
      52, 68, 53, -1,
      53, 68, 69, -1,
      70, 71, 72, -1,
      70, 72, 73, -1,
      73, 72, 74, -1,
      73, 74, 75, -1,
      75, 74, 76, -1,
      75, 76, 77, -1,
      77, 76, 78, -1,
      77, 78, 79, -1,
      79, 78, 80, -1,
      79, 80, 81, -1,
      81, 80, 82, -1,
      81, 82, 83, -1,
      83, 82, 84, -1,
      83, 84, 85, -1,
      85, 84, 86, -1,
      85, 86, 87, -1,
      87, 86, 88, -1,
      87, 88, 89, -1,
      89, 88, 90, -1,
      89, 90, 91, -1,
      91, 90, 69, -1,
      91, 69, 68, -1,
      70, 92, 71, -1,
      71, 92, 93, -1,
      1, 0, 94, -1,
      94, 0, 95, -1,
      94, 95, 96, -1,
      96, 95, 97, -1,
      96, 97, 98, -1,
      98, 97, 99, -1,
      98, 99, 100, -1,
      100, 99, 101, -1,
      100, 101, 102, -1,
      102, 101, 103, -1,
      102, 103, 92, -1,
      92, 103, 93, -1,
      21, 3, 19, -1,
      19, 3, 1, -1,
      19, 1, 49, -1,
      49, 1, 94, -1,
      49, 94, 47, -1,
      47, 94, 96, -1,
      47, 96, 45, -1,
      45, 96, 43, -1,
      43, 96, 98, -1,
      43, 98, 41, -1,
      41, 98, 100, -1,
      41, 100, 39, -1,
      39, 100, 102, -1,
      39, 102, 37, -1,
      68, 52, 91, -1,
      91, 52, 54, -1,
      91, 54, 89, -1,
      89, 54, 56, -1,
      62, 81, 60, -1,
      60, 81, 83, -1,
      60, 83, 58, -1,
      58, 83, 85, -1,
      58, 85, 56, -1,
      56, 85, 87, -1,
      56, 87, 89, -1,
      66, 75, 64, -1,
      64, 75, 77, -1,
      64, 77, 62, -1,
      62, 77, 79, -1,
      62, 79, 81, -1,
      37, 102, 34, -1,
      34, 102, 92, -1,
      34, 92, 50, -1,
      50, 92, 70, -1,
      50, 70, 66, -1,
      66, 70, 73, -1,
      66, 73, 75, -1,
      55, 53, 69, -1,
      95, 46, 97, -1,
      97, 46, 44, -1,
      97, 44, 99, -1,
      99, 44, 42, -1,
      99, 42, 101, -1,
      2, 22, 0, -1,
      0, 22, 20, -1,
      0, 20, 95, -1,
      95, 20, 48, -1,
      95, 48, 46, -1,
      42, 40, 101, -1,
      101, 40, 38, -1,
      101, 38, 103, -1,
      103, 38, 36, -1,
      103, 36, 93, -1,
      93, 36, 35, -1,
      93, 35, 71, -1,
      71, 35, 51, -1,
      71, 51, 72, -1,
      72, 51, 67, -1,
      72, 67, 74, -1,
      74, 67, 65, -1,
      69, 90, 55, -1,
      55, 90, 88, -1,
      55, 88, 57, -1,
      57, 88, 86, -1,
      57, 86, 59, -1,
      59, 86, 84, -1,
      59, 84, 61, -1,
      84, 82, 61, -1,
      61, 82, 80, -1,
      61, 80, 63, -1,
      63, 80, 78, -1,
      63, 78, 65, -1,
      65, 78, 76, -1,
      65, 76, 74, -1,
      22, 2, 14, -1,
      22, 14, 28, -1,
      28, 14, 7, -1,
      28, 7, 24, -1,
      24, 7, 12, -1,
      24, 12, 26, -1,
      26, 12, 11, -1,
      26, 11, 25, -1,
      25, 11, 10, -1,
      25, 10, 23, -1,
      23, 10, 9, -1,
      23, 9, 27, -1,
      27, 9, 8, -1,
      27, 8, 18, -1,
      3, 21, 33, -1,
      3, 33, 16, -1,
      16, 33, 32, -1,
      16, 32, 13, -1,
      13, 32, 31, -1,
      13, 31, 4, -1,
      4, 31, 30, -1,
      4, 30, 5, -1,
      5, 30, 29, -1,
      5, 29, 6, -1,
      6, 29, 17, -1,
      6, 17, 15, -1,
      104, 105, 106, -1,
      106, 105, 107, -1,
      106, 107, 108, -1,
      108, 107, 109, -1,
      108, 109, 110, -1,
      110, 109, 111, -1,
      110, 111, 112, -1,
      112, 111, 113, -1,
      112, 113, 114, -1,
      114, 113, 115, -1,
      114, 115, 116, -1,
      116, 115, 117, -1,
      116, 117, 118, -1,
      118, 117, 119, -1,
      118, 119, 120, -1,
      120, 119, 121, -1,
      122, 123, 124, -1,
      125, 126, 127, -1,
      127, 126, 122, -1,
      127, 122, 128, -1,
      123, 129, 124, -1,
      124, 129, 130, -1,
      124, 130, 131, -1,
      131, 132, 124, -1,
      124, 132, 133, -1,
      124, 133, 134, -1,
      135, 136, 124, -1,
      124, 136, 137, -1,
      124, 137, 122, -1,
      122, 137, 138, -1,
      122, 138, 128, -1,
      139, 140, 122, -1,
      122, 140, 123, -1,
      141, 142, 143, -1,
      143, 142, 144, -1,
      144, 145, 146, -1,
      146, 147, 144, -1,
      144, 147, 148, -1,
      144, 148, 149, -1,
      150, 139, 151, -1,
      151, 139, 152, -1,
      151, 152, 153, -1,
      149, 154, 144, -1,
      144, 154, 140, -1,
      144, 140, 143, -1,
      143, 140, 139, -1,
      143, 139, 155, -1,
      155, 139, 150, -1,
      142, 141, 156, -1,
      142, 156, 157, -1,
      157, 156, 158, -1,
      157, 158, 159, -1,
      159, 158, 160, -1,
      159, 160, 161, -1,
      161, 160, 162, -1,
      161, 162, 163, -1,
      163, 162, 164, -1,
      163, 164, 165, -1,
      165, 164, 166, -1,
      165, 166, 167, -1,
      121, 119, 168, -1,
      168, 169, 170, -1,
      166, 171, 172, -1,
      173, 172, 174, -1,
      174, 172, 175, -1,
      174, 175, 176, -1,
      173, 177, 172, -1,
      172, 177, 167, -1,
      172, 167, 166, -1,
      170, 178, 168, -1,
      168, 178, 179, -1,
      168, 179, 121, -1,
      121, 179, 180, -1,
      121, 180, 181, -1,
      182, 183, 175, -1,
      177, 184, 167, -1,
      167, 184, 185, -1,
      167, 185, 186, -1,
      186, 187, 167, -1,
      167, 187, 188, -1,
      167, 188, 168, -1,
      168, 188, 189, -1,
      168, 189, 169, -1,
      190, 191, 192, -1,
      193, 194, 195, -1,
      176, 175, 196, -1,
      196, 175, 183, -1,
      196, 183, 197, -1,
      197, 198, 196, -1,
      196, 198, 199, -1,
      196, 199, 200, -1,
      181, 180, 192, -1,
      192, 180, 201, -1,
      192, 201, 190, -1,
      182, 175, 195, -1,
      195, 175, 202, -1,
      195, 202, 193, -1,
      203, 204, 200, -1,
      200, 204, 205, -1,
      200, 205, 196, -1,
      206, 207, 208, -1,
      206, 208, 209, -1,
      210, 211, 212, -1,
      213, 214, 215, -1,
      215, 214, 216, -1,
      215, 217, 213, -1,
      213, 217, 218, -1,
      213, 218, 219, -1,
      207, 220, 208, -1,
      208, 220, 221, -1,
      208, 221, 222, -1,
      223, 224, 225, -1,
      225, 224, 222, -1,
      225, 222, 226, -1,
      226, 222, 221, -1,
      223, 225, 210, -1,
      210, 225, 227, -1,
      210, 227, 211, -1,
      228, 229, 219, -1,
      219, 229, 230, -1,
      219, 230, 213, -1,
      208, 118, 209, -1,
      209, 118, 120, -1,
      209, 120, 231, -1,
      231, 120, 232, -1,
      231, 232, 233, -1,
      216, 234, 215, -1,
      215, 234, 235, -1,
      215, 235, 236, -1,
      237, 238, 239, -1,
      240, 241, 233, -1,
      233, 241, 242, -1,
      233, 242, 231, -1,
      212, 243, 210, -1,
      210, 243, 215, -1,
      210, 215, 244, -1,
      244, 215, 236, -1,
      228, 219, 239, -1,
      239, 219, 245, -1,
      239, 245, 237, -1,
      222, 224, 246, -1,
      246, 224, 247, -1,
      246, 247, 248, -1,
      248, 247, 249, -1,
      248, 249, 250, -1,
      250, 249, 251, -1,
      250, 251, 252, -1,
      252, 251, 253, -1,
      252, 253, 254, -1,
      254, 253, 255, -1,
      254, 255, 135, -1,
      135, 255, 136, -1,
      124, 144, 135, -1,
      135, 144, 142, -1,
      135, 142, 254, -1,
      254, 142, 157, -1,
      254, 157, 252, -1,
      252, 157, 159, -1,
      252, 159, 250, -1,
      250, 159, 161, -1,
      250, 161, 248, -1,
      248, 161, 163, -1,
      248, 163, 246, -1,
      246, 163, 165, -1,
      246, 165, 222, -1,
      222, 165, 167, -1,
      224, 166, 247, -1,
      247, 166, 164, -1,
      247, 164, 249, -1,
      249, 164, 162, -1,
      249, 162, 251, -1,
      251, 162, 160, -1,
      251, 160, 253, -1,
      253, 160, 158, -1,
      253, 158, 255, -1,
      255, 158, 156, -1,
      255, 156, 136, -1,
      136, 156, 141, -1,
      136, 141, 137, -1,
      137, 141, 143, -1,
      139, 122, 126, -1,
      139, 126, 152, -1,
      152, 126, 125, -1,
      152, 125, 153, -1,
      153, 125, 127, -1,
      153, 127, 151, -1,
      151, 127, 128, -1,
      151, 128, 150, -1,
      150, 128, 138, -1,
      150, 138, 155, -1,
      155, 138, 137, -1,
      155, 137, 143, -1,
      123, 140, 154, -1,
      123, 154, 129, -1,
      129, 154, 149, -1,
      129, 149, 130, -1,
      130, 149, 148, -1,
      130, 148, 131, -1,
      131, 148, 147, -1,
      131, 147, 132, -1,
      132, 147, 146, -1,
      132, 146, 133, -1,
      133, 146, 145, -1,
      133, 145, 134, -1,
      134, 145, 144, -1,
      134, 144, 124, -1,
      222, 167, 208, -1,
      208, 167, 168, -1,
      256, 257, 258, -1,
      259, 260, 261, -1,
      261, 262, 259, -1,
      259, 262, 263, -1,
      259, 263, 257, -1,
      257, 263, 264, -1,
      257, 264, 258, -1,
      265, 266, 267, -1,
      267, 266, 268, -1,
      269, 270, 271, -1,
      272, 273, 274, -1,
      274, 273, 275, -1,
      274, 275, 276, -1,
      276, 275, 277, -1,
      276, 277, 278, -1,
      277, 279, 278, -1,
      278, 279, 280, -1,
      278, 280, 281, -1,
      281, 280, 282, -1,
      281, 282, 283, -1,
      283, 282, 284, -1,
      283, 284, 285, -1,
      270, 286, 271, -1,
      271, 286, 287, -1,
      271, 287, 288, -1,
      265, 289, 272, -1,
      272, 289, 290, -1,
      272, 290, 273, -1,
      268, 291, 267, -1,
      267, 291, 292, -1,
      267, 292, 293, -1,
      293, 292, 294, -1,
      293, 294, 295, -1,
      295, 294, 296, -1,
      258, 297, 256, -1,
      256, 297, 298, -1,
      256, 298, 299, -1,
      284, 300, 285, -1,
      285, 300, 301, -1,
      285, 301, 302, -1,
      302, 301, 303, -1,
      302, 303, 304, -1,
      304, 303, 305, -1,
      304, 305, 306, -1,
      288, 307, 271, -1,
      271, 307, 308, -1,
      271, 308, 267, -1,
      267, 308, 309, -1,
      309, 310, 267, -1,
      267, 310, 311, -1,
      267, 311, 312, -1,
      313, 314, 315, -1,
      315, 314, 316, -1,
      315, 316, 317, -1,
      317, 316, 318, -1,
      317, 318, 296, -1,
      296, 318, 319, -1,
      296, 319, 295, -1,
      299, 320, 256, -1,
      256, 320, 321, -1,
      256, 321, 271, -1,
      271, 321, 322, -1,
      271, 322, 269, -1,
      265, 267, 289, -1,
      289, 267, 312, -1,
      289, 312, 259, -1,
      259, 312, 323, -1,
      259, 323, 260, -1,
      324, 325, 326, -1,
      326, 325, 327, -1,
      326, 327, 328, -1,
      328, 327, 329, -1,
      328, 329, 313, -1,
      313, 329, 330, -1,
      313, 330, 314, -1,
      305, 331, 306, -1,
      306, 331, 332, -1,
      306, 332, 333, -1,
      333, 332, 334, -1,
      333, 334, 324, -1,
      324, 334, 335, -1,
      324, 335, 325, -1,
      172, 336, 259, -1,
      244, 175, 210, -1,
      210, 175, 172, -1,
      210, 172, 337, -1,
      337, 172, 338, -1,
      259, 257, 172, -1,
      172, 257, 339, -1,
      172, 339, 340, -1,
      340, 341, 172, -1,
      172, 341, 342, -1,
      172, 342, 338, -1,
      213, 230, 183, -1,
      183, 230, 197, -1,
      343, 344, 171, -1,
      166, 224, 171, -1,
      171, 224, 223, -1,
      171, 223, 345, -1,
      271, 346, 256, -1,
      256, 346, 171, -1,
      256, 171, 347, -1,
      347, 171, 344, -1,
      345, 348, 171, -1,
      171, 348, 349, -1,
      171, 349, 343, -1,
      289, 350, 351, -1,
      289, 351, 290, -1,
      290, 351, 352, -1,
      290, 352, 273, -1,
      273, 352, 353, -1,
      273, 353, 275, -1,
      275, 353, 354, -1,
      275, 354, 277, -1,
      277, 354, 355, -1,
      277, 355, 279, -1,
      279, 355, 356, -1,
      279, 356, 280, -1,
      280, 356, 357, -1,
      280, 357, 282, -1,
      282, 357, 358, -1,
      282, 358, 284, -1,
      284, 358, 359, -1,
      284, 359, 300, -1,
      300, 359, 360, -1,
      300, 360, 301, -1,
      301, 360, 361, -1,
      301, 361, 303, -1,
      303, 361, 362, -1,
      303, 362, 305, -1,
      305, 362, 363, -1,
      305, 363, 331, -1,
      331, 363, 364, -1,
      331, 364, 332, -1,
      332, 364, 365, -1,
      332, 365, 334, -1,
      334, 365, 366, -1,
      334, 366, 335, -1,
      335, 366, 367, -1,
      335, 367, 325, -1,
      325, 367, 368, -1,
      325, 368, 327, -1,
      327, 368, 369, -1,
      327, 369, 329, -1,
      329, 369, 370, -1,
      329, 370, 330, -1,
      330, 370, 371, -1,
      330, 371, 314, -1,
      314, 371, 372, -1,
      314, 372, 316, -1,
      316, 372, 373, -1,
      316, 373, 318, -1,
      318, 373, 374, -1,
      318, 374, 319, -1,
      319, 374, 375, -1,
      319, 375, 295, -1,
      295, 375, 376, -1,
      295, 376, 293, -1,
      293, 376, 377, -1,
      293, 377, 267, -1,
      271, 267, 346, -1,
      346, 267, 377, -1,
      289, 259, 350, -1,
      350, 259, 336, -1,
      346, 378, 379, -1,
      353, 377, 354, -1,
      354, 377, 355, -1,
      358, 357, 366, -1,
      379, 380, 346, -1,
      346, 380, 381, -1,
      346, 381, 382, -1,
      171, 383, 384, -1,
      353, 352, 377, -1,
      377, 352, 351, -1,
      377, 351, 350, -1,
      385, 386, 336, -1,
      387, 388, 377, -1,
      377, 388, 389, -1,
      366, 362, 361, -1,
      171, 384, 172, -1,
      172, 384, 336, -1,
      336, 384, 390, -1,
      336, 390, 385, -1,
      377, 376, 355, -1,
      355, 376, 375, -1,
      355, 375, 374, -1,
      374, 373, 355, -1,
      355, 373, 372, -1,
      355, 372, 371, -1,
      371, 370, 355, -1,
      355, 370, 369, -1,
      355, 369, 368, -1,
      362, 366, 363, -1,
      363, 366, 365, -1,
      363, 365, 364, -1,
      361, 360, 366, -1,
      366, 360, 359, -1,
      366, 359, 358, -1,
      382, 391, 346, -1,
      346, 391, 392, -1,
      346, 392, 171, -1,
      171, 392, 393, -1,
      171, 393, 383, -1,
      389, 394, 377, -1,
      377, 394, 395, -1,
      377, 395, 346, -1,
      346, 395, 396, -1,
      346, 396, 378, -1,
      357, 356, 366, -1,
      366, 356, 355, -1,
      366, 355, 367, -1,
      367, 355, 368, -1,
      386, 397, 336, -1,
      336, 397, 398, -1,
      336, 398, 350, -1,
      398, 399, 350, -1,
      350, 399, 400, -1,
      350, 400, 377, -1,
      377, 400, 401, -1,
      377, 401, 387, -1,
      402, 403, 404, -1,
      404, 403, 405, -1,
      404, 405, 406, -1,
      406, 405, 407, -1,
      406, 407, 408, -1,
      408, 407, 409, -1,
      408, 409, 410, -1,
      410, 409, 411, -1,
      410, 411, 412, -1,
      412, 411, 413, -1,
      412, 413, 414, -1,
      414, 413, 415, -1,
      414, 415, 416, -1,
      416, 415, 417, -1,
      416, 417, 418, -1,
      417, 419, 418, -1,
      418, 419, 420, -1,
      418, 420, 421, -1,
      421, 420, 422, -1,
      421, 422, 423, -1,
      423, 422, 424, -1,
      423, 424, 425, -1,
      425, 424, 426, -1,
      425, 426, 427, -1,
      427, 426, 428, -1,
      427, 428, 429, -1,
      429, 428, 430, -1,
      429, 430, 431, -1,
      431, 430, 432, -1,
      431, 432, 433, -1,
      434, 435, 436, -1,
      436, 435, 437, -1,
      436, 437, 438, -1,
      438, 437, 439, -1,
      438, 439, 440, -1,
      440, 439, 441, -1,
      440, 441, 442, -1,
      442, 441, 443, -1,
      442, 443, 444, -1,
      444, 443, 445, -1,
      444, 445, 446, -1,
      446, 445, 447, -1,
      446, 447, 402, -1,
      402, 447, 448, -1,
      402, 448, 403, -1,
      432, 449, 433, -1,
      433, 449, 450, -1,
      433, 450, 451, -1,
      451, 450, 452, -1,
      451, 452, 453, -1,
      453, 452, 454, -1,
      453, 454, 455, -1,
      455, 454, 456, -1,
      455, 456, 457, -1,
      457, 456, 458, -1,
      457, 458, 459, -1,
      459, 458, 460, -1,
      459, 460, 461, -1,
      461, 460, 462, -1,
      461, 462, 463, -1,
      463, 462, 464, -1,
      463, 464, 434, -1,
      434, 464, 465, -1,
      434, 465, 435, -1,
      466, 467, 326, -1,
      468, 469, 333, -1,
      296, 470, 317, -1,
      317, 470, 471, -1,
      294, 472, 473, -1,
      294, 473, 296, -1,
      296, 473, 474, -1,
      296, 474, 470, -1,
      472, 294, 475, -1,
      475, 294, 292, -1,
      475, 292, 476, -1,
      291, 477, 478, -1,
      291, 478, 292, -1,
      292, 478, 479, -1,
      292, 479, 476, -1,
      477, 291, 480, -1,
      480, 291, 268, -1,
      480, 268, 481, -1,
      265, 482, 483, -1,
      265, 483, 266, -1,
      483, 484, 266, -1,
      266, 484, 485, -1,
      266, 485, 268, -1,
      268, 485, 486, -1,
      268, 486, 481, -1,
      272, 274, 487, -1,
      487, 488, 272, -1,
      272, 488, 489, -1,
      272, 489, 265, -1,
      265, 489, 490, -1,
      265, 490, 482, -1,
      491, 492, 276, -1,
      276, 492, 493, -1,
      276, 493, 274, -1,
      274, 493, 494, -1,
      274, 494, 487, -1,
      491, 276, 495, -1,
      495, 276, 278, -1,
      495, 278, 496, -1,
      496, 278, 281, -1,
      496, 281, 497, -1,
      283, 498, 281, -1,
      281, 498, 499, -1,
      281, 499, 497, -1,
      285, 500, 283, -1,
      283, 500, 501, -1,
      283, 501, 498, -1,
      502, 503, 302, -1,
      302, 503, 504, -1,
      302, 504, 285, -1,
      285, 504, 505, -1,
      285, 505, 500, -1,
      502, 302, 506, -1,
      506, 302, 304, -1,
      506, 304, 507, -1,
      507, 304, 508, -1,
      508, 304, 306, -1,
      508, 306, 509, -1,
      333, 469, 306, -1,
      306, 469, 510, -1,
      306, 510, 509, -1,
      468, 333, 511, -1,
      511, 333, 324, -1,
      511, 324, 512, -1,
      326, 467, 324, -1,
      324, 467, 513, -1,
      324, 513, 512, -1,
      466, 326, 514, -1,
      514, 326, 328, -1,
      514, 328, 515, -1,
      515, 328, 516, -1,
      516, 328, 313, -1,
      516, 313, 517, -1,
      471, 518, 317, -1,
      317, 518, 519, -1,
      317, 519, 315, -1,
      315, 519, 520, -1,
      315, 520, 313, -1,
      313, 520, 521, -1,
      313, 521, 517, -1,
      522, 523, 524, -1,
      525, 526, 527, -1,
      527, 526, 528, -1,
      527, 528, 523, -1,
      523, 528, 529, -1,
      523, 529, 524, -1,
      525, 527, 530, -1,
      530, 527, 531, -1,
      530, 531, 532, -1,
      532, 531, 533, -1,
      532, 533, 534, -1,
      534, 533, 535, -1,
      535, 533, 536, -1,
      535, 536, 537, -1,
      537, 536, 538, -1,
      538, 536, 539, -1,
      538, 539, 540, -1,
      541, 542, 543, -1,
      543, 542, 544, -1,
      543, 544, 539, -1,
      539, 544, 545, -1,
      539, 545, 540, -1,
      546, 547, 541, -1,
      541, 547, 548, -1,
      541, 548, 542, -1,
      549, 550, 551, -1,
      551, 550, 552, -1,
      551, 552, 546, -1,
      546, 552, 553, -1,
      546, 553, 547, -1,
      549, 551, 554, -1,
      554, 551, 555, -1,
      554, 555, 556, -1,
      556, 555, 557, -1,
      556, 557, 558, -1,
      558, 557, 559, -1,
      559, 557, 560, -1,
      559, 560, 561, -1,
      561, 560, 562, -1,
      562, 560, 563, -1,
      562, 563, 564, -1,
      565, 566, 567, -1,
      567, 566, 568, -1,
      567, 568, 563, -1,
      563, 568, 569, -1,
      563, 569, 564, -1,
      570, 571, 565, -1,
      565, 571, 572, -1,
      565, 572, 566, -1,
      573, 574, 575, -1,
      575, 574, 576, -1,
      575, 576, 570, -1,
      570, 576, 577, -1,
      570, 577, 571, -1,
      573, 575, 578, -1,
      578, 575, 579, -1,
      578, 579, 580, -1,
      580, 579, 581, -1,
      580, 581, 582, -1,
      582, 581, 583, -1,
      583, 581, 584, -1,
      583, 584, 585, -1,
      585, 584, 586, -1,
      586, 584, 587, -1,
      586, 587, 588, -1,
      524, 589, 522, -1,
      522, 589, 590, -1,
      522, 590, 591, -1,
      591, 590, 592, -1,
      591, 592, 587, -1,
      587, 592, 593, -1,
      587, 593, 588, -1,
      563, 560, 594, -1,
      594, 560, 557, -1,
      594, 557, 555, -1,
      570, 565, 594, -1,
      594, 565, 567, -1,
      594, 567, 563, -1,
      581, 579, 594, -1,
      594, 579, 575, -1,
      594, 575, 570, -1,
      591, 587, 594, -1,
      594, 587, 584, -1,
      594, 584, 581, -1,
      527, 523, 594, -1,
      594, 523, 522, -1,
      594, 522, 591, -1,
      536, 533, 594, -1,
      594, 533, 531, -1,
      594, 531, 527, -1,
      541, 543, 594, -1,
      594, 543, 539, -1,
      594, 539, 536, -1,
      555, 551, 594, -1,
      594, 551, 546, -1,
      594, 546, 541, -1,
      595, 564, 596, -1,
      596, 564, 569, -1,
      596, 569, 597, -1,
      597, 569, 568, -1,
      568, 566, 597, -1,
      597, 566, 572, -1,
      597, 572, 598, -1,
      598, 572, 571, -1,
      598, 571, 599, -1,
      599, 571, 577, -1,
      599, 577, 600, -1,
      577, 576, 600, -1,
      600, 576, 574, -1,
      600, 574, 601, -1,
      601, 574, 573, -1,
      601, 573, 602, -1,
      602, 573, 578, -1,
      578, 580, 602, -1,
      602, 580, 582, -1,
      602, 582, 603, -1,
      603, 582, 583, -1,
      603, 583, 604, -1,
      604, 583, 585, -1,
      604, 585, 605, -1,
      585, 586, 605, -1,
      605, 586, 588, -1,
      605, 588, 606, -1,
      606, 588, 593, -1,
      606, 593, 607, -1,
      607, 593, 592, -1,
      592, 590, 607, -1,
      607, 590, 589, -1,
      607, 589, 608, -1,
      608, 589, 524, -1,
      608, 524, 609, -1,
      609, 524, 529, -1,
      609, 529, 610, -1,
      529, 528, 610, -1,
      610, 528, 526, -1,
      610, 526, 611, -1,
      611, 526, 525, -1,
      611, 525, 612, -1,
      612, 525, 530, -1,
      530, 532, 612, -1,
      612, 532, 534, -1,
      612, 534, 613, -1,
      613, 534, 535, -1,
      613, 535, 614, -1,
      614, 535, 537, -1,
      614, 537, 615, -1,
      537, 538, 615, -1,
      615, 538, 540, -1,
      615, 540, 616, -1,
      616, 540, 545, -1,
      616, 545, 617, -1,
      617, 545, 544, -1,
      544, 542, 617, -1,
      617, 542, 548, -1,
      617, 548, 618, -1,
      618, 548, 547, -1,
      618, 547, 619, -1,
      619, 547, 553, -1,
      619, 553, 620, -1,
      620, 553, 552, -1,
      620, 552, 621, -1,
      552, 550, 621, -1,
      621, 550, 549, -1,
      621, 549, 622, -1,
      622, 549, 554, -1,
      554, 556, 622, -1,
      622, 556, 558, -1,
      622, 558, 623, -1,
      623, 558, 559, -1,
      623, 559, 624, -1,
      624, 559, 561, -1,
      624, 561, 595, -1,
      595, 561, 562, -1,
      595, 562, 564, -1,
      623, 625, 622, -1,
      622, 625, 626, -1,
      622, 626, 621, -1,
      621, 626, 627, -1,
      621, 627, 620, -1,
      620, 627, 628, -1,
      620, 628, 619, -1,
      619, 628, 629, -1,
      619, 629, 618, -1,
      618, 629, 630, -1,
      618, 630, 617, -1,
      617, 630, 631, -1,
      617, 631, 616, -1,
      616, 631, 632, -1,
      616, 632, 615, -1,
      615, 632, 633, -1,
      615, 633, 614, -1,
      614, 633, 634, -1,
      614, 634, 613, -1,
      613, 634, 635, -1,
      613, 635, 612, -1,
      612, 635, 636, -1,
      612, 636, 611, -1,
      611, 636, 637, -1,
      611, 637, 610, -1,
      610, 637, 638, -1,
      610, 638, 609, -1,
      609, 638, 639, -1,
      609, 639, 608, -1,
      608, 639, 640, -1,
      608, 640, 607, -1,
      607, 640, 641, -1,
      607, 641, 606, -1,
      606, 641, 642, -1,
      606, 642, 605, -1,
      605, 642, 643, -1,
      605, 643, 604, -1,
      604, 643, 644, -1,
      604, 644, 603, -1,
      603, 644, 645, -1,
      603, 645, 602, -1,
      602, 645, 646, -1,
      602, 646, 601, -1,
      601, 646, 647, -1,
      601, 647, 600, -1,
      600, 647, 648, -1,
      600, 648, 599, -1,
      599, 648, 649, -1,
      599, 649, 598, -1,
      598, 649, 650, -1,
      598, 650, 597, -1,
      597, 650, 651, -1,
      597, 651, 596, -1,
      596, 651, 652, -1,
      596, 652, 595, -1,
      595, 652, 653, -1,
      595, 653, 624, -1,
      624, 653, 654, -1,
      624, 654, 623, -1,
      623, 654, 625, -1,
      654, 655, 625, -1,
      625, 655, 656, -1,
      625, 656, 626, -1,
      626, 656, 657, -1,
      626, 657, 627, -1,
      627, 657, 658, -1,
      627, 658, 628, -1,
      628, 658, 659, -1,
      628, 659, 629, -1,
      629, 659, 660, -1,
      629, 660, 630, -1,
      630, 660, 661, -1,
      630, 661, 631, -1,
      631, 661, 662, -1,
      631, 662, 632, -1,
      632, 662, 663, -1,
      632, 663, 633, -1,
      633, 663, 664, -1,
      633, 664, 634, -1,
      634, 664, 665, -1,
      634, 665, 635, -1,
      635, 665, 666, -1,
      635, 666, 636, -1,
      636, 666, 667, -1,
      636, 667, 637, -1,
      637, 667, 668, -1,
      637, 668, 638, -1,
      638, 668, 669, -1,
      638, 669, 639, -1,
      639, 669, 670, -1,
      639, 670, 640, -1,
      640, 670, 671, -1,
      640, 671, 641, -1,
      641, 671, 672, -1,
      641, 672, 642, -1,
      642, 672, 673, -1,
      642, 673, 643, -1,
      643, 673, 674, -1,
      643, 674, 644, -1,
      644, 674, 675, -1,
      644, 675, 645, -1,
      645, 675, 676, -1,
      645, 676, 646, -1,
      646, 676, 677, -1,
      646, 677, 647, -1,
      647, 677, 678, -1,
      647, 678, 648, -1,
      648, 678, 679, -1,
      648, 679, 649, -1,
      649, 679, 680, -1,
      649, 680, 650, -1,
      650, 680, 681, -1,
      650, 681, 651, -1,
      651, 681, 682, -1,
      651, 682, 652, -1,
      652, 682, 683, -1,
      652, 683, 653, -1,
      653, 683, 684, -1,
      653, 684, 654, -1,
      654, 684, 655, -1,
      684, 685, 655, -1,
      655, 685, 686, -1,
      655, 686, 656, -1,
      656, 686, 687, -1,
      656, 687, 657, -1,
      657, 687, 688, -1,
      657, 688, 658, -1,
      658, 688, 689, -1,
      658, 689, 659, -1,
      659, 689, 690, -1,
      659, 690, 660, -1,
      660, 690, 691, -1,
      660, 691, 661, -1,
      661, 691, 692, -1,
      661, 692, 662, -1,
      662, 692, 693, -1,
      662, 693, 663, -1,
      663, 693, 694, -1,
      663, 694, 664, -1,
      664, 694, 695, -1,
      664, 695, 665, -1,
      665, 695, 696, -1,
      665, 696, 666, -1,
      666, 696, 697, -1,
      666, 697, 667, -1,
      667, 697, 698, -1,
      667, 698, 668, -1,
      668, 698, 699, -1,
      668, 699, 669, -1,
      669, 699, 700, -1,
      669, 700, 670, -1,
      670, 700, 701, -1,
      670, 701, 671, -1,
      671, 701, 702, -1,
      671, 702, 672, -1,
      672, 702, 703, -1,
      672, 703, 673, -1,
      673, 703, 704, -1,
      673, 704, 674, -1,
      674, 704, 705, -1,
      674, 705, 675, -1,
      675, 705, 706, -1,
      675, 706, 676, -1,
      676, 706, 707, -1,
      676, 707, 677, -1,
      677, 707, 708, -1,
      677, 708, 678, -1,
      678, 708, 709, -1,
      678, 709, 679, -1,
      679, 709, 710, -1,
      679, 710, 680, -1,
      680, 710, 711, -1,
      680, 711, 681, -1,
      681, 711, 712, -1,
      681, 712, 682, -1,
      682, 712, 713, -1,
      682, 713, 683, -1,
      683, 713, 714, -1,
      683, 714, 684, -1,
      684, 714, 685, -1,
      714, 715, 685, -1,
      685, 715, 716, -1,
      685, 716, 686, -1,
      686, 716, 717, -1,
      686, 717, 687, -1,
      687, 717, 718, -1,
      687, 718, 688, -1,
      688, 718, 719, -1,
      688, 719, 689, -1,
      689, 719, 720, -1,
      689, 720, 690, -1,
      690, 720, 721, -1,
      690, 721, 691, -1,
      691, 721, 722, -1,
      691, 722, 692, -1,
      692, 722, 723, -1,
      692, 723, 693, -1,
      693, 723, 724, -1,
      693, 724, 694, -1,
      694, 724, 725, -1,
      694, 725, 695, -1,
      695, 725, 726, -1,
      695, 726, 696, -1,
      696, 726, 727, -1,
      696, 727, 697, -1,
      697, 727, 728, -1,
      697, 728, 698, -1,
      698, 728, 729, -1,
      698, 729, 699, -1,
      699, 729, 730, -1,
      699, 730, 700, -1,
      700, 730, 731, -1,
      700, 731, 701, -1,
      701, 731, 732, -1,
      701, 732, 702, -1,
      702, 732, 733, -1,
      702, 733, 703, -1,
      703, 733, 734, -1,
      703, 734, 704, -1,
      704, 734, 735, -1,
      704, 735, 705, -1,
      705, 735, 736, -1,
      705, 736, 706, -1,
      706, 736, 737, -1,
      706, 737, 707, -1,
      707, 737, 738, -1,
      707, 738, 708, -1,
      708, 738, 739, -1,
      708, 739, 709, -1,
      709, 739, 740, -1,
      709, 740, 710, -1,
      710, 740, 741, -1,
      710, 741, 711, -1,
      711, 741, 742, -1,
      711, 742, 712, -1,
      712, 742, 743, -1,
      712, 743, 713, -1,
      713, 743, 744, -1,
      713, 744, 714, -1,
      714, 744, 715, -1,
      744, 412, 715, -1,
      715, 412, 414, -1,
      715, 414, 716, -1,
      716, 414, 416, -1,
      716, 416, 717, -1,
      717, 416, 418, -1,
      717, 418, 718, -1,
      718, 418, 421, -1,
      718, 421, 719, -1,
      719, 421, 423, -1,
      719, 423, 720, -1,
      720, 423, 425, -1,
      720, 425, 721, -1,
      721, 425, 427, -1,
      721, 427, 722, -1,
      722, 427, 429, -1,
      722, 429, 723, -1,
      723, 429, 431, -1,
      723, 431, 724, -1,
      724, 431, 433, -1,
      724, 433, 725, -1,
      725, 433, 451, -1,
      725, 451, 726, -1,
      726, 451, 453, -1,
      726, 453, 727, -1,
      727, 453, 455, -1,
      727, 455, 728, -1,
      728, 455, 457, -1,
      728, 457, 729, -1,
      729, 457, 459, -1,
      729, 459, 730, -1,
      730, 459, 461, -1,
      730, 461, 731, -1,
      731, 461, 463, -1,
      731, 463, 732, -1,
      732, 463, 434, -1,
      732, 434, 733, -1,
      733, 434, 436, -1,
      733, 436, 734, -1,
      734, 436, 438, -1,
      734, 438, 735, -1,
      735, 438, 440, -1,
      735, 440, 736, -1,
      736, 440, 442, -1,
      736, 442, 737, -1,
      737, 442, 444, -1,
      737, 444, 738, -1,
      738, 444, 446, -1,
      738, 446, 739, -1,
      739, 446, 402, -1,
      739, 402, 740, -1,
      740, 402, 404, -1,
      740, 404, 741, -1,
      741, 404, 406, -1,
      741, 406, 742, -1,
      742, 406, 408, -1,
      742, 408, 743, -1,
      743, 408, 410, -1,
      743, 410, 744, -1,
      744, 410, 412, -1,
      497, 499, 745, -1,
      505, 504, 746, -1,
      507, 508, 747, -1,
      509, 510, 748, -1,
      469, 468, 749, -1,
      512, 513, 750, -1,
      515, 516, 751, -1,
      518, 471, 752, -1,
      472, 475, 753, -1,
      477, 480, 754, -1,
      481, 486, 755, -1,
      485, 484, 756, -1,
      482, 490, 757, -1,
      494, 493, 758, -1,
      409, 407, 759, -1,
      759, 407, 760, -1,
      759, 760, 761, -1,
      761, 760, 762, -1,
      761, 762, 763, -1,
      763, 762, 764, -1,
      763, 764, 765, -1,
      765, 764, 766, -1,
      765, 766, 767, -1,
      767, 766, 758, -1,
      403, 448, 768, -1,
      768, 448, 769, -1,
      768, 769, 770, -1,
      770, 769, 771, -1,
      770, 771, 772, -1,
      772, 771, 773, -1,
      772, 773, 774, -1,
      774, 773, 775, -1,
      774, 775, 776, -1,
      776, 775, 757, -1,
      437, 435, 777, -1,
      777, 435, 778, -1,
      777, 778, 779, -1,
      779, 778, 780, -1,
      779, 780, 781, -1,
      781, 780, 782, -1,
      781, 782, 783, -1,
      783, 782, 784, -1,
      783, 784, 785, -1,
      785, 784, 753, -1,
      464, 462, 786, -1,
      786, 462, 787, -1,
      786, 787, 788, -1,
      788, 787, 789, -1,
      788, 789, 790, -1,
      790, 789, 791, -1,
      790, 791, 792, -1,
      792, 791, 793, -1,
      792, 793, 794, -1,
      794, 793, 752, -1,
      456, 454, 795, -1,
      795, 454, 796, -1,
      795, 796, 797, -1,
      797, 796, 798, -1,
      797, 798, 799, -1,
      799, 798, 800, -1,
      799, 800, 801, -1,
      801, 800, 802, -1,
      801, 802, 803, -1,
      803, 802, 751, -1,
      450, 449, 804, -1,
      804, 449, 805, -1,
      804, 805, 806, -1,
      806, 805, 807, -1,
      806, 807, 808, -1,
      808, 807, 809, -1,
      808, 809, 810, -1,
      810, 809, 811, -1,
      810, 811, 812, -1,
      812, 811, 750, -1,
      422, 420, 813, -1,
      813, 420, 814, -1,
      813, 814, 815, -1,
      815, 814, 816, -1,
      815, 816, 817, -1,
      817, 816, 818, -1,
      817, 818, 819, -1,
      819, 818, 820, -1,
      819, 820, 821, -1,
      821, 820, 746, -1,
      417, 415, 822, -1,
      822, 415, 823, -1,
      822, 823, 824, -1,
      824, 823, 825, -1,
      824, 825, 826, -1,
      826, 825, 827, -1,
      826, 827, 828, -1,
      828, 827, 829, -1,
      828, 829, 830, -1,
      830, 829, 745, -1,
      411, 409, 831, -1,
      831, 409, 759, -1,
      831, 759, 832, -1,
      832, 759, 761, -1,
      832, 761, 833, -1,
      833, 761, 763, -1,
      833, 763, 834, -1,
      834, 763, 765, -1,
      834, 765, 835, -1,
      835, 765, 767, -1,
      835, 767, 495, -1,
      495, 767, 491, -1,
      758, 493, 767, -1,
      767, 493, 492, -1,
      767, 492, 491, -1,
      487, 494, 836, -1,
      836, 494, 758, -1,
      836, 758, 837, -1,
      837, 758, 766, -1,
      837, 766, 838, -1,
      838, 766, 764, -1,
      838, 764, 839, -1,
      839, 764, 762, -1,
      839, 762, 840, -1,
      840, 762, 760, -1,
      840, 760, 405, -1,
      405, 760, 407, -1,
      405, 403, 840, -1,
      840, 403, 768, -1,
      840, 768, 839, -1,
      839, 768, 770, -1,
      839, 770, 838, -1,
      838, 770, 772, -1,
      838, 772, 837, -1,
      837, 772, 774, -1,
      837, 774, 836, -1,
      836, 774, 776, -1,
      836, 776, 487, -1,
      487, 776, 488, -1,
      757, 490, 776, -1,
      776, 490, 489, -1,
      776, 489, 488, -1,
      483, 482, 841, -1,
      841, 482, 757, -1,
      841, 757, 842, -1,
      842, 757, 775, -1,
      842, 775, 843, -1,
      843, 775, 773, -1,
      843, 773, 844, -1,
      844, 773, 771, -1,
      844, 771, 845, -1,
      845, 771, 769, -1,
      845, 769, 447, -1,
      447, 769, 448, -1,
      447, 445, 845, -1,
      845, 445, 846, -1,
      845, 846, 844, -1,
      844, 846, 847, -1,
      844, 847, 843, -1,
      843, 847, 848, -1,
      843, 848, 842, -1,
      842, 848, 849, -1,
      842, 849, 841, -1,
      841, 849, 756, -1,
      841, 756, 483, -1,
      483, 756, 484, -1,
      486, 485, 755, -1,
      755, 485, 756, -1,
      755, 756, 850, -1,
      850, 756, 849, -1,
      850, 849, 851, -1,
      851, 849, 848, -1,
      851, 848, 852, -1,
      852, 848, 847, -1,
      852, 847, 853, -1,
      853, 847, 846, -1,
      853, 846, 443, -1,
      443, 846, 445, -1,
      443, 441, 853, -1,
      853, 441, 854, -1,
      853, 854, 852, -1,
      852, 854, 855, -1,
      852, 855, 851, -1,
      851, 855, 856, -1,
      851, 856, 850, -1,
      850, 856, 857, -1,
      850, 857, 755, -1,
      755, 857, 754, -1,
      755, 754, 481, -1,
      481, 754, 480, -1,
      478, 477, 858, -1,
      858, 477, 754, -1,
      858, 754, 859, -1,
      859, 754, 857, -1,
      859, 857, 860, -1,
      860, 857, 856, -1,
      860, 856, 861, -1,
      861, 856, 855, -1,
      861, 855, 862, -1,
      862, 855, 854, -1,
      862, 854, 439, -1,
      439, 854, 441, -1,
      439, 437, 862, -1,
      862, 437, 777, -1,
      862, 777, 861, -1,
      861, 777, 779, -1,
      861, 779, 860, -1,
      860, 779, 781, -1,
      860, 781, 859, -1,
      859, 781, 783, -1,
      859, 783, 858, -1,
      858, 783, 785, -1,
      858, 785, 478, -1,
      478, 785, 479, -1,
      753, 475, 785, -1,
      785, 475, 476, -1,
      785, 476, 479, -1,
      473, 472, 863, -1,
      863, 472, 753, -1,
      863, 753, 864, -1,
      864, 753, 784, -1,
      864, 784, 865, -1,
      865, 784, 782, -1,
      865, 782, 866, -1,
      866, 782, 780, -1,
      866, 780, 867, -1,
      867, 780, 778, -1,
      867, 778, 465, -1,
      465, 778, 435, -1,
      465, 464, 867, -1,
      867, 464, 786, -1,
      867, 786, 866, -1,
      866, 786, 788, -1,
      866, 788, 865, -1,
      865, 788, 790, -1,
      865, 790, 864, -1,
      864, 790, 792, -1,
      864, 792, 863, -1,
      863, 792, 794, -1,
      863, 794, 473, -1,
      473, 794, 474, -1,
      752, 471, 794, -1,
      794, 471, 470, -1,
      794, 470, 474, -1,
      519, 518, 868, -1,
      868, 518, 752, -1,
      868, 752, 869, -1,
      869, 752, 793, -1,
      869, 793, 870, -1,
      870, 793, 791, -1,
      870, 791, 871, -1,
      871, 791, 789, -1,
      871, 789, 872, -1,
      872, 789, 787, -1,
      872, 787, 460, -1,
      460, 787, 462, -1,
      460, 458, 872, -1,
      872, 458, 873, -1,
      872, 873, 871, -1,
      871, 873, 874, -1,
      871, 874, 870, -1,
      870, 874, 875, -1,
      870, 875, 869, -1,
      869, 875, 876, -1,
      869, 876, 868, -1,
      868, 876, 877, -1,
      868, 877, 519, -1,
      519, 877, 520, -1,
      458, 456, 873, -1,
      873, 456, 795, -1,
      873, 795, 874, -1,
      874, 795, 797, -1,
      874, 797, 875, -1,
      875, 797, 799, -1,
      875, 799, 876, -1,
      876, 799, 801, -1,
      876, 801, 877, -1,
      877, 801, 803, -1,
      877, 803, 520, -1,
      520, 803, 521, -1,
      751, 516, 803, -1,
      803, 516, 517, -1,
      803, 517, 521, -1,
      514, 515, 878, -1,
      878, 515, 751, -1,
      878, 751, 879, -1,
      879, 751, 802, -1,
      879, 802, 880, -1,
      880, 802, 800, -1,
      880, 800, 881, -1,
      881, 800, 798, -1,
      881, 798, 882, -1,
      882, 798, 796, -1,
      882, 796, 452, -1,
      452, 796, 454, -1,
      452, 450, 882, -1,
      882, 450, 804, -1,
      882, 804, 881, -1,
      881, 804, 806, -1,
      881, 806, 880, -1,
      880, 806, 808, -1,
      880, 808, 879, -1,
      879, 808, 810, -1,
      879, 810, 878, -1,
      878, 810, 812, -1,
      878, 812, 514, -1,
      514, 812, 466, -1,
      750, 513, 812, -1,
      812, 513, 467, -1,
      812, 467, 466, -1,
      511, 512, 883, -1,
      883, 512, 750, -1,
      883, 750, 884, -1,
      884, 750, 811, -1,
      884, 811, 885, -1,
      885, 811, 809, -1,
      885, 809, 886, -1,
      886, 809, 807, -1,
      886, 807, 887, -1,
      887, 807, 805, -1,
      887, 805, 432, -1,
      432, 805, 449, -1,
      432, 430, 887, -1,
      887, 430, 888, -1,
      887, 888, 886, -1,
      886, 888, 889, -1,
      886, 889, 885, -1,
      885, 889, 890, -1,
      885, 890, 884, -1,
      884, 890, 891, -1,
      884, 891, 883, -1,
      883, 891, 749, -1,
      883, 749, 511, -1,
      511, 749, 468, -1,
      510, 469, 748, -1,
      748, 469, 749, -1,
      748, 749, 892, -1,
      892, 749, 891, -1,
      892, 891, 893, -1,
      893, 891, 890, -1,
      893, 890, 894, -1,
      894, 890, 889, -1,
      894, 889, 895, -1,
      895, 889, 888, -1,
      895, 888, 428, -1,
      428, 888, 430, -1,
      428, 426, 895, -1,
      895, 426, 896, -1,
      895, 896, 894, -1,
      894, 896, 897, -1,
      894, 897, 893, -1,
      893, 897, 898, -1,
      893, 898, 892, -1,
      892, 898, 899, -1,
      892, 899, 748, -1,
      748, 899, 747, -1,
      748, 747, 509, -1,
      509, 747, 508, -1,
      506, 507, 900, -1,
      900, 507, 747, -1,
      900, 747, 901, -1,
      901, 747, 899, -1,
      901, 899, 902, -1,
      902, 899, 898, -1,
      902, 898, 903, -1,
      903, 898, 897, -1,
      903, 897, 904, -1,
      904, 897, 896, -1,
      904, 896, 424, -1,
      424, 896, 426, -1,
      424, 422, 904, -1,
      904, 422, 813, -1,
      904, 813, 903, -1,
      903, 813, 815, -1,
      903, 815, 902, -1,
      902, 815, 817, -1,
      902, 817, 901, -1,
      901, 817, 819, -1,
      901, 819, 900, -1,
      900, 819, 821, -1,
      900, 821, 506, -1,
      506, 821, 502, -1,
      746, 504, 821, -1,
      821, 504, 503, -1,
      821, 503, 502, -1,
      500, 505, 905, -1,
      905, 505, 746, -1,
      905, 746, 906, -1,
      906, 746, 820, -1,
      906, 820, 907, -1,
      907, 820, 818, -1,
      907, 818, 908, -1,
      908, 818, 816, -1,
      908, 816, 909, -1,
      909, 816, 814, -1,
      909, 814, 419, -1,
      419, 814, 420, -1,
      419, 417, 909, -1,
      909, 417, 822, -1,
      909, 822, 908, -1,
      908, 822, 824, -1,
      908, 824, 907, -1,
      907, 824, 826, -1,
      907, 826, 906, -1,
      906, 826, 828, -1,
      906, 828, 905, -1,
      905, 828, 830, -1,
      905, 830, 500, -1,
      500, 830, 501, -1,
      745, 499, 830, -1,
      830, 499, 498, -1,
      830, 498, 501, -1,
      496, 497, 910, -1,
      910, 497, 745, -1,
      910, 745, 911, -1,
      911, 745, 829, -1,
      911, 829, 912, -1,
      912, 829, 827, -1,
      912, 827, 913, -1,
      913, 827, 825, -1,
      913, 825, 914, -1,
      914, 825, 823, -1,
      914, 823, 413, -1,
      413, 823, 415, -1,
      413, 411, 914, -1,
      914, 411, 831, -1,
      914, 831, 913, -1,
      913, 831, 832, -1,
      913, 832, 912, -1,
      912, 832, 833, -1,
      912, 833, 911, -1,
      911, 833, 834, -1,
      911, 834, 910, -1,
      910, 834, 835, -1,
      910, 835, 496, -1,
      496, 835, 495, -1,
      915, 916, 917, -1,
      106, 916, 104, -1,
      104, 916, 915, -1,
      104, 915, 918, -1,
      919, 920, 921, -1,
      921, 920, 922, -1,
      921, 922, 917, -1,
      917, 922, 923, -1,
      917, 923, 915, -1,
      918, 924, 104, -1,
      104, 924, 925, -1,
      104, 925, 926, -1,
      926, 925, 927, -1,
      926, 927, 928, -1,
      929, 930, 915, -1,
      915, 930, 918, -1,
      931, 932, 929, -1,
      932, 107, 929, -1,
      929, 107, 105, -1,
      929, 105, 930, -1,
      929, 933, 931, -1,
      931, 933, 934, -1,
      931, 934, 935, -1,
      935, 934, 936, -1,
      935, 936, 937, -1,
      938, 939, 940, -1,
      940, 939, 941, -1,
      940, 941, 105, -1,
      105, 941, 942, -1,
      105, 942, 930, -1,
      107, 932, 943, -1,
      107, 943, 109, -1,
      109, 943, 944, -1,
      109, 944, 111, -1,
      111, 944, 945, -1,
      111, 945, 113, -1,
      113, 945, 946, -1,
      113, 946, 115, -1,
      115, 946, 947, -1,
      115, 947, 117, -1,
      117, 947, 168, -1,
      117, 168, 119, -1,
      118, 208, 116, -1,
      116, 208, 948, -1,
      116, 948, 114, -1,
      114, 948, 949, -1,
      114, 949, 112, -1,
      112, 949, 950, -1,
      112, 950, 110, -1,
      110, 950, 951, -1,
      110, 951, 108, -1,
      108, 951, 952, -1,
      108, 952, 106, -1,
      106, 952, 916, -1,
      208, 168, 948, -1,
      948, 168, 947, -1,
      948, 947, 949, -1,
      949, 947, 946, -1,
      949, 946, 950, -1,
      950, 946, 945, -1,
      950, 945, 951, -1,
      951, 945, 944, -1,
      951, 944, 952, -1,
      952, 944, 943, -1,
      952, 943, 916, -1,
      916, 943, 932, -1,
      916, 932, 917, -1,
      917, 932, 931, -1,
      929, 915, 923, -1,
      929, 923, 933, -1,
      933, 923, 922, -1,
      933, 922, 934, -1,
      934, 922, 920, -1,
      934, 920, 936, -1,
      936, 920, 919, -1,
      936, 919, 937, -1,
      937, 919, 921, -1,
      937, 921, 935, -1,
      935, 921, 917, -1,
      935, 917, 931, -1,
      918, 930, 942, -1,
      918, 942, 924, -1,
      924, 942, 941, -1,
      924, 941, 925, -1,
      925, 941, 939, -1,
      925, 939, 927, -1,
      927, 939, 938, -1,
      927, 938, 928, -1,
      928, 938, 940, -1,
      928, 940, 926, -1,
      926, 940, 105, -1,
      926, 105, 104, -1,
      223, 210, 337, -1,
      223, 337, 345, -1,
      345, 337, 338, -1,
      345, 338, 348, -1,
      348, 338, 342, -1,
      348, 342, 349, -1,
      349, 342, 341, -1,
      349, 341, 343, -1,
      343, 341, 340, -1,
      343, 340, 344, -1,
      344, 340, 339, -1,
      344, 339, 347, -1,
      347, 339, 257, -1,
      347, 257, 256, -1,
      180, 179, 231, -1,
      231, 179, 209, -1,
      187, 225, 188, -1,
      188, 225, 226, -1,
      188, 226, 189, -1,
      189, 226, 221, -1,
      189, 221, 169, -1,
      169, 221, 220, -1,
      169, 220, 170, -1,
      170, 220, 207, -1,
      170, 207, 178, -1,
      178, 207, 206, -1,
      178, 206, 179, -1,
      179, 206, 209, -1,
      227, 225, 186, -1,
      186, 225, 187, -1,
      176, 218, 174, -1,
      174, 218, 217, -1,
      174, 217, 173, -1,
      173, 217, 215, -1,
      173, 215, 177, -1,
      177, 215, 243, -1,
      177, 243, 184, -1,
      184, 243, 212, -1,
      184, 212, 185, -1,
      185, 212, 211, -1,
      185, 211, 186, -1,
      186, 211, 227, -1,
      219, 218, 196, -1,
      196, 218, 176, -1,
      180, 231, 242, -1,
      180, 242, 201, -1,
      201, 242, 241, -1,
      201, 241, 190, -1,
      190, 241, 240, -1,
      190, 240, 191, -1,
      191, 240, 233, -1,
      191, 233, 192, -1,
      192, 233, 232, -1,
      192, 232, 181, -1,
      181, 232, 120, -1,
      181, 120, 121, -1,
      175, 244, 236, -1,
      175, 236, 202, -1,
      202, 236, 235, -1,
      202, 235, 193, -1,
      193, 235, 234, -1,
      193, 234, 194, -1,
      194, 234, 216, -1,
      194, 216, 195, -1,
      195, 216, 214, -1,
      195, 214, 182, -1,
      182, 214, 213, -1,
      182, 213, 183, -1,
      219, 196, 205, -1,
      219, 205, 245, -1,
      245, 205, 204, -1,
      245, 204, 237, -1,
      237, 204, 203, -1,
      237, 203, 238, -1,
      238, 203, 200, -1,
      238, 200, 239, -1,
      239, 200, 199, -1,
      239, 199, 228, -1,
      228, 199, 198, -1,
      228, 198, 229, -1,
      229, 198, 197, -1,
      229, 197, 230, -1,
      385, 258, 386, -1,
      386, 258, 264, -1,
      386, 264, 397, -1,
      397, 264, 263, -1,
      397, 263, 398, -1,
      398, 263, 262, -1,
      398, 262, 399, -1,
      399, 262, 261, -1,
      399, 261, 400, -1,
      400, 261, 260, -1,
      400, 260, 401, -1,
      401, 260, 323, -1,
      401, 323, 387, -1,
      387, 323, 312, -1,
      387, 312, 388, -1,
      388, 312, 311, -1,
      388, 311, 389, -1,
      389, 311, 310, -1,
      389, 310, 394, -1,
      394, 310, 309, -1,
      394, 309, 395, -1,
      395, 309, 308, -1,
      395, 308, 396, -1,
      396, 308, 307, -1,
      396, 307, 378, -1,
      378, 307, 288, -1,
      378, 288, 379, -1,
      379, 288, 287, -1,
      379, 287, 380, -1,
      380, 287, 286, -1,
      380, 286, 381, -1,
      381, 286, 270, -1,
      381, 270, 382, -1,
      382, 270, 269, -1,
      382, 269, 391, -1,
      391, 269, 322, -1,
      391, 322, 392, -1,
      392, 322, 321, -1,
      392, 321, 393, -1,
      393, 321, 320, -1,
      393, 320, 383, -1,
      383, 320, 299, -1,
      383, 299, 384, -1,
      384, 299, 298, -1,
      384, 298, 390, -1,
      390, 298, 297, -1,
      390, 297, 385, -1,
      385, 297, 258, -1,
    ]
  }
}
