#VRML V2.0 utf8

Shape {
  appearance Appearance {
    material Material {
      diffuseColor 0.7686 0.7686 0.7686
      specularColor 0.6157 0.6157 0.6157
      ambientIntensity 0.2
      transparency 0.0000
      shininess 0.5
    }
  }
  geometry IndexedFaceSet {
    ccw TRUE
    solid FALSE
    coord DEF co Coordinate {
      point [
        -0.127953 0.905512 0.118110,
        -0.127953 0.905512 -0.003937,
        -0.127953 0.196850 0.118110,
        -0.127953 0.196850 -0.003937,
        0.127953 0.905512 0.118110,
        0.127953 0.905512 -0.003937,
        0.127953 0.196850 0.118110,
        0.127953 0.196850 -0.003937,
        -0.127953 -0.196850 0.118110,
        -0.127953 -0.196850 -0.003937,
        -0.127953 -0.905512 0.118110,
        -0.127953 -0.905512 -0.003937,
        0.127953 -0.196850 0.118110,
        0.127953 -0.196850 -0.003937,
        0.127953 -0.905512 0.118110,
        0.127953 -0.905512 -0.003937,
      ]
    }
    coordIndex [
      0, 1, 2, -1,
      2, 1, 3, -1,
      4, 5, 0, -1,
      0, 5, 1, -1,
      6, 7, 4, -1,
      4, 7, 5, -1,
      2, 3, 6, -1,
      6, 3, 7, -1,
      5, 7, 1, -1,
      1, 7, 3, -1,
      6, 4, 2, -1,
      2, 4, 0, -1,
      8, 9, 10, -1,
      10, 9, 11, -1,
      12, 13, 8, -1,
      8, 13, 9, -1,
      14, 15, 12, -1,
      12, 15, 13, -1,
      10, 11, 14, -1,
      14, 11, 15, -1,
      13, 15, 9, -1,
      9, 15, 11, -1,
      14, 12, 10, -1,
      10, 12, 8, -1,
    ]
  }
}

Shape {
  appearance Appearance {
    material Material {
      diffuseColor 0.0000 0.0000 0.0000
      specularColor 0.0000 0.0000 0.0000
      ambientIntensity 0.2
      transparency 0.0000
      shininess 0.5
    }
  }
  geometry IndexedFaceSet {
    ccw TRUE
    solid FALSE
    coord DEF co Coordinate {
      point [
        -0.139839 -0.140118 2.087008,
        -0.139839 -0.164859 2.087008,
        -0.139839 -0.140118 2.086614,
        -0.139839 -0.164859 2.086614,
        -0.146483 -0.140580 2.086614,
        -0.146483 -0.140580 2.087008,
        -0.154043 -0.141706 2.086614,
        -0.154043 -0.141706 2.087008,
        -0.161824 -0.143714 2.086614,
        -0.161824 -0.143714 2.087008,
        -0.168176 -0.146154 2.086614,
        -0.168176 -0.146154 2.087008,
        -0.173599 -0.148989 2.086614,
        -0.173599 -0.148989 2.087008,
        -0.178902 -0.152683 2.086614,
        -0.178902 -0.152683 2.087008,
        -0.183821 -0.157125 2.086614,
        -0.183821 -0.157125 2.087008,
        -0.187978 -0.162025 2.086614,
        -0.187978 -0.162025 2.087008,
        -0.190763 -0.166107 2.086614,
        -0.190763 -0.166107 2.087008,
        -0.194079 -0.172230 2.086614,
        -0.194079 -0.172230 2.087008,
        -0.196746 -0.178830 2.086614,
        -0.196746 -0.178830 2.087008,
        -0.198902 -0.186091 2.086614,
        -0.198902 -0.186091 2.087008,
        -0.200607 -0.194379 2.086614,
        -0.200607 -0.194379 2.087008,
        -0.201724 -0.203522 2.086614,
        -0.201724 -0.203522 2.087008,
        -0.202181 -0.213465 2.086614,
        -0.202181 -0.213465 2.087008,
        -0.202229 -0.216492 2.086614,
        -0.202229 -0.216492 2.087008,
        -0.201948 -0.224900 2.086614,
        -0.201948 -0.224900 2.087008,
        -0.201007 -0.233094 2.086614,
        -0.201007 -0.233094 2.087008,
        -0.199215 -0.241540 2.086614,
        -0.199215 -0.241540 2.087008,
        -0.197024 -0.248138 2.086614,
        -0.197024 -0.248138 2.087008,
        -0.194343 -0.254033 2.086614,
        -0.194343 -0.254033 2.087008,
        -0.191268 -0.259031 2.086614,
        -0.191268 -0.259031 2.087008,
        -0.189320 -0.261670 2.086614,
        -0.189320 -0.261670 2.087008,
        -0.185258 -0.266741 2.086614,
        -0.185258 -0.266741 2.087008,
        -0.180921 -0.271102 2.086614,
        -0.180921 -0.271102 2.087008,
        -0.175821 -0.275086 2.086614,
        -0.175821 -0.275086 2.087008,
        -0.170099 -0.278524 2.086614,
        -0.170099 -0.278524 2.087008,
        -0.163813 -0.281311 2.086614,
        -0.163813 -0.281311 2.087008,
        -0.157230 -0.283323 2.086614,
        -0.157230 -0.283323 2.087008,
        -0.150226 -0.284654 2.086614,
        -0.150226 -0.284654 2.087008,
        -0.141991 -0.285335 2.086614,
        -0.141991 -0.285335 2.087008,
        -0.136284 -0.285062 2.086614,
        -0.136284 -0.285062 2.087008,
        -0.130470 -0.284095 2.086614,
        -0.130470 -0.284095 2.087008,
        -0.124529 -0.282258 2.086614,
        -0.124529 -0.282258 2.087008,
        -0.119645 -0.279990 2.086614,
        -0.119645 -0.279990 2.087008,
        -0.114808 -0.276810 2.086614,
        -0.114808 -0.276810 2.087008,
        -0.110762 -0.273315 2.086614,
        -0.110762 -0.273315 2.087008,
        -0.107044 -0.269202 2.086614,
        -0.107044 -0.269202 2.087008,
        -0.103359 -0.263901 2.086614,
        -0.103359 -0.263901 2.087008,
        -0.100281 -0.258395 2.086614,
        -0.100281 -0.258395 2.087008,
        -0.097428 -0.251776 2.086614,
        -0.097428 -0.251776 2.087008,
        -0.094932 -0.244328 2.086614,
        -0.094932 -0.244328 2.087008,
        -0.094660 -0.243384 2.086614,
        -0.094660 -0.243384 2.087008,
        -0.086055 -0.202508 2.087008,
        -0.086055 -0.202508 2.086614,
        -0.083683 -0.192387 2.086614,
        -0.083683 -0.192387 2.087008,
        -0.081135 -0.183835 2.086614,
        -0.081135 -0.183835 2.087008,
        -0.078637 -0.177315 2.086614,
        -0.078637 -0.177315 2.087008,
        -0.076371 -0.172741 2.086614,
        -0.076371 -0.172741 2.087008,
        -0.073564 -0.168618 2.086614,
        -0.073564 -0.168618 2.087008,
        -0.073146 -0.168086 2.086614,
        -0.073146 -0.168086 2.087008,
        -0.069937 -0.165035 2.086614,
        -0.069937 -0.165035 2.087008,
        -0.066308 -0.162753 2.086614,
        -0.066308 -0.162753 2.087008,
        -0.062200 -0.161089 2.086614,
        -0.062200 -0.161089 2.087008,
        -0.057522 -0.159984 2.086614,
        -0.057522 -0.159984 2.087008,
        -0.052427 -0.159516 2.086614,
        -0.052427 -0.159516 2.087008,
        -0.050557 -0.159480 2.086614,
        -0.050557 -0.159480 2.087008,
        -0.045861 -0.159920 2.086614,
        -0.045861 -0.159920 2.087008,
        -0.040789 -0.161220 2.086614,
        -0.040789 -0.161220 2.087008,
        -0.036604 -0.163059 2.086614,
        -0.036604 -0.163059 2.087008,
        -0.032690 -0.165675 2.086614,
        -0.032690 -0.165675 2.087008,
        -0.029341 -0.168882 2.086614,
        -0.029341 -0.168882 2.087008,
        -0.026298 -0.172871 2.086614,
        -0.026298 -0.172871 2.087008,
        -0.023769 -0.177371 2.086614,
        -0.023769 -0.177371 2.087008,
        -0.022478 -0.180333 2.086614,
        -0.022478 -0.180333 2.087008,
        -0.020533 -0.186169 2.086614,
        -0.020533 -0.186169 2.087008,
        -0.018996 -0.192993 2.086614,
        -0.018996 -0.192993 2.087008,
        -0.017648 -0.203235 2.086614,
        -0.017648 -0.203235 2.087008,
        -0.017211 -0.212189 2.086614,
        -0.017211 -0.212189 2.087008,
        -0.017538 -0.218679 2.086614,
        -0.017538 -0.218679 2.087008,
        -0.018456 -0.226444 2.086614,
        -0.018456 -0.226444 2.087008,
        -0.019992 -0.233489 2.086614,
        -0.019992 -0.233489 2.087008,
        -0.022052 -0.239729 2.086614,
        -0.022052 -0.239729 2.087008,
        -0.024556 -0.245076 2.086614,
        -0.024556 -0.245076 2.087008,
        -0.027940 -0.250287 2.086614,
        -0.027940 -0.250287 2.087008,
        -0.031470 -0.254270 2.086614,
        -0.031470 -0.254270 2.087008,
        -0.035766 -0.257878 2.086614,
        -0.035766 -0.257878 2.087008,
        -0.040030 -0.260548 2.086614,
        -0.040030 -0.260548 2.087008,
        -0.044893 -0.262678 2.086614,
        -0.044893 -0.262678 2.087008,
        -0.050396 -0.264359 2.086614,
        -0.050396 -0.264359 2.087008,
        -0.056767 -0.265519 2.086614,
        -0.056767 -0.265519 2.087008,
        -0.063465 -0.265973 2.086614,
        -0.063465 -0.265973 2.087008,
        -0.063465 -0.291789 2.087008,
        -0.063465 -0.291789 2.086614,
        -0.056446 -0.291756 2.086614,
        -0.056446 -0.291756 2.087008,
        -0.049083 -0.291098 2.086614,
        -0.049083 -0.291098 2.087008,
        -0.042283 -0.289806 2.086614,
        -0.042283 -0.289806 2.087008,
        -0.036134 -0.287889 2.086614,
        -0.036134 -0.287889 2.087008,
        -0.029941 -0.285100 2.086614,
        -0.029941 -0.285100 2.087008,
        -0.024796 -0.281959 2.086614,
        -0.024796 -0.281959 2.087008,
        -0.019843 -0.277921 2.086614,
        -0.019843 -0.277921 2.087008,
        -0.015680 -0.273421 2.086614,
        -0.015680 -0.273421 2.087008,
        -0.013984 -0.271352 2.086614,
        -0.013984 -0.271352 2.087008,
        -0.009602 -0.266171 2.086614,
        -0.009602 -0.266171 2.087008,
        -0.006526 -0.261322 2.086614,
        -0.006526 -0.261322 2.087008,
        -0.003899 -0.255920 2.086614,
        -0.003899 -0.255920 2.087008,
        -0.001474 -0.249294 2.086614,
        -0.001474 -0.249294 2.087008,
        0.000440 -0.241897 2.086614,
        0.000440 -0.241897 2.087008,
        0.002088 -0.232138 2.086614,
        0.002088 -0.232138 2.087008,
        0.002952 -0.222244 2.086614,
        0.002952 -0.222244 2.087008,
        0.003227 -0.212189 2.086614,
        0.003227 -0.212189 2.087008,
        0.002912 -0.202130 2.086614,
        0.002912 -0.202130 2.087008,
        0.001913 -0.192531 2.086614,
        0.001913 -0.192531 2.087008,
        0.000110 -0.182552 2.086614,
        0.000110 -0.182552 2.087008,
        -0.002576 -0.172812 2.086614,
        -0.002576 -0.172812 2.087008,
        -0.005393 -0.165148 2.086614,
        -0.005393 -0.165148 2.087008,
        -0.009167 -0.157248 2.086614,
        -0.009167 -0.157248 2.087008,
        -0.009681 -0.156253 2.086614,
        -0.009681 -0.156253 2.087008,
        -0.013173 -0.151498 2.086614,
        -0.013173 -0.151498 2.087008,
        -0.016958 -0.147513 2.086614,
        -0.016958 -0.147513 2.087008,
        -0.021380 -0.143880 2.086614,
        -0.021380 -0.143880 2.087008,
        -0.026747 -0.140590 2.086614,
        -0.026747 -0.140590 2.087008,
        -0.032251 -0.138190 2.086614,
        -0.032251 -0.138190 2.087008,
        -0.038302 -0.136409 2.086614,
        -0.038302 -0.136409 2.087008,
        -0.044855 -0.135233 2.086614,
        -0.044855 -0.135233 2.087008,
        -0.052065 -0.134776 2.086614,
        -0.052065 -0.134776 2.087008,
        -0.053784 -0.134739 2.086614,
        -0.053784 -0.134739 2.087008,
        -0.060057 -0.134970 2.086614,
        -0.060057 -0.134970 2.087008,
        -0.066957 -0.135909 2.086614,
        -0.066957 -0.135909 2.087008,
        -0.073300 -0.137499 2.086614,
        -0.073300 -0.137499 2.087008,
        -0.078847 -0.139624 2.086614,
        -0.078847 -0.139624 2.087008,
        -0.084326 -0.142581 2.086614,
        -0.084326 -0.142581 2.087008,
        -0.089243 -0.146204 2.086614,
        -0.089243 -0.146204 2.087008,
        -0.093570 -0.150324 2.086614,
        -0.093570 -0.150324 2.087008,
        -0.097320 -0.155041 2.086614,
        -0.097320 -0.155041 2.087008,
        -0.100594 -0.160341 2.086614,
        -0.100594 -0.160341 2.087008,
        -0.103612 -0.166611 2.086614,
        -0.103612 -0.166611 2.087008,
        -0.106149 -0.173685 2.086614,
        -0.106149 -0.173685 2.087008,
        -0.107569 -0.178843 2.086614,
        -0.107569 -0.178843 2.087008,
        -0.120477 -0.234778 2.087008,
        -0.120477 -0.234778 2.086614,
        -0.121279 -0.239173 2.086614,
        -0.121279 -0.239173 2.087008,
        -0.122700 -0.243870 2.086614,
        -0.122700 -0.243870 2.087008,
        -0.124614 -0.247871 2.086614,
        -0.124614 -0.247871 2.087008,
        -0.126952 -0.251123 2.086614,
        -0.126952 -0.251123 2.087008,
        -0.130035 -0.253985 2.086614,
        -0.130035 -0.253985 2.087008,
        -0.133635 -0.256152 2.086614,
        -0.133635 -0.256152 2.087008,
        -0.137580 -0.257574 2.086614,
        -0.137580 -0.257574 2.087008,
        -0.141902 -0.258280 2.086614,
        -0.141902 -0.258280 2.087008,
        -0.145217 -0.258443 2.086614,
        -0.145217 -0.258443 2.087008,
        -0.150119 -0.258204 2.086614,
        -0.150119 -0.258204 2.087008,
        -0.155152 -0.257290 2.086614,
        -0.155152 -0.257290 2.087008,
        -0.159683 -0.255778 2.086614,
        -0.159683 -0.255778 2.087008,
        -0.163654 -0.253678 2.086614,
        -0.163654 -0.253678 2.087008,
        -0.167396 -0.250780 2.086614,
        -0.167396 -0.250780 2.087008,
        -0.170625 -0.247215 2.086614,
        -0.170625 -0.247215 2.087008,
        -0.173540 -0.242724 2.086614,
        -0.173540 -0.242724 2.087008,
        -0.175736 -0.237820 2.086614,
        -0.175736 -0.237820 2.087008,
        -0.177378 -0.232513 2.086614,
        -0.177378 -0.232513 2.087008,
        -0.178882 -0.224663 2.086614,
        -0.178882 -0.224663 2.087008,
        -0.179524 -0.216833 2.086614,
        -0.179524 -0.216833 2.087008,
        -0.179639 -0.214340 2.086614,
        -0.179639 -0.214340 2.087008,
        -0.179164 -0.207805 2.086614,
        -0.179164 -0.207805 2.087008,
        -0.177994 -0.200122 2.086614,
        -0.177994 -0.200122 2.087008,
        -0.176242 -0.193210 2.086614,
        -0.176242 -0.193210 2.087008,
        -0.174105 -0.187449 2.086614,
        -0.174105 -0.187449 2.087008,
        -0.171456 -0.182391 2.086614,
        -0.171456 -0.182391 2.087008,
        -0.168095 -0.177665 2.086614,
        -0.168095 -0.177665 2.087008,
        -0.164164 -0.173729 2.086614,
        -0.164164 -0.173729 2.087008,
        -0.159903 -0.170586 2.086614,
        -0.159903 -0.170586 2.087008,
        -0.155250 -0.168230 2.086614,
        -0.155250 -0.168230 2.087008,
        -0.150308 -0.166509 2.086614,
        -0.150308 -0.166509 2.087008,
        -0.144620 -0.165324 2.086614,
        -0.144620 -0.165324 2.087008,
        0.000000 0.088644 2.087008,
        0.000000 0.062828 2.087008,
        0.000000 0.088644 2.086614,
        0.000000 0.062828 2.086614,
        -0.196850 0.088644 2.087008,
        -0.196850 0.088644 2.086614,
        -0.196850 0.049920 2.087008,
        -0.196850 0.049920 2.086614,
        -0.030119 -0.006016 2.087008,
        -0.030119 -0.006016 2.086614,
        -0.196850 -0.063027 2.087008,
        -0.196850 -0.063027 2.086614,
        -0.196850 -0.101752 2.087008,
        -0.196850 -0.101752 2.086614,
        0.000000 -0.101752 2.087008,
        0.000000 -0.101752 2.086614,
        0.000000 -0.074860 2.087008,
        0.000000 -0.074860 2.086614,
        -0.130158 -0.074860 2.087008,
        -0.130158 -0.074860 2.086614,
        -0.147902 -0.075553 2.086614,
        -0.147902 -0.075553 2.087008,
        -0.165656 -0.075935 2.086614,
        -0.165656 -0.075935 2.087008,
        -0.165656 -0.074860 2.087008,
        -0.165656 -0.074860 2.086614,
        0.000000 -0.020000 2.087008,
        0.000000 -0.020000 2.086614,
        0.000000 0.006893 2.087008,
        0.000000 0.006893 2.086614,
        -0.165656 0.062828 2.087008,
        -0.165656 0.062828 2.086614,
        0.000000 0.127329 2.087008,
        -0.196850 0.127329 2.087008,
        0.000000 0.127329 2.086614,
        -0.196850 0.127329 2.086614,
        0.000000 0.206930 2.087008,
        0.000000 0.206930 2.086614,
        -0.000250 0.214714 2.086614,
        -0.000250 0.214714 2.087008,
        -0.001244 0.223439 2.086614,
        -0.001244 0.223439 2.087008,
        -0.002896 0.231193 2.086614,
        -0.002896 0.231193 2.087008,
        -0.004924 0.237851 2.086614,
        -0.004924 0.237851 2.087008,
        -0.007880 0.244750 2.086614,
        -0.007880 0.244750 2.087008,
        -0.009343 0.247581 2.086614,
        -0.009343 0.247581 2.087008,
        -0.013244 0.253800 2.086614,
        -0.013244 0.253800 2.087008,
        -0.017856 0.259559 2.086614,
        -0.017856 0.259559 2.087008,
        -0.023095 0.264763 2.086614,
        -0.023095 0.264763 2.087008,
        -0.028963 0.269438 2.086614,
        -0.028963 0.269438 2.087008,
        -0.035498 0.273622 2.086614,
        -0.035498 0.273622 2.087008,
        -0.043134 0.278183 2.086614,
        -0.043134 0.278183 2.087008,
        -0.050402 0.281634 2.086614,
        -0.050402 0.281634 2.087008,
        -0.058295 0.284603 2.086614,
        -0.058295 0.284603 2.087008,
        -0.067339 0.287159 2.086614,
        -0.067339 0.287159 2.087008,
        -0.076744 0.289013 2.086614,
        -0.076744 0.289013 2.087008,
        -0.087024 0.290260 2.086614,
        -0.087024 0.290260 2.087008,
        -0.097817 0.290772 2.086614,
        -0.097817 0.290772 2.087008,
        -0.101115 0.290833 2.086614,
        -0.101115 0.290833 2.087008,
        -0.110787 0.290531 2.086614,
        -0.110787 0.290531 2.087008,
        -0.120507 0.289644 2.086614,
        -0.120507 0.289644 2.087008,
        -0.130761 0.287860 2.086614,
        -0.130761 0.287860 2.087008,
        -0.138995 0.285700 2.086614,
        -0.138995 0.285700 2.087008,
        -0.147471 0.282628 2.086614,
        -0.147471 0.282628 2.087008,
        -0.154643 0.279292 2.086614,
        -0.154643 0.279292 2.087008,
        -0.161061 0.275499 2.086614,
        -0.161061 0.275499 2.087008,
        -0.166731 0.271471 2.086614,
        -0.166731 0.271471 2.087008,
        -0.172467 0.266723 2.086614,
        -0.172467 0.266723 2.087008,
        -0.177646 0.261647 2.086614,
        -0.177646 0.261647 2.087008,
        -0.182475 0.255774 2.086614,
        -0.182475 0.255774 2.087008,
        -0.186729 0.249253 2.086614,
        -0.186729 0.249253 2.087008,
        -0.190184 0.242416 2.086614,
        -0.190184 0.242416 2.087008,
        -0.192953 0.235091 2.086614,
        -0.192953 0.235091 2.087008,
        -0.194930 0.227520 2.086614,
        -0.194930 0.227520 2.087008,
        -0.196210 0.219543 2.086614,
        -0.196210 0.219543 2.087008,
        -0.196757 0.211162 2.086614,
        -0.196757 0.211162 2.087008,
        -0.196850 0.208006 2.086614,
        -0.196850 0.208006 2.087008,
        -0.027702 0.228607 2.087008,
        -0.030620 0.234270 2.087008,
        -0.034441 0.239724 2.087008,
        -0.038834 0.244528 2.087008,
        -0.043533 0.248535 2.087008,
        -0.049548 0.252471 2.087008,
        -0.055702 0.255577 2.087008,
        -0.169321 0.230591 2.087008,
        -0.171983 0.223884 2.087008,
        -0.173711 0.217346 2.087008,
        -0.174856 0.210172 2.087008,
        -0.175337 0.203703 2.087008,
        -0.175337 0.154221 2.087008,
        -0.022589 0.154221 2.087008,
        -0.022589 0.205854 2.087008,
        -0.022809 0.208495 2.087008,
        -0.023828 0.215956 2.087008,
        -0.025467 0.222534 2.087008,
        -0.153828 0.249390 2.087008,
        -0.158363 0.245590 2.087008,
        -0.162670 0.241036 2.087008,
        -0.166441 0.235879 2.087008,
        -0.134997 0.258739 2.087008,
        -0.141876 0.256188 2.087008,
        -0.148085 0.253076 2.087008,
        -0.098963 0.263941 2.087008,
        -0.107716 0.263599 2.087008,
        -0.116648 0.262711 2.087008,
        -0.125841 0.261183 2.087008,
        -0.063619 0.258560 2.087008,
        -0.071488 0.260704 2.087008,
        -0.080770 0.262406 2.087008,
        -0.090849 0.263521 2.087008,
        -0.171983 0.223884 2.086614,
        -0.169321 0.230591 2.086614,
        -0.166441 0.235879 2.086614,
        -0.162670 0.241036 2.086614,
        -0.158363 0.245590 2.086614,
        -0.030620 0.234270 2.086614,
        -0.027702 0.228607 2.086614,
        -0.025467 0.222534 2.086614,
        -0.023828 0.215956 2.086614,
        -0.022809 0.208495 2.086614,
        -0.022589 0.205854 2.086614,
        -0.022589 0.154221 2.086614,
        -0.175337 0.154221 2.086614,
        -0.175337 0.203703 2.086614,
        -0.174856 0.210172 2.086614,
        -0.173711 0.217346 2.086614,
        -0.038834 0.244528 2.086614,
        -0.034441 0.239724 2.086614,
        -0.153828 0.249390 2.086614,
        -0.148085 0.253076 2.086614,
        -0.141876 0.256188 2.086614,
        -0.063619 0.258560 2.086614,
        -0.055702 0.255577 2.086614,
        -0.049548 0.252471 2.086614,
        -0.043533 0.248535 2.086614,
        -0.134997 0.258739 2.086614,
        -0.125841 0.261183 2.086614,
        -0.116648 0.262711 2.086614,
        -0.107716 0.263599 2.086614,
        -0.098963 0.263941 2.086614,
        -0.090849 0.263521 2.086614,
        -0.080770 0.262406 2.086614,
        -0.071488 0.260704 2.086614,
        0.241311 -0.160170 2.087008,
        0.260243 -0.160170 2.087008,
        0.241311 -0.160170 2.086614,
        0.260243 -0.160170 2.086614,
        0.241311 -0.254830 2.087008,
        0.241311 -0.254830 2.086614,
        0.188817 -0.254830 2.087008,
        0.188817 -0.254830 2.086614,
        0.188817 -0.168775 2.087008,
        0.188817 -0.168775 2.086614,
        0.169885 -0.168775 2.087008,
        0.169885 -0.168775 2.086614,
        0.169885 -0.254830 2.087008,
        0.169885 -0.254830 2.086614,
        0.120834 -0.254830 2.087008,
        0.120834 -0.254830 2.086614,
        0.120834 -0.161891 2.087008,
        0.120834 -0.161891 2.086614,
        0.102763 -0.161891 2.087008,
        0.102763 -0.161891 2.086614,
        0.102763 -0.276344 2.087008,
        0.102763 -0.276344 2.086614,
        0.260243 -0.276344 2.087008,
        0.260243 -0.276344 2.086614,
        0.149232 -0.000394 2.087008,
        0.149232 -0.021048 2.087008,
        0.149232 -0.000394 2.086614,
        0.149232 -0.021048 2.086614,
        0.143380 -0.001643 2.086614,
        0.143380 -0.001643 2.087008,
        0.136888 -0.003569 2.086614,
        0.136888 -0.003569 2.087008,
        0.131265 -0.005826 2.086614,
        0.131265 -0.005826 2.087008,
        0.125604 -0.008850 2.086614,
        0.125604 -0.008850 2.087008,
        0.120825 -0.012117 2.086614,
        0.120825 -0.012117 2.087008,
        0.116205 -0.016141 2.086614,
        0.116205 -0.016141 2.087008,
        0.112176 -0.020609 2.086614,
        0.112176 -0.020609 2.087008,
        0.108744 -0.025485 2.086614,
        0.108744 -0.025485 2.087008,
        0.105852 -0.030754 2.086614,
        0.105852 -0.030754 2.087008,
        0.103405 -0.036585 2.086614,
        0.103405 -0.036585 2.087008,
        0.101412 -0.042942 2.086614,
        0.101412 -0.042942 2.087008,
        0.099889 -0.050097 2.086614,
        0.099889 -0.050097 2.087008,
        0.098947 -0.057307 2.086614,
        0.098947 -0.057307 2.087008,
        0.098460 -0.064935 2.086614,
        0.098460 -0.064935 2.087008,
        0.098707 -0.071914 2.086614,
        0.098707 -0.071914 2.087008,
        0.099495 -0.078869 2.086614,
        0.099495 -0.078869 2.087008,
        0.100931 -0.086023 2.086614,
        0.100931 -0.086023 2.087008,
        0.102828 -0.092302 2.086614,
        0.102828 -0.092302 2.087008,
        0.105485 -0.098694 2.086614,
        0.105485 -0.098694 2.087008,
        0.108799 -0.104719 2.086614,
        0.108799 -0.104719 2.087008,
        0.112591 -0.110198 2.086614,
        0.112591 -0.110198 2.087008,
        0.116559 -0.114798 2.086614,
        0.116559 -0.114798 2.087008,
        0.119113 -0.117429 2.086614,
        0.119113 -0.117429 2.087008,
        0.124636 -0.122056 2.086614,
        0.124636 -0.122056 2.087008,
        0.129946 -0.125759 2.086614,
        0.129946 -0.125759 2.087008,
        0.135820 -0.129112 2.086614,
        0.135820 -0.129112 2.087008,
        0.142695 -0.132239 2.086614,
        0.142695 -0.132239 2.087008,
        0.149728 -0.134689 2.086614,
        0.149728 -0.134689 2.087008,
        0.157347 -0.136633 2.086614,
        0.157347 -0.136633 2.087008,
        0.165350 -0.137980 2.086614,
        0.165350 -0.137980 2.087008,
        0.173788 -0.138716 2.086614,
        0.173788 -0.138716 2.087008,
        0.181072 -0.138943 2.086614,
        0.181072 -0.138943 2.087008,
        0.189563 -0.138707 2.086614,
        0.189563 -0.138707 2.087008,
        0.197997 -0.137905 2.086614,
        0.197997 -0.137905 2.087008,
        0.206706 -0.136453 2.086614,
        0.206706 -0.136453 2.087008,
        0.214338 -0.134540 2.086614,
        0.214338 -0.134540 2.087008,
        0.222211 -0.131820 2.086614,
        0.222211 -0.131820 2.087008,
        0.229444 -0.128549 2.086614,
        0.229444 -0.128549 2.087008,
        0.235236 -0.125274 2.086614,
        0.235236 -0.125274 2.087008,
        0.240450 -0.121732 2.086614,
        0.240450 -0.121732 2.087008,
        0.245106 -0.117025 2.086614,
        0.245106 -0.117025 2.087008,
        0.248908 -0.112367 2.086614,
        0.248908 -0.112367 2.087008,
        0.252393 -0.107152 2.086614,
        0.252393 -0.107152 2.087008,
        0.255733 -0.100898 2.086614,
        0.255733 -0.100898 2.087008,
        0.258346 -0.094493 2.086614,
        0.258346 -0.094493 2.087008,
        0.260346 -0.087715 2.086614,
        0.260346 -0.087715 2.087008,
        0.261733 -0.080752 2.086614,
        0.261733 -0.080752 2.087008,
        0.262577 -0.072962 2.086614,
        0.262577 -0.072962 2.087008,
        0.262824 -0.068378 2.086614,
        0.262824 -0.068378 2.087008,
        0.262442 -0.061796 2.086614,
        0.262442 -0.061796 2.087008,
        0.261495 -0.054154 2.086614,
        0.261495 -0.054154 2.087008,
        0.260025 -0.047079 2.086614,
        0.260025 -0.047079 2.087008,
        0.257767 -0.039743 2.086614,
        0.257767 -0.039743 2.087008,
        0.255389 -0.034081 2.086614,
        0.255389 -0.034081 2.087008,
        0.252270 -0.028417 2.086614,
        0.252270 -0.028417 2.087008,
        0.248466 -0.022958 2.086614,
        0.248466 -0.022958 2.087008,
        0.244868 -0.018843 2.086614,
        0.244868 -0.018843 2.087008,
        0.240367 -0.014680 2.086614,
        0.240367 -0.014680 2.087008,
        0.235223 -0.010828 2.086614,
        0.235223 -0.010828 2.087008,
        0.229517 -0.007451 2.086614,
        0.229517 -0.007451 2.087008,
        0.223582 -0.004652 2.086614,
        0.223582 -0.004652 2.087008,
        0.216594 -0.002119 2.086614,
        0.216594 -0.002119 2.087008,
        0.209524 -0.000179 2.086614,
        0.209524 -0.000179 2.087008,
        0.201726 0.001327 2.086614,
        0.201726 0.001327 2.087008,
        0.201726 -0.019326 2.087008,
        0.201726 -0.019326 2.086614,
        0.207562 -0.020662 2.086614,
        0.207562 -0.020662 2.087008,
        0.214359 -0.022770 2.086614,
        0.214359 -0.022770 2.087008,
        0.220502 -0.025307 2.086614,
        0.220502 -0.025307 2.087008,
        0.225424 -0.027930 2.086614,
        0.225424 -0.027930 2.087008,
        0.230266 -0.031296 2.086614,
        0.230266 -0.031296 2.087008,
        0.234359 -0.034976 2.086614,
        0.234359 -0.034976 2.087008,
        0.237856 -0.039109 2.086614,
        0.237856 -0.039109 2.087008,
        0.240657 -0.043603 2.086614,
        0.240657 -0.043603 2.087008,
        0.242734 -0.048200 2.086614,
        0.242734 -0.048200 2.087008,
        0.244232 -0.053110 2.086614,
        0.244232 -0.053110 2.087008,
        0.245220 -0.058626 2.086614,
        0.245220 -0.058626 2.087008,
        0.245613 -0.064075 2.086614,
        0.245613 -0.064075 2.087008,
        0.245418 -0.069567 2.086614,
        0.245418 -0.069567 2.087008,
        0.244700 -0.075767 2.086614,
        0.244700 -0.075767 2.087008,
        0.243429 -0.081531 2.086614,
        0.243429 -0.081531 2.087008,
        0.241648 -0.086776 2.086614,
        0.241648 -0.086776 2.087008,
        0.239456 -0.091385 2.086614,
        0.239456 -0.091385 2.087008,
        0.236498 -0.095946 2.086614,
        0.236498 -0.095946 2.087008,
        0.233044 -0.100008 2.086614,
        0.233044 -0.100008 2.087008,
        0.229060 -0.103600 2.086614,
        0.229060 -0.103600 2.087008,
        0.224447 -0.106824 2.086614,
        0.224447 -0.106824 2.087008,
        0.219563 -0.109406 2.086614,
        0.219563 -0.109406 2.087008,
        0.214098 -0.111654 2.086614,
        0.214098 -0.111654 2.087008,
        0.207713 -0.113576 2.086614,
        0.207713 -0.113576 2.087008,
        0.200918 -0.114984 2.086614,
        0.200918 -0.114984 2.087008,
        0.193254 -0.115988 2.086614,
        0.193254 -0.115988 2.087008,
        0.184325 -0.116509 2.086614,
        0.184325 -0.116509 2.087008,
        0.180212 -0.116569 2.086614,
        0.180212 -0.116569 2.087008,
        0.173595 -0.116212 2.086614,
        0.173595 -0.116212 2.087008,
        0.165519 -0.115343 2.086614,
        0.165519 -0.115343 2.087008,
        0.158346 -0.114012 2.086614,
        0.158346 -0.114012 2.087008,
        0.150916 -0.111934 2.086614,
        0.150916 -0.111934 2.087008,
        0.145272 -0.109777 2.086614,
        0.145272 -0.109777 2.087008,
        0.139549 -0.106819 2.086614,
        0.139549 -0.106819 2.087008,
        0.134485 -0.103386 2.086614,
        0.134485 -0.103386 2.087008,
        0.130534 -0.099944 2.086614,
        0.130534 -0.099944 2.087008,
        0.126844 -0.095785 2.086614,
        0.126844 -0.095785 2.087008,
        0.123771 -0.091269 2.086614,
        0.123771 -0.091269 2.087008,
        0.121204 -0.086263 2.086614,
        0.121204 -0.086263 2.087008,
        0.119222 -0.080898 2.086614,
        0.119222 -0.080898 2.087008,
        0.117762 -0.075134 2.086614,
        0.117762 -0.075134 2.087008,
        0.116821 -0.068671 2.086614,
        0.116821 -0.068671 2.087008,
        0.116531 -0.064935 2.086614,
        0.116531 -0.064935 2.087008,
        0.116842 -0.059535 2.086614,
        0.116842 -0.059535 2.087008,
        0.117737 -0.053335 2.086614,
        0.117737 -0.053335 2.087008,
        0.119116 -0.047913 2.086614,
        0.119116 -0.047913 2.087008,
        0.121004 -0.042959 2.086614,
        0.121004 -0.042959 2.087008,
        0.123315 -0.038588 2.086614,
        0.123315 -0.038588 2.087008,
        0.125975 -0.034815 2.086614,
        0.125975 -0.034815 2.087008,
        0.129499 -0.031042 2.086614,
        0.129499 -0.031042 2.087008,
        0.133347 -0.027951 2.086614,
        0.133347 -0.027951 2.087008,
        0.137779 -0.025248 2.086614,
        0.137779 -0.025248 2.087008,
        0.142504 -0.023137 2.086614,
        0.142504 -0.023137 2.087008,
        0.148064 -0.021359 2.086614,
        0.148064 -0.021359 2.087008,
        0.214634 0.115684 2.087008,
        0.214634 0.052004 2.087008,
        0.214634 0.115684 2.086614,
        0.214634 0.052004 2.086614,
        0.260243 0.131174 2.087008,
        0.260243 0.131174 2.086614,
        0.260243 0.154409 2.087008,
        0.260243 0.154409 2.086614,
        0.102763 0.097613 2.087008,
        0.102763 0.097613 2.086614,
        0.102763 0.073517 2.087008,
        0.102763 0.073517 2.086614,
        0.260243 0.014139 2.087008,
        0.260243 0.014139 2.086614,
        0.260243 0.035653 2.087008,
        0.260243 0.035653 2.086614,
        0.195702 0.107939 2.087008,
        0.195702 0.058888 2.087008,
        0.125997 0.083844 2.087008,
        0.125997 0.084704 2.087008,
        0.195702 0.107939 2.086614,
        0.125997 0.084704 2.086614,
        0.195702 0.058888 2.086614,
        0.125997 0.083844 2.086614,
        0.193981 0.198010 2.087008,
        0.260243 0.198010 2.087008,
        0.193981 0.198010 2.086614,
        0.260243 0.198010 2.086614,
        0.193981 0.247922 2.087008,
        0.193981 0.247922 2.086614,
        0.193746 0.253312 2.086614,
        0.193746 0.253312 2.087008,
        0.192985 0.258553 2.086614,
        0.192985 0.258553 2.087008,
        0.191617 0.263919 2.086614,
        0.191617 0.263919 2.087008,
        0.189613 0.269113 2.086614,
        0.189613 0.269113 2.087008,
        0.187302 0.273479 2.086614,
        0.187302 0.273479 2.087008,
        0.184355 0.277748 2.086614,
        0.184355 0.277748 2.087008,
        0.180722 0.281835 2.086614,
        0.180722 0.281835 2.087008,
        0.179351 0.283204 2.086614,
        0.179351 0.283204 2.087008,
        0.174728 0.286416 2.086614,
        0.174728 0.286416 2.087008,
        0.169951 0.289081 2.086614,
        0.169951 0.289081 2.087008,
        0.164611 0.291324 2.086614,
        0.164611 0.291324 2.087008,
        0.159124 0.292974 2.086614,
        0.159124 0.292974 2.087008,
        0.153661 0.293962 2.086614,
        0.153661 0.293962 2.087008,
        0.148301 0.294360 2.086614,
        0.148301 0.294360 2.087008,
        0.146650 0.294391 2.086614,
        0.146650 0.294391 2.087008,
        0.141450 0.294170 2.086614,
        0.141450 0.294170 2.087008,
        0.136349 0.293440 2.086614,
        0.136349 0.293440 2.087008,
        0.131123 0.292088 2.086614,
        0.131123 0.292088 2.087008,
        0.126602 0.290329 2.086614,
        0.126602 0.290329 2.087008,
        0.122635 0.288192 2.086614,
        0.122635 0.288192 2.087008,
        0.118784 0.285441 2.086614,
        0.118784 0.285441 2.087008,
        0.115472 0.282420 2.086614,
        0.115472 0.282420 2.087008,
        0.113089 0.279762 2.086614,
        0.113089 0.279762 2.087008,
        0.110077 0.275779 2.086614,
        0.110077 0.275779 2.087008,
        0.107831 0.271846 2.086614,
        0.107831 0.271846 2.087008,
        0.105944 0.267480 2.086614,
        0.105944 0.267480 2.087008,
        0.104472 0.262711 2.086614,
        0.104472 0.262711 2.087008,
        0.103437 0.257570 2.086614,
        0.103437 0.257570 2.087008,
        0.102860 0.251541 2.086614,
        0.102860 0.251541 2.087008,
        0.102763 0.247922 2.086614,
        0.102763 0.247922 2.087008,
        0.102763 0.176496 2.087008,
        0.102763 0.176496 2.086614,
        0.260243 0.176496 2.087008,
        0.260243 0.176496 2.086614,
        0.173319 0.254298 2.087008,
        0.174331 0.249777 2.087008,
        0.174944 0.244280 2.087008,
        0.175048 0.240177 2.087008,
        0.175048 0.198010 2.087008,
        0.165319 0.267264 2.087008,
        0.168009 0.264638 2.087008,
        0.172020 0.258055 2.087008,
        0.170218 0.261565 2.087008,
        0.127642 0.265557 2.087008,
        0.125361 0.262615 2.087008,
        0.123628 0.259442 2.087008,
        0.122089 0.255430 2.087008,
        0.130044 0.267839 2.087008,
        0.136256 0.271265 2.087008,
        0.132962 0.269763 2.087008,
        0.162052 0.269464 2.087008,
        0.158670 0.270991 2.087008,
        0.154834 0.272081 2.087008,
        0.150450 0.272722 2.087008,
        0.119973 0.198010 2.087008,
        0.121006 0.250989 2.087008,
        0.120209 0.245420 2.087008,
        0.119973 0.241037 2.087008,
        0.146650 0.272878 2.087008,
        0.143737 0.272766 2.087008,
        0.139800 0.272219 2.087008,
        0.165319 0.267264 2.086614,
        0.168009 0.264638 2.086614,
        0.170218 0.261565 2.086614,
        0.162052 0.269464 2.086614,
        0.127642 0.265557 2.086614,
        0.130044 0.267839 2.086614,
        0.132962 0.269763 2.086614,
        0.125361 0.262615 2.086614,
        0.121006 0.250989 2.086614,
        0.122089 0.255430 2.086614,
        0.123628 0.259442 2.086614,
        0.175048 0.198010 2.086614,
        0.120209 0.245420 2.086614,
        0.119973 0.241037 2.086614,
        0.119973 0.198010 2.086614,
        0.172020 0.258055 2.086614,
        0.173319 0.254298 2.086614,
        0.174331 0.249777 2.086614,
        0.174944 0.244280 2.086614,
        0.175048 0.240177 2.086614,
        0.136256 0.271265 2.086614,
        0.139800 0.272219 2.086614,
        0.143737 0.272766 2.086614,
        0.146650 0.272878 2.086614,
        0.150450 0.272722 2.086614,
        0.154834 0.272081 2.086614,
        0.158670 0.270991 2.086614,
      ]
    }
    coordIndex [
      0, 1, 2, -1,
      2, 1, 3, -1,
      0, 2, 4, -1,
      0, 4, 5, -1,
      5, 4, 6, -1,
      5, 6, 7, -1,
      7, 6, 8, -1,
      7, 8, 9, -1,
      9, 8, 10, -1,
      9, 10, 11, -1,
      11, 10, 12, -1,
      11, 12, 13, -1,
      13, 12, 14, -1,
      13, 14, 15, -1,
      15, 14, 16, -1,
      15, 16, 17, -1,
      17, 16, 18, -1,
      17, 18, 19, -1,
      19, 18, 20, -1,
      19, 20, 21, -1,
      21, 20, 22, -1,
      21, 22, 23, -1,
      23, 22, 24, -1,
      23, 24, 25, -1,
      25, 24, 26, -1,
      25, 26, 27, -1,
      27, 26, 28, -1,
      27, 28, 29, -1,
      29, 28, 30, -1,
      29, 30, 31, -1,
      31, 30, 32, -1,
      31, 32, 33, -1,
      33, 32, 34, -1,
      33, 34, 35, -1,
      35, 34, 36, -1,
      35, 36, 37, -1,
      37, 36, 38, -1,
      37, 38, 39, -1,
      39, 38, 40, -1,
      39, 40, 41, -1,
      41, 40, 42, -1,
      41, 42, 43, -1,
      43, 42, 44, -1,
      43, 44, 45, -1,
      45, 44, 46, -1,
      45, 46, 47, -1,
      47, 46, 48, -1,
      47, 48, 49, -1,
      49, 48, 50, -1,
      49, 50, 51, -1,
      51, 50, 52, -1,
      51, 52, 53, -1,
      53, 52, 54, -1,
      53, 54, 55, -1,
      55, 54, 56, -1,
      55, 56, 57, -1,
      57, 56, 58, -1,
      57, 58, 59, -1,
      59, 58, 60, -1,
      59, 60, 61, -1,
      61, 60, 62, -1,
      61, 62, 63, -1,
      63, 62, 64, -1,
      63, 64, 65, -1,
      65, 64, 66, -1,
      65, 66, 67, -1,
      67, 66, 68, -1,
      67, 68, 69, -1,
      69, 68, 70, -1,
      69, 70, 71, -1,
      71, 70, 72, -1,
      71, 72, 73, -1,
      73, 72, 74, -1,
      73, 74, 75, -1,
      75, 74, 76, -1,
      75, 76, 77, -1,
      77, 76, 78, -1,
      77, 78, 79, -1,
      79, 78, 80, -1,
      79, 80, 81, -1,
      81, 80, 82, -1,
      81, 82, 83, -1,
      83, 82, 84, -1,
      83, 84, 85, -1,
      85, 84, 86, -1,
      85, 86, 87, -1,
      87, 86, 88, -1,
      87, 88, 89, -1,
      90, 89, 91, -1,
      91, 89, 88, -1,
      90, 91, 92, -1,
      90, 92, 93, -1,
      93, 92, 94, -1,
      93, 94, 95, -1,
      95, 94, 96, -1,
      95, 96, 97, -1,
      97, 96, 98, -1,
      97, 98, 99, -1,
      99, 98, 100, -1,
      99, 100, 101, -1,
      101, 100, 102, -1,
      101, 102, 103, -1,
      103, 102, 104, -1,
      103, 104, 105, -1,
      105, 104, 106, -1,
      105, 106, 107, -1,
      107, 106, 108, -1,
      107, 108, 109, -1,
      109, 108, 110, -1,
      109, 110, 111, -1,
      111, 110, 112, -1,
      111, 112, 113, -1,
      113, 112, 114, -1,
      113, 114, 115, -1,
      115, 114, 116, -1,
      115, 116, 117, -1,
      117, 116, 118, -1,
      117, 118, 119, -1,
      119, 118, 120, -1,
      119, 120, 121, -1,
      121, 120, 122, -1,
      121, 122, 123, -1,
      123, 122, 124, -1,
      123, 124, 125, -1,
      125, 124, 126, -1,
      125, 126, 127, -1,
      127, 126, 128, -1,
      127, 128, 129, -1,
      129, 128, 130, -1,
      129, 130, 131, -1,
      131, 130, 132, -1,
      131, 132, 133, -1,
      133, 132, 134, -1,
      133, 134, 135, -1,
      135, 134, 136, -1,
      135, 136, 137, -1,
      137, 136, 138, -1,
      137, 138, 139, -1,
      139, 138, 140, -1,
      139, 140, 141, -1,
      141, 140, 142, -1,
      141, 142, 143, -1,
      143, 142, 144, -1,
      143, 144, 145, -1,
      145, 144, 146, -1,
      145, 146, 147, -1,
      147, 146, 148, -1,
      147, 148, 149, -1,
      149, 148, 150, -1,
      149, 150, 151, -1,
      151, 150, 152, -1,
      151, 152, 153, -1,
      153, 152, 154, -1,
      153, 154, 155, -1,
      155, 154, 156, -1,
      155, 156, 157, -1,
      157, 156, 158, -1,
      157, 158, 159, -1,
      159, 158, 160, -1,
      159, 160, 161, -1,
      161, 160, 162, -1,
      161, 162, 163, -1,
      163, 162, 164, -1,
      163, 164, 165, -1,
      166, 165, 167, -1,
      167, 165, 164, -1,
      166, 167, 168, -1,
      166, 168, 169, -1,
      169, 168, 170, -1,
      169, 170, 171, -1,
      171, 170, 172, -1,
      171, 172, 173, -1,
      173, 172, 174, -1,
      173, 174, 175, -1,
      175, 174, 176, -1,
      175, 176, 177, -1,
      177, 176, 178, -1,
      177, 178, 179, -1,
      179, 178, 180, -1,
      179, 180, 181, -1,
      181, 180, 182, -1,
      181, 182, 183, -1,
      183, 182, 184, -1,
      183, 184, 185, -1,
      185, 184, 186, -1,
      185, 186, 187, -1,
      187, 186, 188, -1,
      187, 188, 189, -1,
      189, 188, 190, -1,
      189, 190, 191, -1,
      191, 190, 192, -1,
      191, 192, 193, -1,
      193, 192, 194, -1,
      193, 194, 195, -1,
      195, 194, 196, -1,
      195, 196, 197, -1,
      197, 196, 198, -1,
      197, 198, 199, -1,
      199, 198, 200, -1,
      199, 200, 201, -1,
      201, 200, 202, -1,
      201, 202, 203, -1,
      203, 202, 204, -1,
      203, 204, 205, -1,
      205, 204, 206, -1,
      205, 206, 207, -1,
      207, 206, 208, -1,
      207, 208, 209, -1,
      209, 208, 210, -1,
      209, 210, 211, -1,
      211, 210, 212, -1,
      211, 212, 213, -1,
      213, 212, 214, -1,
      213, 214, 215, -1,
      215, 214, 216, -1,
      215, 216, 217, -1,
      217, 216, 218, -1,
      217, 218, 219, -1,
      219, 218, 220, -1,
      219, 220, 221, -1,
      221, 220, 222, -1,
      221, 222, 223, -1,
      223, 222, 224, -1,
      223, 224, 225, -1,
      225, 224, 226, -1,
      225, 226, 227, -1,
      227, 226, 228, -1,
      227, 228, 229, -1,
      229, 228, 230, -1,
      229, 230, 231, -1,
      231, 230, 232, -1,
      231, 232, 233, -1,
      233, 232, 234, -1,
      233, 234, 235, -1,
      235, 234, 236, -1,
      235, 236, 237, -1,
      237, 236, 238, -1,
      237, 238, 239, -1,
      239, 238, 240, -1,
      239, 240, 241, -1,
      241, 240, 242, -1,
      241, 242, 243, -1,
      243, 242, 244, -1,
      243, 244, 245, -1,
      245, 244, 246, -1,
      245, 246, 247, -1,
      247, 246, 248, -1,
      247, 248, 249, -1,
      249, 248, 250, -1,
      249, 250, 251, -1,
      251, 250, 252, -1,
      251, 252, 253, -1,
      253, 252, 254, -1,
      253, 254, 255, -1,
      255, 254, 256, -1,
      255, 256, 257, -1,
      258, 257, 259, -1,
      259, 257, 256, -1,
      258, 259, 260, -1,
      258, 260, 261, -1,
      261, 260, 262, -1,
      261, 262, 263, -1,
      263, 262, 264, -1,
      263, 264, 265, -1,
      265, 264, 266, -1,
      265, 266, 267, -1,
      267, 266, 268, -1,
      267, 268, 269, -1,
      269, 268, 270, -1,
      269, 270, 271, -1,
      271, 270, 272, -1,
      271, 272, 273, -1,
      273, 272, 274, -1,
      273, 274, 275, -1,
      275, 274, 276, -1,
      275, 276, 277, -1,
      277, 276, 278, -1,
      277, 278, 279, -1,
      279, 278, 280, -1,
      279, 280, 281, -1,
      281, 280, 282, -1,
      281, 282, 283, -1,
      283, 282, 284, -1,
      283, 284, 285, -1,
      285, 284, 286, -1,
      285, 286, 287, -1,
      287, 286, 288, -1,
      287, 288, 289, -1,
      289, 288, 290, -1,
      289, 290, 291, -1,
      291, 290, 292, -1,
      291, 292, 293, -1,
      293, 292, 294, -1,
      293, 294, 295, -1,
      295, 294, 296, -1,
      295, 296, 297, -1,
      297, 296, 298, -1,
      297, 298, 299, -1,
      299, 298, 300, -1,
      299, 300, 301, -1,
      301, 300, 302, -1,
      301, 302, 303, -1,
      303, 302, 304, -1,
      303, 304, 305, -1,
      305, 304, 306, -1,
      305, 306, 307, -1,
      307, 306, 308, -1,
      307, 308, 309, -1,
      309, 308, 310, -1,
      309, 310, 311, -1,
      311, 310, 312, -1,
      311, 312, 313, -1,
      313, 312, 314, -1,
      313, 314, 315, -1,
      315, 314, 316, -1,
      315, 316, 317, -1,
      317, 316, 318, -1,
      317, 318, 319, -1,
      319, 318, 320, -1,
      319, 320, 321, -1,
      321, 320, 322, -1,
      321, 322, 323, -1,
      323, 322, 3, -1,
      323, 3, 1, -1,
      163, 165, 166, -1,
      269, 77, 267, -1,
      267, 77, 79, -1,
      267, 79, 265, -1,
      273, 71, 271, -1,
      271, 71, 73, -1,
      271, 73, 269, -1,
      269, 73, 75, -1,
      269, 75, 77, -1,
      123, 221, 121, -1,
      121, 221, 223, -1,
      121, 223, 119, -1,
      287, 53, 285, -1,
      285, 53, 55, -1,
      285, 55, 283, -1,
      283, 55, 57, -1,
      283, 57, 281, -1,
      291, 47, 289, -1,
      289, 47, 49, -1,
      289, 49, 287, -1,
      287, 49, 51, -1,
      287, 51, 53, -1,
      109, 239, 107, -1,
      107, 239, 241, -1,
      107, 241, 105, -1,
      313, 315, 17, -1,
      321, 9, 319, -1,
      319, 9, 11, -1,
      319, 11, 317, -1,
      317, 11, 13, -1,
      317, 13, 315, -1,
      315, 13, 15, -1,
      315, 15, 17, -1,
      127, 215, 125, -1,
      125, 215, 217, -1,
      125, 217, 123, -1,
      123, 217, 219, -1,
      123, 219, 221, -1,
      1, 0, 323, -1,
      323, 0, 5, -1,
      323, 5, 321, -1,
      321, 5, 7, -1,
      321, 7, 9, -1,
      57, 59, 281, -1,
      281, 59, 61, -1,
      281, 61, 279, -1,
      279, 61, 63, -1,
      279, 63, 277, -1,
      277, 63, 65, -1,
      277, 65, 275, -1,
      275, 65, 67, -1,
      275, 67, 273, -1,
      273, 67, 69, -1,
      273, 69, 71, -1,
      241, 243, 105, -1,
      105, 243, 245, -1,
      105, 245, 103, -1,
      103, 245, 247, -1,
      103, 247, 101, -1,
      101, 247, 249, -1,
      101, 249, 99, -1,
      99, 249, 251, -1,
      99, 251, 97, -1,
      97, 251, 253, -1,
      97, 253, 95, -1,
      95, 253, 255, -1,
      95, 255, 93, -1,
      93, 255, 257, -1,
      223, 225, 119, -1,
      119, 225, 227, -1,
      119, 227, 117, -1,
      117, 227, 229, -1,
      117, 229, 115, -1,
      115, 229, 231, -1,
      115, 231, 113, -1,
      113, 231, 233, -1,
      113, 233, 111, -1,
      111, 233, 235, -1,
      111, 235, 109, -1,
      109, 235, 237, -1,
      109, 237, 239, -1,
      155, 183, 153, -1,
      153, 183, 185, -1,
      153, 185, 151, -1,
      157, 179, 155, -1,
      155, 179, 181, -1,
      155, 181, 183, -1,
      79, 81, 265, -1,
      265, 81, 83, -1,
      265, 83, 263, -1,
      263, 83, 85, -1,
      263, 85, 261, -1,
      261, 85, 87, -1,
      261, 87, 258, -1,
      258, 87, 89, -1,
      258, 89, 257, -1,
      257, 89, 90, -1,
      257, 90, 93, -1,
      166, 169, 163, -1,
      163, 169, 171, -1,
      163, 171, 161, -1,
      161, 171, 173, -1,
      161, 173, 159, -1,
      159, 173, 175, -1,
      159, 175, 157, -1,
      157, 175, 177, -1,
      157, 177, 179, -1,
      297, 39, 295, -1,
      295, 39, 41, -1,
      295, 41, 293, -1,
      293, 41, 43, -1,
      293, 43, 291, -1,
      291, 43, 45, -1,
      291, 45, 47, -1,
      17, 19, 313, -1,
      313, 19, 21, -1,
      313, 21, 311, -1,
      311, 21, 23, -1,
      311, 23, 309, -1,
      309, 23, 25, -1,
      309, 25, 307, -1,
      307, 25, 27, -1,
      307, 27, 305, -1,
      305, 27, 29, -1,
      305, 29, 303, -1,
      303, 29, 31, -1,
      303, 31, 301, -1,
      301, 31, 33, -1,
      301, 33, 299, -1,
      299, 33, 35, -1,
      299, 35, 297, -1,
      297, 35, 37, -1,
      297, 37, 39, -1,
      185, 187, 151, -1,
      151, 187, 189, -1,
      151, 189, 149, -1,
      149, 189, 191, -1,
      149, 191, 147, -1,
      147, 191, 193, -1,
      147, 193, 145, -1,
      145, 193, 195, -1,
      145, 195, 143, -1,
      143, 195, 197, -1,
      143, 197, 141, -1,
      141, 197, 199, -1,
      141, 199, 139, -1,
      139, 199, 201, -1,
      139, 201, 137, -1,
      137, 201, 203, -1,
      137, 203, 135, -1,
      135, 203, 205, -1,
      135, 205, 133, -1,
      133, 205, 207, -1,
      133, 207, 131, -1,
      131, 207, 209, -1,
      131, 209, 129, -1,
      129, 209, 211, -1,
      129, 211, 127, -1,
      127, 211, 213, -1,
      127, 213, 215, -1,
      266, 76, 268, -1,
      268, 76, 74, -1,
      268, 74, 270, -1,
      106, 104, 242, -1,
      262, 82, 264, -1,
      264, 82, 80, -1,
      264, 80, 266, -1,
      266, 80, 78, -1,
      266, 78, 76, -1,
      284, 52, 286, -1,
      286, 52, 50, -1,
      286, 50, 288, -1,
      312, 16, 314, -1,
      314, 16, 14, -1,
      314, 14, 316, -1,
      316, 14, 12, -1,
      316, 12, 318, -1,
      120, 220, 122, -1,
      122, 220, 218, -1,
      122, 218, 124, -1,
      310, 20, 312, -1,
      312, 20, 18, -1,
      312, 18, 16, -1,
      116, 226, 118, -1,
      118, 226, 224, -1,
      118, 224, 120, -1,
      120, 224, 222, -1,
      120, 222, 220, -1,
      2, 3, 4, -1,
      4, 3, 322, -1,
      4, 322, 6, -1,
      6, 322, 320, -1,
      6, 320, 8, -1,
      8, 320, 318, -1,
      8, 318, 10, -1,
      10, 318, 12, -1,
      278, 60, 280, -1,
      280, 60, 58, -1,
      280, 58, 282, -1,
      282, 58, 56, -1,
      282, 56, 284, -1,
      284, 56, 54, -1,
      284, 54, 52, -1,
      242, 104, 244, -1,
      244, 104, 102, -1,
      244, 102, 246, -1,
      246, 102, 100, -1,
      246, 100, 248, -1,
      248, 100, 98, -1,
      248, 98, 250, -1,
      50, 48, 288, -1,
      288, 48, 46, -1,
      288, 46, 290, -1,
      290, 46, 44, -1,
      290, 44, 292, -1,
      292, 44, 42, -1,
      292, 42, 294, -1,
      74, 72, 270, -1,
      270, 72, 70, -1,
      270, 70, 272, -1,
      272, 70, 68, -1,
      272, 68, 274, -1,
      274, 68, 66, -1,
      274, 66, 276, -1,
      276, 66, 64, -1,
      276, 64, 278, -1,
      278, 64, 62, -1,
      278, 62, 60, -1,
      148, 188, 150, -1,
      150, 188, 186, -1,
      150, 186, 152, -1,
      250, 98, 252, -1,
      252, 98, 96, -1,
      252, 96, 254, -1,
      254, 96, 94, -1,
      254, 94, 256, -1,
      154, 178, 156, -1,
      156, 178, 176, -1,
      156, 176, 158, -1,
      158, 176, 174, -1,
      158, 174, 160, -1,
      186, 184, 152, -1,
      152, 184, 182, -1,
      152, 182, 154, -1,
      154, 182, 180, -1,
      154, 180, 178, -1,
      242, 240, 106, -1,
      106, 240, 238, -1,
      106, 238, 108, -1,
      108, 238, 236, -1,
      108, 236, 110, -1,
      110, 236, 234, -1,
      110, 234, 112, -1,
      112, 234, 232, -1,
      112, 232, 114, -1,
      114, 232, 230, -1,
      114, 230, 116, -1,
      116, 230, 228, -1,
      116, 228, 226, -1,
      94, 92, 256, -1,
      256, 92, 91, -1,
      256, 91, 259, -1,
      259, 91, 88, -1,
      259, 88, 260, -1,
      260, 88, 86, -1,
      260, 86, 262, -1,
      262, 86, 84, -1,
      262, 84, 82, -1,
      42, 40, 294, -1,
      294, 40, 38, -1,
      294, 38, 296, -1,
      296, 38, 36, -1,
      296, 36, 298, -1,
      298, 36, 34, -1,
      298, 34, 300, -1,
      300, 34, 32, -1,
      300, 32, 302, -1,
      302, 32, 30, -1,
      302, 30, 304, -1,
      304, 30, 28, -1,
      304, 28, 306, -1,
      306, 28, 26, -1,
      306, 26, 308, -1,
      308, 26, 24, -1,
      308, 24, 310, -1,
      310, 24, 22, -1,
      310, 22, 20, -1,
      167, 164, 168, -1,
      168, 164, 162, -1,
      168, 162, 170, -1,
      170, 162, 160, -1,
      170, 160, 172, -1,
      172, 160, 174, -1,
      218, 216, 124, -1,
      124, 216, 214, -1,
      124, 214, 126, -1,
      126, 214, 212, -1,
      126, 212, 128, -1,
      128, 212, 210, -1,
      128, 210, 130, -1,
      130, 210, 208, -1,
      130, 208, 132, -1,
      132, 208, 206, -1,
      132, 206, 134, -1,
      134, 206, 204, -1,
      134, 204, 136, -1,
      136, 204, 202, -1,
      136, 202, 138, -1,
      138, 202, 200, -1,
      138, 200, 140, -1,
      140, 200, 198, -1,
      140, 198, 142, -1,
      142, 198, 196, -1,
      142, 196, 144, -1,
      144, 196, 194, -1,
      144, 194, 146, -1,
      146, 194, 192, -1,
      146, 192, 148, -1,
      148, 192, 190, -1,
      148, 190, 188, -1,
      324, 325, 326, -1,
      326, 325, 327, -1,
      328, 324, 329, -1,
      329, 324, 326, -1,
      330, 328, 331, -1,
      331, 328, 329, -1,
      332, 330, 333, -1,
      333, 330, 331, -1,
      334, 332, 335, -1,
      335, 332, 333, -1,
      336, 334, 337, -1,
      337, 334, 335, -1,
      338, 336, 339, -1,
      339, 336, 337, -1,
      340, 338, 341, -1,
      341, 338, 339, -1,
      342, 340, 343, -1,
      343, 340, 341, -1,
      342, 343, 344, -1,
      342, 344, 345, -1,
      345, 344, 346, -1,
      345, 346, 347, -1,
      348, 347, 349, -1,
      349, 347, 346, -1,
      350, 348, 351, -1,
      351, 348, 349, -1,
      352, 350, 353, -1,
      353, 350, 351, -1,
      354, 352, 355, -1,
      355, 352, 353, -1,
      325, 354, 327, -1,
      327, 354, 355, -1,
      354, 325, 324, -1,
      332, 352, 330, -1,
      330, 352, 354, -1,
      330, 354, 328, -1,
      328, 354, 324, -1,
      338, 340, 336, -1,
      336, 340, 342, -1,
      342, 345, 336, -1,
      336, 345, 347, -1,
      336, 347, 334, -1,
      334, 347, 348, -1,
      334, 348, 332, -1,
      332, 348, 350, -1,
      332, 350, 352, -1,
      326, 327, 329, -1,
      329, 327, 355, -1,
      329, 355, 331, -1,
      331, 355, 333, -1,
      346, 337, 349, -1,
      349, 337, 335, -1,
      349, 335, 351, -1,
      351, 335, 333, -1,
      351, 333, 353, -1,
      353, 333, 355, -1,
      341, 339, 343, -1,
      343, 339, 337, -1,
      343, 337, 344, -1,
      344, 337, 346, -1,
      356, 357, 358, -1,
      358, 357, 359, -1,
      360, 356, 361, -1,
      361, 356, 358, -1,
      360, 361, 362, -1,
      360, 362, 363, -1,
      363, 362, 364, -1,
      363, 364, 365, -1,
      365, 364, 366, -1,
      365, 366, 367, -1,
      367, 366, 368, -1,
      367, 368, 369, -1,
      369, 368, 370, -1,
      369, 370, 371, -1,
      371, 370, 372, -1,
      371, 372, 373, -1,
      373, 372, 374, -1,
      373, 374, 375, -1,
      375, 374, 376, -1,
      375, 376, 377, -1,
      377, 376, 378, -1,
      377, 378, 379, -1,
      379, 378, 380, -1,
      379, 380, 381, -1,
      381, 380, 382, -1,
      381, 382, 383, -1,
      383, 382, 384, -1,
      383, 384, 385, -1,
      385, 384, 386, -1,
      385, 386, 387, -1,
      387, 386, 388, -1,
      387, 388, 389, -1,
      389, 388, 390, -1,
      389, 390, 391, -1,
      391, 390, 392, -1,
      391, 392, 393, -1,
      393, 392, 394, -1,
      393, 394, 395, -1,
      395, 394, 396, -1,
      395, 396, 397, -1,
      397, 396, 398, -1,
      397, 398, 399, -1,
      399, 398, 400, -1,
      399, 400, 401, -1,
      401, 400, 402, -1,
      401, 402, 403, -1,
      403, 402, 404, -1,
      403, 404, 405, -1,
      405, 404, 406, -1,
      405, 406, 407, -1,
      407, 406, 408, -1,
      407, 408, 409, -1,
      409, 408, 410, -1,
      409, 410, 411, -1,
      411, 410, 412, -1,
      411, 412, 413, -1,
      413, 412, 414, -1,
      413, 414, 415, -1,
      415, 414, 416, -1,
      415, 416, 417, -1,
      417, 416, 418, -1,
      417, 418, 419, -1,
      419, 418, 420, -1,
      419, 420, 421, -1,
      421, 420, 422, -1,
      421, 422, 423, -1,
      423, 422, 424, -1,
      423, 424, 425, -1,
      425, 424, 426, -1,
      425, 426, 427, -1,
      427, 426, 428, -1,
      427, 428, 429, -1,
      429, 428, 430, -1,
      429, 430, 431, -1,
      431, 430, 432, -1,
      431, 432, 433, -1,
      433, 432, 434, -1,
      433, 434, 435, -1,
      357, 435, 359, -1,
      359, 435, 434, -1,
      436, 371, 437, -1,
      437, 371, 373, -1,
      437, 373, 438, -1,
      373, 375, 438, -1,
      438, 375, 377, -1,
      438, 377, 439, -1,
      439, 377, 379, -1,
      439, 379, 440, -1,
      440, 379, 381, -1,
      440, 381, 441, -1,
      441, 381, 383, -1,
      441, 383, 442, -1,
      443, 427, 444, -1,
      444, 427, 429, -1,
      444, 429, 445, -1,
      445, 429, 431, -1,
      445, 431, 446, -1,
      446, 431, 433, -1,
      446, 433, 447, -1,
      447, 433, 435, -1,
      447, 435, 448, -1,
      448, 435, 357, -1,
      448, 357, 449, -1,
      449, 357, 356, -1,
      449, 356, 450, -1,
      450, 356, 360, -1,
      450, 360, 451, -1,
      451, 360, 363, -1,
      451, 363, 452, -1,
      452, 363, 365, -1,
      452, 365, 453, -1,
      453, 365, 367, -1,
      453, 367, 436, -1,
      436, 367, 369, -1,
      436, 369, 371, -1,
      454, 417, 455, -1,
      455, 417, 419, -1,
      455, 419, 456, -1,
      456, 419, 421, -1,
      456, 421, 457, -1,
      457, 421, 423, -1,
      457, 423, 443, -1,
      443, 423, 425, -1,
      443, 425, 427, -1,
      458, 409, 459, -1,
      459, 409, 411, -1,
      459, 411, 460, -1,
      460, 411, 413, -1,
      460, 413, 454, -1,
      454, 413, 415, -1,
      454, 415, 417, -1,
      461, 399, 462, -1,
      462, 399, 401, -1,
      462, 401, 463, -1,
      463, 401, 403, -1,
      463, 403, 464, -1,
      464, 403, 405, -1,
      464, 405, 458, -1,
      458, 405, 407, -1,
      458, 407, 409, -1,
      383, 385, 442, -1,
      442, 385, 387, -1,
      442, 387, 465, -1,
      465, 387, 389, -1,
      465, 389, 466, -1,
      466, 389, 391, -1,
      466, 391, 467, -1,
      467, 391, 393, -1,
      467, 393, 468, -1,
      468, 393, 395, -1,
      468, 395, 461, -1,
      461, 395, 397, -1,
      461, 397, 399, -1,
      469, 426, 470, -1,
      470, 426, 424, -1,
      470, 424, 471, -1,
      471, 424, 422, -1,
      471, 422, 472, -1,
      472, 422, 420, -1,
      472, 420, 473, -1,
      474, 370, 475, -1,
      475, 370, 368, -1,
      475, 368, 476, -1,
      476, 368, 366, -1,
      476, 366, 477, -1,
      477, 366, 364, -1,
      477, 364, 478, -1,
      478, 364, 362, -1,
      478, 362, 479, -1,
      479, 362, 361, -1,
      479, 361, 480, -1,
      480, 361, 358, -1,
      480, 358, 481, -1,
      481, 358, 359, -1,
      481, 359, 482, -1,
      482, 359, 434, -1,
      482, 434, 483, -1,
      483, 434, 432, -1,
      483, 432, 484, -1,
      484, 432, 430, -1,
      484, 430, 469, -1,
      469, 430, 428, -1,
      469, 428, 426, -1,
      485, 376, 486, -1,
      486, 376, 374, -1,
      486, 374, 474, -1,
      474, 374, 372, -1,
      474, 372, 370, -1,
      420, 418, 473, -1,
      473, 418, 416, -1,
      473, 416, 487, -1,
      487, 416, 414, -1,
      487, 414, 488, -1,
      488, 414, 412, -1,
      488, 412, 489, -1,
      490, 386, 491, -1,
      491, 386, 384, -1,
      491, 384, 492, -1,
      492, 384, 382, -1,
      492, 382, 493, -1,
      493, 382, 380, -1,
      493, 380, 485, -1,
      485, 380, 378, -1,
      485, 378, 376, -1,
      412, 410, 489, -1,
      489, 410, 408, -1,
      489, 408, 494, -1,
      494, 408, 406, -1,
      494, 406, 495, -1,
      495, 406, 404, -1,
      495, 404, 496, -1,
      496, 404, 402, -1,
      496, 402, 497, -1,
      402, 400, 497, -1,
      497, 400, 398, -1,
      497, 398, 498, -1,
      498, 398, 396, -1,
      498, 396, 499, -1,
      499, 396, 394, -1,
      499, 394, 500, -1,
      500, 394, 392, -1,
      500, 392, 501, -1,
      501, 392, 390, -1,
      501, 390, 490, -1,
      490, 390, 388, -1,
      490, 388, 386, -1,
      448, 449, 481, -1,
      481, 449, 480, -1,
      449, 450, 480, -1,
      480, 450, 479, -1,
      461, 498, 499, -1,
      461, 499, 468, -1,
      468, 499, 500, -1,
      468, 500, 467, -1,
      467, 500, 501, -1,
      467, 501, 466, -1,
      466, 501, 490, -1,
      466, 490, 465, -1,
      465, 490, 491, -1,
      465, 491, 442, -1,
      442, 491, 492, -1,
      442, 492, 441, -1,
      441, 492, 493, -1,
      441, 493, 440, -1,
      440, 493, 485, -1,
      440, 485, 439, -1,
      439, 485, 486, -1,
      439, 486, 438, -1,
      438, 486, 474, -1,
      438, 474, 437, -1,
      437, 474, 475, -1,
      437, 475, 436, -1,
      436, 475, 476, -1,
      436, 476, 453, -1,
      453, 476, 477, -1,
      453, 477, 452, -1,
      452, 477, 478, -1,
      452, 478, 451, -1,
      451, 478, 479, -1,
      451, 479, 450, -1,
      447, 482, 483, -1,
      447, 483, 446, -1,
      446, 483, 484, -1,
      446, 484, 445, -1,
      445, 484, 469, -1,
      445, 469, 444, -1,
      444, 469, 470, -1,
      444, 470, 443, -1,
      443, 470, 471, -1,
      443, 471, 457, -1,
      457, 471, 472, -1,
      457, 472, 456, -1,
      456, 472, 473, -1,
      456, 473, 455, -1,
      455, 473, 487, -1,
      455, 487, 454, -1,
      454, 487, 488, -1,
      454, 488, 460, -1,
      460, 488, 489, -1,
      460, 489, 459, -1,
      459, 489, 494, -1,
      459, 494, 458, -1,
      458, 494, 495, -1,
      458, 495, 464, -1,
      464, 495, 496, -1,
      464, 496, 463, -1,
      463, 496, 497, -1,
      463, 497, 462, -1,
      462, 497, 498, -1,
      462, 498, 461, -1,
      447, 448, 482, -1,
      482, 448, 481, -1,
      502, 503, 504, -1,
      504, 503, 505, -1,
      506, 502, 507, -1,
      507, 502, 504, -1,
      508, 506, 509, -1,
      509, 506, 507, -1,
      510, 508, 511, -1,
      511, 508, 509, -1,
      512, 510, 513, -1,
      513, 510, 511, -1,
      514, 512, 515, -1,
      515, 512, 513, -1,
      516, 514, 517, -1,
      517, 514, 515, -1,
      518, 516, 519, -1,
      519, 516, 517, -1,
      520, 518, 521, -1,
      521, 518, 519, -1,
      522, 520, 523, -1,
      523, 520, 521, -1,
      524, 522, 525, -1,
      525, 522, 523, -1,
      503, 524, 505, -1,
      505, 524, 525, -1,
      524, 503, 502, -1,
      502, 506, 524, -1,
      524, 506, 508, -1,
      524, 508, 522, -1,
      518, 520, 516, -1,
      516, 520, 522, -1,
      516, 522, 514, -1,
      514, 522, 508, -1,
      514, 508, 512, -1,
      512, 508, 510, -1,
      523, 521, 519, -1,
      519, 517, 523, -1,
      523, 517, 515, -1,
      523, 515, 525, -1,
      504, 505, 507, -1,
      507, 505, 525, -1,
      507, 525, 509, -1,
      509, 525, 515, -1,
      509, 515, 511, -1,
      511, 515, 513, -1,
      526, 527, 528, -1,
      528, 527, 529, -1,
      526, 528, 530, -1,
      526, 530, 531, -1,
      531, 530, 532, -1,
      531, 532, 533, -1,
      533, 532, 534, -1,
      533, 534, 535, -1,
      535, 534, 536, -1,
      535, 536, 537, -1,
      537, 536, 538, -1,
      537, 538, 539, -1,
      539, 538, 540, -1,
      539, 540, 541, -1,
      541, 540, 542, -1,
      541, 542, 543, -1,
      543, 542, 544, -1,
      543, 544, 545, -1,
      545, 544, 546, -1,
      545, 546, 547, -1,
      547, 546, 548, -1,
      547, 548, 549, -1,
      549, 548, 550, -1,
      549, 550, 551, -1,
      551, 550, 552, -1,
      551, 552, 553, -1,
      553, 552, 554, -1,
      553, 554, 555, -1,
      555, 554, 556, -1,
      555, 556, 557, -1,
      557, 556, 558, -1,
      557, 558, 559, -1,
      559, 558, 560, -1,
      559, 560, 561, -1,
      561, 560, 562, -1,
      561, 562, 563, -1,
      563, 562, 564, -1,
      563, 564, 565, -1,
      565, 564, 566, -1,
      565, 566, 567, -1,
      567, 566, 568, -1,
      567, 568, 569, -1,
      569, 568, 570, -1,
      569, 570, 571, -1,
      571, 570, 572, -1,
      571, 572, 573, -1,
      573, 572, 574, -1,
      573, 574, 575, -1,
      575, 574, 576, -1,
      575, 576, 577, -1,
      577, 576, 578, -1,
      577, 578, 579, -1,
      579, 578, 580, -1,
      579, 580, 581, -1,
      581, 580, 582, -1,
      581, 582, 583, -1,
      583, 582, 584, -1,
      583, 584, 585, -1,
      585, 584, 586, -1,
      585, 586, 587, -1,
      587, 586, 588, -1,
      587, 588, 589, -1,
      589, 588, 590, -1,
      589, 590, 591, -1,
      591, 590, 592, -1,
      591, 592, 593, -1,
      593, 592, 594, -1,
      593, 594, 595, -1,
      595, 594, 596, -1,
      595, 596, 597, -1,
      597, 596, 598, -1,
      597, 598, 599, -1,
      599, 598, 600, -1,
      599, 600, 601, -1,
      601, 600, 602, -1,
      601, 602, 603, -1,
      603, 602, 604, -1,
      603, 604, 605, -1,
      605, 604, 606, -1,
      605, 606, 607, -1,
      607, 606, 608, -1,
      607, 608, 609, -1,
      609, 608, 610, -1,
      609, 610, 611, -1,
      611, 610, 612, -1,
      611, 612, 613, -1,
      613, 612, 614, -1,
      613, 614, 615, -1,
      615, 614, 616, -1,
      615, 616, 617, -1,
      617, 616, 618, -1,
      617, 618, 619, -1,
      619, 618, 620, -1,
      619, 620, 621, -1,
      621, 620, 622, -1,
      621, 622, 623, -1,
      623, 622, 624, -1,
      623, 624, 625, -1,
      625, 624, 626, -1,
      625, 626, 627, -1,
      627, 626, 628, -1,
      627, 628, 629, -1,
      629, 628, 630, -1,
      629, 630, 631, -1,
      631, 630, 632, -1,
      631, 632, 633, -1,
      633, 632, 634, -1,
      633, 634, 635, -1,
      635, 634, 636, -1,
      635, 636, 637, -1,
      637, 636, 638, -1,
      637, 638, 639, -1,
      639, 638, 640, -1,
      639, 640, 641, -1,
      641, 640, 642, -1,
      641, 642, 643, -1,
      643, 642, 644, -1,
      643, 644, 645, -1,
      645, 644, 646, -1,
      645, 646, 647, -1,
      647, 646, 648, -1,
      647, 648, 649, -1,
      649, 648, 650, -1,
      649, 650, 651, -1,
      651, 650, 652, -1,
      651, 652, 653, -1,
      653, 652, 654, -1,
      653, 654, 655, -1,
      655, 654, 656, -1,
      655, 656, 657, -1,
      658, 657, 659, -1,
      659, 657, 656, -1,
      658, 659, 660, -1,
      658, 660, 661, -1,
      661, 660, 662, -1,
      661, 662, 663, -1,
      663, 662, 664, -1,
      663, 664, 665, -1,
      665, 664, 666, -1,
      665, 666, 667, -1,
      667, 666, 668, -1,
      667, 668, 669, -1,
      669, 668, 670, -1,
      669, 670, 671, -1,
      671, 670, 672, -1,
      671, 672, 673, -1,
      673, 672, 674, -1,
      673, 674, 675, -1,
      675, 674, 676, -1,
      675, 676, 677, -1,
      677, 676, 678, -1,
      677, 678, 679, -1,
      679, 678, 680, -1,
      679, 680, 681, -1,
      681, 680, 682, -1,
      681, 682, 683, -1,
      683, 682, 684, -1,
      683, 684, 685, -1,
      685, 684, 686, -1,
      685, 686, 687, -1,
      687, 686, 688, -1,
      687, 688, 689, -1,
      689, 688, 690, -1,
      689, 690, 691, -1,
      691, 690, 692, -1,
      691, 692, 693, -1,
      693, 692, 694, -1,
      693, 694, 695, -1,
      695, 694, 696, -1,
      695, 696, 697, -1,
      697, 696, 698, -1,
      697, 698, 699, -1,
      699, 698, 700, -1,
      699, 700, 701, -1,
      701, 700, 702, -1,
      701, 702, 703, -1,
      703, 702, 704, -1,
      703, 704, 705, -1,
      705, 704, 706, -1,
      705, 706, 707, -1,
      707, 706, 708, -1,
      707, 708, 709, -1,
      709, 708, 710, -1,
      709, 710, 711, -1,
      711, 710, 712, -1,
      711, 712, 713, -1,
      713, 712, 714, -1,
      713, 714, 715, -1,
      715, 714, 716, -1,
      715, 716, 717, -1,
      717, 716, 718, -1,
      717, 718, 719, -1,
      719, 718, 720, -1,
      719, 720, 721, -1,
      721, 720, 722, -1,
      721, 722, 723, -1,
      723, 722, 724, -1,
      723, 724, 725, -1,
      725, 724, 726, -1,
      725, 726, 727, -1,
      727, 726, 728, -1,
      727, 728, 729, -1,
      729, 728, 730, -1,
      729, 730, 731, -1,
      731, 730, 732, -1,
      731, 732, 733, -1,
      733, 732, 734, -1,
      733, 734, 735, -1,
      735, 734, 736, -1,
      735, 736, 737, -1,
      737, 736, 738, -1,
      737, 738, 739, -1,
      739, 738, 740, -1,
      739, 740, 741, -1,
      741, 740, 742, -1,
      741, 742, 743, -1,
      743, 742, 744, -1,
      743, 744, 745, -1,
      745, 744, 746, -1,
      745, 746, 747, -1,
      747, 746, 748, -1,
      747, 748, 749, -1,
      749, 748, 750, -1,
      749, 750, 751, -1,
      751, 750, 752, -1,
      751, 752, 753, -1,
      753, 752, 754, -1,
      753, 754, 755, -1,
      755, 754, 756, -1,
      755, 756, 757, -1,
      757, 756, 758, -1,
      757, 758, 759, -1,
      759, 758, 760, -1,
      759, 760, 761, -1,
      761, 760, 762, -1,
      761, 762, 763, -1,
      763, 762, 764, -1,
      763, 764, 765, -1,
      765, 764, 766, -1,
      765, 766, 767, -1,
      767, 766, 529, -1,
      767, 529, 527, -1,
      671, 643, 669, -1,
      669, 643, 645, -1,
      669, 645, 667, -1,
      667, 645, 647, -1,
      667, 647, 665, -1,
      665, 647, 649, -1,
      665, 649, 663, -1,
      765, 535, 763, -1,
      763, 535, 537, -1,
      763, 537, 761, -1,
      761, 537, 539, -1,
      761, 539, 759, -1,
      759, 539, 541, -1,
      759, 541, 757, -1,
      527, 526, 767, -1,
      767, 526, 531, -1,
      767, 531, 765, -1,
      765, 531, 533, -1,
      765, 533, 535, -1,
      657, 658, 655, -1,
      655, 658, 661, -1,
      655, 661, 653, -1,
      653, 661, 663, -1,
      653, 663, 651, -1,
      651, 663, 649, -1,
      735, 569, 733, -1,
      733, 569, 571, -1,
      733, 571, 731, -1,
      699, 611, 697, -1,
      697, 611, 613, -1,
      697, 613, 695, -1,
      695, 613, 615, -1,
      695, 615, 693, -1,
      693, 615, 617, -1,
      693, 617, 691, -1,
      691, 617, 619, -1,
      691, 619, 689, -1,
      689, 619, 621, -1,
      689, 621, 687, -1,
      687, 621, 623, -1,
      687, 623, 685, -1,
      571, 573, 731, -1,
      731, 573, 575, -1,
      731, 575, 729, -1,
      729, 575, 577, -1,
      729, 577, 727, -1,
      727, 577, 579, -1,
      727, 579, 725, -1,
      725, 579, 581, -1,
      725, 581, 723, -1,
      723, 581, 583, -1,
      723, 583, 721, -1,
      541, 543, 757, -1,
      757, 543, 545, -1,
      757, 545, 755, -1,
      755, 545, 547, -1,
      755, 547, 753, -1,
      753, 547, 549, -1,
      753, 549, 751, -1,
      751, 549, 551, -1,
      751, 551, 749, -1,
      749, 551, 553, -1,
      749, 553, 747, -1,
      747, 553, 555, -1,
      747, 555, 745, -1,
      745, 555, 557, -1,
      745, 557, 743, -1,
      743, 557, 559, -1,
      743, 559, 741, -1,
      741, 559, 561, -1,
      741, 561, 739, -1,
      739, 561, 563, -1,
      739, 563, 737, -1,
      737, 563, 565, -1,
      737, 565, 735, -1,
      735, 565, 567, -1,
      735, 567, 569, -1,
      623, 625, 685, -1,
      685, 625, 627, -1,
      685, 627, 683, -1,
      683, 627, 629, -1,
      683, 629, 681, -1,
      681, 629, 631, -1,
      681, 631, 679, -1,
      679, 631, 633, -1,
      679, 633, 677, -1,
      677, 633, 635, -1,
      677, 635, 675, -1,
      675, 635, 637, -1,
      675, 637, 673, -1,
      673, 637, 639, -1,
      673, 639, 671, -1,
      671, 639, 641, -1,
      671, 641, 643, -1,
      583, 585, 721, -1,
      721, 585, 587, -1,
      721, 587, 719, -1,
      719, 587, 589, -1,
      719, 589, 717, -1,
      717, 589, 591, -1,
      717, 591, 715, -1,
      715, 591, 593, -1,
      715, 593, 713, -1,
      713, 593, 595, -1,
      713, 595, 711, -1,
      711, 595, 597, -1,
      711, 597, 709, -1,
      709, 597, 599, -1,
      709, 599, 707, -1,
      707, 599, 601, -1,
      707, 601, 705, -1,
      705, 601, 603, -1,
      705, 603, 703, -1,
      703, 603, 605, -1,
      703, 605, 701, -1,
      701, 605, 607, -1,
      701, 607, 699, -1,
      699, 607, 609, -1,
      699, 609, 611, -1,
      660, 659, 656, -1,
      754, 544, 756, -1,
      756, 544, 542, -1,
      756, 542, 758, -1,
      758, 542, 540, -1,
      758, 540, 760, -1,
      760, 540, 538, -1,
      760, 538, 762, -1,
      528, 529, 530, -1,
      530, 529, 766, -1,
      530, 766, 532, -1,
      532, 766, 764, -1,
      532, 764, 534, -1,
      534, 764, 762, -1,
      534, 762, 536, -1,
      536, 762, 538, -1,
      732, 730, 572, -1,
      656, 654, 660, -1,
      660, 654, 652, -1,
      660, 652, 662, -1,
      662, 652, 650, -1,
      662, 650, 664, -1,
      664, 650, 648, -1,
      664, 648, 666, -1,
      666, 648, 646, -1,
      666, 646, 668, -1,
      572, 730, 574, -1,
      574, 730, 728, -1,
      574, 728, 576, -1,
      572, 570, 732, -1,
      732, 570, 568, -1,
      732, 568, 734, -1,
      734, 568, 566, -1,
      734, 566, 736, -1,
      736, 566, 564, -1,
      736, 564, 738, -1,
      738, 564, 562, -1,
      738, 562, 740, -1,
      740, 562, 560, -1,
      740, 560, 742, -1,
      742, 560, 558, -1,
      742, 558, 744, -1,
      744, 558, 556, -1,
      744, 556, 746, -1,
      746, 556, 554, -1,
      746, 554, 748, -1,
      748, 554, 552, -1,
      748, 552, 750, -1,
      750, 552, 550, -1,
      750, 550, 752, -1,
      752, 550, 548, -1,
      752, 548, 754, -1,
      754, 548, 546, -1,
      754, 546, 544, -1,
      646, 644, 668, -1,
      668, 644, 642, -1,
      668, 642, 670, -1,
      670, 642, 640, -1,
      670, 640, 672, -1,
      672, 640, 638, -1,
      672, 638, 674, -1,
      674, 638, 636, -1,
      674, 636, 676, -1,
      676, 636, 634, -1,
      676, 634, 678, -1,
      678, 634, 632, -1,
      678, 632, 680, -1,
      680, 632, 630, -1,
      680, 630, 682, -1,
      630, 628, 682, -1,
      682, 628, 626, -1,
      682, 626, 684, -1,
      684, 626, 624, -1,
      684, 624, 686, -1,
      686, 624, 622, -1,
      686, 622, 688, -1,
      688, 622, 620, -1,
      688, 620, 690, -1,
      690, 620, 618, -1,
      690, 618, 692, -1,
      692, 618, 616, -1,
      692, 616, 694, -1,
      694, 616, 614, -1,
      694, 614, 696, -1,
      576, 728, 578, -1,
      578, 728, 726, -1,
      578, 726, 580, -1,
      580, 726, 724, -1,
      580, 724, 582, -1,
      582, 724, 722, -1,
      582, 722, 584, -1,
      584, 722, 720, -1,
      584, 720, 586, -1,
      586, 720, 718, -1,
      586, 718, 588, -1,
      614, 612, 696, -1,
      696, 612, 610, -1,
      696, 610, 698, -1,
      698, 610, 608, -1,
      698, 608, 700, -1,
      700, 608, 606, -1,
      700, 606, 702, -1,
      702, 606, 604, -1,
      702, 604, 704, -1,
      704, 604, 602, -1,
      704, 602, 706, -1,
      706, 602, 600, -1,
      706, 600, 708, -1,
      708, 600, 598, -1,
      708, 598, 710, -1,
      588, 718, 590, -1,
      590, 718, 716, -1,
      590, 716, 592, -1,
      716, 714, 592, -1,
      592, 714, 712, -1,
      592, 712, 594, -1,
      594, 712, 710, -1,
      594, 710, 596, -1,
      596, 710, 598, -1,
      768, 769, 770, -1,
      770, 769, 771, -1,
      772, 768, 773, -1,
      773, 768, 770, -1,
      774, 772, 775, -1,
      775, 772, 773, -1,
      776, 774, 777, -1,
      777, 774, 775, -1,
      778, 776, 779, -1,
      779, 776, 777, -1,
      780, 778, 781, -1,
      781, 778, 779, -1,
      782, 780, 783, -1,
      783, 780, 781, -1,
      769, 782, 771, -1,
      771, 782, 783, -1,
      784, 774, 776, -1,
      772, 774, 768, -1,
      768, 774, 784, -1,
      768, 784, 769, -1,
      769, 784, 785, -1,
      782, 769, 780, -1,
      780, 769, 785, -1,
      780, 785, 778, -1,
      778, 785, 786, -1,
      778, 786, 776, -1,
      776, 786, 787, -1,
      776, 787, 784, -1,
      788, 789, 777, -1,
      790, 781, 779, -1,
      777, 789, 779, -1,
      779, 789, 791, -1,
      779, 791, 790, -1,
      775, 773, 770, -1,
      783, 781, 771, -1,
      771, 781, 790, -1,
      771, 790, 770, -1,
      770, 790, 788, -1,
      770, 788, 775, -1,
      775, 788, 777, -1,
      785, 784, 790, -1,
      790, 784, 788, -1,
      784, 787, 788, -1,
      788, 787, 789, -1,
      787, 786, 789, -1,
      789, 786, 791, -1,
      786, 785, 791, -1,
      791, 785, 790, -1,
      792, 793, 794, -1,
      794, 793, 795, -1,
      796, 792, 797, -1,
      797, 792, 794, -1,
      796, 797, 798, -1,
      796, 798, 799, -1,
      799, 798, 800, -1,
      799, 800, 801, -1,
      801, 800, 802, -1,
      801, 802, 803, -1,
      803, 802, 804, -1,
      803, 804, 805, -1,
      805, 804, 806, -1,
      805, 806, 807, -1,
      807, 806, 808, -1,
      807, 808, 809, -1,
      809, 808, 810, -1,
      809, 810, 811, -1,
      811, 810, 812, -1,
      811, 812, 813, -1,
      813, 812, 814, -1,
      813, 814, 815, -1,
      815, 814, 816, -1,
      815, 816, 817, -1,
      817, 816, 818, -1,
      817, 818, 819, -1,
      819, 818, 820, -1,
      819, 820, 821, -1,
      821, 820, 822, -1,
      821, 822, 823, -1,
      823, 822, 824, -1,
      823, 824, 825, -1,
      825, 824, 826, -1,
      825, 826, 827, -1,
      827, 826, 828, -1,
      827, 828, 829, -1,
      829, 828, 830, -1,
      829, 830, 831, -1,
      831, 830, 832, -1,
      831, 832, 833, -1,
      833, 832, 834, -1,
      833, 834, 835, -1,
      835, 834, 836, -1,
      835, 836, 837, -1,
      837, 836, 838, -1,
      837, 838, 839, -1,
      839, 838, 840, -1,
      839, 840, 841, -1,
      841, 840, 842, -1,
      841, 842, 843, -1,
      843, 842, 844, -1,
      843, 844, 845, -1,
      845, 844, 846, -1,
      845, 846, 847, -1,
      847, 846, 848, -1,
      847, 848, 849, -1,
      849, 848, 850, -1,
      849, 850, 851, -1,
      851, 850, 852, -1,
      851, 852, 853, -1,
      853, 852, 854, -1,
      853, 854, 855, -1,
      855, 854, 856, -1,
      855, 856, 857, -1,
      858, 857, 859, -1,
      859, 857, 856, -1,
      860, 858, 861, -1,
      861, 858, 859, -1,
      793, 860, 795, -1,
      795, 860, 861, -1,
      862, 863, 792, -1,
      863, 864, 792, -1,
      792, 864, 865, -1,
      792, 865, 866, -1,
      811, 867, 868, -1,
      869, 805, 870, -1,
      870, 805, 807, -1,
      870, 807, 868, -1,
      868, 807, 809, -1,
      868, 809, 811, -1,
      871, 845, 872, -1,
      872, 845, 847, -1,
      872, 847, 873, -1,
      873, 847, 849, -1,
      873, 849, 874, -1,
      875, 841, 871, -1,
      871, 841, 843, -1,
      871, 843, 845, -1,
      862, 792, 869, -1,
      869, 792, 796, -1,
      869, 796, 799, -1,
      876, 835, 877, -1,
      877, 835, 837, -1,
      877, 837, 875, -1,
      875, 837, 839, -1,
      875, 839, 841, -1,
      811, 813, 867, -1,
      867, 813, 815, -1,
      867, 815, 878, -1,
      878, 815, 817, -1,
      878, 817, 879, -1,
      879, 817, 819, -1,
      879, 819, 880, -1,
      880, 819, 821, -1,
      880, 821, 881, -1,
      799, 801, 869, -1,
      869, 801, 803, -1,
      869, 803, 805, -1,
      793, 792, 860, -1,
      860, 792, 866, -1,
      860, 866, 858, -1,
      858, 866, 882, -1,
      858, 882, 857, -1,
      849, 851, 874, -1,
      874, 851, 853, -1,
      874, 853, 883, -1,
      883, 853, 855, -1,
      883, 855, 884, -1,
      884, 855, 857, -1,
      884, 857, 885, -1,
      885, 857, 882, -1,
      821, 823, 881, -1,
      881, 823, 825, -1,
      881, 825, 886, -1,
      886, 825, 827, -1,
      886, 827, 887, -1,
      887, 827, 829, -1,
      887, 829, 888, -1,
      888, 829, 831, -1,
      888, 831, 876, -1,
      876, 831, 833, -1,
      876, 833, 835, -1,
      794, 795, 861, -1,
      889, 810, 890, -1,
      890, 810, 808, -1,
      890, 808, 891, -1,
      892, 814, 889, -1,
      889, 814, 812, -1,
      889, 812, 810, -1,
      893, 840, 894, -1,
      894, 840, 838, -1,
      894, 838, 895, -1,
      896, 844, 893, -1,
      893, 844, 842, -1,
      893, 842, 840, -1,
      856, 854, 897, -1,
      897, 854, 852, -1,
      897, 852, 898, -1,
      898, 852, 850, -1,
      898, 850, 899, -1,
      899, 850, 848, -1,
      899, 848, 896, -1,
      896, 848, 846, -1,
      896, 846, 844, -1,
      861, 859, 794, -1,
      794, 859, 900, -1,
      794, 900, 797, -1,
      897, 901, 856, -1,
      856, 901, 902, -1,
      856, 902, 859, -1,
      859, 902, 903, -1,
      859, 903, 900, -1,
      808, 806, 891, -1,
      891, 806, 804, -1,
      891, 804, 904, -1,
      904, 804, 802, -1,
      904, 802, 905, -1,
      905, 802, 800, -1,
      905, 800, 906, -1,
      906, 800, 798, -1,
      906, 798, 907, -1,
      907, 798, 797, -1,
      907, 797, 908, -1,
      908, 797, 900, -1,
      838, 836, 895, -1,
      895, 836, 834, -1,
      895, 834, 909, -1,
      909, 834, 832, -1,
      909, 832, 910, -1,
      910, 832, 830, -1,
      910, 830, 911, -1,
      911, 830, 828, -1,
      911, 828, 912, -1,
      828, 826, 912, -1,
      912, 826, 824, -1,
      912, 824, 913, -1,
      913, 824, 822, -1,
      913, 822, 914, -1,
      914, 822, 820, -1,
      914, 820, 915, -1,
      915, 820, 818, -1,
      915, 818, 892, -1,
      892, 818, 816, -1,
      892, 816, 814, -1,
      882, 866, 903, -1,
      903, 866, 900, -1,
      866, 865, 900, -1,
      900, 865, 908, -1,
      886, 912, 913, -1,
      886, 913, 881, -1,
      881, 913, 914, -1,
      881, 914, 880, -1,
      880, 914, 915, -1,
      880, 915, 879, -1,
      879, 915, 892, -1,
      879, 892, 878, -1,
      878, 892, 889, -1,
      878, 889, 867, -1,
      867, 889, 890, -1,
      867, 890, 868, -1,
      868, 890, 891, -1,
      868, 891, 870, -1,
      870, 891, 904, -1,
      870, 904, 869, -1,
      869, 904, 905, -1,
      869, 905, 862, -1,
      862, 905, 906, -1,
      862, 906, 863, -1,
      863, 906, 907, -1,
      863, 907, 864, -1,
      864, 907, 908, -1,
      864, 908, 865, -1,
      885, 902, 901, -1,
      885, 901, 884, -1,
      884, 901, 897, -1,
      884, 897, 883, -1,
      883, 897, 898, -1,
      883, 898, 874, -1,
      874, 898, 899, -1,
      874, 899, 873, -1,
      873, 899, 896, -1,
      873, 896, 872, -1,
      872, 896, 893, -1,
      872, 893, 871, -1,
      871, 893, 894, -1,
      871, 894, 875, -1,
      875, 894, 895, -1,
      875, 895, 877, -1,
      877, 895, 909, -1,
      877, 909, 876, -1,
      876, 909, 910, -1,
      876, 910, 888, -1,
      888, 910, 911, -1,
      888, 911, 887, -1,
      887, 911, 912, -1,
      887, 912, 886, -1,
      885, 882, 902, -1,
      902, 882, 903, -1,
    ]
  }
}

Shape {
  appearance Appearance {
    material Material {
      diffuseColor 0.1765 0.1765 0.1765
      specularColor 0.0510 0.0510 0.0510
      ambientIntensity 0.2
      transparency 0.0000
      shininess 0.5
    }
  }
  geometry IndexedFaceSet {
    ccw TRUE
    solid FALSE
    coord DEF co Coordinate {
      point [
        -0.020861 0.846457 0.000000,
        -0.009338 -0.063175 0.000000,
        -0.020861 -0.076858 0.000000,
        -0.009338 -0.076138 0.000000,
        0.054039 -0.076138 0.000000,
        -0.006457 0.029009 0.000000,
        0.038194 0.029009 0.000000,
        0.038194 -0.009881 0.000000,
        0.077084 -0.070017 0.000000,
        0.077084 -0.057053 0.000000,
        0.054039 0.041972 0.000000,
        0.038194 -0.022844 0.000000,
        0.038194 -0.063175 0.000000,
        -0.003576 -0.022844 0.000000,
        -0.003576 -0.009881 0.000000,
        0.135586 -0.072129 0.000000,
        0.175030 -0.076138 0.000000,
        0.124138 -0.076069 0.000000,
        0.116529 -0.076858 0.000000,
        0.452756 0.846457 0.000000,
        0.846457 0.452756 0.000000,
        -0.006457 0.041972 0.000000,
        0.158713 0.010863 0.000000,
        0.151791 0.021906 0.000000,
        0.219681 0.041972 0.000000,
        0.116374 0.029143 0.000000,
        0.125215 0.025953 0.000000,
        0.079201 -0.058226 0.000000,
        0.133389 0.020484 0.000000,
        0.140522 0.012610 0.000000,
        0.149103 -0.018343 0.000000,
        0.147907 -0.031130 0.000000,
        0.144698 -0.041289 0.000000,
        0.118416 -0.063380 0.000000,
        0.107400 -0.064615 0.000000,
        0.127022 -0.060211 0.000000,
        0.134271 -0.055326 0.000000,
        0.139813 -0.049478 0.000000,
        0.091722 -0.062875 0.000000,
        0.145391 0.003491 0.000000,
        0.148539 -0.009154 0.000000,
        0.141128 0.032161 0.000000,
        0.235525 0.041972 0.000000,
        0.235525 -0.076138 0.000000,
        0.846457 -0.076858 0.000000,
        0.145087 -0.066062 0.000000,
        0.153958 -0.056722 0.000000,
        0.175030 -0.063175 0.000000,
        0.160250 -0.045492 0.000000,
        0.219681 -0.063175 0.000000,
        0.163805 -0.032990 0.000000,
        0.164947 -0.019311 0.000000,
        0.163248 -0.002519 0.000000,
        0.129909 0.038619 0.000000,
        0.116742 0.042444 0.000000,
        0.104879 0.043413 0.000000,
        0.090740 0.042437 0.000000,
        0.077084 0.038731 0.000000,
        0.077084 0.022887 0.000000,
        0.090388 0.028584 0.000000,
        0.104744 0.030449 0.000000,
        -0.136090 -0.076138 0.000000,
        -0.121550 -0.043767 0.000000,
        -0.114777 -0.054331 0.000000,
        -0.846457 -0.076858 0.000000,
        -0.846457 0.452756 0.000000,
        -0.452756 0.846457 0.000000,
        -0.105055 -0.063639 0.000000,
        -0.092723 -0.070806 0.000000,
        -0.079113 -0.074863 0.000000,
        -0.064499 -0.076138 0.000000,
        -0.032383 -0.076138 0.000000,
        -0.032383 0.041972 0.000000,
        -0.065715 0.041972 0.000000,
        -0.109576 0.026572 0.000000,
        -0.117928 0.017311 0.000000,
        -0.180742 0.041972 0.000000,
        -0.123417 0.007153 0.000000,
        -0.225393 -0.076138 0.000000,
        -0.242678 -0.076138 0.000000,
        -0.196585 0.041972 0.000000,
        -0.082778 0.040148 0.000000,
        -0.096597 0.035296 0.000000,
        -0.109453 0.026680 0.000000,
        -0.153374 -0.076138 0.000000,
        -0.164650 -0.043009 0.000000,
        -0.213443 -0.043009 0.000000,
        -0.126590 -0.004484 0.000000,
        -0.127448 -0.015598 0.000000,
        -0.125791 -0.031404 0.000000,
        0.109583 -0.077578 0.000000,
        0.846457 -0.846457 0.000000,
        0.106353 -0.077523 0.000000,
        -0.020861 -0.846457 0.000000,
        0.101609 -0.076858 0.000000,
        -0.846457 -0.846457 0.000000,
        0.089674 -0.075186 0.000000,
      ]
    }
    coordIndex [
      0, 1, 2, -1,
      2, 1, 3, -1,
      2, 3, 4, -1,
      5, 6, 7, -1,
      8, 4, 9, -1,
      9, 4, 10, -1,
      11, 12, 13, -1,
      13, 12, 1, -1,
      13, 1, 14, -1,
      15, 16, 17, -1,
      17, 16, 18, -1,
      0, 19, 20, -1,
      7, 14, 5, -1,
      5, 14, 1, -1,
      5, 1, 21, -1,
      21, 1, 0, -1,
      21, 0, 10, -1,
      22, 23, 24, -1,
      25, 26, 27, -1,
      27, 26, 28, -1,
      27, 28, 29, -1,
      30, 31, 27, -1,
      27, 31, 32, -1,
      33, 34, 35, -1,
      35, 34, 36, -1,
      32, 37, 27, -1,
      27, 37, 36, -1,
      27, 36, 38, -1,
      38, 36, 34, -1,
      29, 39, 27, -1,
      27, 39, 40, -1,
      27, 40, 30, -1,
      23, 41, 24, -1,
      24, 41, 0, -1,
      24, 0, 42, -1,
      42, 0, 20, -1,
      42, 20, 43, -1,
      43, 20, 44, -1,
      15, 45, 16, -1,
      16, 45, 46, -1,
      16, 46, 47, -1,
      47, 46, 48, -1,
      47, 48, 49, -1,
      48, 50, 49, -1,
      49, 50, 51, -1,
      49, 51, 24, -1,
      24, 51, 52, -1,
      24, 52, 22, -1,
      41, 53, 0, -1,
      0, 53, 54, -1,
      0, 54, 55, -1,
      55, 56, 0, -1,
      0, 56, 57, -1,
      0, 57, 10, -1,
      10, 57, 58, -1,
      10, 58, 9, -1,
      9, 58, 59, -1,
      9, 59, 27, -1,
      27, 59, 60, -1,
      27, 60, 25, -1,
      61, 62, 63, -1,
      64, 65, 66, -1,
      63, 67, 61, -1,
      61, 67, 68, -1,
      61, 68, 69, -1,
      70, 71, 2, -1,
      2, 71, 72, -1,
      2, 72, 0, -1,
      0, 72, 73, -1,
      74, 75, 76, -1,
      76, 75, 77, -1,
      78, 2, 79, -1,
      79, 2, 64, -1,
      79, 64, 80, -1,
      80, 64, 66, -1,
      80, 66, 76, -1,
      76, 66, 0, -1,
      73, 81, 0, -1,
      0, 81, 82, -1,
      0, 82, 76, -1,
      76, 82, 83, -1,
      76, 83, 74, -1,
      69, 70, 61, -1,
      61, 70, 2, -1,
      61, 2, 84, -1,
      84, 2, 78, -1,
      84, 78, 85, -1,
      85, 78, 86, -1,
      77, 87, 76, -1,
      76, 87, 88, -1,
      76, 88, 61, -1,
      61, 88, 89, -1,
      61, 89, 62, -1,
      16, 43, 18, -1,
      18, 43, 44, -1,
      18, 44, 90, -1,
      90, 44, 91, -1,
      90, 91, 92, -1,
      92, 91, 93, -1,
      92, 93, 94, -1,
      95, 64, 93, -1,
      93, 64, 2, -1,
      93, 2, 94, -1,
      94, 2, 4, -1,
      94, 4, 96, -1,
      96, 4, 8, -1,
    ]
  }
}

Shape {
  appearance Appearance {
    material Material {
      diffuseColor 0.8941 0.9137 0.9294
      specularColor 0.4471 0.4588 0.4667
      ambientIntensity 0.2
      transparency 0.0000
      shininess 0.5
    }
  }
  geometry IndexedFaceSet {
    ccw TRUE
    solid FALSE
    coord DEF co Coordinate {
      point [
        -0.596280 -0.451665 2.086614,
        -0.574562 -0.478988 2.086614,
        0.574562 -0.478988 2.086614,
        -0.238238 0.709080 2.086614,
        -0.307656 0.681835 2.086614,
        -0.724900 -0.184582 2.086614,
        -0.702920 -0.255842 2.086614,
        -0.724900 0.184582 2.086614,
        0.744314 -0.074480 2.086614,
        0.748031 -0.000000 2.086614,
        0.744314 0.074480 2.086614,
        0.573025 0.480826 2.086614,
        0.522303 0.535491 2.086614,
        0.466390 0.584835 2.086614,
        0.405842 0.628366 2.086614,
        0.341260 0.665652 2.086614,
        0.273287 0.696323 2.086614,
        0.055900 0.745940 2.086614,
        -0.018649 0.747799 2.086614,
        0.618053 -0.421381 2.086614,
        0.656937 -0.357749 2.086614,
        0.689293 -0.290561 2.086614,
        0.733200 0.148220 2.086614,
        0.714798 0.220486 2.086614,
        0.689293 0.290561 2.086614,
        0.656937 0.357749 2.086614,
        0.618053 0.421381 2.086614,
        0.202597 0.720073 2.086614,
        0.129894 0.736667 2.086614,
        -0.093013 0.742226 2.086614,
        -0.166453 0.729277 2.086614,
        -0.374016 0.647814 2.086614,
        -0.436659 0.607355 2.086614,
        -0.494962 0.560860 2.086614,
        -0.673953 -0.324559 2.086614,
        -0.638289 -0.390050 2.086614,
        0.714798 -0.220486 2.086614,
        0.733200 -0.148220 2.086614,
        -0.548346 0.508791 2.086614,
        -0.596280 0.451665 2.086614,
        -0.638289 0.390050 2.086614,
        -0.673953 0.324559 2.086614,
        -0.702920 0.255842 2.086614,
        -0.739677 0.111488 2.086614,
        -0.747102 0.037286 2.086614,
        -0.747102 -0.037286 2.086614,
        -0.739677 -0.111488 2.086614,
      ]
    }
    coordIndex [
      0, 1, 2, -1,
      3, 4, 0, -1,
      5, 6, 7, -1,
      8, 9, 0, -1,
      0, 9, 10, -1,
      11, 12, 0, -1,
      0, 12, 13, -1,
      13, 14, 0, -1,
      0, 14, 15, -1,
      0, 15, 16, -1,
      0, 17, 18, -1,
      2, 19, 0, -1,
      0, 19, 20, -1,
      0, 20, 21, -1,
      10, 22, 0, -1,
      0, 22, 23, -1,
      0, 23, 24, -1,
      24, 25, 0, -1,
      0, 25, 26, -1,
      0, 26, 11, -1,
      16, 27, 0, -1,
      0, 27, 28, -1,
      0, 28, 17, -1,
      18, 29, 0, -1,
      0, 29, 30, -1,
      0, 30, 3, -1,
      4, 31, 0, -1,
      0, 31, 32, -1,
      0, 32, 33, -1,
      6, 34, 33, -1,
      33, 34, 35, -1,
      33, 35, 0, -1,
      21, 36, 0, -1,
      0, 36, 37, -1,
      0, 37, 8, -1,
      33, 38, 6, -1,
      6, 38, 39, -1,
      6, 39, 40, -1,
      40, 41, 6, -1,
      6, 41, 42, -1,
      6, 42, 7, -1,
      7, 43, 44, -1,
      44, 45, 7, -1,
      7, 45, 46, -1,
      7, 46, 5, -1,
    ]
  }
}

Shape {
  appearance Appearance {
    material Material {
      diffuseColor 0.1765 0.1765 0.1765
      specularColor 0.0510 0.0510 0.0510
      ambientIntensity 0.2
      transparency 0.0000
      shininess 0.5
    }
  }
  geometry IndexedFaceSet {
    ccw TRUE
    solid FALSE
    coord DEF co Coordinate {
      point [
        -0.020861 0.846457 0.000000,
        0.452756 0.846457 0.000000,
        0.846457 0.452756 0.000000,
        0.846457 -0.076858 0.000000,
        -0.846457 -0.076858 0.000000,
        -0.846457 0.452756 0.000000,
        -0.452756 0.846457 0.000000,
        0.846457 -0.846457 0.000000,
        -0.020861 -0.846457 0.000000,
        -0.846457 -0.846457 0.000000,
        0.082306 0.783088 0.177165,
        0.118110 0.846457 0.177165,
        -0.027480 0.786922 0.177165,
        -0.118110 0.846457 0.177165,
        -0.118110 0.798398 0.177165,
        0.118110 -0.846457 0.177165,
        0.118110 -0.798398 0.177165,
        0.082306 -0.783088 0.177165,
        0.190490 -0.764012 0.177165,
        0.221263 -0.776165 0.177165,
        0.294966 -0.730066 0.177165,
        0.320635 -0.740663 0.177165,
        0.393701 -0.681910 0.177165,
        0.414524 -0.692502 0.177165,
        0.484773 -0.620481 0.177165,
        0.501329 -0.632502 0.177165,
        0.566409 -0.546975 0.177165,
        0.579563 -0.561690 0.177165,
        0.637021 -0.462823 0.177165,
        0.647890 -0.481277 0.177165,
        0.695234 -0.369663 0.177165,
        0.705142 -0.392636 0.177165,
        0.739915 -0.269307 0.177165,
        0.750341 -0.297284 0.177165,
        0.770195 -0.163710 0.177165,
        0.782713 -0.196850 0.177165,
        0.785483 -0.054926 0.177165,
        0.846457 -0.196850 0.177165,
        0.787402 0.000000 0.177165,
        0.846457 0.196850 0.177165,
        0.785483 0.054926 0.177165,
        0.770195 0.163710 0.177165,
        0.782713 0.196850 0.177165,
        0.739915 0.269307 0.177165,
        0.750341 0.297284 0.177165,
        0.695234 0.369663 0.177165,
        0.705142 0.392636 0.177165,
        0.637021 0.462823 0.177165,
        0.647890 0.481277 0.177165,
        0.566409 0.546975 0.177165,
        0.579563 0.561690 0.177165,
        0.484773 0.620481 0.177165,
        0.501329 0.632502 0.177165,
        0.393701 0.681910 0.177165,
        0.414524 0.692502 0.177165,
        0.294966 0.730066 0.177165,
        0.320635 0.740663 0.177165,
        0.190490 0.764012 0.177165,
        0.221263 0.776165 0.177165,
        0.118110 0.798398 0.177165,
        -0.526874 0.585154 0.177165,
        -0.440309 0.652785 0.177165,
        -0.414524 0.692502 0.177165,
        -0.320635 0.740663 0.177165,
        -0.345174 0.707712 0.177165,
        -0.221263 0.776165 0.177165,
        -0.243320 0.748863 0.177165,
        -0.136731 0.775439 0.177165,
        -0.118110 -0.846457 0.177165,
        -0.027480 -0.786922 0.177165,
        -0.118110 -0.798398 0.177165,
        -0.136731 -0.775439 0.177165,
        -0.221263 -0.776165 0.177165,
        -0.243320 -0.748863 0.177165,
        -0.320635 -0.740663 0.177165,
        -0.345174 -0.707712 0.177165,
        -0.414524 -0.692502 0.177165,
        -0.440309 -0.652785 0.177165,
        -0.501329 -0.632502 0.177165,
        -0.526874 -0.585154 0.177165,
        -0.579563 -0.561690 0.177165,
        -0.603185 -0.506132 0.177165,
        -0.647890 -0.481277 0.177165,
        -0.705142 -0.392636 0.177165,
        -0.667754 -0.417259 0.177165,
        -0.750341 -0.297284 0.177165,
        -0.719327 -0.320265 0.177165,
        -0.782713 -0.196850 0.177165,
        -0.501329 0.632502 0.177165,
        -0.579563 0.561690 0.177165,
        -0.603185 0.506132 0.177165,
        -0.647890 0.481277 0.177165,
        -0.667754 0.417259 0.177165,
        -0.705142 0.392636 0.177165,
        -0.719327 0.320265 0.177165,
        -0.750341 0.297284 0.177165,
        -0.756899 0.217037 0.177165,
        -0.782713 0.196850 0.177165,
        -0.779739 0.109585 0.177165,
        -0.846457 0.196850 0.177165,
        -0.787402 -0.000000 0.177165,
        -0.846457 -0.196850 0.177165,
        -0.779739 -0.109585 0.177165,
        -0.756899 -0.217037 0.177165,
        0.846457 -0.196850 0.551181,
        0.782713 -0.196850 0.551181,
        0.846457 -0.846457 0.551181,
        0.750341 -0.297284 0.551181,
        0.705142 -0.392636 0.551181,
        0.647890 -0.481277 0.551181,
        0.579563 -0.561690 0.551181,
        0.501329 -0.632502 0.551181,
        0.118110 -0.798398 0.551181,
        0.118110 -0.846457 0.551181,
        0.221263 -0.776165 0.551181,
        0.414524 -0.692502 0.551181,
        0.320635 -0.740663 0.551181,
        -0.782713 -0.196850 0.551181,
        -0.846457 -0.196850 0.551181,
        -0.750341 -0.297284 0.551181,
        -0.846457 -0.846457 0.551181,
        -0.705142 -0.392636 0.551181,
        -0.118110 -0.846457 0.551181,
        -0.118110 -0.798398 0.551181,
        -0.221263 -0.776165 0.551181,
        -0.320635 -0.740663 0.551181,
        -0.414524 -0.692502 0.551181,
        -0.501329 -0.632502 0.551181,
        -0.579563 -0.561690 0.551181,
        -0.647890 -0.481277 0.551181,
        -0.118110 0.798398 0.354331,
        -0.221263 0.776165 0.354331,
        -0.320635 0.740663 0.354331,
        -0.414524 0.692502 0.354331,
        -0.501329 0.632502 0.354331,
        -0.579563 0.561690 0.354331,
        -0.647890 0.481277 0.354331,
        -0.705142 0.392636 0.354331,
        -0.750341 0.297284 0.354331,
        -0.782713 0.196850 0.354331,
        0.846457 0.452756 0.354331,
        0.846457 0.196850 0.354331,
        0.452756 0.846457 0.354331,
        -0.452756 0.846457 0.354331,
        -0.118110 0.846457 0.354331,
        0.118110 0.846457 0.354331,
        -0.846457 0.452756 0.354331,
        -0.846457 0.196850 0.354331,
        0.782713 0.196850 0.354331,
        0.750341 0.297284 0.354331,
        0.705142 0.392636 0.354331,
        0.647890 0.481277 0.354331,
        0.579563 0.561690 0.354331,
        0.501329 0.632502 0.354331,
        0.414524 0.692502 0.354331,
        0.320635 0.740663 0.354331,
        0.221263 0.776165 0.354331,
        0.118110 0.798398 0.354331,
      ]
    }
    coordIndex [
      10, 11, 12, -1,
      12, 11, 13, -1,
      12, 13, 14, -1,
      15, 16, 17, -1,
      17, 16, 18, -1,
      18, 16, 19, -1,
      18, 19, 20, -1,
      20, 19, 21, -1,
      20, 21, 22, -1,
      22, 21, 23, -1,
      22, 23, 24, -1,
      24, 23, 25, -1,
      24, 25, 26, -1,
      26, 25, 27, -1,
      26, 27, 28, -1,
      28, 27, 29, -1,
      28, 29, 30, -1,
      30, 29, 31, -1,
      30, 31, 32, -1,
      32, 31, 33, -1,
      32, 33, 34, -1,
      34, 33, 35, -1,
      34, 35, 36, -1,
      36, 35, 37, -1,
      36, 37, 38, -1,
      38, 37, 39, -1,
      38, 39, 40, -1,
      40, 39, 41, -1,
      41, 39, 42, -1,
      41, 42, 43, -1,
      43, 42, 44, -1,
      43, 44, 45, -1,
      45, 44, 46, -1,
      45, 46, 47, -1,
      47, 46, 48, -1,
      47, 48, 49, -1,
      49, 48, 50, -1,
      49, 50, 51, -1,
      51, 50, 52, -1,
      51, 52, 53, -1,
      53, 52, 54, -1,
      53, 54, 55, -1,
      55, 54, 56, -1,
      55, 56, 57, -1,
      57, 56, 58, -1,
      57, 58, 10, -1,
      10, 58, 59, -1,
      10, 59, 11, -1,
      60, 61, 62, -1,
      62, 61, 63, -1,
      63, 61, 64, -1,
      63, 64, 65, -1,
      65, 64, 66, -1,
      65, 66, 14, -1,
      14, 66, 67, -1,
      14, 67, 12, -1,
      15, 17, 68, -1,
      68, 17, 69, -1,
      68, 69, 70, -1,
      70, 69, 71, -1,
      70, 71, 72, -1,
      72, 71, 73, -1,
      72, 73, 74, -1,
      74, 73, 75, -1,
      74, 75, 76, -1,
      76, 75, 77, -1,
      76, 77, 78, -1,
      78, 77, 79, -1,
      78, 79, 80, -1,
      80, 79, 81, -1,
      80, 81, 82, -1,
      82, 81, 83, -1,
      83, 81, 84, -1,
      83, 84, 85, -1,
      85, 84, 86, -1,
      85, 86, 87, -1,
      62, 88, 60, -1,
      60, 88, 89, -1,
      60, 89, 90, -1,
      90, 89, 91, -1,
      90, 91, 92, -1,
      92, 91, 93, -1,
      92, 93, 94, -1,
      94, 93, 95, -1,
      94, 95, 96, -1,
      96, 95, 97, -1,
      96, 97, 98, -1,
      98, 97, 99, -1,
      98, 99, 100, -1,
      100, 99, 101, -1,
      100, 101, 102, -1,
      102, 101, 87, -1,
      102, 87, 103, -1,
      103, 87, 86, -1,
      104, 105, 106, -1,
      106, 105, 107, -1,
      106, 107, 108, -1,
      108, 109, 106, -1,
      106, 109, 110, -1,
      106, 110, 111, -1,
      112, 113, 114, -1,
      114, 113, 106, -1,
      111, 115, 106, -1,
      106, 115, 116, -1,
      106, 116, 114, -1,
      117, 118, 119, -1,
      119, 118, 120, -1,
      119, 120, 121, -1,
      122, 123, 120, -1,
      120, 123, 124, -1,
      124, 125, 120, -1,
      120, 125, 126, -1,
      120, 126, 127, -1,
      127, 128, 120, -1,
      120, 128, 129, -1,
      120, 129, 121, -1,
      16, 112, 19, -1,
      19, 112, 114, -1,
      19, 114, 21, -1,
      21, 114, 116, -1,
      21, 116, 23, -1,
      23, 116, 115, -1,
      23, 115, 25, -1,
      25, 115, 111, -1,
      25, 111, 27, -1,
      27, 111, 110, -1,
      27, 110, 29, -1,
      29, 110, 109, -1,
      29, 109, 31, -1,
      31, 109, 108, -1,
      31, 108, 33, -1,
      33, 108, 107, -1,
      33, 107, 35, -1,
      35, 107, 105, -1,
      87, 117, 85, -1,
      85, 117, 119, -1,
      85, 119, 83, -1,
      83, 119, 121, -1,
      83, 121, 82, -1,
      82, 121, 129, -1,
      82, 129, 80, -1,
      80, 129, 128, -1,
      80, 128, 78, -1,
      78, 128, 127, -1,
      78, 127, 76, -1,
      76, 127, 126, -1,
      76, 126, 74, -1,
      74, 126, 125, -1,
      74, 125, 72, -1,
      72, 125, 124, -1,
      72, 124, 70, -1,
      70, 124, 123, -1,
      14, 130, 65, -1,
      65, 130, 131, -1,
      65, 131, 63, -1,
      63, 131, 132, -1,
      63, 132, 62, -1,
      62, 132, 133, -1,
      62, 133, 88, -1,
      88, 133, 134, -1,
      88, 134, 89, -1,
      89, 134, 135, -1,
      89, 135, 91, -1,
      91, 135, 136, -1,
      91, 136, 93, -1,
      93, 136, 137, -1,
      93, 137, 95, -1,
      95, 137, 138, -1,
      95, 138, 97, -1,
      97, 138, 139, -1,
      37, 104, 106, -1,
      140, 141, 2, -1,
      2, 141, 39, -1,
      2, 39, 3, -1,
      3, 39, 37, -1,
      3, 37, 7, -1,
      7, 37, 106, -1,
      140, 2, 142, -1,
      142, 2, 1, -1,
      143, 144, 6, -1,
      6, 144, 13, -1,
      145, 142, 11, -1,
      11, 142, 1, -1,
      11, 1, 13, -1,
      13, 1, 0, -1,
      13, 0, 6, -1,
      143, 6, 146, -1,
      146, 6, 5, -1,
      120, 118, 9, -1,
      9, 118, 101, -1,
      147, 146, 99, -1,
      99, 146, 5, -1,
      99, 5, 101, -1,
      101, 5, 4, -1,
      101, 4, 9, -1,
      68, 122, 120, -1,
      120, 9, 68, -1,
      68, 9, 8, -1,
      68, 8, 15, -1,
      15, 8, 7, -1,
      15, 7, 113, -1,
      113, 7, 106, -1,
      42, 148, 44, -1,
      44, 148, 149, -1,
      44, 149, 46, -1,
      46, 149, 150, -1,
      46, 150, 48, -1,
      48, 150, 151, -1,
      48, 151, 50, -1,
      50, 151, 152, -1,
      50, 152, 52, -1,
      52, 152, 153, -1,
      52, 153, 54, -1,
      54, 153, 154, -1,
      54, 154, 56, -1,
      56, 154, 155, -1,
      56, 155, 58, -1,
      58, 155, 156, -1,
      58, 156, 59, -1,
      59, 156, 157, -1,
      148, 42, 141, -1,
      141, 42, 39, -1,
      105, 104, 35, -1,
      35, 104, 37, -1,
      145, 11, 157, -1,
      157, 11, 59, -1,
      130, 14, 144, -1,
      144, 14, 13, -1,
      147, 99, 139, -1,
      139, 99, 97, -1,
      87, 101, 117, -1,
      117, 101, 118, -1,
      16, 15, 112, -1,
      112, 15, 113, -1,
      123, 122, 70, -1,
      70, 122, 68, -1,
      147, 139, 146, -1,
      146, 139, 138, -1,
      146, 138, 137, -1,
      137, 136, 146, -1,
      146, 136, 135, -1,
      146, 135, 143, -1,
      143, 135, 134, -1,
      143, 134, 133, -1,
      130, 144, 131, -1,
      131, 144, 143, -1,
      131, 143, 132, -1,
      132, 143, 133, -1,
      145, 157, 142, -1,
      142, 157, 156, -1,
      142, 156, 155, -1,
      155, 154, 142, -1,
      142, 154, 153, -1,
      142, 153, 140, -1,
      140, 153, 152, -1,
      140, 152, 151, -1,
      148, 141, 149, -1,
      149, 141, 140, -1,
      149, 140, 150, -1,
      150, 140, 151, -1,
    ]
  }
}

Shape {
  appearance Appearance {
    material Material {
      diffuseColor 0.8941 0.9137 0.9294
      specularColor 0.4471 0.4588 0.4667
      ambientIntensity 0.2
      transparency 0.0000
      shininess 0.5
    }
  }
  geometry IndexedFaceSet {
    ccw TRUE
    solid FALSE
    coord DEF co Coordinate {
      point [
        -0.596280 -0.451665 2.086614,
        -0.574562 -0.478988 2.086614,
        0.574562 -0.478988 2.086614,
        -0.238238 0.709080 2.086614,
        -0.307656 0.681835 2.086614,
        -0.724900 -0.184582 2.086614,
        -0.702920 -0.255842 2.086614,
        -0.724900 0.184582 2.086614,
        0.744314 -0.074480 2.086614,
        0.748031 -0.000000 2.086614,
        0.744314 0.074480 2.086614,
        0.573025 0.480826 2.086614,
        0.522303 0.535491 2.086614,
        0.466390 0.584835 2.086614,
        0.405842 0.628366 2.086614,
        0.341260 0.665652 2.086614,
        0.273287 0.696323 2.086614,
        0.055900 0.745940 2.086614,
        -0.018649 0.747799 2.086614,
        0.618053 -0.421381 2.086614,
        0.656937 -0.357749 2.086614,
        0.689293 -0.290561 2.086614,
        0.733200 0.148220 2.086614,
        0.714798 0.220486 2.086614,
        0.689293 0.290561 2.086614,
        0.656937 0.357749 2.086614,
        0.618053 0.421381 2.086614,
        0.202597 0.720073 2.086614,
        0.129894 0.736667 2.086614,
        -0.093013 0.742226 2.086614,
        -0.166453 0.729277 2.086614,
        -0.374016 0.647814 2.086614,
        -0.436659 0.607355 2.086614,
        -0.494962 0.560860 2.086614,
        -0.673953 -0.324559 2.086614,
        -0.638289 -0.390050 2.086614,
        0.714798 -0.220486 2.086614,
        0.733200 -0.148220 2.086614,
        -0.548346 0.508791 2.086614,
        -0.596280 0.451665 2.086614,
        -0.638289 0.390050 2.086614,
        -0.673953 0.324559 2.086614,
        -0.702920 0.255842 2.086614,
        -0.739677 0.111488 2.086614,
        -0.747102 0.037286 2.086614,
        -0.747102 -0.037286 2.086614,
        -0.739677 -0.111488 2.086614,
        0.082306 0.783088 0.177165,
        -0.027480 0.786922 0.177165,
        0.082306 -0.783088 0.177165,
        0.190490 -0.764012 0.177165,
        0.294966 -0.730066 0.177165,
        0.393701 -0.681910 0.177165,
        0.484773 -0.620481 0.177165,
        0.566409 -0.546975 0.177165,
        0.637021 -0.462823 0.177165,
        0.695234 -0.369663 0.177165,
        0.739915 -0.269307 0.177165,
        0.770195 -0.163710 0.177165,
        0.785483 -0.054926 0.177165,
        0.787402 0.000000 0.177165,
        0.785483 0.054926 0.177165,
        0.770195 0.163710 0.177165,
        0.739915 0.269307 0.177165,
        0.695234 0.369663 0.177165,
        0.637021 0.462823 0.177165,
        0.566409 0.546975 0.177165,
        0.484773 0.620481 0.177165,
        0.393701 0.681910 0.177165,
        0.294966 0.730066 0.177165,
        0.190490 0.764012 0.177165,
        -0.526874 0.585154 0.177165,
        -0.440309 0.652785 0.177165,
        -0.345174 0.707712 0.177165,
        -0.243320 0.748863 0.177165,
        -0.136731 0.775439 0.177165,
        -0.027480 -0.786922 0.177165,
        -0.136731 -0.775439 0.177165,
        -0.243320 -0.748863 0.177165,
        -0.345174 -0.707712 0.177165,
        -0.440309 -0.652785 0.177165,
        -0.526874 -0.585154 0.177165,
        -0.603185 -0.506132 0.177165,
        -0.667754 -0.417259 0.177165,
        -0.719327 -0.320265 0.177165,
        -0.603185 0.506132 0.177165,
        -0.667754 0.417259 0.177165,
        -0.719327 0.320265 0.177165,
        -0.756899 0.217037 0.177165,
        -0.779739 0.109585 0.177165,
        -0.787402 -0.000000 0.177165,
        -0.779739 -0.109585 0.177165,
        -0.756899 -0.217037 0.177165,
        -0.786423 -0.039249 0.528587,
        -0.756113 -0.216795 0.528587,
        -0.763053 -0.194297 0.528587,
        -0.778607 -0.117356 0.528587,
        -0.779388 -0.109550 0.528587,
        -0.739915 -0.269307 0.528587,
        -0.718570 -0.319946 0.528587,
        -0.709424 -0.341641 0.528587,
        -0.671883 -0.410579 0.528587,
        -0.627663 -0.475437 0.528587,
        -0.667463 -0.417061 0.528587,
        -0.577206 -0.535569 0.528587,
        -0.602435 -0.505503 0.528587,
        -0.439863 -0.652095 0.528587,
        -0.459641 -0.639321 0.528587,
        -0.521013 -0.590379 0.528587,
        -0.526628 -0.584901 0.528587,
        -0.393701 -0.681910 0.528587,
        -0.344799 -0.706980 0.528587,
        -0.323848 -0.717721 0.528587,
        -0.250777 -0.746400 0.528587,
        -0.175213 -0.767660 0.528587,
        -0.243225 -0.748524 0.528587,
        -0.097908 -0.781291 0.528587,
        -0.136561 -0.774475 0.528587,
        0.082204 -0.782272 0.528587,
        0.058843 -0.785200 0.528587,
        -0.019630 -0.787157 0.528587,
        -0.027454 -0.786570 0.528587,
        0.136731 -0.775439 0.528587,
        0.190307 -0.763211 0.528587,
        0.213260 -0.757972 0.528587,
        0.287670 -0.732972 0.528587,
        0.359221 -0.700687 0.528587,
        0.294821 -0.729745 0.528587,
        0.427202 -0.661438 0.528587,
        0.393211 -0.681062 0.528587,
        0.565807 -0.546416 0.528587,
        0.549793 -0.563675 0.528587,
        0.490937 -0.615615 0.528587,
        0.484567 -0.620195 0.528587,
        0.603185 -0.506132 0.528587,
        0.636366 -0.462326 0.528587,
        0.650582 -0.443559 0.528587,
        0.691513 -0.376578 0.528587,
        0.725572 -0.305854 0.528587,
        0.694917 -0.369510 0.528587,
        0.752420 -0.232091 0.528587,
        0.738996 -0.268972 0.528587,
        0.784662 -0.054885 0.528587,
        0.783489 -0.078400 0.528587,
        0.771789 -0.156020 0.528587,
        0.769854 -0.163623 0.528587,
        0.787402 0.000000 0.528587,
        0.784662 0.054885 0.528587,
        0.783489 0.078400 0.528587,
        0.771789 0.156020 0.528587,
        0.752420 0.232091 0.528587,
        0.769854 0.163623 0.528587,
        0.725572 0.305854 0.528587,
        0.738996 0.268972 0.528587,
        0.636366 0.462326 0.528587,
        0.650582 0.443559 0.528587,
        0.691513 0.376578 0.528587,
        0.694917 0.369510 0.528587,
        0.603185 0.506132 0.528587,
        0.565807 0.546416 0.528587,
        0.549793 0.563675 0.528587,
        0.490937 0.615615 0.528587,
        0.427202 0.661438 0.528587,
        0.484567 0.620195 0.528587,
        0.359221 0.700687 0.528587,
        0.393211 0.681062 0.528587,
        0.190307 0.763211 0.528587,
        0.213260 0.757972 0.528587,
        0.287670 0.732972 0.528587,
        0.294821 0.729745 0.528587,
        0.136731 0.775439 0.528587,
        0.082204 0.782272 0.528587,
        0.058843 0.785200 0.528587,
        -0.019630 0.787157 0.528587,
        -0.097908 0.781291 0.528587,
        -0.027454 0.786570 0.528587,
        -0.175213 0.767660 0.528587,
        -0.136561 0.774475 0.528587,
        -0.344799 0.706980 0.528587,
        -0.323848 0.717721 0.528587,
        -0.250777 0.746400 0.528587,
        -0.243225 0.748524 0.528587,
        -0.393701 0.681910 0.528587,
        -0.439863 0.652095 0.528587,
        -0.459641 0.639321 0.528587,
        -0.521013 0.590379 0.528587,
        -0.577206 0.535569 0.528587,
        -0.526628 0.584901 0.528587,
        -0.627663 0.475437 0.528587,
        -0.602435 0.505503 0.528587,
        -0.718570 0.319946 0.528587,
        -0.709424 0.341641 0.528587,
        -0.671883 0.410579 0.528587,
        -0.667463 0.417061 0.528587,
        -0.739915 0.269307 0.528587,
        -0.756113 0.216795 0.528587,
        -0.763053 0.194297 0.528587,
        -0.778607 0.117356 0.528587,
        -0.786423 -0.000000 0.528587,
        -0.786423 0.039249 0.528587,
        -0.779388 0.109550 0.528587,
        0.759440 -0.075993 0.628984,
        0.763233 0.000000 0.628984,
        0.770359 -0.038447 0.636519,
        0.766531 -0.076703 0.636519,
        0.762704 -0.114959 0.636519,
        0.748100 -0.151231 0.628984,
        0.755085 -0.152644 0.636519,
        0.747467 -0.190328 0.636519,
        0.729324 -0.224967 0.628984,
        0.736135 -0.227067 0.636519,
        0.724802 -0.263806 0.636519,
        0.703301 -0.296466 0.628984,
        0.709868 -0.299235 0.636519,
        0.694934 -0.334663 0.636519,
        0.670287 -0.365019 0.628984,
        0.676546 -0.368428 0.636519,
        0.658159 -0.402193 0.636519,
        0.630613 -0.429944 0.628984,
        0.636501 -0.433959 0.636519,
        0.614843 -0.465726 0.636519,
        0.584670 -0.490596 0.628984,
        0.590130 -0.495178 0.636519,
        0.565417 -0.524630 0.636519,
        0.532917 -0.546373 0.628984,
        0.537893 -0.551475 0.636519,
        0.510370 -0.578320 0.636519,
        0.475868 -0.596719 0.628984,
        0.480311 -0.602291 0.636519,
        0.450252 -0.626263 0.636519,
        0.414089 -0.641135 0.628984,
        0.417956 -0.647122 0.636519,
        0.385659 -0.667981 0.636519,
        0.348195 -0.679179 0.628984,
        0.351446 -0.685521 0.636519,
        0.317233 -0.703061 0.636519,
        0.278840 -0.710473 0.628984,
        0.281444 -0.717107 0.636519,
        0.206714 -0.734706 0.628984,
        0.245655 -0.731154 0.636519,
        0.208644 -0.741567 0.636519,
        0.132534 -0.751637 0.628984,
        0.171635 -0.751980 0.636519,
        0.133772 -0.758656 0.636519,
        0.057037 -0.761098 0.628984,
        0.095909 -0.765332 0.636519,
        0.057569 -0.768206 0.636519,
        -0.019028 -0.762995 0.628984,
        0.019230 -0.771079 0.636519,
        -0.019206 -0.770120 0.636519,
        -0.094903 -0.757309 0.628984,
        -0.057641 -0.769162 0.636519,
        -0.095789 -0.764381 0.636519,
        -0.169835 -0.744097 0.628984,
        -0.133938 -0.759600 0.636519,
        -0.171421 -0.751045 0.636519,
        -0.243080 -0.723489 0.628984,
        -0.208904 -0.742490 0.636519,
        -0.245349 -0.730245 0.636519,
        -0.313908 -0.695691 0.628984,
        -0.281794 -0.718000 0.636519,
        -0.316839 -0.702187 0.636519,
        -0.381617 -0.660979 0.628984,
        -0.351884 -0.686374 0.636519,
        -0.385180 -0.667151 0.636519,
        -0.445532 -0.619698 0.628984,
        -0.418476 -0.647928 0.636519,
        -0.449693 -0.625484 0.636519,
        -0.505020 -0.572257 0.628984,
        -0.480909 -0.603041 0.636519,
        -0.509736 -0.577601 0.636519,
        -0.559489 -0.519130 0.628984,
        -0.538563 -0.552161 0.636519,
        -0.564713 -0.523978 0.636519,
        -0.608398 -0.460843 0.628984,
        -0.590864 -0.495794 0.636519,
        -0.614079 -0.465146 0.636519,
        -0.651259 -0.397976 0.628984,
        -0.637293 -0.434499 0.636519,
        -0.657341 -0.401693 0.636519,
        -0.687649 -0.331154 0.628984,
        -0.677389 -0.368886 0.636519,
        -0.694070 -0.334246 0.636519,
        -0.717204 -0.261041 0.628984,
        -0.710752 -0.299607 0.636519,
        -0.723901 -0.263478 0.636519,
        -0.739631 -0.188333 0.628984,
        -0.737051 -0.227350 0.636519,
        -0.746538 -0.190092 0.636519,
        -0.754708 -0.113754 0.628984,
        -0.756025 -0.152834 0.636519,
        -0.761755 -0.114816 0.636519,
        -0.762284 -0.038044 0.628984,
        -0.767485 -0.076798 0.636519,
        -0.769402 -0.038399 0.636519,
        -0.762284 0.038044 0.628984,
        -0.771319 0.000000 0.636519,
        -0.769402 0.038399 0.636519,
        -0.754708 0.113754 0.628984,
        -0.767485 0.076798 0.636519,
        -0.761755 0.114816 0.636519,
        -0.739631 0.188333 0.628984,
        -0.756025 0.152834 0.636519,
        -0.746538 0.190092 0.636519,
        -0.717204 0.261041 0.628984,
        -0.737051 0.227350 0.636519,
        -0.723901 0.263478 0.636519,
        -0.687649 0.331154 0.628984,
        -0.710752 0.299607 0.636519,
        -0.694070 0.334246 0.636519,
        -0.651259 0.397976 0.628984,
        -0.677389 0.368886 0.636519,
        -0.657341 0.401693 0.636519,
        -0.608398 0.460843 0.628984,
        -0.637293 0.434499 0.636519,
        -0.614079 0.465146 0.636519,
        -0.559489 0.519130 0.628984,
        -0.590864 0.495794 0.636519,
        -0.564713 0.523978 0.636519,
        -0.505020 0.572257 0.628984,
        -0.538563 0.552161 0.636519,
        -0.509736 0.577601 0.636519,
        -0.445532 0.619698 0.628984,
        -0.480909 0.603041 0.636519,
        -0.449693 0.625484 0.636519,
        -0.381617 0.660979 0.628984,
        -0.418476 0.647928 0.636519,
        -0.385180 0.667151 0.636519,
        -0.351884 0.686374 0.636519,
        -0.313908 0.695691 0.628984,
        -0.316839 0.702187 0.636519,
        -0.243080 0.723489 0.628984,
        -0.281794 0.718000 0.636519,
        -0.245349 0.730245 0.636519,
        -0.208904 0.742490 0.636519,
        -0.169835 0.744097 0.628984,
        -0.171421 0.751045 0.636519,
        -0.094903 0.757309 0.628984,
        -0.133938 0.759600 0.636519,
        -0.095789 0.764381 0.636519,
        -0.057641 0.769162 0.636519,
        -0.019028 0.762995 0.628984,
        -0.019206 0.770120 0.636519,
        0.019230 0.771079 0.636519,
        0.057037 0.761098 0.628984,
        0.057569 0.768206 0.636519,
        0.095909 0.765332 0.636519,
        0.132534 0.751637 0.628984,
        0.133772 0.758656 0.636519,
        0.171635 0.751980 0.636519,
        0.206714 0.734706 0.628984,
        0.208644 0.741567 0.636519,
        0.245655 0.731154 0.636519,
        0.278840 0.710473 0.628984,
        0.281444 0.717107 0.636519,
        0.317233 0.703061 0.636519,
        0.348195 0.679179 0.628984,
        0.351446 0.685521 0.636519,
        0.385659 0.667981 0.636519,
        0.414089 0.641135 0.628984,
        0.417956 0.647122 0.636519,
        0.450252 0.626263 0.636519,
        0.475868 0.596719 0.628984,
        0.480311 0.602291 0.636519,
        0.510370 0.578320 0.636519,
        0.532917 0.546373 0.628984,
        0.537893 0.551475 0.636519,
        0.565417 0.524630 0.636519,
        0.584670 0.490596 0.628984,
        0.590130 0.495178 0.636519,
        0.614843 0.465726 0.636519,
        0.630613 0.429944 0.628984,
        0.636501 0.433959 0.636519,
        0.658159 0.402193 0.636519,
        0.670287 0.365019 0.628984,
        0.676546 0.368428 0.636519,
        0.694934 0.334663 0.636519,
        0.703301 0.296466 0.628984,
        0.709868 0.299235 0.636519,
        0.724802 0.263806 0.636519,
        0.729324 0.224967 0.628984,
        0.736135 0.227067 0.636519,
        0.747467 0.190328 0.636519,
        0.748100 0.151231 0.628984,
        0.755085 0.152644 0.636519,
        0.762704 0.114959 0.636519,
        0.759440 0.075993 0.628984,
        0.766531 0.076703 0.636519,
        0.770359 0.038447 0.636519,
        0.770359 0.000000 0.636519,
        0.753356 0.075385 0.619777,
        0.742107 0.150020 0.619777,
        0.723482 0.223165 0.619777,
        0.697667 0.294091 0.619777,
        0.664918 0.362095 0.619777,
        0.625561 0.426500 0.619777,
        0.579987 0.486667 0.619777,
        0.528648 0.541996 0.619777,
        0.472056 0.591939 0.619777,
        0.410772 0.635999 0.619777,
        0.345406 0.673739 0.619777,
        0.276607 0.704782 0.619777,
        0.205058 0.728821 0.619777,
        0.131472 0.745617 0.619777,
        0.056580 0.755002 0.619777,
        -0.018876 0.756883 0.619777,
        -0.094143 0.751243 0.619777,
        -0.168475 0.738136 0.619777,
        -0.241132 0.717694 0.619777,
        -0.311393 0.690118 0.619777,
        -0.378559 0.655684 0.619777,
        -0.441963 0.614733 0.619777,
        -0.500975 0.567674 0.619777,
        -0.555007 0.514972 0.619777,
        -0.603524 0.457152 0.619777,
        -0.646043 0.394789 0.619777,
        -0.682141 0.328502 0.619777,
        -0.711459 0.258950 0.619777,
        -0.733707 0.186825 0.619777,
        -0.748663 0.112843 0.619777,
        -0.756178 0.037739 0.619777,
        -0.756178 -0.037739 0.619777,
        -0.748663 -0.112843 0.619777,
        -0.733707 -0.186825 0.619777,
        -0.711459 -0.258950 0.619777,
        -0.682141 -0.328502 0.619777,
        -0.646043 -0.394789 0.619777,
        -0.603524 -0.457152 0.619777,
        -0.555007 -0.514972 0.619777,
        -0.500975 -0.567674 0.619777,
        -0.441963 -0.614733 0.619777,
        -0.378559 -0.655684 0.619777,
        -0.311393 -0.690118 0.619777,
        -0.241132 -0.717694 0.619777,
        -0.168475 -0.738136 0.619777,
        -0.094143 -0.751243 0.619777,
        -0.018876 -0.756883 0.619777,
        0.056580 -0.755002 0.619777,
        0.131472 -0.745617 0.619777,
        0.205058 -0.728821 0.619777,
        0.276607 -0.704782 0.619777,
        0.345406 -0.673739 0.619777,
        0.410772 -0.635999 0.619777,
        0.472056 -0.591939 0.619777,
        0.528648 -0.541996 0.619777,
        0.579987 -0.486667 0.619777,
        0.625561 -0.426500 0.619777,
        0.664918 -0.362095 0.619777,
        0.697667 -0.294091 0.619777,
        0.723482 -0.223165 0.619777,
        0.742107 -0.150020 0.619777,
        0.753356 -0.075385 0.619777,
        0.757119 0.000000 0.619777,
        0.749568 0.075006 0.609402,
        0.738375 0.149266 0.609402,
        0.719844 0.222043 0.609402,
        0.694158 0.292612 0.609402,
        0.661574 0.360274 0.609402,
        0.622415 0.424356 0.609402,
        0.577070 0.484219 0.609402,
        0.525990 0.539270 0.609402,
        0.469682 0.588963 0.609402,
        0.408706 0.632801 0.609402,
        0.343669 0.670350 0.609402,
        0.275215 0.701238 0.609402,
        0.204027 0.725156 0.609402,
        0.130811 0.741867 0.609402,
        0.056295 0.751205 0.609402,
        -0.018781 0.753077 0.609402,
        -0.093670 0.747465 0.609402,
        -0.167628 0.734424 0.609402,
        -0.239920 0.714084 0.609402,
        -0.309827 0.686648 0.609402,
        -0.376656 0.652387 0.609402,
        -0.439741 0.611642 0.609402,
        -0.498456 0.564819 0.609402,
        -0.552216 0.512382 0.609402,
        -0.600489 0.454853 0.609402,
        -0.642794 0.392803 0.609402,
        -0.678710 0.326850 0.609402,
        -0.707881 0.257648 0.609402,
        -0.730017 0.185885 0.609402,
        -0.744897 0.112275 0.609402,
        -0.752375 0.037550 0.609402,
        -0.752375 -0.037550 0.609402,
        -0.744897 -0.112275 0.609402,
        -0.730017 -0.185885 0.609402,
        -0.707881 -0.257648 0.609402,
        -0.678710 -0.326850 0.609402,
        -0.642794 -0.392803 0.609402,
        -0.600489 -0.454853 0.609402,
        -0.552216 -0.512382 0.609402,
        -0.498456 -0.564819 0.609402,
        -0.439741 -0.611642 0.609402,
        -0.376656 -0.652387 0.609402,
        -0.309827 -0.686648 0.609402,
        -0.239920 -0.714084 0.609402,
        -0.167628 -0.734424 0.609402,
        -0.093670 -0.747465 0.609402,
        -0.018781 -0.753077 0.609402,
        0.056295 -0.751205 0.609402,
        0.130811 -0.741867 0.609402,
        0.204027 -0.725156 0.609402,
        0.275215 -0.701238 0.609402,
        0.343669 -0.670350 0.609402,
        0.408706 -0.632801 0.609402,
        0.469682 -0.588963 0.609402,
        0.525990 -0.539270 0.609402,
        0.577070 -0.484219 0.609402,
        0.622415 -0.424356 0.609402,
        0.661574 -0.360274 0.609402,
        0.694158 -0.292612 0.609402,
        0.719844 -0.222043 0.609402,
        0.738375 -0.149266 0.609402,
        0.749568 -0.075006 0.609402,
        0.753311 0.000000 0.609402,
        0.748281 0.074877 0.598425,
        0.737108 0.149009 0.598425,
        0.718609 0.221661 0.598425,
        0.692967 0.292110 0.598425,
        0.660439 0.359656 0.598425,
        0.621347 0.423627 0.598425,
        0.576080 0.483388 0.598425,
        0.525087 0.538345 0.598425,
        0.468876 0.587952 0.598425,
        0.408005 0.631715 0.598425,
        0.343079 0.669200 0.598425,
        0.274743 0.700034 0.598425,
        0.203677 0.723911 0.598425,
        0.130587 0.740594 0.598425,
        0.056198 0.749916 0.598425,
        -0.018748 0.751785 0.598425,
        -0.093509 0.746182 0.598425,
        -0.167340 0.733164 0.598425,
        -0.239508 0.712859 0.598425,
        -0.309296 0.685469 0.598425,
        -0.376009 0.651267 0.598425,
        -0.438986 0.610593 0.598425,
        -0.497600 0.563849 0.598425,
        -0.551269 0.511502 0.598425,
        -0.599458 0.454072 0.598425,
        -0.641691 0.392129 0.598425,
        -0.677545 0.326289 0.598425,
        -0.706666 0.257206 0.598425,
        -0.728764 0.185566 0.598425,
        -0.743619 0.112083 0.598425,
        -0.751084 0.037485 0.598425,
        -0.751084 -0.037485 0.598425,
        -0.743619 -0.112083 0.598425,
        -0.728764 -0.185566 0.598425,
        -0.706666 -0.257206 0.598425,
        -0.677545 -0.326289 0.598425,
        -0.641691 -0.392129 0.598425,
        -0.599458 -0.454072 0.598425,
        -0.551269 -0.511502 0.598425,
        -0.497600 -0.563849 0.598425,
        -0.438986 -0.610593 0.598425,
        -0.376009 -0.651267 0.598425,
        -0.309296 -0.685469 0.598425,
        -0.239508 -0.712859 0.598425,
        -0.167340 -0.733164 0.598425,
        -0.093509 -0.746182 0.598425,
        -0.018748 -0.751785 0.598425,
        0.056198 -0.749916 0.598425,
        0.130587 -0.740594 0.598425,
        0.203677 -0.723911 0.598425,
        0.274743 -0.700034 0.598425,
        0.343079 -0.669200 0.598425,
        0.408005 -0.631715 0.598425,
        0.468876 -0.587952 0.598425,
        0.525087 -0.538345 0.598425,
        0.576080 -0.483388 0.598425,
        0.621347 -0.423627 0.598425,
        0.660439 -0.359656 0.598425,
        0.692967 -0.292110 0.598425,
        0.718609 -0.221661 0.598425,
        0.737108 -0.149009 0.598425,
        0.748281 -0.074877 0.598425,
        0.752019 0.000000 0.598425,
        0.749568 0.075006 0.587449,
        0.738375 0.149266 0.587449,
        0.719844 0.222043 0.587449,
        0.694158 0.292612 0.587449,
        0.661574 0.360274 0.587449,
        0.622415 0.424356 0.587449,
        0.577070 0.484219 0.587449,
        0.525990 0.539270 0.587449,
        0.469682 0.588963 0.587449,
        0.408706 0.632801 0.587449,
        0.343669 0.670350 0.587449,
        0.275215 0.701238 0.587449,
        0.204027 0.725156 0.587449,
        0.130811 0.741867 0.587449,
        0.056295 0.751205 0.587449,
        -0.018781 0.753077 0.587449,
        -0.093670 0.747465 0.587449,
        -0.167628 0.734424 0.587449,
        -0.239920 0.714084 0.587449,
        -0.309827 0.686648 0.587449,
        -0.376656 0.652387 0.587449,
        -0.439741 0.611642 0.587449,
        -0.498456 0.564819 0.587449,
        -0.552216 0.512382 0.587449,
        -0.600489 0.454853 0.587449,
        -0.642794 0.392803 0.587449,
        -0.678710 0.326850 0.587449,
        -0.707881 0.257648 0.587449,
        -0.730017 0.185885 0.587449,
        -0.744897 0.112275 0.587449,
        -0.752375 0.037550 0.587449,
        -0.752375 -0.037550 0.587449,
        -0.744897 -0.112275 0.587449,
        -0.730017 -0.185885 0.587449,
        -0.707881 -0.257648 0.587449,
        -0.678710 -0.326850 0.587449,
        -0.642794 -0.392803 0.587449,
        -0.600489 -0.454853 0.587449,
        -0.552216 -0.512382 0.587449,
        -0.498456 -0.564819 0.587449,
        -0.439741 -0.611642 0.587449,
        -0.376656 -0.652387 0.587449,
        -0.309827 -0.686648 0.587449,
        -0.239920 -0.714084 0.587449,
        -0.167628 -0.734424 0.587449,
        -0.093670 -0.747465 0.587449,
        -0.018781 -0.753077 0.587449,
        0.056295 -0.751205 0.587449,
        0.130811 -0.741867 0.587449,
        0.204027 -0.725156 0.587449,
        0.275215 -0.701238 0.587449,
        0.343669 -0.670350 0.587449,
        0.408706 -0.632801 0.587449,
        0.469682 -0.588963 0.587449,
        0.525990 -0.539270 0.587449,
        0.577070 -0.484219 0.587449,
        0.622415 -0.424356 0.587449,
        0.661574 -0.360274 0.587449,
        0.694158 -0.292612 0.587449,
        0.719844 -0.222043 0.587449,
        0.738375 -0.149266 0.587449,
        0.749568 -0.075006 0.587449,
        0.753311 0.000000 0.587449,
        0.753356 0.075385 0.577073,
        0.742107 0.150020 0.577073,
        0.723482 0.223165 0.577073,
        0.697667 0.294091 0.577073,
        0.664918 0.362095 0.577073,
        0.625561 0.426500 0.577073,
        0.579987 0.486667 0.577073,
        0.528648 0.541996 0.577073,
        0.472056 0.591939 0.577073,
        0.410772 0.635999 0.577073,
        0.345406 0.673739 0.577073,
        0.276607 0.704782 0.577073,
        0.205058 0.728821 0.577073,
        0.131472 0.745617 0.577073,
        0.056580 0.755002 0.577073,
        -0.018876 0.756883 0.577073,
        -0.094143 0.751243 0.577073,
        -0.168475 0.738136 0.577073,
        -0.241132 0.717694 0.577073,
        -0.311393 0.690118 0.577073,
        -0.378559 0.655684 0.577073,
        -0.441963 0.614733 0.577073,
        -0.500975 0.567674 0.577073,
        -0.555007 0.514972 0.577073,
        -0.603524 0.457152 0.577073,
        -0.646043 0.394789 0.577073,
        -0.682141 0.328502 0.577073,
        -0.711459 0.258950 0.577073,
        -0.733707 0.186825 0.577073,
        -0.748663 0.112843 0.577073,
        -0.756178 0.037739 0.577073,
        -0.756178 -0.037739 0.577073,
        -0.748663 -0.112843 0.577073,
        -0.733707 -0.186825 0.577073,
        -0.711459 -0.258950 0.577073,
        -0.682141 -0.328502 0.577073,
        -0.646043 -0.394789 0.577073,
        -0.603524 -0.457152 0.577073,
        -0.555007 -0.514972 0.577073,
        -0.500975 -0.567674 0.577073,
        -0.441963 -0.614733 0.577073,
        -0.378559 -0.655684 0.577073,
        -0.311393 -0.690118 0.577073,
        -0.241132 -0.717694 0.577073,
        -0.168475 -0.738136 0.577073,
        -0.094143 -0.751243 0.577073,
        -0.018876 -0.756883 0.577073,
        0.056580 -0.755002 0.577073,
        0.131472 -0.745617 0.577073,
        0.205058 -0.728821 0.577073,
        0.276607 -0.704782 0.577073,
        0.345406 -0.673739 0.577073,
        0.410772 -0.635999 0.577073,
        0.472056 -0.591939 0.577073,
        0.528648 -0.541996 0.577073,
        0.579987 -0.486667 0.577073,
        0.625561 -0.426500 0.577073,
        0.664918 -0.362095 0.577073,
        0.697667 -0.294091 0.577073,
        0.723482 -0.223165 0.577073,
        0.742107 -0.150020 0.577073,
        0.753356 -0.075385 0.577073,
        0.757119 0.000000 0.577073,
        0.759440 0.075993 0.567866,
        0.748100 0.151231 0.567866,
        0.729324 0.224967 0.567866,
        0.703301 0.296466 0.567866,
        0.670287 0.365019 0.567866,
        0.630613 0.429944 0.567866,
        0.584670 0.490596 0.567866,
        0.532917 0.546373 0.567866,
        0.475868 0.596719 0.567866,
        0.414089 0.641135 0.567866,
        0.348195 0.679179 0.567866,
        0.278840 0.710473 0.567866,
        0.206714 0.734706 0.567866,
        0.132534 0.751637 0.567866,
        0.057037 0.761098 0.567866,
        -0.019028 0.762995 0.567866,
        -0.094903 0.757309 0.567866,
        -0.169835 0.744097 0.567866,
        -0.243080 0.723489 0.567866,
        -0.313908 0.695691 0.567866,
        -0.381617 0.660979 0.567866,
        -0.445532 0.619698 0.567866,
        -0.505020 0.572257 0.567866,
        -0.559489 0.519130 0.567866,
        -0.608398 0.460843 0.567866,
        -0.651259 0.397976 0.567866,
        -0.687649 0.331154 0.567866,
        -0.717204 0.261041 0.567866,
        -0.739631 0.188333 0.567866,
        -0.754708 0.113754 0.567866,
        -0.762284 0.038044 0.567866,
        -0.762284 -0.038044 0.567866,
        -0.754708 -0.113754 0.567866,
        -0.739631 -0.188333 0.567866,
        -0.717204 -0.261041 0.567866,
        -0.687649 -0.331154 0.567866,
        -0.651259 -0.397976 0.567866,
        -0.608398 -0.460843 0.567866,
        -0.559489 -0.519130 0.567866,
        -0.505020 -0.572257 0.567866,
        -0.445532 -0.619698 0.567866,
        -0.381617 -0.660979 0.567866,
        -0.313908 -0.695691 0.567866,
        -0.243080 -0.723489 0.567866,
        -0.169835 -0.744097 0.567866,
        -0.094903 -0.757309 0.567866,
        -0.019028 -0.762995 0.567866,
        0.057037 -0.761098 0.567866,
        0.132534 -0.751637 0.567866,
        0.206714 -0.734706 0.567866,
        0.278840 -0.710473 0.567866,
        0.348195 -0.679179 0.567866,
        0.414089 -0.641135 0.567866,
        0.475868 -0.596719 0.567866,
        0.532917 -0.546373 0.567866,
        0.584670 -0.490596 0.567866,
        0.630613 -0.429944 0.567866,
        0.670287 -0.365019 0.567866,
        0.703301 -0.296466 0.567866,
        0.729324 -0.224967 0.567866,
        0.748100 -0.151231 0.567866,
        0.759440 -0.075993 0.567866,
        0.763233 0.000000 0.567866,
        0.767485 0.076798 0.560331,
        0.756025 0.152834 0.560331,
        0.737051 0.227350 0.560331,
        0.710752 0.299607 0.560331,
        0.677389 0.368886 0.560331,
        0.637293 0.434499 0.560331,
        0.590864 0.495794 0.560331,
        0.538563 0.552161 0.560331,
        0.480909 0.603041 0.560331,
        0.418476 0.647928 0.560331,
        0.351884 0.686374 0.560331,
        0.281794 0.718000 0.560331,
        0.208904 0.742490 0.560331,
        0.133938 0.759600 0.560331,
        0.057641 0.769162 0.560331,
        -0.019230 0.771079 0.560331,
        -0.095909 0.765332 0.560331,
        -0.171635 0.751980 0.560331,
        -0.245655 0.731154 0.560331,
        -0.317233 0.703061 0.560331,
        -0.385659 0.667981 0.560331,
        -0.450252 0.626263 0.560331,
        -0.510370 0.578320 0.560331,
        -0.565417 0.524630 0.560331,
        -0.614843 0.465726 0.560331,
        -0.658159 0.402193 0.560331,
        -0.694934 0.334663 0.560331,
        -0.724802 0.263806 0.560331,
        -0.747467 0.190328 0.560331,
        -0.762704 0.114959 0.560331,
        -0.770359 0.038447 0.560331,
        -0.770359 -0.038447 0.560331,
        -0.762704 -0.114959 0.560331,
        -0.747467 -0.190328 0.560331,
        -0.724802 -0.263806 0.560331,
        -0.694934 -0.334663 0.560331,
        -0.658159 -0.402193 0.560331,
        -0.614843 -0.465726 0.560331,
        -0.565417 -0.524630 0.560331,
        -0.510370 -0.578320 0.560331,
        -0.450252 -0.626263 0.560331,
        -0.385659 -0.667981 0.560331,
        -0.317233 -0.703061 0.560331,
        -0.245655 -0.731154 0.560331,
        -0.171635 -0.751980 0.560331,
        -0.095909 -0.765332 0.560331,
        -0.019230 -0.771079 0.560331,
        0.057641 -0.769162 0.560331,
        0.133938 -0.759600 0.560331,
        0.208904 -0.742490 0.560331,
        0.281794 -0.718000 0.560331,
        0.351884 -0.686374 0.560331,
        0.418476 -0.647928 0.560331,
        0.480909 -0.603041 0.560331,
        0.538563 -0.552161 0.560331,
        0.590864 -0.495794 0.560331,
        0.637293 -0.434499 0.560331,
        0.677389 -0.368886 0.560331,
        0.710752 -0.299607 0.560331,
        0.737051 -0.227350 0.560331,
        0.756025 -0.152834 0.560331,
        0.767485 -0.076798 0.560331,
        0.771319 0.000000 0.560331,
        -0.603185 -0.506132 0.668263,
        -0.627663 -0.475437 2.047244,
        -0.650582 -0.443559 0.668263,
        -0.667463 -0.417061 2.047244,
        -0.666953 -0.416769 0.668263,
        -0.671883 -0.410579 2.047244,
        -0.691513 -0.376578 0.668263,
        -0.709424 -0.341641 2.047244,
        -0.718763 -0.319993 0.668263,
        -0.718570 -0.319946 2.047244,
        -0.725572 -0.305854 0.668263,
        -0.739915 -0.269307 2.047244,
        -0.752420 -0.232091 0.668263,
        -0.756113 -0.216795 2.047244,
        -0.756292 -0.216883 0.668263,
        -0.763053 -0.194297 2.047244,
        -0.771789 -0.156020 0.668263,
        -0.778607 -0.117356 2.047244,
        -0.778809 -0.109445 0.668263,
        -0.779388 -0.109550 2.047244,
        -0.783489 -0.078400 0.668263,
        -0.786423 -0.039249 2.047244,
        -0.787402 0.000000 0.668263,
        -0.136731 -0.775439 0.668263,
        -0.175213 -0.767660 2.047244,
        -0.213260 -0.757972 0.668263,
        -0.243225 -0.748524 2.047244,
        -0.243021 -0.747973 0.668263,
        -0.250777 -0.746400 2.047244,
        -0.287670 -0.732972 0.668263,
        -0.323848 -0.717721 2.047244,
        -0.344917 -0.707141 0.668263,
        -0.344799 -0.706980 2.047244,
        -0.359221 -0.700687 0.668263,
        -0.393701 -0.681910 2.047244,
        -0.427202 -0.661438 0.668263,
        -0.439863 -0.652095 2.047244,
        -0.439944 -0.652277 0.668263,
        -0.459641 -0.639321 2.047244,
        -0.490937 -0.615615 0.668263,
        -0.521013 -0.590379 2.047244,
        -0.526253 -0.584449 0.668263,
        -0.526628 -0.584901 2.047244,
        -0.549793 -0.563675 0.668263,
        -0.577206 -0.535569 2.047244,
        -0.602435 -0.505503 2.047244,
        0.393701 -0.681910 0.668263,
        0.359221 -0.700687 2.047244,
        0.323848 -0.717721 0.668263,
        0.294821 -0.729745 2.047244,
        0.294622 -0.729191 0.668263,
        0.287670 -0.732972 2.047244,
        0.250777 -0.746400 0.668263,
        0.213260 -0.757972 2.047244,
        0.190320 -0.763409 0.668263,
        0.190307 -0.763211 2.047244,
        0.175213 -0.767660 0.668263,
        0.136731 -0.775439 2.047244,
        0.097908 -0.781291 0.668263,
        0.082204 -0.782272 2.047244,
        0.082259 -0.782463 0.668263,
        0.058843 -0.785200 2.047244,
        0.019630 -0.787157 0.668263,
        -0.019630 -0.787157 2.047244,
        -0.027456 -0.785983 0.668263,
        -0.027454 -0.786570 2.047244,
        -0.058843 -0.785200 0.668263,
        -0.097908 -0.781291 2.047244,
        -0.136561 -0.774475 2.047244,
        0.739915 -0.269307 0.668263,
        0.725572 -0.305854 2.047244,
        0.709424 -0.341641 0.668263,
        0.694917 -0.369510 2.047244,
        0.694409 -0.369213 0.668263,
        0.691513 -0.376578 2.047244,
        0.671883 -0.410579 0.668263,
        0.650582 -0.443559 2.047244,
        0.636504 -0.462470 0.668263,
        0.636366 -0.462326 2.047244,
        0.627663 -0.475437 0.668263,
        0.603185 -0.506132 2.047244,
        0.577206 -0.535569 0.668263,
        0.565807 -0.546416 2.047244,
        0.565972 -0.546527 0.668263,
        0.549793 -0.563675 2.047244,
        0.521013 -0.590379 0.668263,
        0.490937 -0.615615 2.047244,
        0.484187 -0.619746 0.668263,
        0.484567 -0.620195 2.047244,
        0.459641 -0.639321 0.668263,
        0.427202 -0.661438 2.047244,
        0.393211 -0.681062 2.047244,
        0.787402 0.000000 2.047244,
        0.784662 -0.054885 2.047244,
        0.784860 -0.054864 0.668263,
        0.783489 -0.078400 2.047244,
        0.778607 -0.117356 0.668263,
        0.771789 -0.156020 2.047244,
        0.769274 -0.163524 0.668263,
        0.769854 -0.163623 2.047244,
        0.763053 -0.194297 0.668263,
        0.752420 -0.232091 2.047244,
        0.738996 -0.268972 2.047244,
        0.739915 0.269307 0.668263,
        0.752420 0.232091 2.047244,
        0.763053 0.194297 0.668263,
        0.769854 0.163623 2.047244,
        0.769274 0.163524 0.668263,
        0.771789 0.156020 2.047244,
        0.778607 0.117356 0.668263,
        0.783489 0.078400 2.047244,
        0.784860 0.054864 0.668263,
        0.784662 0.054885 2.047244,
        0.786423 0.039249 0.668263,
        0.786423 -0.039249 0.668263,
        0.603185 0.506132 2.047244,
        0.636366 0.462326 2.047244,
        0.636504 0.462470 0.668263,
        0.650582 0.443559 2.047244,
        0.671883 0.410579 0.668263,
        0.691513 0.376578 2.047244,
        0.694409 0.369213 0.668263,
        0.694917 0.369510 2.047244,
        0.709424 0.341641 0.668263,
        0.725572 0.305854 2.047244,
        0.738996 0.268972 2.047244,
        0.393701 0.681910 0.668263,
        0.427202 0.661438 2.047244,
        0.459641 0.639321 0.668263,
        0.484567 0.620195 2.047244,
        0.484187 0.619746 0.668263,
        0.490937 0.615615 2.047244,
        0.521013 0.590379 0.668263,
        0.549793 0.563675 2.047244,
        0.565972 0.546527 0.668263,
        0.565807 0.546416 2.047244,
        0.577206 0.535569 0.668263,
        0.627663 0.475437 0.668263,
        0.136731 0.775439 2.047244,
        0.190307 0.763211 2.047244,
        0.190320 0.763409 0.668263,
        0.213260 0.757972 2.047244,
        0.250777 0.746400 0.668263,
        0.287670 0.732972 2.047244,
        0.294622 0.729191 0.668263,
        0.294821 0.729745 2.047244,
        0.323848 0.717721 0.668263,
        0.359221 0.700687 2.047244,
        0.393211 0.681062 2.047244,
        -0.136731 0.775439 0.668263,
        -0.097908 0.781291 2.047244,
        -0.058843 0.785200 0.668263,
        -0.027454 0.786570 2.047244,
        -0.027456 0.785983 0.668263,
        -0.019630 0.787157 2.047244,
        0.019630 0.787157 0.668263,
        0.058843 0.785200 2.047244,
        0.082259 0.782463 0.668263,
        0.082204 0.782272 2.047244,
        0.097908 0.781291 0.668263,
        0.175213 0.767660 0.668263,
        -0.393701 0.681910 2.047244,
        -0.344799 0.706980 2.047244,
        -0.344917 0.707141 0.668263,
        -0.323848 0.717721 2.047244,
        -0.287670 0.732972 0.668263,
        -0.250777 0.746400 2.047244,
        -0.243021 0.747973 0.668263,
        -0.243225 0.748524 2.047244,
        -0.213260 0.757972 0.668263,
        -0.175213 0.767660 2.047244,
        -0.136561 0.774475 2.047244,
        -0.603185 0.506132 0.668263,
        -0.577206 0.535569 2.047244,
        -0.549793 0.563675 0.668263,
        -0.526628 0.584901 2.047244,
        -0.526253 0.584449 0.668263,
        -0.521013 0.590379 2.047244,
        -0.490937 0.615615 0.668263,
        -0.459641 0.639321 2.047244,
        -0.439944 0.652277 0.668263,
        -0.439863 0.652095 2.047244,
        -0.427202 0.661438 0.668263,
        -0.359221 0.700687 0.668263,
        -0.739915 0.269307 2.047244,
        -0.718570 0.319946 2.047244,
        -0.718763 0.319993 0.668263,
        -0.709424 0.341641 2.047244,
        -0.691513 0.376578 0.668263,
        -0.671883 0.410579 2.047244,
        -0.666953 0.416769 0.668263,
        -0.667463 0.417061 2.047244,
        -0.650582 0.443559 0.668263,
        -0.627663 0.475437 2.047244,
        -0.602435 0.505503 2.047244,
        -0.786423 -0.000000 2.047244,
        -0.786423 0.039249 2.047244,
        -0.783489 0.078400 0.668263,
        -0.779388 0.109550 2.047244,
        -0.778809 0.109445 0.668263,
        -0.778607 0.117356 2.047244,
        -0.771789 0.156020 0.668263,
        -0.763053 0.194297 2.047244,
        -0.756292 0.216883 0.668263,
        -0.756113 0.216795 2.047244,
        -0.752420 0.232091 0.668263,
        -0.725572 0.305854 0.668263,
        -0.690567 0.376063 0.659117,
        -0.287276 0.731969 0.659117,
        0.250434 0.745378 0.659117,
        0.670963 0.410017 0.659117,
        0.777542 -0.117196 0.659117,
        0.520300 -0.589571 0.659117,
        0.019604 -0.786080 0.659117,
        -0.490265 -0.614773 0.659117,
        -0.770733 -0.155807 0.659117,
        -0.426617 0.660533 0.659117,
        -0.424896 0.657867 0.650470,
        -0.488287 0.612293 0.650470,
        0.097774 0.780222 0.659117,
        0.097380 0.777074 0.650470,
        0.019524 0.782908 0.650470,
        0.576417 0.534836 0.659117,
        0.574091 0.532678 0.650470,
        0.518200 0.587192 0.650470,
        0.785347 0.039195 0.659117,
        0.782178 0.039037 0.650470,
        0.774404 0.116723 0.650470,
        0.626805 -0.474786 0.659117,
        0.624276 -0.472870 0.650470,
        0.668256 -0.408363 0.650470,
        0.174974 -0.766609 0.659117,
        0.174268 -0.763516 0.650470,
        0.249423 -0.742370 0.650470,
        -0.358730 -0.699728 0.659117,
        -0.357282 -0.696904 0.650470,
        -0.286117 -0.729015 0.650470,
        -0.724579 -0.305436 0.659117,
        -0.721655 -0.304203 0.650470,
        -0.687780 -0.374545 0.650470,
        -0.422131 0.653588 0.642798,
        -0.485110 0.608309 0.642798,
        0.096746 0.772018 0.642798,
        0.019398 0.777815 0.642798,
        0.570356 0.529213 0.642798,
        0.514829 0.583372 0.642798,
        0.777089 0.038783 0.642798,
        0.769366 0.115963 0.642798,
        0.620214 -0.469794 0.642798,
        0.663908 -0.405706 0.642798,
        0.173134 -0.758549 0.642798,
        0.247801 -0.737541 0.642798,
        -0.354957 -0.692370 0.642798,
        -0.284256 -0.724272 0.642798,
        -0.716961 -0.302224 0.642798,
        -0.683306 -0.372109 0.642798,
        -0.716961 0.302224 0.642798,
        -0.683306 0.372109 0.642798,
        -0.354957 0.692370 0.642798,
        -0.284256 0.724272 0.642798,
        0.173134 0.758549 0.642798,
        0.247801 0.737541 0.642798,
        0.620214 0.469794 0.642798,
        0.663908 0.405706 0.642798,
        0.777089 -0.038783 0.642798,
        0.769366 -0.115963 0.642798,
        0.570356 -0.529213 0.642798,
        0.514829 -0.583372 0.642798,
        0.096746 -0.772018 0.642798,
        0.019398 -0.777815 0.642798,
        -0.422131 -0.653588 0.642798,
        -0.485110 -0.608309 0.642798,
        -0.743489 -0.229336 0.642798,
        -0.762630 -0.154169 0.642798,
        -0.774190 -0.077469 0.642798,
        -0.778057 0.000000 0.642798,
        -0.642860 -0.438295 0.642798,
        -0.543268 -0.556985 0.642798,
        -0.596026 -0.500125 0.642798,
        -0.210729 -0.748976 0.642798,
        -0.058144 -0.775881 0.642798,
        -0.135108 -0.766236 0.642798,
        0.320005 -0.709203 0.642798,
        0.454185 -0.631733 0.642798,
        0.389028 -0.673817 0.642798,
        0.701005 -0.337586 0.642798,
        0.753997 -0.191991 0.642798,
        0.731134 -0.266111 0.642798,
        0.753997 0.191991 0.642798,
        0.701005 0.337586 0.642798,
        0.731134 0.266111 0.642798,
        0.454185 0.631733 0.642798,
        0.320005 0.709203 0.642798,
        0.389028 0.673817 0.642798,
        -0.058144 0.775881 0.642798,
        -0.210729 0.748976 0.642798,
        -0.135108 0.766236 0.642798,
        -0.543268 0.556985 0.642798,
        -0.642860 0.438295 0.642798,
        -0.596026 0.500125 0.642798,
        -0.774190 0.077469 0.642798,
        -0.762630 0.154169 0.642798,
        -0.743489 0.229336 0.642798,
        -0.779260 -0.077977 0.650470,
        -0.783151 0.000000 0.650470,
        -0.647070 -0.441165 0.650470,
        -0.599929 -0.503400 0.650470,
        -0.546825 -0.560632 0.650470,
        -0.212109 -0.753880 0.650470,
        -0.135993 -0.771254 0.650470,
        -0.058525 -0.780961 0.650470,
        0.322100 -0.713847 0.650470,
        0.391576 -0.678229 0.650470,
        0.457160 -0.635870 0.650470,
        0.705595 -0.339796 0.650470,
        0.735922 -0.267854 0.650470,
        0.758934 -0.193248 0.650470,
        0.758934 0.193248 0.650470,
        0.735922 0.267854 0.650470,
        0.705595 0.339796 0.650470,
        0.457160 0.635870 0.650470,
        0.391576 0.678229 0.650470,
        0.322100 0.713847 0.650470,
        -0.058525 0.780961 0.650470,
        -0.135993 0.771254 0.650470,
        -0.212109 0.753880 0.650470,
        -0.546825 0.560632 0.650470,
        -0.599929 0.503400 0.650470,
        -0.647070 0.441165 0.650470,
        -0.779260 0.077977 0.650470,
        -0.767624 0.155178 0.650470,
        -0.748358 0.230838 0.650470,
        -0.782417 -0.078293 0.659117,
        -0.786324 0.000000 0.659117,
        -0.690567 -0.376063 0.659117,
        -0.649692 -0.442952 0.659117,
        -0.602359 -0.505439 0.659117,
        -0.549041 -0.562904 0.659117,
        -0.287276 -0.731969 0.659117,
        -0.212969 -0.756935 0.659117,
        -0.136544 -0.774378 0.659117,
        -0.058762 -0.784126 0.659117,
        0.250434 -0.745378 0.659117,
        0.323405 -0.716739 0.659117,
        0.393162 -0.680977 0.659117,
        0.459012 -0.638446 0.659117,
        0.670963 -0.410017 0.659117,
        0.708454 -0.341173 0.659117,
        0.738903 -0.268939 0.659117,
        0.762009 -0.194031 0.659117,
        0.777542 0.117196 0.659117,
        0.762009 0.194031 0.659117,
        0.738903 0.268939 0.659117,
        0.708454 0.341173 0.659117,
        0.520300 0.589571 0.659117,
        0.459012 0.638446 0.659117,
        0.393162 0.680977 0.659117,
        0.323405 0.716739 0.659117,
        0.019604 0.786080 0.659117,
        -0.058762 0.784126 0.659117,
        -0.136544 0.774378 0.659117,
        -0.212969 0.756935 0.659117,
        -0.490265 0.614773 0.659117,
        -0.549041 0.562904 0.659117,
        -0.602359 0.505439 0.659117,
        -0.649692 0.442952 0.659117,
        -0.782417 0.078293 0.659117,
        -0.770733 0.155807 0.659117,
        -0.751390 0.231773 0.659117,
        -0.767624 -0.155178 0.650470,
        -0.751390 -0.231773 0.659117,
        -0.748358 -0.230838 0.650470,
        -0.488287 -0.612293 0.650470,
        -0.426617 -0.660533 0.659117,
        -0.424896 -0.657867 0.650470,
        0.019524 -0.782908 0.650470,
        0.097774 -0.780222 0.659117,
        0.097380 -0.777074 0.650470,
        0.518200 -0.587192 0.650470,
        0.576417 -0.534836 0.659117,
        0.574091 -0.532678 0.650470,
        0.774404 -0.116723 0.650470,
        0.785347 -0.039195 0.659117,
        0.782178 -0.039037 0.650470,
        0.668256 0.408363 0.650470,
        0.626805 0.474786 0.659117,
        0.624276 0.472870 0.650470,
        0.249423 0.742370 0.650470,
        0.174974 0.766609 0.659117,
        0.174268 0.763516 0.650470,
        -0.286117 0.729015 0.650470,
        -0.358730 0.699728 0.659117,
        -0.357282 0.696904 0.650470,
        -0.687780 0.374545 0.650470,
        -0.724579 0.305436 0.659117,
        -0.721655 0.304203 0.650470,
        0.751390 0.231773 0.537734,
        0.724579 0.305436 0.537734,
        0.602359 0.505439 0.537734,
        0.426617 0.660533 0.537734,
        0.358730 0.699728 0.537734,
        0.136544 0.774378 0.537734,
        -0.097774 0.780222 0.537734,
        -0.174974 0.766609 0.537734,
        -0.393162 0.680977 0.537734,
        -0.576417 0.534836 0.537734,
        -0.626805 0.474786 0.537734,
        -0.738903 0.268939 0.537734,
        -0.785347 0.039195 0.537734,
        -0.785347 -0.039195 0.537734,
        -0.738903 -0.268939 0.537734,
        -0.626805 -0.474786 0.537734,
        -0.576417 -0.534836 0.537734,
        -0.393162 -0.680977 0.537734,
        -0.174974 -0.766609 0.537734,
        -0.097774 -0.780222 0.537734,
        0.136544 -0.774378 0.537734,
        0.358730 -0.699728 0.537734,
        0.426617 -0.660533 0.537734,
        0.602359 -0.505439 0.537734,
        0.724579 -0.305436 0.537734,
        0.743489 -0.229336 0.554053,
        0.762630 -0.154169 0.554053,
        0.774190 -0.077469 0.554053,
        0.778057 0.000000 0.554053,
        0.774190 0.077469 0.554053,
        0.748358 -0.230838 0.546380,
        0.767624 -0.155178 0.546380,
        0.779260 -0.077977 0.546380,
        0.783151 0.000000 0.546380,
        0.779260 0.077977 0.546380,
        0.751390 -0.231773 0.537734,
        0.770733 -0.155807 0.537734,
        0.642860 -0.438295 0.554053,
        0.596026 -0.500125 0.554053,
        0.647070 -0.441165 0.546380,
        0.599929 -0.503400 0.546380,
        0.649692 -0.442952 0.537734,
        0.485110 -0.608309 0.554053,
        0.422131 -0.653588 0.554053,
        0.488287 -0.612293 0.546380,
        0.424896 -0.657867 0.546380,
        0.490265 -0.614773 0.537734,
        0.210729 -0.748976 0.554053,
        0.135108 -0.766236 0.554053,
        0.212109 -0.753880 0.546380,
        0.135993 -0.771254 0.546380,
        0.212969 -0.756935 0.537734,
        -0.019398 -0.777815 0.554053,
        -0.096746 -0.772018 0.554053,
        -0.019524 -0.782908 0.546380,
        -0.097380 -0.777074 0.546380,
        -0.019604 -0.786080 0.537734,
        -0.320005 -0.709203 0.554053,
        -0.389028 -0.673817 0.554053,
        -0.322100 -0.713847 0.546380,
        -0.391576 -0.678229 0.546380,
        -0.323405 -0.716739 0.537734,
        -0.514829 -0.583372 0.554053,
        -0.570356 -0.529213 0.554053,
        -0.518200 -0.587192 0.546380,
        -0.574091 -0.532678 0.546380,
        -0.520300 -0.589571 0.537734,
        -0.701005 -0.337586 0.554053,
        -0.731134 -0.266111 0.554053,
        -0.705595 -0.339796 0.546380,
        -0.735922 -0.267854 0.546380,
        -0.708454 -0.341173 0.537734,
        -0.769366 -0.115963 0.554053,
        -0.777089 -0.038783 0.554053,
        -0.774404 -0.116723 0.546380,
        -0.782178 -0.039037 0.546380,
        -0.777542 -0.117196 0.537734,
        -0.753997 0.191991 0.554053,
        -0.731134 0.266111 0.554053,
        -0.758934 0.193248 0.546380,
        -0.735922 0.267854 0.546380,
        -0.762009 0.194031 0.537734,
        -0.663908 0.405706 0.554053,
        -0.620214 0.469794 0.554053,
        -0.668256 0.408363 0.546380,
        -0.624276 0.472870 0.546380,
        -0.670963 0.410017 0.537734,
        -0.454185 0.631733 0.554053,
        -0.389028 0.673817 0.554053,
        -0.457160 0.635870 0.546380,
        -0.391576 0.678229 0.546380,
        -0.459012 0.638446 0.537734,
        -0.247801 0.737541 0.554053,
        -0.173134 0.758549 0.554053,
        -0.249423 0.742370 0.546380,
        -0.174268 0.763516 0.546380,
        -0.250434 0.745378 0.537734,
        0.058144 0.775881 0.554053,
        0.135108 0.766236 0.554053,
        0.058525 0.780961 0.546380,
        0.135993 0.771254 0.546380,
        0.058762 0.784126 0.537734,
        0.284256 0.724272 0.554053,
        0.354957 0.692370 0.554053,
        0.286117 0.729015 0.546380,
        0.357282 0.696904 0.546380,
        0.287276 0.731969 0.537734,
        0.543268 0.556985 0.554053,
        0.596026 0.500125 0.554053,
        0.546825 0.560632 0.546380,
        0.599929 0.503400 0.546380,
        0.549041 0.562904 0.537734,
        0.683306 0.372109 0.554053,
        0.716961 0.302224 0.554053,
        0.687780 0.374545 0.546380,
        0.721655 0.304203 0.546380,
        0.690567 0.376063 0.537734,
        0.782417 -0.078293 0.537734,
        0.786324 0.000000 0.537734,
        0.782417 0.078293 0.537734,
        0.716961 -0.302224 0.554053,
        0.721655 -0.304203 0.546380,
        0.690567 -0.376063 0.537734,
        0.687780 -0.374545 0.546380,
        0.683306 -0.372109 0.554053,
        0.549041 -0.562904 0.537734,
        0.546825 -0.560632 0.546380,
        0.543268 -0.556985 0.554053,
        0.354957 -0.692370 0.554053,
        0.357282 -0.696904 0.546380,
        0.287276 -0.731969 0.537734,
        0.286117 -0.729015 0.546380,
        0.284256 -0.724272 0.554053,
        0.058762 -0.784126 0.537734,
        0.058525 -0.780961 0.546380,
        0.058144 -0.775881 0.554053,
        -0.173134 -0.758549 0.554053,
        -0.174268 -0.763516 0.546380,
        -0.250434 -0.745378 0.537734,
        -0.249423 -0.742370 0.546380,
        -0.247801 -0.737541 0.554053,
        -0.459012 -0.638446 0.537734,
        -0.457160 -0.635870 0.546380,
        -0.454185 -0.631733 0.554053,
        -0.620214 -0.469794 0.554053,
        -0.624276 -0.472870 0.546380,
        -0.670963 -0.410017 0.537734,
        -0.668256 -0.408363 0.546380,
        -0.663908 -0.405706 0.554053,
        -0.762009 -0.194031 0.537734,
        -0.758934 -0.193248 0.546380,
        -0.753997 -0.191991 0.554053,
        -0.782178 0.039037 0.546380,
        -0.777089 0.038783 0.554053,
        -0.777542 0.117196 0.537734,
        -0.774404 0.116723 0.546380,
        -0.769366 0.115963 0.554053,
        -0.708454 0.341173 0.537734,
        -0.705595 0.339796 0.546380,
        -0.701005 0.337586 0.554053,
        -0.574091 0.532678 0.546380,
        -0.570356 0.529213 0.554053,
        -0.520300 0.589571 0.537734,
        -0.518200 0.587192 0.546380,
        -0.514829 0.583372 0.554053,
        -0.323405 0.716739 0.537734,
        -0.322100 0.713847 0.546380,
        -0.320005 0.709203 0.554053,
        -0.097380 0.777074 0.546380,
        -0.096746 0.772018 0.554053,
        -0.019604 0.786080 0.537734,
        -0.019524 0.782908 0.546380,
        -0.019398 0.777815 0.554053,
        0.212969 0.756935 0.537734,
        0.212109 0.753880 0.546380,
        0.210729 0.748976 0.554053,
        0.424896 0.657867 0.546380,
        0.422131 0.653588 0.554053,
        0.490265 0.614773 0.537734,
        0.488287 0.612293 0.546380,
        0.485110 0.608309 0.554053,
        0.649692 0.442952 0.537734,
        0.647070 0.441165 0.546380,
        0.642860 0.438295 0.554053,
        0.743489 0.229336 0.554053,
        0.748358 0.230838 0.546380,
        0.770733 0.155807 0.537734,
        0.767624 0.155178 0.546380,
        0.762630 0.154169 0.554053,
        0.782154 0.078266 2.057434,
        0.751138 0.231695 2.057434,
        0.724336 0.305333 2.057434,
        0.602157 0.505270 2.057434,
        0.426474 0.660311 2.057434,
        0.358609 0.699493 2.057434,
        0.136498 0.774118 2.057434,
        -0.097742 0.779959 2.057434,
        -0.174915 0.766352 2.057434,
        -0.393030 0.680748 2.057434,
        -0.576223 0.534657 2.057434,
        -0.626594 0.474626 2.057434,
        -0.738655 0.268848 2.057434,
        -0.785083 0.039182 2.057434,
        -0.785083 -0.039182 2.057434,
        -0.738655 -0.268848 2.057434,
        -0.626594 -0.474626 2.057434,
        -0.576223 -0.534657 2.057434,
        -0.393030 -0.680748 2.057434,
        -0.174915 -0.766352 2.057434,
        -0.097742 -0.779959 2.057434,
        0.136498 -0.774118 2.057434,
        0.358609 -0.699493 2.057434,
        0.426474 -0.660311 2.057434,
        0.602157 -0.505270 2.057434,
        0.724336 -0.305333 2.057434,
        0.751138 -0.231695 2.057434,
        -0.604403 -0.457817 2.085273,
        -0.504620 -0.551439 2.086614,
        -0.548346 -0.508791 2.086614,
        -0.555815 -0.515721 2.085273,
        -0.426009 -0.614233 2.086614,
        -0.436659 -0.607355 2.086614,
        -0.442607 -0.615629 2.085273,
        -0.247100 -0.705602 2.086614,
        -0.307656 -0.681835 2.086614,
        -0.311846 -0.691123 2.085273,
        -0.150055 -0.732168 2.086614,
        -0.166453 -0.729277 2.086614,
        -0.168720 -0.739211 2.085273,
        0.050354 -0.746078 2.086614,
        -0.018649 -0.747799 2.086614,
        -0.018903 -0.757985 2.085273,
        0.150001 -0.732078 2.086614,
        0.129894 -0.736667 2.086614,
        0.131664 -0.746702 2.085273,
        0.339822 -0.666301 2.086614,
        0.273287 -0.696323 2.086614,
        0.277009 -0.705808 2.085273,
        0.425814 -0.614007 2.086614,
        0.405842 -0.628366 2.086614,
        0.411370 -0.636926 2.085273,
        0.573025 -0.480826 2.086614,
        0.580831 -0.487375 2.085273,
        0.724535 -0.223490 2.085273,
        0.743188 -0.150239 2.085273,
        0.752494 -0.152120 2.081340,
        0.466390 -0.584835 2.086614,
        0.202597 -0.720073 2.086614,
        -0.093013 -0.742226 2.086614,
        -0.374016 -0.647814 2.086614,
        0.754454 -0.075494 2.085273,
        0.763902 -0.076440 2.081340,
        0.772015 -0.077252 2.075083,
        0.758221 0.000000 2.085273,
        0.767717 0.000000 2.081340,
        0.775870 0.000000 2.075083,
        0.782127 0.000000 2.066929,
        0.754454 0.075494 2.085273,
        0.763902 0.076440 2.081340,
        0.772015 0.077252 2.075083,
        0.778241 0.077875 2.066929,
        0.778241 -0.077875 2.066929,
        0.782154 -0.078266 2.057434,
        0.786060 0.000000 2.057434,
        0.770474 -0.155755 2.057434,
        0.747379 -0.230536 2.066929,
        0.766619 -0.154976 2.066929,
        0.741400 -0.228692 2.075083,
        0.760487 -0.153736 2.075083,
        0.733609 -0.226289 2.081340,
        0.649473 -0.442804 2.057434,
        0.599144 -0.502741 2.066929,
        0.646224 -0.440588 2.066929,
        0.594351 -0.498720 2.075083,
        0.641054 -0.437063 2.075083,
        0.588105 -0.493479 2.081340,
        0.634317 -0.432470 2.081340,
        0.626472 -0.427121 2.085273,
        0.504471 -0.551228 2.086614,
        0.472743 -0.592801 2.085273,
        0.478663 -0.600225 2.081340,
        0.416522 -0.644902 2.081340,
        0.483747 -0.606600 2.075083,
        0.420946 -0.651751 2.075083,
        0.487648 -0.611491 2.066929,
        0.424340 -0.657007 2.066929,
        0.490100 -0.614567 2.057434,
        0.246975 -0.705163 2.086614,
        0.205357 -0.729882 2.085273,
        0.207929 -0.739022 2.081340,
        0.133313 -0.756053 2.081340,
        0.210137 -0.746872 2.075083,
        0.134728 -0.764083 2.075083,
        0.211831 -0.752894 2.066929,
        0.135815 -0.770245 2.066929,
        0.212897 -0.756680 2.057434,
        -0.050292 -0.745428 2.086614,
        -0.094280 -0.752337 2.085273,
        -0.019140 -0.767478 2.081340,
        -0.095461 -0.761758 2.081340,
        -0.019343 -0.775629 2.075083,
        -0.096474 -0.769849 2.075083,
        -0.019499 -0.781884 2.066929,
        -0.097253 -0.776057 2.066929,
        -0.019597 -0.785816 2.057434,
        -0.339430 -0.665545 2.086614,
        -0.379111 -0.656639 2.085273,
        -0.315752 -0.699778 2.081340,
        -0.383858 -0.664862 2.081340,
        -0.319106 -0.707210 2.075083,
        -0.387935 -0.671924 2.075083,
        -0.321679 -0.712913 2.066929,
        -0.391063 -0.677342 2.066929,
        -0.323296 -0.716498 2.057434,
        -0.494962 -0.560860 2.086614,
        -0.501704 -0.568500 2.085273,
        -0.507987 -0.575619 2.081340,
        -0.562776 -0.522180 2.081340,
        -0.513382 -0.581733 2.075083,
        -0.568753 -0.527726 2.075083,
        -0.517522 -0.586424 2.066929,
        -0.573340 -0.531981 2.066929,
        -0.520125 -0.589373 2.057434,
        -0.683134 -0.328980 2.085273,
        -0.712495 -0.259327 2.085273,
        -0.691689 -0.333100 2.081340,
        -0.721418 -0.262574 2.081340,
        -0.699035 -0.336637 2.075083,
        -0.729080 -0.265363 2.075083,
        -0.704672 -0.339352 2.066929,
        -0.734959 -0.267503 2.066929,
        -0.708216 -0.341059 2.057434,
        -0.749752 -0.113007 2.085273,
        -0.757279 -0.037794 2.085273,
        -0.759142 -0.114422 2.081340,
        -0.766762 -0.038267 2.081340,
        -0.767204 -0.115637 2.075083,
        -0.774906 -0.038674 2.075083,
        -0.773391 -0.116570 2.066929,
        -0.781155 -0.038986 2.066929,
        -0.777280 -0.117156 2.057434,
        -0.734775 0.187097 2.085273,
        -0.712495 0.259327 2.085273,
        -0.743977 0.189440 2.081340,
        -0.721418 0.262574 2.081340,
        -0.751878 0.191452 2.075083,
        -0.729080 0.265363 2.075083,
        -0.757941 0.192996 2.066929,
        -0.734959 0.267503 2.066929,
        -0.761753 0.193966 2.057434,
        -0.646983 0.395363 2.085273,
        -0.604403 0.457817 2.085273,
        -0.655085 0.400315 2.081340,
        -0.611972 0.463551 2.081340,
        -0.662043 0.404566 2.075083,
        -0.618472 0.468474 2.075083,
        -0.667382 0.407828 2.066929,
        -0.623459 0.472252 2.066929,
        -0.670738 0.409880 2.057434,
        -0.442607 0.615629 2.085273,
        -0.379111 0.656639 2.085273,
        -0.448150 0.623338 2.081340,
        -0.383858 0.664862 2.081340,
        -0.452909 0.629959 2.075083,
        -0.387935 0.671924 2.075083,
        -0.456562 0.635039 2.066929,
        -0.391063 0.677342 2.066929,
        -0.458857 0.638232 2.057434,
        -0.241483 0.718739 2.085273,
        -0.168720 0.739211 2.085273,
        -0.244507 0.727739 2.081340,
        -0.170833 0.748468 2.081340,
        -0.247104 0.735469 2.075083,
        -0.172647 0.756418 2.075083,
        -0.249097 0.741400 2.066929,
        -0.174040 0.762517 2.066929,
        -0.250350 0.745128 2.057434,
        0.056662 0.756101 2.085273,
        0.131664 0.746702 2.085273,
        0.057372 0.765570 2.081340,
        0.133313 0.756053 2.081340,
        0.057981 0.773701 2.075083,
        0.134728 0.764083 2.075083,
        0.058448 0.779940 2.066929,
        0.135815 0.770245 2.066929,
        0.058743 0.783862 2.057434,
        0.277009 0.705808 2.085273,
        0.345909 0.674720 2.085273,
        0.280478 0.714647 2.081340,
        0.350241 0.683169 2.081340,
        0.283457 0.722237 2.075083,
        0.353960 0.690425 2.075083,
        0.285743 0.728061 2.066929,
        0.356815 0.695993 2.066929,
        0.287180 0.731723 2.057434,
        0.529418 0.542785 2.085273,
        0.580831 0.487375 2.085273,
        0.536048 0.549583 2.081340,
        0.588105 0.493479 2.081340,
        0.541741 0.555420 2.075083,
        0.594351 0.498720 2.075083,
        0.546110 0.559899 2.066929,
        0.599144 0.502741 2.066929,
        0.548856 0.562714 2.057434,
        0.665886 0.362622 2.085273,
        0.698683 0.294520 2.085273,
        0.674225 0.367163 2.081340,
        0.707433 0.298208 2.081340,
        0.681386 0.371063 2.075083,
        0.714946 0.301375 2.075083,
        0.686881 0.374056 2.066929,
        0.720711 0.303806 2.066929,
        0.690335 0.375936 2.057434,
        0.720711 -0.303806 2.066929,
        0.714946 -0.301375 2.075083,
        0.707433 -0.298208 2.081340,
        0.698683 -0.294520 2.085273,
        0.690335 -0.375936 2.057434,
        0.686881 -0.374056 2.066929,
        0.681386 -0.371063 2.075083,
        0.674225 -0.367163 2.081340,
        0.665886 -0.362622 2.085273,
        0.548856 -0.562714 2.057434,
        0.546110 -0.559899 2.066929,
        0.541741 -0.555420 2.075083,
        0.536048 -0.549583 2.081340,
        0.529418 -0.542785 2.085273,
        0.522303 -0.535491 2.086614,
        0.341260 -0.665652 2.086614,
        0.345909 -0.674720 2.085273,
        0.350241 -0.683169 2.081340,
        0.353960 -0.690425 2.075083,
        0.356815 -0.695993 2.066929,
        0.287180 -0.731723 2.057434,
        0.285743 -0.728061 2.066929,
        0.283457 -0.722237 2.075083,
        0.280478 -0.714647 2.081340,
        0.058743 -0.783862 2.057434,
        0.058448 -0.779940 2.066929,
        0.057981 -0.773701 2.075083,
        0.057372 -0.765570 2.081340,
        0.056662 -0.756101 2.085273,
        0.055900 -0.745940 2.086614,
        -0.170833 -0.748468 2.081340,
        -0.172647 -0.756418 2.075083,
        -0.174040 -0.762517 2.066929,
        -0.250350 -0.745128 2.057434,
        -0.249097 -0.741400 2.066929,
        -0.247104 -0.735469 2.075083,
        -0.244507 -0.727739 2.081340,
        -0.241483 -0.718739 2.085273,
        -0.238238 -0.709080 2.086614,
        -0.458857 -0.638232 2.057434,
        -0.456562 -0.635039 2.066929,
        -0.452909 -0.629959 2.075083,
        -0.448150 -0.623338 2.081340,
        -0.611972 -0.463551 2.081340,
        -0.618472 -0.468474 2.075083,
        -0.623459 -0.472252 2.066929,
        -0.670738 -0.409880 2.057434,
        -0.667382 -0.407828 2.066929,
        -0.662043 -0.404566 2.075083,
        -0.655085 -0.400315 2.081340,
        -0.646983 -0.395363 2.085273,
        -0.761753 -0.193966 2.057434,
        -0.757941 -0.192996 2.066929,
        -0.751878 -0.191452 2.075083,
        -0.743977 -0.189440 2.081340,
        -0.734775 -0.187097 2.085273,
        -0.781155 0.038986 2.066929,
        -0.774906 0.038674 2.075083,
        -0.766762 0.038267 2.081340,
        -0.757279 0.037794 2.085273,
        -0.777280 0.117156 2.057434,
        -0.773391 0.116570 2.066929,
        -0.767204 0.115637 2.075083,
        -0.759142 0.114422 2.081340,
        -0.749752 0.113007 2.085273,
        -0.708216 0.341059 2.057434,
        -0.704672 0.339352 2.066929,
        -0.699035 0.336637 2.075083,
        -0.691689 0.333100 2.081340,
        -0.683134 0.328980 2.085273,
        -0.573340 0.531981 2.066929,
        -0.568753 0.527726 2.075083,
        -0.562776 0.522180 2.081340,
        -0.555815 0.515721 2.085273,
        -0.520125 0.589373 2.057434,
        -0.517522 0.586424 2.066929,
        -0.513382 0.581733 2.075083,
        -0.507987 0.575619 2.081340,
        -0.501704 0.568500 2.085273,
        -0.323296 0.716498 2.057434,
        -0.321679 0.712913 2.066929,
        -0.319106 0.707210 2.075083,
        -0.315752 0.699778 2.081340,
        -0.311846 0.691123 2.085273,
        -0.097253 0.776057 2.066929,
        -0.096474 0.769849 2.075083,
        -0.095461 0.761758 2.081340,
        -0.094280 0.752337 2.085273,
        -0.019597 0.785816 2.057434,
        -0.019499 0.781884 2.066929,
        -0.019343 0.775629 2.075083,
        -0.019140 0.767478 2.081340,
        -0.018903 0.757985 2.085273,
        0.212897 0.756680 2.057434,
        0.211831 0.752894 2.066929,
        0.210137 0.746872 2.075083,
        0.207929 0.739022 2.081340,
        0.205357 0.729882 2.085273,
        0.424340 0.657007 2.066929,
        0.420946 0.651751 2.075083,
        0.416522 0.644902 2.081340,
        0.411370 0.636926 2.085273,
        0.490100 0.614567 2.057434,
        0.487648 0.611491 2.066929,
        0.483747 0.606600 2.075083,
        0.478663 0.600225 2.081340,
        0.472743 0.592801 2.085273,
        0.649473 0.442804 2.057434,
        0.646224 0.440588 2.066929,
        0.641054 0.437063 2.075083,
        0.634317 0.432470 2.081340,
        0.626472 0.427121 2.085273,
        0.724535 0.223490 2.085273,
        0.733609 0.226289 2.081340,
        0.741400 0.228692 2.075083,
        0.747379 0.230536 2.066929,
        0.770474 0.155755 2.057434,
        0.766619 0.154976 2.066929,
        0.760487 0.153736 2.075083,
        0.752494 0.152120 2.081340,
        0.743188 0.150239 2.085273,
      ]
    }
    coordIndex [
      93, 90, 91, -1,
      94, 95, 92, -1,
      92, 95, 96, -1,
      92, 96, 91, -1,
      91, 96, 97, -1,
      91, 97, 93, -1,
      94, 92, 98, -1,
      98, 92, 84, -1,
      98, 84, 99, -1,
      99, 84, 100, -1,
      100, 84, 83, -1,
      100, 83, 101, -1,
      82, 102, 83, -1,
      83, 102, 103, -1,
      83, 103, 101, -1,
      81, 104, 82, -1,
      82, 104, 105, -1,
      82, 105, 102, -1,
      106, 107, 80, -1,
      80, 107, 108, -1,
      80, 108, 81, -1,
      81, 108, 109, -1,
      81, 109, 104, -1,
      106, 80, 110, -1,
      110, 80, 79, -1,
      110, 79, 111, -1,
      111, 79, 112, -1,
      112, 79, 78, -1,
      112, 78, 113, -1,
      77, 114, 78, -1,
      78, 114, 115, -1,
      78, 115, 113, -1,
      76, 116, 77, -1,
      77, 116, 117, -1,
      77, 117, 114, -1,
      118, 119, 49, -1,
      49, 119, 120, -1,
      49, 120, 76, -1,
      76, 120, 121, -1,
      76, 121, 116, -1,
      118, 49, 122, -1,
      122, 49, 50, -1,
      122, 50, 123, -1,
      123, 50, 124, -1,
      124, 50, 51, -1,
      124, 51, 125, -1,
      52, 126, 51, -1,
      51, 126, 127, -1,
      51, 127, 125, -1,
      53, 128, 52, -1,
      52, 128, 129, -1,
      52, 129, 126, -1,
      130, 131, 54, -1,
      54, 131, 132, -1,
      54, 132, 53, -1,
      53, 132, 133, -1,
      53, 133, 128, -1,
      130, 54, 134, -1,
      134, 54, 55, -1,
      134, 55, 135, -1,
      135, 55, 136, -1,
      136, 55, 56, -1,
      136, 56, 137, -1,
      57, 138, 56, -1,
      56, 138, 139, -1,
      56, 139, 137, -1,
      58, 140, 57, -1,
      57, 140, 141, -1,
      57, 141, 138, -1,
      142, 143, 59, -1,
      59, 143, 144, -1,
      59, 144, 58, -1,
      58, 144, 145, -1,
      58, 145, 140, -1,
      142, 59, 146, -1,
      146, 59, 60, -1,
      146, 60, 147, -1,
      147, 60, 61, -1,
      147, 61, 148, -1,
      148, 61, 62, -1,
      148, 62, 149, -1,
      63, 150, 62, -1,
      62, 150, 151, -1,
      62, 151, 149, -1,
      64, 152, 63, -1,
      63, 152, 153, -1,
      63, 153, 150, -1,
      154, 155, 65, -1,
      65, 155, 156, -1,
      65, 156, 64, -1,
      64, 156, 157, -1,
      64, 157, 152, -1,
      154, 65, 158, -1,
      158, 65, 66, -1,
      158, 66, 159, -1,
      159, 66, 160, -1,
      160, 66, 67, -1,
      160, 67, 161, -1,
      68, 162, 67, -1,
      67, 162, 163, -1,
      67, 163, 161, -1,
      69, 164, 68, -1,
      68, 164, 165, -1,
      68, 165, 162, -1,
      166, 167, 70, -1,
      70, 167, 168, -1,
      70, 168, 69, -1,
      69, 168, 169, -1,
      69, 169, 164, -1,
      166, 70, 170, -1,
      170, 70, 47, -1,
      170, 47, 171, -1,
      171, 47, 172, -1,
      172, 47, 48, -1,
      172, 48, 173, -1,
      75, 174, 48, -1,
      48, 174, 175, -1,
      48, 175, 173, -1,
      74, 176, 75, -1,
      75, 176, 177, -1,
      75, 177, 174, -1,
      178, 179, 73, -1,
      73, 179, 180, -1,
      73, 180, 74, -1,
      74, 180, 181, -1,
      74, 181, 176, -1,
      178, 73, 182, -1,
      182, 73, 72, -1,
      182, 72, 183, -1,
      183, 72, 184, -1,
      184, 72, 71, -1,
      184, 71, 185, -1,
      85, 186, 71, -1,
      71, 186, 187, -1,
      71, 187, 185, -1,
      86, 188, 85, -1,
      85, 188, 189, -1,
      85, 189, 186, -1,
      190, 191, 87, -1,
      87, 191, 192, -1,
      87, 192, 86, -1,
      86, 192, 193, -1,
      86, 193, 188, -1,
      190, 87, 194, -1,
      194, 87, 88, -1,
      194, 88, 195, -1,
      195, 88, 196, -1,
      196, 88, 89, -1,
      196, 89, 197, -1,
      93, 198, 90, -1,
      90, 198, 199, -1,
      90, 199, 89, -1,
      89, 199, 200, -1,
      89, 200, 197, -1,
      201, 202, 203, -1,
      203, 204, 201, -1,
      201, 204, 205, -1,
      201, 205, 206, -1,
      205, 207, 206, -1,
      206, 207, 208, -1,
      206, 208, 209, -1,
      208, 210, 209, -1,
      209, 210, 211, -1,
      209, 211, 212, -1,
      211, 213, 212, -1,
      212, 213, 214, -1,
      212, 214, 215, -1,
      214, 216, 215, -1,
      215, 216, 217, -1,
      215, 217, 218, -1,
      217, 219, 218, -1,
      218, 219, 220, -1,
      218, 220, 221, -1,
      220, 222, 221, -1,
      221, 222, 223, -1,
      221, 223, 224, -1,
      223, 225, 224, -1,
      224, 225, 226, -1,
      224, 226, 227, -1,
      226, 228, 227, -1,
      227, 228, 229, -1,
      227, 229, 230, -1,
      229, 231, 230, -1,
      230, 231, 232, -1,
      230, 232, 233, -1,
      232, 234, 233, -1,
      233, 234, 235, -1,
      233, 235, 236, -1,
      236, 235, 237, -1,
      236, 237, 238, -1,
      237, 239, 238, -1,
      238, 239, 240, -1,
      238, 240, 241, -1,
      240, 242, 241, -1,
      241, 242, 243, -1,
      241, 243, 244, -1,
      243, 245, 244, -1,
      244, 245, 246, -1,
      244, 246, 247, -1,
      246, 248, 247, -1,
      247, 248, 249, -1,
      247, 249, 250, -1,
      249, 251, 250, -1,
      250, 251, 252, -1,
      250, 252, 253, -1,
      252, 254, 253, -1,
      253, 254, 255, -1,
      253, 255, 256, -1,
      255, 257, 256, -1,
      256, 257, 258, -1,
      256, 258, 259, -1,
      258, 260, 259, -1,
      259, 260, 261, -1,
      259, 261, 262, -1,
      261, 263, 262, -1,
      262, 263, 264, -1,
      262, 264, 265, -1,
      264, 266, 265, -1,
      265, 266, 267, -1,
      265, 267, 268, -1,
      267, 269, 268, -1,
      268, 269, 270, -1,
      268, 270, 271, -1,
      270, 272, 271, -1,
      271, 272, 273, -1,
      271, 273, 274, -1,
      273, 275, 274, -1,
      274, 275, 276, -1,
      274, 276, 277, -1,
      276, 278, 277, -1,
      277, 278, 279, -1,
      277, 279, 280, -1,
      279, 281, 280, -1,
      280, 281, 282, -1,
      280, 282, 283, -1,
      282, 284, 283, -1,
      283, 284, 285, -1,
      283, 285, 286, -1,
      285, 287, 286, -1,
      286, 287, 288, -1,
      286, 288, 289, -1,
      288, 290, 289, -1,
      289, 290, 291, -1,
      289, 291, 292, -1,
      291, 293, 292, -1,
      292, 293, 294, -1,
      292, 294, 295, -1,
      294, 296, 295, -1,
      295, 296, 297, -1,
      295, 297, 298, -1,
      297, 299, 298, -1,
      298, 299, 300, -1,
      298, 300, 301, -1,
      300, 302, 301, -1,
      301, 302, 303, -1,
      301, 303, 304, -1,
      303, 305, 304, -1,
      304, 305, 306, -1,
      304, 306, 307, -1,
      306, 308, 307, -1,
      307, 308, 309, -1,
      307, 309, 310, -1,
      309, 311, 310, -1,
      310, 311, 312, -1,
      310, 312, 313, -1,
      312, 314, 313, -1,
      313, 314, 315, -1,
      313, 315, 316, -1,
      315, 317, 316, -1,
      316, 317, 318, -1,
      316, 318, 319, -1,
      318, 320, 319, -1,
      319, 320, 321, -1,
      319, 321, 322, -1,
      321, 323, 322, -1,
      322, 323, 324, -1,
      322, 324, 325, -1,
      325, 324, 326, -1,
      326, 327, 325, -1,
      325, 327, 328, -1,
      325, 328, 329, -1,
      329, 328, 330, -1,
      329, 330, 331, -1,
      331, 330, 332, -1,
      332, 333, 331, -1,
      331, 333, 334, -1,
      331, 334, 335, -1,
      335, 334, 336, -1,
      335, 336, 337, -1,
      337, 336, 338, -1,
      338, 339, 337, -1,
      337, 339, 340, -1,
      337, 340, 341, -1,
      340, 342, 341, -1,
      341, 342, 343, -1,
      341, 343, 344, -1,
      343, 345, 344, -1,
      344, 345, 346, -1,
      344, 346, 347, -1,
      346, 348, 347, -1,
      347, 348, 349, -1,
      347, 349, 350, -1,
      349, 351, 350, -1,
      350, 351, 352, -1,
      350, 352, 353, -1,
      352, 354, 353, -1,
      353, 354, 355, -1,
      353, 355, 356, -1,
      355, 357, 356, -1,
      356, 357, 358, -1,
      356, 358, 359, -1,
      358, 360, 359, -1,
      359, 360, 361, -1,
      359, 361, 362, -1,
      361, 363, 362, -1,
      362, 363, 364, -1,
      362, 364, 365, -1,
      364, 366, 365, -1,
      365, 366, 367, -1,
      365, 367, 368, -1,
      367, 369, 368, -1,
      368, 369, 370, -1,
      368, 370, 371, -1,
      370, 372, 371, -1,
      371, 372, 373, -1,
      371, 373, 374, -1,
      373, 375, 374, -1,
      374, 375, 376, -1,
      374, 376, 377, -1,
      376, 378, 377, -1,
      377, 378, 379, -1,
      377, 379, 380, -1,
      379, 381, 380, -1,
      380, 381, 382, -1,
      380, 382, 383, -1,
      382, 384, 383, -1,
      383, 384, 385, -1,
      383, 385, 386, -1,
      385, 387, 386, -1,
      386, 387, 388, -1,
      386, 388, 202, -1,
      202, 388, 389, -1,
      202, 389, 203, -1,
      386, 390, 383, -1,
      383, 390, 391, -1,
      383, 391, 380, -1,
      380, 391, 392, -1,
      380, 392, 377, -1,
      377, 392, 393, -1,
      377, 393, 374, -1,
      374, 393, 394, -1,
      374, 394, 371, -1,
      371, 394, 395, -1,
      371, 395, 368, -1,
      368, 395, 396, -1,
      368, 396, 365, -1,
      365, 396, 397, -1,
      365, 397, 362, -1,
      362, 397, 398, -1,
      362, 398, 359, -1,
      359, 398, 399, -1,
      359, 399, 356, -1,
      356, 399, 400, -1,
      356, 400, 353, -1,
      353, 400, 401, -1,
      353, 401, 350, -1,
      350, 401, 402, -1,
      350, 402, 347, -1,
      347, 402, 403, -1,
      347, 403, 344, -1,
      344, 403, 404, -1,
      344, 404, 341, -1,
      341, 404, 405, -1,
      341, 405, 337, -1,
      337, 405, 406, -1,
      337, 406, 335, -1,
      335, 406, 407, -1,
      335, 407, 331, -1,
      331, 407, 408, -1,
      331, 408, 329, -1,
      329, 408, 409, -1,
      329, 409, 325, -1,
      325, 409, 410, -1,
      325, 410, 322, -1,
      322, 410, 411, -1,
      322, 411, 319, -1,
      319, 411, 412, -1,
      319, 412, 316, -1,
      316, 412, 413, -1,
      316, 413, 313, -1,
      313, 413, 414, -1,
      313, 414, 310, -1,
      310, 414, 415, -1,
      310, 415, 307, -1,
      307, 415, 416, -1,
      307, 416, 304, -1,
      304, 416, 417, -1,
      304, 417, 301, -1,
      301, 417, 418, -1,
      301, 418, 298, -1,
      298, 418, 419, -1,
      298, 419, 295, -1,
      295, 419, 420, -1,
      295, 420, 292, -1,
      292, 420, 421, -1,
      292, 421, 289, -1,
      289, 421, 422, -1,
      289, 422, 286, -1,
      286, 422, 423, -1,
      286, 423, 283, -1,
      283, 423, 424, -1,
      283, 424, 280, -1,
      280, 424, 425, -1,
      280, 425, 277, -1,
      277, 425, 426, -1,
      277, 426, 274, -1,
      274, 426, 427, -1,
      274, 427, 271, -1,
      271, 427, 428, -1,
      271, 428, 268, -1,
      268, 428, 429, -1,
      268, 429, 265, -1,
      265, 429, 430, -1,
      265, 430, 262, -1,
      262, 430, 431, -1,
      262, 431, 259, -1,
      259, 431, 432, -1,
      259, 432, 256, -1,
      256, 432, 433, -1,
      256, 433, 253, -1,
      253, 433, 434, -1,
      253, 434, 250, -1,
      250, 434, 435, -1,
      250, 435, 247, -1,
      247, 435, 436, -1,
      247, 436, 244, -1,
      244, 436, 437, -1,
      244, 437, 241, -1,
      241, 437, 438, -1,
      241, 438, 238, -1,
      238, 438, 439, -1,
      238, 439, 236, -1,
      236, 439, 440, -1,
      236, 440, 233, -1,
      233, 440, 441, -1,
      233, 441, 230, -1,
      230, 441, 442, -1,
      230, 442, 227, -1,
      227, 442, 443, -1,
      227, 443, 224, -1,
      224, 443, 444, -1,
      224, 444, 221, -1,
      221, 444, 445, -1,
      221, 445, 218, -1,
      218, 445, 446, -1,
      218, 446, 215, -1,
      215, 446, 447, -1,
      215, 447, 212, -1,
      212, 447, 448, -1,
      212, 448, 209, -1,
      209, 448, 449, -1,
      209, 449, 206, -1,
      206, 449, 450, -1,
      206, 450, 201, -1,
      201, 450, 451, -1,
      201, 451, 202, -1,
      202, 451, 452, -1,
      202, 452, 386, -1,
      386, 452, 390, -1,
      390, 453, 391, -1,
      391, 453, 454, -1,
      391, 454, 392, -1,
      392, 454, 455, -1,
      392, 455, 393, -1,
      393, 455, 456, -1,
      393, 456, 394, -1,
      394, 456, 457, -1,
      394, 457, 395, -1,
      395, 457, 458, -1,
      395, 458, 396, -1,
      396, 458, 459, -1,
      396, 459, 397, -1,
      397, 459, 460, -1,
      397, 460, 398, -1,
      398, 460, 461, -1,
      398, 461, 399, -1,
      399, 461, 462, -1,
      399, 462, 400, -1,
      400, 462, 463, -1,
      400, 463, 401, -1,
      401, 463, 464, -1,
      401, 464, 402, -1,
      402, 464, 465, -1,
      402, 465, 403, -1,
      403, 465, 466, -1,
      403, 466, 404, -1,
      404, 466, 467, -1,
      404, 467, 405, -1,
      405, 467, 468, -1,
      405, 468, 406, -1,
      406, 468, 469, -1,
      406, 469, 407, -1,
      407, 469, 470, -1,
      407, 470, 408, -1,
      408, 470, 471, -1,
      408, 471, 409, -1,
      409, 471, 472, -1,
      409, 472, 410, -1,
      410, 472, 473, -1,
      410, 473, 411, -1,
      411, 473, 474, -1,
      411, 474, 412, -1,
      412, 474, 475, -1,
      412, 475, 413, -1,
      413, 475, 476, -1,
      413, 476, 414, -1,
      414, 476, 477, -1,
      414, 477, 415, -1,
      415, 477, 478, -1,
      415, 478, 416, -1,
      416, 478, 479, -1,
      416, 479, 417, -1,
      417, 479, 480, -1,
      417, 480, 418, -1,
      418, 480, 481, -1,
      418, 481, 419, -1,
      419, 481, 482, -1,
      419, 482, 420, -1,
      420, 482, 483, -1,
      420, 483, 421, -1,
      421, 483, 484, -1,
      421, 484, 422, -1,
      422, 484, 485, -1,
      422, 485, 423, -1,
      423, 485, 486, -1,
      423, 486, 424, -1,
      424, 486, 487, -1,
      424, 487, 425, -1,
      425, 487, 488, -1,
      425, 488, 426, -1,
      426, 488, 489, -1,
      426, 489, 427, -1,
      427, 489, 490, -1,
      427, 490, 428, -1,
      428, 490, 491, -1,
      428, 491, 429, -1,
      429, 491, 492, -1,
      429, 492, 430, -1,
      430, 492, 493, -1,
      430, 493, 431, -1,
      431, 493, 494, -1,
      431, 494, 432, -1,
      432, 494, 495, -1,
      432, 495, 433, -1,
      433, 495, 496, -1,
      433, 496, 434, -1,
      434, 496, 497, -1,
      434, 497, 435, -1,
      435, 497, 498, -1,
      435, 498, 436, -1,
      436, 498, 499, -1,
      436, 499, 437, -1,
      437, 499, 500, -1,
      437, 500, 438, -1,
      438, 500, 501, -1,
      438, 501, 439, -1,
      439, 501, 502, -1,
      439, 502, 440, -1,
      440, 502, 503, -1,
      440, 503, 441, -1,
      441, 503, 504, -1,
      441, 504, 442, -1,
      442, 504, 505, -1,
      442, 505, 443, -1,
      443, 505, 506, -1,
      443, 506, 444, -1,
      444, 506, 507, -1,
      444, 507, 445, -1,
      445, 507, 508, -1,
      445, 508, 446, -1,
      446, 508, 509, -1,
      446, 509, 447, -1,
      447, 509, 510, -1,
      447, 510, 448, -1,
      448, 510, 511, -1,
      448, 511, 449, -1,
      449, 511, 512, -1,
      449, 512, 450, -1,
      450, 512, 513, -1,
      450, 513, 451, -1,
      451, 513, 514, -1,
      451, 514, 452, -1,
      452, 514, 515, -1,
      452, 515, 390, -1,
      390, 515, 453, -1,
      453, 516, 454, -1,
      454, 516, 517, -1,
      454, 517, 455, -1,
      455, 517, 518, -1,
      455, 518, 456, -1,
      456, 518, 519, -1,
      456, 519, 457, -1,
      457, 519, 520, -1,
      457, 520, 458, -1,
      458, 520, 521, -1,
      458, 521, 459, -1,
      459, 521, 522, -1,
      459, 522, 460, -1,
      460, 522, 523, -1,
      460, 523, 461, -1,
      461, 523, 524, -1,
      461, 524, 462, -1,
      462, 524, 525, -1,
      462, 525, 463, -1,
      463, 525, 526, -1,
      463, 526, 464, -1,
      464, 526, 527, -1,
      464, 527, 465, -1,
      465, 527, 528, -1,
      465, 528, 466, -1,
      466, 528, 529, -1,
      466, 529, 467, -1,
      467, 529, 530, -1,
      467, 530, 468, -1,
      468, 530, 531, -1,
      468, 531, 469, -1,
      469, 531, 532, -1,
      469, 532, 470, -1,
      470, 532, 533, -1,
      470, 533, 471, -1,
      471, 533, 534, -1,
      471, 534, 472, -1,
      472, 534, 535, -1,
      472, 535, 473, -1,
      473, 535, 536, -1,
      473, 536, 474, -1,
      474, 536, 537, -1,
      474, 537, 475, -1,
      475, 537, 538, -1,
      475, 538, 476, -1,
      476, 538, 539, -1,
      476, 539, 477, -1,
      477, 539, 540, -1,
      477, 540, 478, -1,
      478, 540, 541, -1,
      478, 541, 479, -1,
      479, 541, 542, -1,
      479, 542, 480, -1,
      480, 542, 543, -1,
      480, 543, 481, -1,
      481, 543, 544, -1,
      481, 544, 482, -1,
      482, 544, 545, -1,
      482, 545, 483, -1,
      483, 545, 546, -1,
      483, 546, 484, -1,
      484, 546, 547, -1,
      484, 547, 485, -1,
      485, 547, 548, -1,
      485, 548, 486, -1,
      486, 548, 549, -1,
      486, 549, 487, -1,
      487, 549, 550, -1,
      487, 550, 488, -1,
      488, 550, 551, -1,
      488, 551, 489, -1,
      489, 551, 552, -1,
      489, 552, 490, -1,
      490, 552, 553, -1,
      490, 553, 491, -1,
      491, 553, 554, -1,
      491, 554, 492, -1,
      492, 554, 555, -1,
      492, 555, 493, -1,
      493, 555, 556, -1,
      493, 556, 494, -1,
      494, 556, 557, -1,
      494, 557, 495, -1,
      495, 557, 558, -1,
      495, 558, 496, -1,
      496, 558, 559, -1,
      496, 559, 497, -1,
      497, 559, 560, -1,
      497, 560, 498, -1,
      498, 560, 561, -1,
      498, 561, 499, -1,
      499, 561, 562, -1,
      499, 562, 500, -1,
      500, 562, 563, -1,
      500, 563, 501, -1,
      501, 563, 564, -1,
      501, 564, 502, -1,
      502, 564, 565, -1,
      502, 565, 503, -1,
      503, 565, 566, -1,
      503, 566, 504, -1,
      504, 566, 567, -1,
      504, 567, 505, -1,
      505, 567, 568, -1,
      505, 568, 506, -1,
      506, 568, 569, -1,
      506, 569, 507, -1,
      507, 569, 570, -1,
      507, 570, 508, -1,
      508, 570, 571, -1,
      508, 571, 509, -1,
      509, 571, 572, -1,
      509, 572, 510, -1,
      510, 572, 573, -1,
      510, 573, 511, -1,
      511, 573, 574, -1,
      511, 574, 512, -1,
      512, 574, 575, -1,
      512, 575, 513, -1,
      513, 575, 576, -1,
      513, 576, 514, -1,
      514, 576, 577, -1,
      514, 577, 515, -1,
      515, 577, 578, -1,
      515, 578, 453, -1,
      453, 578, 516, -1,
      516, 579, 517, -1,
      517, 579, 580, -1,
      517, 580, 518, -1,
      518, 580, 581, -1,
      518, 581, 519, -1,
      519, 581, 582, -1,
      519, 582, 520, -1,
      520, 582, 583, -1,
      520, 583, 521, -1,
      521, 583, 584, -1,
      521, 584, 522, -1,
      522, 584, 585, -1,
      522, 585, 523, -1,
      523, 585, 586, -1,
      523, 586, 524, -1,
      524, 586, 587, -1,
      524, 587, 525, -1,
      525, 587, 588, -1,
      525, 588, 526, -1,
      526, 588, 589, -1,
      526, 589, 527, -1,
      527, 589, 590, -1,
      527, 590, 528, -1,
      528, 590, 591, -1,
      528, 591, 529, -1,
      529, 591, 592, -1,
      529, 592, 530, -1,
      530, 592, 593, -1,
      530, 593, 531, -1,
      531, 593, 594, -1,
      531, 594, 532, -1,
      532, 594, 595, -1,
      532, 595, 533, -1,
      533, 595, 596, -1,
      533, 596, 534, -1,
      534, 596, 597, -1,
      534, 597, 535, -1,
      535, 597, 598, -1,
      535, 598, 536, -1,
      536, 598, 599, -1,
      536, 599, 537, -1,
      537, 599, 600, -1,
      537, 600, 538, -1,
      538, 600, 601, -1,
      538, 601, 539, -1,
      539, 601, 602, -1,
      539, 602, 540, -1,
      540, 602, 603, -1,
      540, 603, 541, -1,
      541, 603, 604, -1,
      541, 604, 542, -1,
      542, 604, 605, -1,
      542, 605, 543, -1,
      543, 605, 606, -1,
      543, 606, 544, -1,
      544, 606, 607, -1,
      544, 607, 545, -1,
      545, 607, 608, -1,
      545, 608, 546, -1,
      546, 608, 609, -1,
      546, 609, 547, -1,
      547, 609, 610, -1,
      547, 610, 548, -1,
      548, 610, 611, -1,
      548, 611, 549, -1,
      549, 611, 612, -1,
      549, 612, 550, -1,
      550, 612, 613, -1,
      550, 613, 551, -1,
      551, 613, 614, -1,
      551, 614, 552, -1,
      552, 614, 615, -1,
      552, 615, 553, -1,
      553, 615, 616, -1,
      553, 616, 554, -1,
      554, 616, 617, -1,
      554, 617, 555, -1,
      555, 617, 618, -1,
      555, 618, 556, -1,
      556, 618, 619, -1,
      556, 619, 557, -1,
      557, 619, 620, -1,
      557, 620, 558, -1,
      558, 620, 621, -1,
      558, 621, 559, -1,
      559, 621, 622, -1,
      559, 622, 560, -1,
      560, 622, 623, -1,
      560, 623, 561, -1,
      561, 623, 624, -1,
      561, 624, 562, -1,
      562, 624, 625, -1,
      562, 625, 563, -1,
      563, 625, 626, -1,
      563, 626, 564, -1,
      564, 626, 627, -1,
      564, 627, 565, -1,
      565, 627, 628, -1,
      565, 628, 566, -1,
      566, 628, 629, -1,
      566, 629, 567, -1,
      567, 629, 630, -1,
      567, 630, 568, -1,
      568, 630, 631, -1,
      568, 631, 569, -1,
      569, 631, 632, -1,
      569, 632, 570, -1,
      570, 632, 633, -1,
      570, 633, 571, -1,
      571, 633, 634, -1,
      571, 634, 572, -1,
      572, 634, 635, -1,
      572, 635, 573, -1,
      573, 635, 636, -1,
      573, 636, 574, -1,
      574, 636, 637, -1,
      574, 637, 575, -1,
      575, 637, 638, -1,
      575, 638, 576, -1,
      576, 638, 639, -1,
      576, 639, 577, -1,
      577, 639, 640, -1,
      577, 640, 578, -1,
      578, 640, 641, -1,
      578, 641, 516, -1,
      516, 641, 579, -1,
      579, 642, 580, -1,
      580, 642, 643, -1,
      580, 643, 581, -1,
      581, 643, 644, -1,
      581, 644, 582, -1,
      582, 644, 645, -1,
      582, 645, 583, -1,
      583, 645, 646, -1,
      583, 646, 584, -1,
      584, 646, 647, -1,
      584, 647, 585, -1,
      585, 647, 648, -1,
      585, 648, 586, -1,
      586, 648, 649, -1,
      586, 649, 587, -1,
      587, 649, 650, -1,
      587, 650, 588, -1,
      588, 650, 651, -1,
      588, 651, 589, -1,
      589, 651, 652, -1,
      589, 652, 590, -1,
      590, 652, 653, -1,
      590, 653, 591, -1,
      591, 653, 654, -1,
      591, 654, 592, -1,
      592, 654, 655, -1,
      592, 655, 593, -1,
      593, 655, 656, -1,
      593, 656, 594, -1,
      594, 656, 657, -1,
      594, 657, 595, -1,
      595, 657, 658, -1,
      595, 658, 596, -1,
      596, 658, 659, -1,
      596, 659, 597, -1,
      597, 659, 660, -1,
      597, 660, 598, -1,
      598, 660, 661, -1,
      598, 661, 599, -1,
      599, 661, 662, -1,
      599, 662, 600, -1,
      600, 662, 663, -1,
      600, 663, 601, -1,
      601, 663, 664, -1,
      601, 664, 602, -1,
      602, 664, 665, -1,
      602, 665, 603, -1,
      603, 665, 666, -1,
      603, 666, 604, -1,
      604, 666, 667, -1,
      604, 667, 605, -1,
      605, 667, 668, -1,
      605, 668, 606, -1,
      606, 668, 669, -1,
      606, 669, 607, -1,
      607, 669, 670, -1,
      607, 670, 608, -1,
      608, 670, 671, -1,
      608, 671, 609, -1,
      609, 671, 672, -1,
      609, 672, 610, -1,
      610, 672, 673, -1,
      610, 673, 611, -1,
      611, 673, 674, -1,
      611, 674, 612, -1,
      612, 674, 675, -1,
      612, 675, 613, -1,
      613, 675, 676, -1,
      613, 676, 614, -1,
      614, 676, 677, -1,
      614, 677, 615, -1,
      615, 677, 678, -1,
      615, 678, 616, -1,
      616, 678, 679, -1,
      616, 679, 617, -1,
      617, 679, 680, -1,
      617, 680, 618, -1,
      618, 680, 681, -1,
      618, 681, 619, -1,
      619, 681, 682, -1,
      619, 682, 620, -1,
      620, 682, 683, -1,
      620, 683, 621, -1,
      621, 683, 684, -1,
      621, 684, 622, -1,
      622, 684, 685, -1,
      622, 685, 623, -1,
      623, 685, 686, -1,
      623, 686, 624, -1,
      624, 686, 687, -1,
      624, 687, 625, -1,
      625, 687, 688, -1,
      625, 688, 626, -1,
      626, 688, 689, -1,
      626, 689, 627, -1,
      627, 689, 690, -1,
      627, 690, 628, -1,
      628, 690, 691, -1,
      628, 691, 629, -1,
      629, 691, 692, -1,
      629, 692, 630, -1,
      630, 692, 693, -1,
      630, 693, 631, -1,
      631, 693, 694, -1,
      631, 694, 632, -1,
      632, 694, 695, -1,
      632, 695, 633, -1,
      633, 695, 696, -1,
      633, 696, 634, -1,
      634, 696, 697, -1,
      634, 697, 635, -1,
      635, 697, 698, -1,
      635, 698, 636, -1,
      636, 698, 699, -1,
      636, 699, 637, -1,
      637, 699, 700, -1,
      637, 700, 638, -1,
      638, 700, 701, -1,
      638, 701, 639, -1,
      639, 701, 702, -1,
      639, 702, 640, -1,
      640, 702, 703, -1,
      640, 703, 641, -1,
      641, 703, 704, -1,
      641, 704, 579, -1,
      579, 704, 642, -1,
      642, 705, 643, -1,
      643, 705, 706, -1,
      643, 706, 644, -1,
      644, 706, 707, -1,
      644, 707, 645, -1,
      645, 707, 708, -1,
      645, 708, 646, -1,
      646, 708, 709, -1,
      646, 709, 647, -1,
      647, 709, 710, -1,
      647, 710, 648, -1,
      648, 710, 711, -1,
      648, 711, 649, -1,
      649, 711, 712, -1,
      649, 712, 650, -1,
      650, 712, 713, -1,
      650, 713, 651, -1,
      651, 713, 714, -1,
      651, 714, 652, -1,
      652, 714, 715, -1,
      652, 715, 653, -1,
      653, 715, 716, -1,
      653, 716, 654, -1,
      654, 716, 717, -1,
      654, 717, 655, -1,
      655, 717, 718, -1,
      655, 718, 656, -1,
      656, 718, 719, -1,
      656, 719, 657, -1,
      657, 719, 720, -1,
      657, 720, 658, -1,
      658, 720, 721, -1,
      658, 721, 659, -1,
      659, 721, 722, -1,
      659, 722, 660, -1,
      660, 722, 723, -1,
      660, 723, 661, -1,
      661, 723, 724, -1,
      661, 724, 662, -1,
      662, 724, 725, -1,
      662, 725, 663, -1,
      663, 725, 726, -1,
      663, 726, 664, -1,
      664, 726, 727, -1,
      664, 727, 665, -1,
      665, 727, 728, -1,
      665, 728, 666, -1,
      666, 728, 729, -1,
      666, 729, 667, -1,
      667, 729, 730, -1,
      667, 730, 668, -1,
      668, 730, 731, -1,
      668, 731, 669, -1,
      669, 731, 732, -1,
      669, 732, 670, -1,
      670, 732, 733, -1,
      670, 733, 671, -1,
      671, 733, 734, -1,
      671, 734, 672, -1,
      672, 734, 735, -1,
      672, 735, 673, -1,
      673, 735, 736, -1,
      673, 736, 674, -1,
      674, 736, 737, -1,
      674, 737, 675, -1,
      675, 737, 738, -1,
      675, 738, 676, -1,
      676, 738, 739, -1,
      676, 739, 677, -1,
      677, 739, 740, -1,
      677, 740, 678, -1,
      678, 740, 741, -1,
      678, 741, 679, -1,
      679, 741, 742, -1,
      679, 742, 680, -1,
      680, 742, 743, -1,
      680, 743, 681, -1,
      681, 743, 744, -1,
      681, 744, 682, -1,
      682, 744, 745, -1,
      682, 745, 683, -1,
      683, 745, 746, -1,
      683, 746, 684, -1,
      684, 746, 747, -1,
      684, 747, 685, -1,
      685, 747, 748, -1,
      685, 748, 686, -1,
      686, 748, 749, -1,
      686, 749, 687, -1,
      687, 749, 750, -1,
      687, 750, 688, -1,
      688, 750, 751, -1,
      688, 751, 689, -1,
      689, 751, 752, -1,
      689, 752, 690, -1,
      690, 752, 753, -1,
      690, 753, 691, -1,
      691, 753, 754, -1,
      691, 754, 692, -1,
      692, 754, 755, -1,
      692, 755, 693, -1,
      693, 755, 756, -1,
      693, 756, 694, -1,
      694, 756, 757, -1,
      694, 757, 695, -1,
      695, 757, 758, -1,
      695, 758, 696, -1,
      696, 758, 759, -1,
      696, 759, 697, -1,
      697, 759, 760, -1,
      697, 760, 698, -1,
      698, 760, 761, -1,
      698, 761, 699, -1,
      699, 761, 762, -1,
      699, 762, 700, -1,
      700, 762, 763, -1,
      700, 763, 701, -1,
      701, 763, 764, -1,
      701, 764, 702, -1,
      702, 764, 765, -1,
      702, 765, 703, -1,
      703, 765, 766, -1,
      703, 766, 704, -1,
      704, 766, 767, -1,
      704, 767, 642, -1,
      642, 767, 705, -1,
      705, 768, 706, -1,
      706, 768, 769, -1,
      706, 769, 707, -1,
      707, 769, 770, -1,
      707, 770, 708, -1,
      708, 770, 771, -1,
      708, 771, 709, -1,
      709, 771, 772, -1,
      709, 772, 710, -1,
      710, 772, 773, -1,
      710, 773, 711, -1,
      711, 773, 774, -1,
      711, 774, 712, -1,
      712, 774, 775, -1,
      712, 775, 713, -1,
      713, 775, 776, -1,
      713, 776, 714, -1,
      714, 776, 777, -1,
      714, 777, 715, -1,
      715, 777, 778, -1,
      715, 778, 716, -1,
      716, 778, 779, -1,
      716, 779, 717, -1,
      717, 779, 780, -1,
      717, 780, 718, -1,
      718, 780, 781, -1,
      718, 781, 719, -1,
      719, 781, 782, -1,
      719, 782, 720, -1,
      720, 782, 783, -1,
      720, 783, 721, -1,
      721, 783, 784, -1,
      721, 784, 722, -1,
      722, 784, 785, -1,
      722, 785, 723, -1,
      723, 785, 786, -1,
      723, 786, 724, -1,
      724, 786, 787, -1,
      724, 787, 725, -1,
      725, 787, 788, -1,
      725, 788, 726, -1,
      726, 788, 789, -1,
      726, 789, 727, -1,
      727, 789, 790, -1,
      727, 790, 728, -1,
      728, 790, 791, -1,
      728, 791, 729, -1,
      729, 791, 792, -1,
      729, 792, 730, -1,
      730, 792, 793, -1,
      730, 793, 731, -1,
      731, 793, 794, -1,
      731, 794, 732, -1,
      732, 794, 795, -1,
      732, 795, 733, -1,
      733, 795, 796, -1,
      733, 796, 734, -1,
      734, 796, 797, -1,
      734, 797, 735, -1,
      735, 797, 798, -1,
      735, 798, 736, -1,
      736, 798, 799, -1,
      736, 799, 737, -1,
      737, 799, 800, -1,
      737, 800, 738, -1,
      738, 800, 801, -1,
      738, 801, 739, -1,
      739, 801, 802, -1,
      739, 802, 740, -1,
      740, 802, 803, -1,
      740, 803, 741, -1,
      741, 803, 804, -1,
      741, 804, 742, -1,
      742, 804, 805, -1,
      742, 805, 743, -1,
      743, 805, 806, -1,
      743, 806, 744, -1,
      744, 806, 807, -1,
      744, 807, 745, -1,
      745, 807, 808, -1,
      745, 808, 746, -1,
      746, 808, 809, -1,
      746, 809, 747, -1,
      747, 809, 810, -1,
      747, 810, 748, -1,
      748, 810, 811, -1,
      748, 811, 749, -1,
      749, 811, 812, -1,
      749, 812, 750, -1,
      750, 812, 813, -1,
      750, 813, 751, -1,
      751, 813, 814, -1,
      751, 814, 752, -1,
      752, 814, 815, -1,
      752, 815, 753, -1,
      753, 815, 816, -1,
      753, 816, 754, -1,
      754, 816, 817, -1,
      754, 817, 755, -1,
      755, 817, 818, -1,
      755, 818, 756, -1,
      756, 818, 819, -1,
      756, 819, 757, -1,
      757, 819, 820, -1,
      757, 820, 758, -1,
      758, 820, 821, -1,
      758, 821, 759, -1,
      759, 821, 822, -1,
      759, 822, 760, -1,
      760, 822, 823, -1,
      760, 823, 761, -1,
      761, 823, 824, -1,
      761, 824, 762, -1,
      762, 824, 825, -1,
      762, 825, 763, -1,
      763, 825, 826, -1,
      763, 826, 764, -1,
      764, 826, 827, -1,
      764, 827, 765, -1,
      765, 827, 828, -1,
      765, 828, 766, -1,
      766, 828, 829, -1,
      766, 829, 767, -1,
      767, 829, 830, -1,
      767, 830, 705, -1,
      705, 830, 768, -1,
      831, 832, 833, -1,
      833, 832, 834, -1,
      833, 834, 835, -1,
      835, 834, 836, -1,
      835, 836, 837, -1,
      837, 836, 838, -1,
      837, 838, 839, -1,
      839, 838, 840, -1,
      839, 840, 841, -1,
      841, 840, 842, -1,
      841, 842, 843, -1,
      843, 842, 844, -1,
      843, 844, 845, -1,
      845, 844, 846, -1,
      845, 846, 847, -1,
      847, 846, 848, -1,
      847, 848, 849, -1,
      849, 848, 850, -1,
      849, 850, 851, -1,
      851, 850, 852, -1,
      851, 852, 853, -1,
      854, 855, 856, -1,
      856, 855, 857, -1,
      856, 857, 858, -1,
      858, 857, 859, -1,
      858, 859, 860, -1,
      860, 859, 861, -1,
      860, 861, 862, -1,
      862, 861, 863, -1,
      862, 863, 864, -1,
      864, 863, 865, -1,
      864, 865, 866, -1,
      866, 865, 867, -1,
      866, 867, 868, -1,
      868, 867, 869, -1,
      868, 869, 870, -1,
      870, 869, 871, -1,
      870, 871, 872, -1,
      872, 871, 873, -1,
      872, 873, 874, -1,
      874, 873, 875, -1,
      874, 875, 831, -1,
      831, 875, 876, -1,
      831, 876, 832, -1,
      877, 878, 879, -1,
      879, 878, 880, -1,
      879, 880, 881, -1,
      881, 880, 882, -1,
      881, 882, 883, -1,
      883, 882, 884, -1,
      883, 884, 885, -1,
      885, 884, 886, -1,
      885, 886, 887, -1,
      887, 886, 888, -1,
      887, 888, 889, -1,
      889, 888, 890, -1,
      889, 890, 891, -1,
      891, 890, 892, -1,
      891, 892, 893, -1,
      893, 892, 894, -1,
      893, 894, 895, -1,
      895, 894, 896, -1,
      895, 896, 897, -1,
      897, 896, 898, -1,
      897, 898, 854, -1,
      854, 898, 899, -1,
      854, 899, 855, -1,
      900, 901, 902, -1,
      902, 901, 903, -1,
      902, 903, 904, -1,
      904, 903, 905, -1,
      904, 905, 906, -1,
      906, 905, 907, -1,
      906, 907, 908, -1,
      908, 907, 909, -1,
      908, 909, 910, -1,
      910, 909, 911, -1,
      910, 911, 912, -1,
      912, 911, 913, -1,
      912, 913, 914, -1,
      914, 913, 915, -1,
      914, 915, 916, -1,
      916, 915, 917, -1,
      916, 917, 918, -1,
      918, 917, 919, -1,
      918, 919, 920, -1,
      920, 919, 921, -1,
      920, 921, 877, -1,
      877, 921, 922, -1,
      877, 922, 878, -1,
      923, 924, 925, -1,
      925, 924, 926, -1,
      925, 926, 927, -1,
      927, 926, 928, -1,
      927, 928, 929, -1,
      929, 928, 930, -1,
      929, 930, 931, -1,
      931, 930, 932, -1,
      931, 932, 900, -1,
      900, 932, 933, -1,
      900, 933, 901, -1,
      934, 935, 936, -1,
      936, 935, 937, -1,
      936, 937, 938, -1,
      938, 937, 939, -1,
      938, 939, 940, -1,
      940, 939, 941, -1,
      940, 941, 942, -1,
      942, 941, 943, -1,
      942, 943, 944, -1,
      944, 943, 923, -1,
      944, 923, 945, -1,
      945, 923, 925, -1,
      946, 947, 948, -1,
      948, 947, 949, -1,
      948, 949, 950, -1,
      950, 949, 951, -1,
      950, 951, 952, -1,
      952, 951, 953, -1,
      952, 953, 954, -1,
      954, 953, 955, -1,
      954, 955, 934, -1,
      934, 955, 956, -1,
      934, 956, 935, -1,
      957, 958, 959, -1,
      959, 958, 960, -1,
      959, 960, 961, -1,
      961, 960, 962, -1,
      961, 962, 963, -1,
      963, 962, 964, -1,
      963, 964, 965, -1,
      965, 964, 966, -1,
      965, 966, 967, -1,
      967, 966, 946, -1,
      967, 946, 968, -1,
      968, 946, 948, -1,
      969, 970, 971, -1,
      971, 970, 972, -1,
      971, 972, 973, -1,
      973, 972, 974, -1,
      973, 974, 975, -1,
      975, 974, 976, -1,
      975, 976, 977, -1,
      977, 976, 978, -1,
      977, 978, 957, -1,
      957, 978, 979, -1,
      957, 979, 958, -1,
      980, 981, 982, -1,
      982, 981, 983, -1,
      982, 983, 984, -1,
      984, 983, 985, -1,
      984, 985, 986, -1,
      986, 985, 987, -1,
      986, 987, 988, -1,
      988, 987, 989, -1,
      988, 989, 990, -1,
      990, 989, 969, -1,
      990, 969, 991, -1,
      991, 969, 971, -1,
      992, 993, 994, -1,
      994, 993, 995, -1,
      994, 995, 996, -1,
      996, 995, 997, -1,
      996, 997, 998, -1,
      998, 997, 999, -1,
      998, 999, 1000, -1,
      1000, 999, 1001, -1,
      1000, 1001, 980, -1,
      980, 1001, 1002, -1,
      980, 1002, 981, -1,
      1003, 1004, 1005, -1,
      1005, 1004, 1006, -1,
      1005, 1006, 1007, -1,
      1007, 1006, 1008, -1,
      1007, 1008, 1009, -1,
      1009, 1008, 1010, -1,
      1009, 1010, 1011, -1,
      1011, 1010, 1012, -1,
      1011, 1012, 1013, -1,
      1013, 1012, 992, -1,
      1013, 992, 1014, -1,
      1014, 992, 994, -1,
      1015, 1016, 1017, -1,
      1017, 1016, 1018, -1,
      1017, 1018, 1019, -1,
      1019, 1018, 1020, -1,
      1019, 1020, 1021, -1,
      1021, 1020, 1022, -1,
      1021, 1022, 1023, -1,
      1023, 1022, 1024, -1,
      1023, 1024, 1003, -1,
      1003, 1024, 1025, -1,
      1003, 1025, 1004, -1,
      852, 1026, 853, -1,
      853, 1026, 1027, -1,
      853, 1027, 1028, -1,
      1028, 1027, 1029, -1,
      1028, 1029, 1030, -1,
      1030, 1029, 1031, -1,
      1030, 1031, 1032, -1,
      1032, 1031, 1033, -1,
      1032, 1033, 1034, -1,
      1034, 1033, 1035, -1,
      1034, 1035, 1036, -1,
      1036, 1035, 1015, -1,
      1036, 1015, 1037, -1,
      1037, 1015, 1017, -1,
      1017, 1019, 1038, -1,
      994, 996, 1039, -1,
      971, 973, 1040, -1,
      948, 950, 1041, -1,
      925, 927, 1042, -1,
      914, 916, 1043, -1,
      891, 893, 1044, -1,
      868, 870, 1045, -1,
      845, 847, 1046, -1,
      1047, 1048, 1049, -1,
      1050, 1051, 1052, -1,
      1053, 1054, 1055, -1,
      1056, 1057, 1058, -1,
      1059, 1060, 1061, -1,
      1062, 1063, 1064, -1,
      1065, 1066, 1067, -1,
      1068, 1069, 1070, -1,
      1048, 1071, 1072, -1,
      1051, 1073, 1074, -1,
      1054, 1075, 1076, -1,
      1057, 1077, 1078, -1,
      1060, 1079, 1080, -1,
      1063, 1081, 1082, -1,
      1066, 1083, 1084, -1,
      1069, 1085, 1086, -1,
      309, 308, 1087, -1,
      312, 311, 1088, -1,
      330, 328, 1089, -1,
      333, 332, 1090, -1,
      351, 349, 1091, -1,
      354, 352, 1092, -1,
      372, 370, 1093, -1,
      375, 373, 1094, -1,
      204, 203, 1095, -1,
      207, 205, 1096, -1,
      225, 223, 1097, -1,
      228, 226, 1098, -1,
      246, 245, 1099, -1,
      249, 248, 1100, -1,
      267, 266, 1101, -1,
      270, 269, 1102, -1,
      288, 287, 1103, -1,
      291, 290, 1104, -1,
      293, 1105, 294, -1,
      294, 1105, 1106, -1,
      279, 1107, 1086, -1,
      285, 284, 1085, -1,
      1085, 284, 282, -1,
      1085, 282, 1086, -1,
      1086, 282, 281, -1,
      1086, 281, 279, -1,
      272, 1108, 273, -1,
      273, 1108, 1109, -1,
      279, 278, 1107, -1,
      1107, 278, 276, -1,
      1107, 276, 1109, -1,
      1109, 276, 275, -1,
      1109, 275, 273, -1,
      258, 1110, 1084, -1,
      264, 263, 1083, -1,
      1083, 263, 261, -1,
      1083, 261, 1084, -1,
      1084, 261, 260, -1,
      1084, 260, 258, -1,
      251, 1111, 252, -1,
      252, 1111, 1112, -1,
      258, 257, 1110, -1,
      1110, 257, 255, -1,
      1110, 255, 1112, -1,
      1112, 255, 254, -1,
      1112, 254, 252, -1,
      237, 1113, 1082, -1,
      243, 242, 1081, -1,
      1081, 242, 240, -1,
      1081, 240, 1082, -1,
      1082, 240, 239, -1,
      1082, 239, 237, -1,
      229, 1114, 231, -1,
      231, 1114, 1115, -1,
      237, 235, 1113, -1,
      1113, 235, 234, -1,
      1113, 234, 1115, -1,
      1115, 234, 232, -1,
      1115, 232, 231, -1,
      216, 1116, 1080, -1,
      222, 220, 1079, -1,
      1079, 220, 219, -1,
      1079, 219, 1080, -1,
      1080, 219, 217, -1,
      1080, 217, 216, -1,
      208, 1117, 210, -1,
      210, 1117, 1118, -1,
      216, 214, 1116, -1,
      1116, 214, 213, -1,
      1116, 213, 1118, -1,
      1118, 213, 211, -1,
      1118, 211, 210, -1,
      384, 1119, 1078, -1,
      389, 388, 1077, -1,
      1077, 388, 387, -1,
      1077, 387, 1078, -1,
      1078, 387, 385, -1,
      1078, 385, 384, -1,
      376, 1120, 378, -1,
      378, 1120, 1121, -1,
      384, 382, 1119, -1,
      1119, 382, 381, -1,
      1119, 381, 1121, -1,
      1121, 381, 379, -1,
      1121, 379, 378, -1,
      363, 1122, 1076, -1,
      369, 367, 1075, -1,
      1075, 367, 366, -1,
      1075, 366, 1076, -1,
      1076, 366, 364, -1,
      1076, 364, 363, -1,
      355, 1123, 357, -1,
      357, 1123, 1124, -1,
      363, 361, 1122, -1,
      1122, 361, 360, -1,
      1122, 360, 1124, -1,
      1124, 360, 358, -1,
      1124, 358, 357, -1,
      342, 1125, 1074, -1,
      348, 346, 1073, -1,
      1073, 346, 345, -1,
      1073, 345, 1074, -1,
      1074, 345, 343, -1,
      1074, 343, 342, -1,
      334, 1126, 336, -1,
      336, 1126, 1127, -1,
      342, 340, 1125, -1,
      1125, 340, 339, -1,
      1125, 339, 1127, -1,
      1127, 339, 338, -1,
      1127, 338, 336, -1,
      321, 1128, 1072, -1,
      327, 326, 1071, -1,
      1071, 326, 324, -1,
      1071, 324, 1072, -1,
      1072, 324, 323, -1,
      1072, 323, 321, -1,
      314, 1129, 315, -1,
      315, 1129, 1130, -1,
      321, 320, 1128, -1,
      1128, 320, 318, -1,
      1128, 318, 1130, -1,
      1130, 318, 317, -1,
      1130, 317, 315, -1,
      300, 1131, 1132, -1,
      306, 305, 1133, -1,
      1133, 305, 303, -1,
      1133, 303, 1132, -1,
      1132, 303, 302, -1,
      1132, 302, 300, -1,
      300, 299, 1131, -1,
      1131, 299, 297, -1,
      1131, 297, 1106, -1,
      1106, 297, 296, -1,
      1106, 296, 294, -1,
      1105, 1134, 1135, -1,
      1069, 1086, 1070, -1,
      1070, 1086, 1107, -1,
      1070, 1107, 1136, -1,
      1136, 1107, 1109, -1,
      1136, 1109, 1137, -1,
      1137, 1109, 1108, -1,
      1137, 1108, 1138, -1,
      1066, 1084, 1067, -1,
      1067, 1084, 1110, -1,
      1067, 1110, 1139, -1,
      1139, 1110, 1112, -1,
      1139, 1112, 1140, -1,
      1140, 1112, 1111, -1,
      1140, 1111, 1141, -1,
      1063, 1082, 1064, -1,
      1064, 1082, 1113, -1,
      1064, 1113, 1142, -1,
      1142, 1113, 1115, -1,
      1142, 1115, 1143, -1,
      1143, 1115, 1114, -1,
      1143, 1114, 1144, -1,
      1060, 1080, 1061, -1,
      1061, 1080, 1116, -1,
      1061, 1116, 1145, -1,
      1145, 1116, 1118, -1,
      1145, 1118, 1146, -1,
      1146, 1118, 1117, -1,
      1146, 1117, 1147, -1,
      1057, 1078, 1058, -1,
      1058, 1078, 1119, -1,
      1058, 1119, 1148, -1,
      1148, 1119, 1121, -1,
      1148, 1121, 1149, -1,
      1149, 1121, 1120, -1,
      1149, 1120, 1150, -1,
      1054, 1076, 1055, -1,
      1055, 1076, 1122, -1,
      1055, 1122, 1151, -1,
      1151, 1122, 1124, -1,
      1151, 1124, 1152, -1,
      1152, 1124, 1123, -1,
      1152, 1123, 1153, -1,
      1051, 1074, 1052, -1,
      1052, 1074, 1125, -1,
      1052, 1125, 1154, -1,
      1154, 1125, 1127, -1,
      1154, 1127, 1155, -1,
      1155, 1127, 1126, -1,
      1155, 1126, 1156, -1,
      1048, 1072, 1049, -1,
      1049, 1072, 1128, -1,
      1049, 1128, 1157, -1,
      1157, 1128, 1130, -1,
      1157, 1130, 1158, -1,
      1158, 1130, 1129, -1,
      1158, 1129, 1159, -1,
      1105, 1135, 1106, -1,
      1106, 1135, 1160, -1,
      1106, 1160, 1131, -1,
      1131, 1160, 1161, -1,
      1131, 1161, 1132, -1,
      1132, 1161, 1162, -1,
      1132, 1162, 1133, -1,
      1134, 1163, 1164, -1,
      1068, 1070, 1165, -1,
      1165, 1070, 1136, -1,
      1165, 1136, 1166, -1,
      1166, 1136, 1137, -1,
      1166, 1137, 1167, -1,
      1167, 1137, 1138, -1,
      1167, 1138, 1168, -1,
      1065, 1067, 1169, -1,
      1169, 1067, 1139, -1,
      1169, 1139, 1170, -1,
      1170, 1139, 1140, -1,
      1170, 1140, 1171, -1,
      1171, 1140, 1141, -1,
      1171, 1141, 1172, -1,
      1062, 1064, 1173, -1,
      1173, 1064, 1142, -1,
      1173, 1142, 1174, -1,
      1174, 1142, 1143, -1,
      1174, 1143, 1175, -1,
      1175, 1143, 1144, -1,
      1175, 1144, 1176, -1,
      1059, 1061, 1177, -1,
      1177, 1061, 1145, -1,
      1177, 1145, 1178, -1,
      1178, 1145, 1146, -1,
      1178, 1146, 1179, -1,
      1179, 1146, 1147, -1,
      1179, 1147, 1180, -1,
      1056, 1058, 1181, -1,
      1181, 1058, 1148, -1,
      1181, 1148, 1182, -1,
      1182, 1148, 1149, -1,
      1182, 1149, 1183, -1,
      1183, 1149, 1150, -1,
      1183, 1150, 1184, -1,
      1053, 1055, 1185, -1,
      1185, 1055, 1151, -1,
      1185, 1151, 1186, -1,
      1186, 1151, 1152, -1,
      1186, 1152, 1187, -1,
      1187, 1152, 1153, -1,
      1187, 1153, 1188, -1,
      1050, 1052, 1189, -1,
      1189, 1052, 1154, -1,
      1189, 1154, 1190, -1,
      1190, 1154, 1155, -1,
      1190, 1155, 1191, -1,
      1191, 1155, 1156, -1,
      1191, 1156, 1192, -1,
      1047, 1049, 1193, -1,
      1193, 1049, 1157, -1,
      1193, 1157, 1194, -1,
      1194, 1157, 1158, -1,
      1194, 1158, 1195, -1,
      1195, 1158, 1159, -1,
      1195, 1159, 1196, -1,
      1134, 1164, 1135, -1,
      1135, 1164, 1197, -1,
      1135, 1197, 1160, -1,
      1160, 1197, 1198, -1,
      1160, 1198, 1161, -1,
      1161, 1198, 1199, -1,
      1161, 1199, 1162, -1,
      293, 291, 1105, -1,
      1105, 291, 1104, -1,
      1105, 1104, 1134, -1,
      1134, 1104, 1200, -1,
      1134, 1200, 1163, -1,
      1163, 1200, 1046, -1,
      1163, 1046, 849, -1,
      849, 1046, 847, -1,
      843, 845, 1201, -1,
      1201, 845, 1046, -1,
      1201, 1046, 1202, -1,
      1202, 1046, 1200, -1,
      1202, 1200, 1103, -1,
      1103, 1200, 1104, -1,
      1103, 1104, 288, -1,
      288, 1104, 290, -1,
      287, 285, 1103, -1,
      1103, 285, 1085, -1,
      1103, 1085, 1202, -1,
      1202, 1085, 1069, -1,
      1202, 1069, 1201, -1,
      1201, 1069, 1068, -1,
      1201, 1068, 843, -1,
      843, 1068, 841, -1,
      872, 874, 1168, -1,
      1168, 874, 831, -1,
      1168, 831, 1167, -1,
      1167, 831, 833, -1,
      1167, 833, 1166, -1,
      1166, 833, 835, -1,
      1166, 835, 1165, -1,
      1165, 835, 837, -1,
      1165, 837, 1068, -1,
      1068, 837, 839, -1,
      1068, 839, 841, -1,
      272, 270, 1108, -1,
      1108, 270, 1102, -1,
      1108, 1102, 1138, -1,
      1138, 1102, 1203, -1,
      1138, 1203, 1168, -1,
      1168, 1203, 1045, -1,
      1168, 1045, 872, -1,
      872, 1045, 870, -1,
      866, 868, 1204, -1,
      1204, 868, 1045, -1,
      1204, 1045, 1205, -1,
      1205, 1045, 1203, -1,
      1205, 1203, 1101, -1,
      1101, 1203, 1102, -1,
      1101, 1102, 267, -1,
      267, 1102, 269, -1,
      266, 264, 1101, -1,
      1101, 264, 1083, -1,
      1101, 1083, 1205, -1,
      1205, 1083, 1066, -1,
      1205, 1066, 1204, -1,
      1204, 1066, 1065, -1,
      1204, 1065, 866, -1,
      866, 1065, 864, -1,
      895, 897, 1172, -1,
      1172, 897, 854, -1,
      1172, 854, 1171, -1,
      1171, 854, 856, -1,
      1171, 856, 1170, -1,
      1170, 856, 858, -1,
      1170, 858, 1169, -1,
      1169, 858, 860, -1,
      1169, 860, 1065, -1,
      1065, 860, 862, -1,
      1065, 862, 864, -1,
      251, 249, 1111, -1,
      1111, 249, 1100, -1,
      1111, 1100, 1141, -1,
      1141, 1100, 1206, -1,
      1141, 1206, 1172, -1,
      1172, 1206, 1044, -1,
      1172, 1044, 895, -1,
      895, 1044, 893, -1,
      889, 891, 1207, -1,
      1207, 891, 1044, -1,
      1207, 1044, 1208, -1,
      1208, 1044, 1206, -1,
      1208, 1206, 1099, -1,
      1099, 1206, 1100, -1,
      1099, 1100, 246, -1,
      246, 1100, 248, -1,
      245, 243, 1099, -1,
      1099, 243, 1081, -1,
      1099, 1081, 1208, -1,
      1208, 1081, 1063, -1,
      1208, 1063, 1207, -1,
      1207, 1063, 1062, -1,
      1207, 1062, 889, -1,
      889, 1062, 887, -1,
      918, 920, 1176, -1,
      1176, 920, 877, -1,
      1176, 877, 1175, -1,
      1175, 877, 879, -1,
      1175, 879, 1174, -1,
      1174, 879, 881, -1,
      1174, 881, 1173, -1,
      1173, 881, 883, -1,
      1173, 883, 1062, -1,
      1062, 883, 885, -1,
      1062, 885, 887, -1,
      229, 228, 1114, -1,
      1114, 228, 1098, -1,
      1114, 1098, 1144, -1,
      1144, 1098, 1209, -1,
      1144, 1209, 1176, -1,
      1176, 1209, 1043, -1,
      1176, 1043, 918, -1,
      918, 1043, 916, -1,
      912, 914, 1210, -1,
      1210, 914, 1043, -1,
      1210, 1043, 1211, -1,
      1211, 1043, 1209, -1,
      1211, 1209, 1097, -1,
      1097, 1209, 1098, -1,
      1097, 1098, 225, -1,
      225, 1098, 226, -1,
      223, 222, 1097, -1,
      1097, 222, 1079, -1,
      1097, 1079, 1211, -1,
      1211, 1079, 1060, -1,
      1211, 1060, 1210, -1,
      1210, 1060, 1059, -1,
      1210, 1059, 912, -1,
      912, 1059, 910, -1,
      929, 931, 1180, -1,
      1180, 931, 900, -1,
      1180, 900, 1179, -1,
      1179, 900, 902, -1,
      1179, 902, 1178, -1,
      1178, 902, 904, -1,
      1178, 904, 1177, -1,
      1177, 904, 906, -1,
      1177, 906, 1059, -1,
      1059, 906, 908, -1,
      1059, 908, 910, -1,
      208, 207, 1117, -1,
      1117, 207, 1096, -1,
      1117, 1096, 1147, -1,
      1147, 1096, 1212, -1,
      1147, 1212, 1180, -1,
      1180, 1212, 1042, -1,
      1180, 1042, 929, -1,
      929, 1042, 927, -1,
      945, 925, 1213, -1,
      1213, 925, 1042, -1,
      1213, 1042, 1214, -1,
      1214, 1042, 1212, -1,
      1214, 1212, 1095, -1,
      1095, 1212, 1096, -1,
      1095, 1096, 204, -1,
      204, 1096, 205, -1,
      203, 389, 1095, -1,
      1095, 389, 1077, -1,
      1095, 1077, 1214, -1,
      1214, 1077, 1057, -1,
      1214, 1057, 1213, -1,
      1213, 1057, 1056, -1,
      1213, 1056, 945, -1,
      945, 1056, 944, -1,
      952, 954, 1184, -1,
      1184, 954, 934, -1,
      1184, 934, 1183, -1,
      1183, 934, 936, -1,
      1183, 936, 1182, -1,
      1182, 936, 938, -1,
      1182, 938, 1181, -1,
      1181, 938, 940, -1,
      1181, 940, 1056, -1,
      1056, 940, 942, -1,
      1056, 942, 944, -1,
      376, 375, 1120, -1,
      1120, 375, 1094, -1,
      1120, 1094, 1150, -1,
      1150, 1094, 1215, -1,
      1150, 1215, 1184, -1,
      1184, 1215, 1041, -1,
      1184, 1041, 952, -1,
      952, 1041, 950, -1,
      968, 948, 1216, -1,
      1216, 948, 1041, -1,
      1216, 1041, 1217, -1,
      1217, 1041, 1215, -1,
      1217, 1215, 1093, -1,
      1093, 1215, 1094, -1,
      1093, 1094, 372, -1,
      372, 1094, 373, -1,
      370, 369, 1093, -1,
      1093, 369, 1075, -1,
      1093, 1075, 1217, -1,
      1217, 1075, 1054, -1,
      1217, 1054, 1216, -1,
      1216, 1054, 1053, -1,
      1216, 1053, 968, -1,
      968, 1053, 967, -1,
      975, 977, 1188, -1,
      1188, 977, 957, -1,
      1188, 957, 1187, -1,
      1187, 957, 959, -1,
      1187, 959, 1186, -1,
      1186, 959, 961, -1,
      1186, 961, 1185, -1,
      1185, 961, 963, -1,
      1185, 963, 1053, -1,
      1053, 963, 965, -1,
      1053, 965, 967, -1,
      355, 354, 1123, -1,
      1123, 354, 1092, -1,
      1123, 1092, 1153, -1,
      1153, 1092, 1218, -1,
      1153, 1218, 1188, -1,
      1188, 1218, 1040, -1,
      1188, 1040, 975, -1,
      975, 1040, 973, -1,
      991, 971, 1219, -1,
      1219, 971, 1040, -1,
      1219, 1040, 1220, -1,
      1220, 1040, 1218, -1,
      1220, 1218, 1091, -1,
      1091, 1218, 1092, -1,
      1091, 1092, 351, -1,
      351, 1092, 352, -1,
      349, 348, 1091, -1,
      1091, 348, 1073, -1,
      1091, 1073, 1220, -1,
      1220, 1073, 1051, -1,
      1220, 1051, 1219, -1,
      1219, 1051, 1050, -1,
      1219, 1050, 991, -1,
      991, 1050, 990, -1,
      998, 1000, 1192, -1,
      1192, 1000, 980, -1,
      1192, 980, 1191, -1,
      1191, 980, 982, -1,
      1191, 982, 1190, -1,
      1190, 982, 984, -1,
      1190, 984, 1189, -1,
      1189, 984, 986, -1,
      1189, 986, 1050, -1,
      1050, 986, 988, -1,
      1050, 988, 990, -1,
      334, 333, 1126, -1,
      1126, 333, 1090, -1,
      1126, 1090, 1156, -1,
      1156, 1090, 1221, -1,
      1156, 1221, 1192, -1,
      1192, 1221, 1039, -1,
      1192, 1039, 998, -1,
      998, 1039, 996, -1,
      1014, 994, 1222, -1,
      1222, 994, 1039, -1,
      1222, 1039, 1223, -1,
      1223, 1039, 1221, -1,
      1223, 1221, 1089, -1,
      1089, 1221, 1090, -1,
      1089, 1090, 330, -1,
      330, 1090, 332, -1,
      328, 327, 1089, -1,
      1089, 327, 1071, -1,
      1089, 1071, 1223, -1,
      1223, 1071, 1048, -1,
      1223, 1048, 1222, -1,
      1222, 1048, 1047, -1,
      1222, 1047, 1014, -1,
      1014, 1047, 1013, -1,
      1021, 1023, 1196, -1,
      1196, 1023, 1003, -1,
      1196, 1003, 1195, -1,
      1195, 1003, 1005, -1,
      1195, 1005, 1194, -1,
      1194, 1005, 1007, -1,
      1194, 1007, 1193, -1,
      1193, 1007, 1009, -1,
      1193, 1009, 1047, -1,
      1047, 1009, 1011, -1,
      1047, 1011, 1013, -1,
      314, 312, 1129, -1,
      1129, 312, 1088, -1,
      1129, 1088, 1159, -1,
      1159, 1088, 1224, -1,
      1159, 1224, 1196, -1,
      1196, 1224, 1038, -1,
      1196, 1038, 1021, -1,
      1021, 1038, 1019, -1,
      1037, 1017, 1225, -1,
      1225, 1017, 1038, -1,
      1225, 1038, 1226, -1,
      1226, 1038, 1224, -1,
      1226, 1224, 1087, -1,
      1087, 1224, 1088, -1,
      1087, 1088, 309, -1,
      309, 1088, 311, -1,
      308, 306, 1087, -1,
      1087, 306, 1133, -1,
      1087, 1133, 1226, -1,
      1226, 1133, 1162, -1,
      1226, 1162, 1225, -1,
      1225, 1162, 1199, -1,
      1225, 1199, 1037, -1,
      1037, 1199, 1036, -1,
      849, 851, 1163, -1,
      1163, 851, 853, -1,
      1163, 853, 1164, -1,
      1164, 853, 1028, -1,
      1164, 1028, 1197, -1,
      1197, 1028, 1030, -1,
      1197, 1030, 1198, -1,
      1198, 1030, 1032, -1,
      1198, 1032, 1199, -1,
      1199, 1032, 1034, -1,
      1199, 1034, 1036, -1,
      151, 150, 1227, -1,
      153, 152, 1228, -1,
      154, 158, 1229, -1,
      163, 162, 1230, -1,
      165, 164, 1231, -1,
      166, 170, 1232, -1,
      175, 174, 1233, -1,
      177, 176, 1234, -1,
      178, 182, 1235, -1,
      187, 186, 1236, -1,
      189, 188, 1237, -1,
      190, 194, 1238, -1,
      200, 199, 1239, -1,
      198, 93, 1240, -1,
      94, 98, 1241, -1,
      103, 102, 1242, -1,
      105, 104, 1243, -1,
      106, 110, 1244, -1,
      115, 114, 1245, -1,
      117, 116, 1246, -1,
      118, 122, 1247, -1,
      127, 126, 1248, -1,
      129, 128, 1249, -1,
      130, 134, 1250, -1,
      139, 138, 1251, -1,
      827, 1252, 1253, -1,
      827, 1253, 828, -1,
      828, 1253, 1254, -1,
      828, 1254, 829, -1,
      829, 1254, 1255, -1,
      829, 1255, 830, -1,
      830, 1255, 1256, -1,
      830, 1256, 768, -1,
      1252, 1257, 1258, -1,
      1252, 1258, 1253, -1,
      1253, 1258, 1259, -1,
      1253, 1259, 1254, -1,
      1254, 1259, 1260, -1,
      1254, 1260, 1255, -1,
      1255, 1260, 1261, -1,
      1255, 1261, 1256, -1,
      1257, 1262, 1263, -1,
      824, 823, 1264, -1,
      1264, 823, 1265, -1,
      1264, 1265, 1266, -1,
      1266, 1265, 1267, -1,
      1266, 1267, 1268, -1,
      1268, 1267, 1250, -1,
      821, 820, 1269, -1,
      1269, 820, 1270, -1,
      1269, 1270, 1271, -1,
      1271, 1270, 1272, -1,
      1271, 1272, 1273, -1,
      1273, 1272, 1249, -1,
      817, 816, 1274, -1,
      1274, 816, 1275, -1,
      1274, 1275, 1276, -1,
      1276, 1275, 1277, -1,
      1276, 1277, 1278, -1,
      1278, 1277, 1247, -1,
      814, 813, 1279, -1,
      1279, 813, 1280, -1,
      1279, 1280, 1281, -1,
      1281, 1280, 1282, -1,
      1281, 1282, 1283, -1,
      1283, 1282, 1246, -1,
      810, 809, 1284, -1,
      1284, 809, 1285, -1,
      1284, 1285, 1286, -1,
      1286, 1285, 1287, -1,
      1286, 1287, 1288, -1,
      1288, 1287, 1244, -1,
      807, 806, 1289, -1,
      1289, 806, 1290, -1,
      1289, 1290, 1291, -1,
      1291, 1290, 1292, -1,
      1291, 1292, 1293, -1,
      1293, 1292, 1243, -1,
      803, 802, 1294, -1,
      1294, 802, 1295, -1,
      1294, 1295, 1296, -1,
      1296, 1295, 1297, -1,
      1296, 1297, 1298, -1,
      1298, 1297, 1241, -1,
      800, 799, 1299, -1,
      1299, 799, 1300, -1,
      1299, 1300, 1301, -1,
      1301, 1300, 1302, -1,
      1301, 1302, 1303, -1,
      1303, 1302, 1240, -1,
      796, 795, 1304, -1,
      1304, 795, 1305, -1,
      1304, 1305, 1306, -1,
      1306, 1305, 1307, -1,
      1306, 1307, 1308, -1,
      1308, 1307, 1238, -1,
      793, 792, 1309, -1,
      1309, 792, 1310, -1,
      1309, 1310, 1311, -1,
      1311, 1310, 1312, -1,
      1311, 1312, 1313, -1,
      1313, 1312, 1237, -1,
      789, 788, 1314, -1,
      1314, 788, 1315, -1,
      1314, 1315, 1316, -1,
      1316, 1315, 1317, -1,
      1316, 1317, 1318, -1,
      1318, 1317, 1235, -1,
      786, 785, 1319, -1,
      1319, 785, 1320, -1,
      1319, 1320, 1321, -1,
      1321, 1320, 1322, -1,
      1321, 1322, 1323, -1,
      1323, 1322, 1234, -1,
      782, 781, 1324, -1,
      1324, 781, 1325, -1,
      1324, 1325, 1326, -1,
      1326, 1325, 1327, -1,
      1326, 1327, 1328, -1,
      1328, 1327, 1232, -1,
      779, 778, 1329, -1,
      1329, 778, 1330, -1,
      1329, 1330, 1331, -1,
      1331, 1330, 1332, -1,
      1331, 1332, 1333, -1,
      1333, 1332, 1231, -1,
      775, 774, 1334, -1,
      1334, 774, 1335, -1,
      1334, 1335, 1336, -1,
      1336, 1335, 1337, -1,
      1336, 1337, 1338, -1,
      1338, 1337, 1229, -1,
      772, 771, 1339, -1,
      1339, 771, 1340, -1,
      1339, 1340, 1341, -1,
      1341, 1340, 1342, -1,
      1341, 1342, 1343, -1,
      1343, 1342, 1228, -1,
      1257, 1263, 1258, -1,
      1258, 1263, 1344, -1,
      1258, 1344, 1259, -1,
      1259, 1344, 1345, -1,
      1259, 1345, 1260, -1,
      1260, 1345, 1346, -1,
      1260, 1346, 1261, -1,
      145, 1263, 140, -1,
      140, 1263, 1262, -1,
      140, 1262, 141, -1,
      827, 826, 1252, -1,
      1252, 826, 1347, -1,
      1252, 1347, 1257, -1,
      1257, 1347, 1348, -1,
      1257, 1348, 1262, -1,
      1262, 1348, 1251, -1,
      1262, 1251, 141, -1,
      141, 1251, 138, -1,
      137, 139, 1349, -1,
      1349, 139, 1251, -1,
      1349, 1251, 1350, -1,
      1350, 1251, 1348, -1,
      1350, 1348, 1351, -1,
      1351, 1348, 1347, -1,
      1351, 1347, 825, -1,
      825, 1347, 826, -1,
      825, 824, 1351, -1,
      1351, 824, 1264, -1,
      1351, 1264, 1350, -1,
      1350, 1264, 1266, -1,
      1350, 1266, 1349, -1,
      1349, 1266, 1268, -1,
      1349, 1268, 137, -1,
      137, 1268, 136, -1,
      1250, 134, 1268, -1,
      1268, 134, 135, -1,
      1268, 135, 136, -1,
      131, 130, 1352, -1,
      1352, 130, 1250, -1,
      1352, 1250, 1353, -1,
      1353, 1250, 1267, -1,
      1353, 1267, 1354, -1,
      1354, 1267, 1265, -1,
      1354, 1265, 822, -1,
      822, 1265, 823, -1,
      822, 821, 1354, -1,
      1354, 821, 1269, -1,
      1354, 1269, 1353, -1,
      1353, 1269, 1271, -1,
      1353, 1271, 1352, -1,
      1352, 1271, 1273, -1,
      1352, 1273, 131, -1,
      131, 1273, 132, -1,
      1249, 128, 1273, -1,
      1273, 128, 133, -1,
      1273, 133, 132, -1,
      820, 819, 1270, -1,
      1270, 819, 1355, -1,
      1270, 1355, 1272, -1,
      1272, 1355, 1356, -1,
      1272, 1356, 1249, -1,
      1249, 1356, 1248, -1,
      1249, 1248, 129, -1,
      129, 1248, 126, -1,
      125, 127, 1357, -1,
      1357, 127, 1248, -1,
      1357, 1248, 1358, -1,
      1358, 1248, 1356, -1,
      1358, 1356, 1359, -1,
      1359, 1356, 1355, -1,
      1359, 1355, 818, -1,
      818, 1355, 819, -1,
      818, 817, 1359, -1,
      1359, 817, 1274, -1,
      1359, 1274, 1358, -1,
      1358, 1274, 1276, -1,
      1358, 1276, 1357, -1,
      1357, 1276, 1278, -1,
      1357, 1278, 125, -1,
      125, 1278, 124, -1,
      1247, 122, 1278, -1,
      1278, 122, 123, -1,
      1278, 123, 124, -1,
      119, 118, 1360, -1,
      1360, 118, 1247, -1,
      1360, 1247, 1361, -1,
      1361, 1247, 1277, -1,
      1361, 1277, 1362, -1,
      1362, 1277, 1275, -1,
      1362, 1275, 815, -1,
      815, 1275, 816, -1,
      815, 814, 1362, -1,
      1362, 814, 1279, -1,
      1362, 1279, 1361, -1,
      1361, 1279, 1281, -1,
      1361, 1281, 1360, -1,
      1360, 1281, 1283, -1,
      1360, 1283, 119, -1,
      119, 1283, 120, -1,
      1246, 116, 1283, -1,
      1283, 116, 121, -1,
      1283, 121, 120, -1,
      813, 812, 1280, -1,
      1280, 812, 1363, -1,
      1280, 1363, 1282, -1,
      1282, 1363, 1364, -1,
      1282, 1364, 1246, -1,
      1246, 1364, 1245, -1,
      1246, 1245, 117, -1,
      117, 1245, 114, -1,
      113, 115, 1365, -1,
      1365, 115, 1245, -1,
      1365, 1245, 1366, -1,
      1366, 1245, 1364, -1,
      1366, 1364, 1367, -1,
      1367, 1364, 1363, -1,
      1367, 1363, 811, -1,
      811, 1363, 812, -1,
      811, 810, 1367, -1,
      1367, 810, 1284, -1,
      1367, 1284, 1366, -1,
      1366, 1284, 1286, -1,
      1366, 1286, 1365, -1,
      1365, 1286, 1288, -1,
      1365, 1288, 113, -1,
      113, 1288, 112, -1,
      1244, 110, 1288, -1,
      1288, 110, 111, -1,
      1288, 111, 112, -1,
      107, 106, 1368, -1,
      1368, 106, 1244, -1,
      1368, 1244, 1369, -1,
      1369, 1244, 1287, -1,
      1369, 1287, 1370, -1,
      1370, 1287, 1285, -1,
      1370, 1285, 808, -1,
      808, 1285, 809, -1,
      808, 807, 1370, -1,
      1370, 807, 1289, -1,
      1370, 1289, 1369, -1,
      1369, 1289, 1291, -1,
      1369, 1291, 1368, -1,
      1368, 1291, 1293, -1,
      1368, 1293, 107, -1,
      107, 1293, 108, -1,
      1243, 104, 1293, -1,
      1293, 104, 109, -1,
      1293, 109, 108, -1,
      806, 805, 1290, -1,
      1290, 805, 1371, -1,
      1290, 1371, 1292, -1,
      1292, 1371, 1372, -1,
      1292, 1372, 1243, -1,
      1243, 1372, 1242, -1,
      1243, 1242, 105, -1,
      105, 1242, 102, -1,
      101, 103, 1373, -1,
      1373, 103, 1242, -1,
      1373, 1242, 1374, -1,
      1374, 1242, 1372, -1,
      1374, 1372, 1375, -1,
      1375, 1372, 1371, -1,
      1375, 1371, 804, -1,
      804, 1371, 805, -1,
      804, 803, 1375, -1,
      1375, 803, 1294, -1,
      1375, 1294, 1374, -1,
      1374, 1294, 1296, -1,
      1374, 1296, 1373, -1,
      1373, 1296, 1298, -1,
      1373, 1298, 101, -1,
      101, 1298, 100, -1,
      1241, 98, 1298, -1,
      1298, 98, 99, -1,
      1298, 99, 100, -1,
      95, 94, 1376, -1,
      1376, 94, 1241, -1,
      1376, 1241, 1377, -1,
      1377, 1241, 1297, -1,
      1377, 1297, 1378, -1,
      1378, 1297, 1295, -1,
      1378, 1295, 801, -1,
      801, 1295, 802, -1,
      801, 800, 1378, -1,
      1378, 800, 1299, -1,
      1378, 1299, 1377, -1,
      1377, 1299, 1301, -1,
      1377, 1301, 1376, -1,
      1376, 1301, 1303, -1,
      1376, 1303, 95, -1,
      95, 1303, 96, -1,
      1240, 93, 1303, -1,
      1303, 93, 97, -1,
      1303, 97, 96, -1,
      199, 198, 1239, -1,
      1239, 198, 1240, -1,
      1239, 1240, 1379, -1,
      1379, 1240, 1302, -1,
      1379, 1302, 1380, -1,
      1380, 1302, 1300, -1,
      1380, 1300, 798, -1,
      798, 1300, 799, -1,
      197, 200, 1381, -1,
      1381, 200, 1239, -1,
      1381, 1239, 1382, -1,
      1382, 1239, 1379, -1,
      1382, 1379, 1383, -1,
      1383, 1379, 1380, -1,
      1383, 1380, 797, -1,
      797, 1380, 798, -1,
      797, 796, 1383, -1,
      1383, 796, 1304, -1,
      1383, 1304, 1382, -1,
      1382, 1304, 1306, -1,
      1382, 1306, 1381, -1,
      1381, 1306, 1308, -1,
      1381, 1308, 197, -1,
      197, 1308, 196, -1,
      1238, 194, 1308, -1,
      1308, 194, 195, -1,
      1308, 195, 196, -1,
      191, 190, 1384, -1,
      1384, 190, 1238, -1,
      1384, 1238, 1385, -1,
      1385, 1238, 1307, -1,
      1385, 1307, 1386, -1,
      1386, 1307, 1305, -1,
      1386, 1305, 794, -1,
      794, 1305, 795, -1,
      794, 793, 1386, -1,
      1386, 793, 1309, -1,
      1386, 1309, 1385, -1,
      1385, 1309, 1311, -1,
      1385, 1311, 1384, -1,
      1384, 1311, 1313, -1,
      1384, 1313, 191, -1,
      191, 1313, 192, -1,
      1237, 188, 1313, -1,
      1313, 188, 193, -1,
      1313, 193, 192, -1,
      186, 189, 1236, -1,
      1236, 189, 1237, -1,
      1236, 1237, 1387, -1,
      1387, 1237, 1312, -1,
      1387, 1312, 1388, -1,
      1388, 1312, 1310, -1,
      1388, 1310, 791, -1,
      791, 1310, 792, -1,
      185, 187, 1389, -1,
      1389, 187, 1236, -1,
      1389, 1236, 1390, -1,
      1390, 1236, 1387, -1,
      1390, 1387, 1391, -1,
      1391, 1387, 1388, -1,
      1391, 1388, 790, -1,
      790, 1388, 791, -1,
      790, 789, 1391, -1,
      1391, 789, 1314, -1,
      1391, 1314, 1390, -1,
      1390, 1314, 1316, -1,
      1390, 1316, 1389, -1,
      1389, 1316, 1318, -1,
      1389, 1318, 185, -1,
      185, 1318, 184, -1,
      1235, 182, 1318, -1,
      1318, 182, 183, -1,
      1318, 183, 184, -1,
      179, 178, 1392, -1,
      1392, 178, 1235, -1,
      1392, 1235, 1393, -1,
      1393, 1235, 1317, -1,
      1393, 1317, 1394, -1,
      1394, 1317, 1315, -1,
      1394, 1315, 787, -1,
      787, 1315, 788, -1,
      787, 786, 1394, -1,
      1394, 786, 1319, -1,
      1394, 1319, 1393, -1,
      1393, 1319, 1321, -1,
      1393, 1321, 1392, -1,
      1392, 1321, 1323, -1,
      1392, 1323, 179, -1,
      179, 1323, 180, -1,
      1234, 176, 1323, -1,
      1323, 176, 181, -1,
      1323, 181, 180, -1,
      174, 177, 1233, -1,
      1233, 177, 1234, -1,
      1233, 1234, 1395, -1,
      1395, 1234, 1322, -1,
      1395, 1322, 1396, -1,
      1396, 1322, 1320, -1,
      1396, 1320, 784, -1,
      784, 1320, 785, -1,
      173, 175, 1397, -1,
      1397, 175, 1233, -1,
      1397, 1233, 1398, -1,
      1398, 1233, 1395, -1,
      1398, 1395, 1399, -1,
      1399, 1395, 1396, -1,
      1399, 1396, 783, -1,
      783, 1396, 784, -1,
      783, 782, 1399, -1,
      1399, 782, 1324, -1,
      1399, 1324, 1398, -1,
      1398, 1324, 1326, -1,
      1398, 1326, 1397, -1,
      1397, 1326, 1328, -1,
      1397, 1328, 173, -1,
      173, 1328, 172, -1,
      1232, 170, 1328, -1,
      1328, 170, 171, -1,
      1328, 171, 172, -1,
      167, 166, 1400, -1,
      1400, 166, 1232, -1,
      1400, 1232, 1401, -1,
      1401, 1232, 1327, -1,
      1401, 1327, 1402, -1,
      1402, 1327, 1325, -1,
      1402, 1325, 780, -1,
      780, 1325, 781, -1,
      780, 779, 1402, -1,
      1402, 779, 1329, -1,
      1402, 1329, 1401, -1,
      1401, 1329, 1331, -1,
      1401, 1331, 1400, -1,
      1400, 1331, 1333, -1,
      1400, 1333, 167, -1,
      167, 1333, 168, -1,
      1231, 164, 1333, -1,
      1333, 164, 169, -1,
      1333, 169, 168, -1,
      162, 165, 1230, -1,
      1230, 165, 1231, -1,
      1230, 1231, 1403, -1,
      1403, 1231, 1332, -1,
      1403, 1332, 1404, -1,
      1404, 1332, 1330, -1,
      1404, 1330, 777, -1,
      777, 1330, 778, -1,
      161, 163, 1405, -1,
      1405, 163, 1230, -1,
      1405, 1230, 1406, -1,
      1406, 1230, 1403, -1,
      1406, 1403, 1407, -1,
      1407, 1403, 1404, -1,
      1407, 1404, 776, -1,
      776, 1404, 777, -1,
      776, 775, 1407, -1,
      1407, 775, 1334, -1,
      1407, 1334, 1406, -1,
      1406, 1334, 1336, -1,
      1406, 1336, 1405, -1,
      1405, 1336, 1338, -1,
      1405, 1338, 161, -1,
      161, 1338, 160, -1,
      1229, 158, 1338, -1,
      1338, 158, 159, -1,
      1338, 159, 160, -1,
      155, 154, 1408, -1,
      1408, 154, 1229, -1,
      1408, 1229, 1409, -1,
      1409, 1229, 1337, -1,
      1409, 1337, 1410, -1,
      1410, 1337, 1335, -1,
      1410, 1335, 773, -1,
      773, 1335, 774, -1,
      773, 772, 1410, -1,
      1410, 772, 1339, -1,
      1410, 1339, 1409, -1,
      1409, 1339, 1341, -1,
      1409, 1341, 1408, -1,
      1408, 1341, 1343, -1,
      1408, 1343, 155, -1,
      155, 1343, 156, -1,
      1228, 152, 1343, -1,
      1343, 152, 157, -1,
      1343, 157, 156, -1,
      771, 770, 1340, -1,
      1340, 770, 1411, -1,
      1340, 1411, 1342, -1,
      1342, 1411, 1412, -1,
      1342, 1412, 1228, -1,
      1228, 1412, 1227, -1,
      1228, 1227, 153, -1,
      153, 1227, 150, -1,
      149, 151, 1413, -1,
      1413, 151, 1227, -1,
      1413, 1227, 1414, -1,
      1414, 1227, 1412, -1,
      1414, 1412, 1415, -1,
      1415, 1412, 1411, -1,
      1415, 1411, 769, -1,
      769, 1411, 770, -1,
      769, 768, 1415, -1,
      1415, 768, 1256, -1,
      1415, 1256, 1414, -1,
      1414, 1256, 1261, -1,
      1414, 1261, 1413, -1,
      1413, 1261, 1346, -1,
      1413, 1346, 149, -1,
      149, 1346, 148, -1,
      145, 144, 1263, -1,
      1263, 144, 143, -1,
      1263, 143, 1344, -1,
      1344, 143, 142, -1,
      1344, 142, 1345, -1,
      1345, 142, 146, -1,
      1345, 146, 1346, -1,
      1346, 146, 147, -1,
      1346, 147, 148, -1,
      943, 941, 1416, -1,
      937, 935, 1417, -1,
      956, 955, 1418, -1,
      947, 946, 1419, -1,
      960, 958, 1420, -1,
      979, 978, 1421, -1,
      970, 969, 1422, -1,
      983, 981, 1423, -1,
      1002, 1001, 1424, -1,
      993, 992, 1425, -1,
      1006, 1004, 1426, -1,
      1025, 1024, 1427, -1,
      1016, 1015, 1428, -1,
      1029, 1027, 1429, -1,
      1026, 852, 1430, -1,
      844, 842, 1431, -1,
      834, 832, 1432, -1,
      876, 875, 1433, -1,
      867, 865, 1434, -1,
      857, 855, 1435, -1,
      899, 898, 1436, -1,
      890, 888, 1437, -1,
      880, 878, 1438, -1,
      922, 921, 1439, -1,
      913, 911, 1440, -1,
      903, 901, 1441, -1,
      933, 932, 1442, -1,
      1, 0, 1443, -1,
      1444, 1445, 1446, -1,
      1447, 1448, 1449, -1,
      1450, 1451, 1452, -1,
      1453, 1454, 1455, -1,
      1456, 1457, 1458, -1,
      1459, 1460, 1461, -1,
      1462, 1463, 1464, -1,
      1465, 1466, 1467, -1,
      2, 1468, 1469, -1,
      1470, 36, 21, -1,
      37, 36, 1471, -1,
      1471, 36, 1470, -1,
      1471, 1470, 1472, -1,
      2, 1469, 19, -1,
      1465, 1467, 1473, -1,
      1459, 1461, 1474, -1,
      1453, 1455, 1475, -1,
      1447, 1449, 1476, -1,
      8, 37, 1477, -1,
      1477, 37, 1471, -1,
      1477, 1471, 1478, -1,
      1478, 1471, 1472, -1,
      1478, 1472, 1479, -1,
      9, 8, 1480, -1,
      1480, 8, 1477, -1,
      1480, 1477, 1481, -1,
      1481, 1477, 1478, -1,
      1481, 1478, 1482, -1,
      1482, 1478, 1479, -1,
      1482, 1479, 1483, -1,
      10, 9, 1484, -1,
      1484, 9, 1480, -1,
      1484, 1480, 1485, -1,
      1485, 1480, 1481, -1,
      1485, 1481, 1486, -1,
      1486, 1481, 1482, -1,
      1486, 1482, 1487, -1,
      1487, 1482, 1483, -1,
      1487, 1483, 1416, -1,
      1488, 1489, 1490, -1,
      1442, 1491, 1492, -1,
      1492, 1491, 1493, -1,
      1492, 1493, 1494, -1,
      1494, 1493, 1495, -1,
      1494, 1495, 1496, -1,
      1440, 1497, 1498, -1,
      1498, 1497, 1499, -1,
      1498, 1499, 1500, -1,
      1500, 1499, 1501, -1,
      1500, 1501, 1502, -1,
      1502, 1501, 1503, -1,
      1502, 1503, 1469, -1,
      1469, 1503, 1504, -1,
      1469, 1504, 19, -1,
      1505, 1473, 1506, -1,
      1506, 1473, 1467, -1,
      1506, 1467, 1507, -1,
      1507, 1467, 1508, -1,
      1507, 1508, 1509, -1,
      1509, 1508, 1510, -1,
      1509, 1510, 1511, -1,
      1511, 1510, 1512, -1,
      1511, 1512, 1513, -1,
      1513, 1512, 1439, -1,
      1514, 1474, 1515, -1,
      1515, 1474, 1461, -1,
      1515, 1461, 1516, -1,
      1516, 1461, 1517, -1,
      1516, 1517, 1518, -1,
      1518, 1517, 1519, -1,
      1518, 1519, 1520, -1,
      1520, 1519, 1521, -1,
      1520, 1521, 1522, -1,
      1522, 1521, 1437, -1,
      1457, 1523, 1458, -1,
      1458, 1523, 1524, -1,
      1458, 1524, 1525, -1,
      1525, 1524, 1526, -1,
      1525, 1526, 1527, -1,
      1527, 1526, 1528, -1,
      1527, 1528, 1529, -1,
      1529, 1528, 1530, -1,
      1529, 1530, 1531, -1,
      1531, 1530, 1436, -1,
      1451, 1532, 1452, -1,
      1452, 1532, 1533, -1,
      1452, 1533, 1534, -1,
      1534, 1533, 1535, -1,
      1534, 1535, 1536, -1,
      1536, 1535, 1537, -1,
      1536, 1537, 1538, -1,
      1538, 1537, 1539, -1,
      1538, 1539, 1540, -1,
      1540, 1539, 1434, -1,
      1541, 1444, 1542, -1,
      1542, 1444, 1446, -1,
      1542, 1446, 1543, -1,
      1543, 1446, 1544, -1,
      1543, 1544, 1545, -1,
      1545, 1544, 1546, -1,
      1545, 1546, 1547, -1,
      1547, 1546, 1548, -1,
      1547, 1548, 1549, -1,
      1549, 1548, 1433, -1,
      34, 6, 1550, -1,
      1550, 6, 1551, -1,
      1550, 1551, 1552, -1,
      1552, 1551, 1553, -1,
      1552, 1553, 1554, -1,
      1554, 1553, 1555, -1,
      1554, 1555, 1556, -1,
      1556, 1555, 1557, -1,
      1556, 1557, 1558, -1,
      1558, 1557, 1431, -1,
      46, 45, 1559, -1,
      1559, 45, 1560, -1,
      1559, 1560, 1561, -1,
      1561, 1560, 1562, -1,
      1561, 1562, 1563, -1,
      1563, 1562, 1564, -1,
      1563, 1564, 1565, -1,
      1565, 1564, 1566, -1,
      1565, 1566, 1567, -1,
      1567, 1566, 1430, -1,
      7, 42, 1568, -1,
      1568, 42, 1569, -1,
      1568, 1569, 1570, -1,
      1570, 1569, 1571, -1,
      1570, 1571, 1572, -1,
      1572, 1571, 1573, -1,
      1572, 1573, 1574, -1,
      1574, 1573, 1575, -1,
      1574, 1575, 1576, -1,
      1576, 1575, 1428, -1,
      40, 39, 1577, -1,
      1577, 39, 1578, -1,
      1577, 1578, 1579, -1,
      1579, 1578, 1580, -1,
      1579, 1580, 1581, -1,
      1581, 1580, 1582, -1,
      1581, 1582, 1583, -1,
      1583, 1582, 1584, -1,
      1583, 1584, 1585, -1,
      1585, 1584, 1427, -1,
      32, 31, 1586, -1,
      1586, 31, 1587, -1,
      1586, 1587, 1588, -1,
      1588, 1587, 1589, -1,
      1588, 1589, 1590, -1,
      1590, 1589, 1591, -1,
      1590, 1591, 1592, -1,
      1592, 1591, 1593, -1,
      1592, 1593, 1594, -1,
      1594, 1593, 1425, -1,
      3, 30, 1595, -1,
      1595, 30, 1596, -1,
      1595, 1596, 1597, -1,
      1597, 1596, 1598, -1,
      1597, 1598, 1599, -1,
      1599, 1598, 1600, -1,
      1599, 1600, 1601, -1,
      1601, 1600, 1602, -1,
      1601, 1602, 1603, -1,
      1603, 1602, 1424, -1,
      17, 28, 1604, -1,
      1604, 28, 1605, -1,
      1604, 1605, 1606, -1,
      1606, 1605, 1607, -1,
      1606, 1607, 1608, -1,
      1608, 1607, 1609, -1,
      1608, 1609, 1610, -1,
      1610, 1609, 1611, -1,
      1610, 1611, 1612, -1,
      1612, 1611, 1422, -1,
      16, 15, 1613, -1,
      1613, 15, 1614, -1,
      1613, 1614, 1615, -1,
      1615, 1614, 1616, -1,
      1615, 1616, 1617, -1,
      1617, 1616, 1618, -1,
      1617, 1618, 1619, -1,
      1619, 1618, 1620, -1,
      1619, 1620, 1621, -1,
      1621, 1620, 1421, -1,
      12, 11, 1622, -1,
      1622, 11, 1623, -1,
      1622, 1623, 1624, -1,
      1624, 1623, 1625, -1,
      1624, 1625, 1626, -1,
      1626, 1625, 1627, -1,
      1626, 1627, 1628, -1,
      1628, 1627, 1629, -1,
      1628, 1629, 1630, -1,
      1630, 1629, 1419, -1,
      25, 24, 1631, -1,
      1631, 24, 1632, -1,
      1631, 1632, 1633, -1,
      1633, 1632, 1634, -1,
      1633, 1634, 1635, -1,
      1635, 1634, 1636, -1,
      1635, 1636, 1637, -1,
      1637, 1636, 1638, -1,
      1637, 1638, 1639, -1,
      1639, 1638, 1418, -1,
      923, 1490, 924, -1,
      924, 1490, 1489, -1,
      924, 1489, 926, -1,
      928, 926, 1491, -1,
      1491, 926, 1489, -1,
      1491, 1489, 1493, -1,
      1493, 1489, 1488, -1,
      1493, 1488, 1495, -1,
      1442, 932, 1491, -1,
      1491, 932, 930, -1,
      1491, 930, 928, -1,
      901, 933, 1441, -1,
      1441, 933, 1442, -1,
      1441, 1442, 1640, -1,
      1640, 1442, 1492, -1,
      1640, 1492, 1641, -1,
      1641, 1492, 1494, -1,
      1641, 1494, 1642, -1,
      1642, 1494, 1496, -1,
      1642, 1496, 1643, -1,
      905, 903, 1644, -1,
      1644, 903, 1441, -1,
      1644, 1441, 1645, -1,
      1645, 1441, 1640, -1,
      1645, 1640, 1646, -1,
      1646, 1640, 1641, -1,
      1646, 1641, 1647, -1,
      1647, 1641, 1642, -1,
      1647, 1642, 1648, -1,
      1648, 1642, 1643, -1,
      1648, 1643, 20, -1,
      20, 1643, 21, -1,
      20, 19, 1648, -1,
      1648, 19, 1504, -1,
      1648, 1504, 1647, -1,
      1647, 1504, 1503, -1,
      1647, 1503, 1646, -1,
      1646, 1503, 1501, -1,
      1646, 1501, 1645, -1,
      1645, 1501, 1499, -1,
      1645, 1499, 1644, -1,
      1644, 1499, 1497, -1,
      1644, 1497, 905, -1,
      905, 1497, 907, -1,
      1440, 911, 1497, -1,
      1497, 911, 909, -1,
      1497, 909, 907, -1,
      915, 913, 1649, -1,
      1649, 913, 1440, -1,
      1649, 1440, 1650, -1,
      1650, 1440, 1498, -1,
      1650, 1498, 1651, -1,
      1651, 1498, 1500, -1,
      1651, 1500, 1652, -1,
      1652, 1500, 1502, -1,
      1652, 1502, 1653, -1,
      1653, 1502, 1469, -1,
      1653, 1469, 1654, -1,
      1654, 1469, 1468, -1,
      1654, 1505, 1653, -1,
      1653, 1505, 1506, -1,
      1653, 1506, 1652, -1,
      1652, 1506, 1507, -1,
      1652, 1507, 1651, -1,
      1651, 1507, 1509, -1,
      1651, 1509, 1650, -1,
      1650, 1509, 1511, -1,
      1650, 1511, 1649, -1,
      1649, 1511, 1513, -1,
      1649, 1513, 915, -1,
      915, 1513, 917, -1,
      1439, 921, 1513, -1,
      1513, 921, 919, -1,
      1513, 919, 917, -1,
      1466, 1655, 1467, -1,
      1467, 1655, 1656, -1,
      1467, 1656, 1508, -1,
      1508, 1656, 1657, -1,
      1508, 1657, 1510, -1,
      1510, 1657, 1658, -1,
      1510, 1658, 1512, -1,
      1512, 1658, 1659, -1,
      1512, 1659, 1439, -1,
      1439, 1659, 1438, -1,
      1439, 1438, 922, -1,
      922, 1438, 878, -1,
      882, 880, 1660, -1,
      1660, 880, 1438, -1,
      1660, 1438, 1661, -1,
      1661, 1438, 1659, -1,
      1661, 1659, 1662, -1,
      1662, 1659, 1658, -1,
      1662, 1658, 1663, -1,
      1663, 1658, 1657, -1,
      1663, 1657, 1464, -1,
      1464, 1657, 1656, -1,
      1464, 1656, 1462, -1,
      1462, 1656, 1655, -1,
      1463, 1514, 1464, -1,
      1464, 1514, 1515, -1,
      1464, 1515, 1663, -1,
      1663, 1515, 1516, -1,
      1663, 1516, 1662, -1,
      1662, 1516, 1518, -1,
      1662, 1518, 1661, -1,
      1661, 1518, 1520, -1,
      1661, 1520, 1660, -1,
      1660, 1520, 1522, -1,
      1660, 1522, 882, -1,
      882, 1522, 884, -1,
      1437, 888, 1522, -1,
      1522, 888, 886, -1,
      1522, 886, 884, -1,
      892, 890, 1664, -1,
      1664, 890, 1437, -1,
      1664, 1437, 1665, -1,
      1665, 1437, 1521, -1,
      1665, 1521, 1666, -1,
      1666, 1521, 1519, -1,
      1666, 1519, 1667, -1,
      1667, 1519, 1517, -1,
      1667, 1517, 1668, -1,
      1668, 1517, 1461, -1,
      1668, 1461, 1669, -1,
      1669, 1461, 1460, -1,
      1669, 1456, 1668, -1,
      1668, 1456, 1458, -1,
      1668, 1458, 1667, -1,
      1667, 1458, 1525, -1,
      1667, 1525, 1666, -1,
      1666, 1525, 1527, -1,
      1666, 1527, 1665, -1,
      1665, 1527, 1529, -1,
      1665, 1529, 1664, -1,
      1664, 1529, 1531, -1,
      1664, 1531, 892, -1,
      892, 1531, 894, -1,
      1436, 898, 1531, -1,
      1531, 898, 896, -1,
      1531, 896, 894, -1,
      1523, 1475, 1524, -1,
      1524, 1475, 1455, -1,
      1524, 1455, 1526, -1,
      1526, 1455, 1670, -1,
      1526, 1670, 1528, -1,
      1528, 1670, 1671, -1,
      1528, 1671, 1530, -1,
      1530, 1671, 1672, -1,
      1530, 1672, 1436, -1,
      1436, 1672, 1435, -1,
      1436, 1435, 899, -1,
      899, 1435, 855, -1,
      859, 857, 1673, -1,
      1673, 857, 1435, -1,
      1673, 1435, 1674, -1,
      1674, 1435, 1672, -1,
      1674, 1672, 1675, -1,
      1675, 1672, 1671, -1,
      1675, 1671, 1676, -1,
      1676, 1671, 1670, -1,
      1676, 1670, 1677, -1,
      1677, 1670, 1455, -1,
      1677, 1455, 1678, -1,
      1678, 1455, 1454, -1,
      1678, 1450, 1677, -1,
      1677, 1450, 1452, -1,
      1677, 1452, 1676, -1,
      1676, 1452, 1534, -1,
      1676, 1534, 1675, -1,
      1675, 1534, 1536, -1,
      1675, 1536, 1674, -1,
      1674, 1536, 1538, -1,
      1674, 1538, 1673, -1,
      1673, 1538, 1540, -1,
      1673, 1540, 859, -1,
      859, 1540, 861, -1,
      1434, 865, 1540, -1,
      1540, 865, 863, -1,
      1540, 863, 861, -1,
      869, 867, 1679, -1,
      1679, 867, 1434, -1,
      1679, 1434, 1680, -1,
      1680, 1434, 1539, -1,
      1680, 1539, 1681, -1,
      1681, 1539, 1537, -1,
      1681, 1537, 1682, -1,
      1682, 1537, 1535, -1,
      1682, 1535, 1449, -1,
      1449, 1535, 1533, -1,
      1449, 1533, 1476, -1,
      1476, 1533, 1532, -1,
      1448, 1541, 1449, -1,
      1449, 1541, 1542, -1,
      1449, 1542, 1682, -1,
      1682, 1542, 1543, -1,
      1682, 1543, 1681, -1,
      1681, 1543, 1545, -1,
      1681, 1545, 1680, -1,
      1680, 1545, 1547, -1,
      1680, 1547, 1679, -1,
      1679, 1547, 1549, -1,
      1679, 1549, 869, -1,
      869, 1549, 871, -1,
      1433, 875, 1549, -1,
      1549, 875, 873, -1,
      1549, 873, 871, -1,
      1445, 1, 1446, -1,
      1446, 1, 1443, -1,
      1446, 1443, 1544, -1,
      1544, 1443, 1683, -1,
      1544, 1683, 1546, -1,
      1546, 1683, 1684, -1,
      1546, 1684, 1548, -1,
      1548, 1684, 1685, -1,
      1548, 1685, 1433, -1,
      1433, 1685, 1432, -1,
      1433, 1432, 876, -1,
      876, 1432, 832, -1,
      836, 834, 1686, -1,
      1686, 834, 1432, -1,
      1686, 1432, 1687, -1,
      1687, 1432, 1685, -1,
      1687, 1685, 1688, -1,
      1688, 1685, 1684, -1,
      1688, 1684, 1689, -1,
      1689, 1684, 1683, -1,
      1689, 1683, 1690, -1,
      1690, 1683, 1443, -1,
      1690, 1443, 35, -1,
      35, 1443, 0, -1,
      35, 34, 1690, -1,
      1690, 34, 1550, -1,
      1690, 1550, 1689, -1,
      1689, 1550, 1552, -1,
      1689, 1552, 1688, -1,
      1688, 1552, 1554, -1,
      1688, 1554, 1687, -1,
      1687, 1554, 1556, -1,
      1687, 1556, 1686, -1,
      1686, 1556, 1558, -1,
      1686, 1558, 836, -1,
      836, 1558, 838, -1,
      1431, 842, 1558, -1,
      1558, 842, 840, -1,
      1558, 840, 838, -1,
      846, 844, 1691, -1,
      1691, 844, 1431, -1,
      1691, 1431, 1692, -1,
      1692, 1431, 1557, -1,
      1692, 1557, 1693, -1,
      1693, 1557, 1555, -1,
      1693, 1555, 1694, -1,
      1694, 1555, 1553, -1,
      1694, 1553, 1695, -1,
      1695, 1553, 1551, -1,
      1695, 1551, 5, -1,
      5, 1551, 6, -1,
      5, 46, 1695, -1,
      1695, 46, 1559, -1,
      1695, 1559, 1694, -1,
      1694, 1559, 1561, -1,
      1694, 1561, 1693, -1,
      1693, 1561, 1563, -1,
      1693, 1563, 1692, -1,
      1692, 1563, 1565, -1,
      1692, 1565, 1691, -1,
      1691, 1565, 1567, -1,
      1691, 1567, 846, -1,
      846, 1567, 848, -1,
      1430, 852, 1567, -1,
      1567, 852, 850, -1,
      1567, 850, 848, -1,
      1027, 1026, 1429, -1,
      1429, 1026, 1430, -1,
      1429, 1430, 1696, -1,
      1696, 1430, 1566, -1,
      1696, 1566, 1697, -1,
      1697, 1566, 1564, -1,
      1697, 1564, 1698, -1,
      1698, 1564, 1562, -1,
      1698, 1562, 1699, -1,
      1699, 1562, 1560, -1,
      1699, 1560, 44, -1,
      44, 1560, 45, -1,
      1031, 1029, 1700, -1,
      1700, 1029, 1429, -1,
      1700, 1429, 1701, -1,
      1701, 1429, 1696, -1,
      1701, 1696, 1702, -1,
      1702, 1696, 1697, -1,
      1702, 1697, 1703, -1,
      1703, 1697, 1698, -1,
      1703, 1698, 1704, -1,
      1704, 1698, 1699, -1,
      1704, 1699, 43, -1,
      43, 1699, 44, -1,
      43, 7, 1704, -1,
      1704, 7, 1568, -1,
      1704, 1568, 1703, -1,
      1703, 1568, 1570, -1,
      1703, 1570, 1702, -1,
      1702, 1570, 1572, -1,
      1702, 1572, 1701, -1,
      1701, 1572, 1574, -1,
      1701, 1574, 1700, -1,
      1700, 1574, 1576, -1,
      1700, 1576, 1031, -1,
      1031, 1576, 1033, -1,
      1428, 1015, 1576, -1,
      1576, 1015, 1035, -1,
      1576, 1035, 1033, -1,
      1018, 1016, 1705, -1,
      1705, 1016, 1428, -1,
      1705, 1428, 1706, -1,
      1706, 1428, 1575, -1,
      1706, 1575, 1707, -1,
      1707, 1575, 1573, -1,
      1707, 1573, 1708, -1,
      1708, 1573, 1571, -1,
      1708, 1571, 1709, -1,
      1709, 1571, 1569, -1,
      1709, 1569, 41, -1,
      41, 1569, 42, -1,
      41, 40, 1709, -1,
      1709, 40, 1577, -1,
      1709, 1577, 1708, -1,
      1708, 1577, 1579, -1,
      1708, 1579, 1707, -1,
      1707, 1579, 1581, -1,
      1707, 1581, 1706, -1,
      1706, 1581, 1583, -1,
      1706, 1583, 1705, -1,
      1705, 1583, 1585, -1,
      1705, 1585, 1018, -1,
      1018, 1585, 1020, -1,
      1427, 1024, 1585, -1,
      1585, 1024, 1022, -1,
      1585, 1022, 1020, -1,
      1004, 1025, 1426, -1,
      1426, 1025, 1427, -1,
      1426, 1427, 1710, -1,
      1710, 1427, 1584, -1,
      1710, 1584, 1711, -1,
      1711, 1584, 1582, -1,
      1711, 1582, 1712, -1,
      1712, 1582, 1580, -1,
      1712, 1580, 1713, -1,
      1713, 1580, 1578, -1,
      1713, 1578, 38, -1,
      38, 1578, 39, -1,
      1008, 1006, 1714, -1,
      1714, 1006, 1426, -1,
      1714, 1426, 1715, -1,
      1715, 1426, 1710, -1,
      1715, 1710, 1716, -1,
      1716, 1710, 1711, -1,
      1716, 1711, 1717, -1,
      1717, 1711, 1712, -1,
      1717, 1712, 1718, -1,
      1718, 1712, 1713, -1,
      1718, 1713, 33, -1,
      33, 1713, 38, -1,
      33, 32, 1718, -1,
      1718, 32, 1586, -1,
      1718, 1586, 1717, -1,
      1717, 1586, 1588, -1,
      1717, 1588, 1716, -1,
      1716, 1588, 1590, -1,
      1716, 1590, 1715, -1,
      1715, 1590, 1592, -1,
      1715, 1592, 1714, -1,
      1714, 1592, 1594, -1,
      1714, 1594, 1008, -1,
      1008, 1594, 1010, -1,
      1425, 992, 1594, -1,
      1594, 992, 1012, -1,
      1594, 1012, 1010, -1,
      995, 993, 1719, -1,
      1719, 993, 1425, -1,
      1719, 1425, 1720, -1,
      1720, 1425, 1593, -1,
      1720, 1593, 1721, -1,
      1721, 1593, 1591, -1,
      1721, 1591, 1722, -1,
      1722, 1591, 1589, -1,
      1722, 1589, 1723, -1,
      1723, 1589, 1587, -1,
      1723, 1587, 4, -1,
      4, 1587, 31, -1,
      4, 3, 1723, -1,
      1723, 3, 1595, -1,
      1723, 1595, 1722, -1,
      1722, 1595, 1597, -1,
      1722, 1597, 1721, -1,
      1721, 1597, 1599, -1,
      1721, 1599, 1720, -1,
      1720, 1599, 1601, -1,
      1720, 1601, 1719, -1,
      1719, 1601, 1603, -1,
      1719, 1603, 995, -1,
      995, 1603, 997, -1,
      1424, 1001, 1603, -1,
      1603, 1001, 999, -1,
      1603, 999, 997, -1,
      981, 1002, 1423, -1,
      1423, 1002, 1424, -1,
      1423, 1424, 1724, -1,
      1724, 1424, 1602, -1,
      1724, 1602, 1725, -1,
      1725, 1602, 1600, -1,
      1725, 1600, 1726, -1,
      1726, 1600, 1598, -1,
      1726, 1598, 1727, -1,
      1727, 1598, 1596, -1,
      1727, 1596, 29, -1,
      29, 1596, 30, -1,
      985, 983, 1728, -1,
      1728, 983, 1423, -1,
      1728, 1423, 1729, -1,
      1729, 1423, 1724, -1,
      1729, 1724, 1730, -1,
      1730, 1724, 1725, -1,
      1730, 1725, 1731, -1,
      1731, 1725, 1726, -1,
      1731, 1726, 1732, -1,
      1732, 1726, 1727, -1,
      1732, 1727, 18, -1,
      18, 1727, 29, -1,
      18, 17, 1732, -1,
      1732, 17, 1604, -1,
      1732, 1604, 1731, -1,
      1731, 1604, 1606, -1,
      1731, 1606, 1730, -1,
      1730, 1606, 1608, -1,
      1730, 1608, 1729, -1,
      1729, 1608, 1610, -1,
      1729, 1610, 1728, -1,
      1728, 1610, 1612, -1,
      1728, 1612, 985, -1,
      985, 1612, 987, -1,
      1422, 969, 1612, -1,
      1612, 969, 989, -1,
      1612, 989, 987, -1,
      972, 970, 1733, -1,
      1733, 970, 1422, -1,
      1733, 1422, 1734, -1,
      1734, 1422, 1611, -1,
      1734, 1611, 1735, -1,
      1735, 1611, 1609, -1,
      1735, 1609, 1736, -1,
      1736, 1609, 1607, -1,
      1736, 1607, 1737, -1,
      1737, 1607, 1605, -1,
      1737, 1605, 27, -1,
      27, 1605, 28, -1,
      27, 16, 1737, -1,
      1737, 16, 1613, -1,
      1737, 1613, 1736, -1,
      1736, 1613, 1615, -1,
      1736, 1615, 1735, -1,
      1735, 1615, 1617, -1,
      1735, 1617, 1734, -1,
      1734, 1617, 1619, -1,
      1734, 1619, 1733, -1,
      1733, 1619, 1621, -1,
      1733, 1621, 972, -1,
      972, 1621, 974, -1,
      1421, 978, 1621, -1,
      1621, 978, 976, -1,
      1621, 976, 974, -1,
      958, 979, 1420, -1,
      1420, 979, 1421, -1,
      1420, 1421, 1738, -1,
      1738, 1421, 1620, -1,
      1738, 1620, 1739, -1,
      1739, 1620, 1618, -1,
      1739, 1618, 1740, -1,
      1740, 1618, 1616, -1,
      1740, 1616, 1741, -1,
      1741, 1616, 1614, -1,
      1741, 1614, 14, -1,
      14, 1614, 15, -1,
      962, 960, 1742, -1,
      1742, 960, 1420, -1,
      1742, 1420, 1743, -1,
      1743, 1420, 1738, -1,
      1743, 1738, 1744, -1,
      1744, 1738, 1739, -1,
      1744, 1739, 1745, -1,
      1745, 1739, 1740, -1,
      1745, 1740, 1746, -1,
      1746, 1740, 1741, -1,
      1746, 1741, 13, -1,
      13, 1741, 14, -1,
      13, 12, 1746, -1,
      1746, 12, 1622, -1,
      1746, 1622, 1745, -1,
      1745, 1622, 1624, -1,
      1745, 1624, 1744, -1,
      1744, 1624, 1626, -1,
      1744, 1626, 1743, -1,
      1743, 1626, 1628, -1,
      1743, 1628, 1742, -1,
      1742, 1628, 1630, -1,
      1742, 1630, 962, -1,
      962, 1630, 964, -1,
      1419, 946, 1630, -1,
      1630, 946, 966, -1,
      1630, 966, 964, -1,
      949, 947, 1747, -1,
      1747, 947, 1419, -1,
      1747, 1419, 1748, -1,
      1748, 1419, 1629, -1,
      1748, 1629, 1749, -1,
      1749, 1629, 1627, -1,
      1749, 1627, 1750, -1,
      1750, 1627, 1625, -1,
      1750, 1625, 1751, -1,
      1751, 1625, 1623, -1,
      1751, 1623, 26, -1,
      26, 1623, 11, -1,
      26, 25, 1751, -1,
      1751, 25, 1631, -1,
      1751, 1631, 1750, -1,
      1750, 1631, 1633, -1,
      1750, 1633, 1749, -1,
      1749, 1633, 1635, -1,
      1749, 1635, 1748, -1,
      1748, 1635, 1637, -1,
      1748, 1637, 1747, -1,
      1747, 1637, 1639, -1,
      1747, 1639, 949, -1,
      949, 1639, 951, -1,
      1418, 955, 1639, -1,
      1639, 955, 953, -1,
      1639, 953, 951, -1,
      24, 23, 1632, -1,
      1632, 23, 1752, -1,
      1632, 1752, 1634, -1,
      1634, 1752, 1753, -1,
      1634, 1753, 1636, -1,
      1636, 1753, 1754, -1,
      1636, 1754, 1638, -1,
      1638, 1754, 1755, -1,
      1638, 1755, 1418, -1,
      1418, 1755, 1417, -1,
      1418, 1417, 956, -1,
      956, 1417, 935, -1,
      939, 937, 1756, -1,
      1756, 937, 1417, -1,
      1756, 1417, 1757, -1,
      1757, 1417, 1755, -1,
      1757, 1755, 1758, -1,
      1758, 1755, 1754, -1,
      1758, 1754, 1759, -1,
      1759, 1754, 1753, -1,
      1759, 1753, 1760, -1,
      1760, 1753, 1752, -1,
      1760, 1752, 22, -1,
      22, 1752, 23, -1,
      22, 10, 1760, -1,
      1760, 10, 1484, -1,
      1760, 1484, 1759, -1,
      1759, 1484, 1485, -1,
      1759, 1485, 1758, -1,
      1758, 1485, 1486, -1,
      1758, 1486, 1757, -1,
      1757, 1486, 1487, -1,
      1757, 1487, 1756, -1,
      1756, 1487, 1416, -1,
      1756, 1416, 939, -1,
      939, 1416, 941, -1,
      21, 1643, 1470, -1,
      1470, 1643, 1496, -1,
      1470, 1496, 1472, -1,
      1472, 1496, 1495, -1,
      1472, 1495, 1479, -1,
      1479, 1495, 1488, -1,
      1479, 1488, 1483, -1,
      1483, 1488, 1490, -1,
      1483, 1490, 1416, -1,
      1416, 1490, 923, -1,
      1416, 923, 943, -1,
    ]
  }
}

Shape {
  appearance Appearance {
    material Material {
      diffuseColor 0.0000 0.0000 0.0000
      specularColor 0.0000 0.0000 0.0000
      ambientIntensity 0.2
      transparency 0.0000
      shininess 0.5
    }
  }
  geometry IndexedFaceSet {
    ccw TRUE
    solid FALSE
    coord DEF co Coordinate {
      point [
        -0.574562 -0.478988 2.086614,
        0.574562 -0.478988 2.086614,
        -0.504620 -0.551439 2.086614,
        -0.548346 -0.508791 2.086614,
        -0.426009 -0.614233 2.086614,
        -0.436659 -0.607355 2.086614,
        -0.247100 -0.705602 2.086614,
        -0.307656 -0.681835 2.086614,
        -0.150055 -0.732168 2.086614,
        -0.166453 -0.729277 2.086614,
        0.050354 -0.746078 2.086614,
        -0.018649 -0.747799 2.086614,
        0.150001 -0.732078 2.086614,
        0.129894 -0.736667 2.086614,
        0.339822 -0.666301 2.086614,
        0.273287 -0.696323 2.086614,
        0.425814 -0.614007 2.086614,
        0.405842 -0.628366 2.086614,
        0.573025 -0.480826 2.086614,
        0.466390 -0.584835 2.086614,
        0.202597 -0.720073 2.086614,
        -0.093013 -0.742226 2.086614,
        -0.374016 -0.647814 2.086614,
        0.504471 -0.551228 2.086614,
        0.246975 -0.705163 2.086614,
        -0.050292 -0.745428 2.086614,
        -0.339430 -0.665545 2.086614,
        -0.494962 -0.560860 2.086614,
        0.522303 -0.535491 2.086614,
        0.341260 -0.665652 2.086614,
        0.055900 -0.745940 2.086614,
        -0.238238 -0.709080 2.086614,
        -0.505006 -0.551833 2.087008,
        -0.574562 -0.478988 2.087008,
        -0.426294 -0.614674 2.087008,
        -0.247252 -0.705987 2.087008,
        -0.339854 -0.666371 2.087008,
        -0.150167 -0.732804 2.087008,
        0.050360 -0.746334 2.087008,
        -0.050360 -0.746334 2.087008,
        0.150167 -0.732804 2.087008,
        0.339854 -0.666371 2.087008,
        0.247252 -0.705987 2.087008,
        0.505006 -0.551833 2.087008,
        0.426294 -0.614674 2.087008,
        0.574562 -0.478988 2.087008,
      ]
    }
    coordIndex [
      2, 32, 3, -1,
      3, 32, 33, -1,
      3, 33, 0, -1,
      2, 27, 32, -1,
      32, 27, 5, -1,
      32, 5, 34, -1,
      6, 35, 7, -1,
      7, 35, 36, -1,
      5, 4, 34, -1,
      34, 4, 22, -1,
      34, 22, 36, -1,
      36, 22, 26, -1,
      36, 26, 7, -1,
      6, 31, 35, -1,
      35, 31, 9, -1,
      35, 9, 37, -1,
      10, 38, 11, -1,
      11, 38, 39, -1,
      9, 8, 37, -1,
      37, 8, 21, -1,
      37, 21, 39, -1,
      39, 21, 25, -1,
      39, 25, 11, -1,
      10, 30, 38, -1,
      38, 30, 13, -1,
      38, 13, 40, -1,
      14, 41, 15, -1,
      15, 41, 42, -1,
      13, 12, 40, -1,
      40, 12, 20, -1,
      40, 20, 42, -1,
      42, 20, 24, -1,
      42, 24, 15, -1,
      23, 43, 19, -1,
      19, 43, 44, -1,
      14, 29, 41, -1,
      41, 29, 17, -1,
      41, 17, 44, -1,
      44, 17, 16, -1,
      44, 16, 19, -1,
      1, 45, 18, -1,
      18, 45, 43, -1,
      18, 43, 28, -1,
      28, 43, 23, -1,
      33, 45, 0, -1,
      0, 45, 1, -1,
      34, 45, 32, -1,
      32, 45, 33, -1,
      40, 42, 45, -1,
      34, 36, 45, -1,
      45, 36, 35, -1,
      45, 35, 37, -1,
      37, 39, 45, -1,
      45, 39, 38, -1,
      45, 38, 40, -1,
      42, 41, 45, -1,
      45, 41, 44, -1,
      45, 44, 43, -1,
    ]
  }
}

Shape {
  appearance Appearance {
    material Material {
      diffuseColor 1.0000 1.0000 1.0000
      specularColor 0.8784 0.8784 0.8784
      ambientIntensity 0.2
      transparency 0.0000
      shininess 0.5
    }
  }
  geometry IndexedFaceSet {
    ccw TRUE
    solid FALSE
    coord DEF co Coordinate {
      point [
        -0.009338 -0.063175 0.000000,
        -0.009338 -0.076138 0.000000,
        0.054039 -0.076138 0.000000,
        -0.006457 0.029009 0.000000,
        0.038194 0.029009 0.000000,
        0.038194 -0.009881 0.000000,
        0.077084 -0.070017 0.000000,
        0.077084 -0.057053 0.000000,
        0.054039 0.041972 0.000000,
        0.038194 -0.022844 0.000000,
        0.038194 -0.063175 0.000000,
        -0.003576 -0.022844 0.000000,
        -0.003576 -0.009881 0.000000,
        0.135586 -0.072129 0.000000,
        0.175030 -0.076138 0.000000,
        0.124138 -0.076069 0.000000,
        0.116529 -0.076858 0.000000,
        -0.006457 0.041972 0.000000,
        0.158713 0.010863 0.000000,
        0.151791 0.021906 0.000000,
        0.219681 0.041972 0.000000,
        0.116374 0.029143 0.000000,
        0.125215 0.025953 0.000000,
        0.079201 -0.058226 0.000000,
        0.133389 0.020484 0.000000,
        0.140522 0.012610 0.000000,
        0.149103 -0.018343 0.000000,
        0.147907 -0.031130 0.000000,
        0.144698 -0.041289 0.000000,
        0.118416 -0.063380 0.000000,
        0.107400 -0.064615 0.000000,
        0.127022 -0.060211 0.000000,
        0.134271 -0.055326 0.000000,
        0.139813 -0.049478 0.000000,
        0.091722 -0.062875 0.000000,
        0.145391 0.003491 0.000000,
        0.148539 -0.009154 0.000000,
        0.141128 0.032161 0.000000,
        0.235525 0.041972 0.000000,
        0.235525 -0.076138 0.000000,
        0.145087 -0.066062 0.000000,
        0.153958 -0.056722 0.000000,
        0.175030 -0.063175 0.000000,
        0.160250 -0.045492 0.000000,
        0.219681 -0.063175 0.000000,
        0.163805 -0.032990 0.000000,
        0.164947 -0.019311 0.000000,
        0.163248 -0.002519 0.000000,
        0.129909 0.038619 0.000000,
        0.116742 0.042444 0.000000,
        0.104879 0.043413 0.000000,
        0.090740 0.042437 0.000000,
        0.077084 0.038731 0.000000,
        0.077084 0.022887 0.000000,
        0.090388 0.028584 0.000000,
        0.104744 0.030449 0.000000,
        -0.136090 -0.076138 0.000000,
        -0.121550 -0.043767 0.000000,
        -0.114777 -0.054331 0.000000,
        -0.105055 -0.063639 0.000000,
        -0.092723 -0.070806 0.000000,
        -0.079113 -0.074863 0.000000,
        -0.064499 -0.076138 0.000000,
        -0.032383 -0.076138 0.000000,
        -0.032383 0.041972 0.000000,
        -0.065715 0.041972 0.000000,
        -0.109576 0.026572 0.000000,
        -0.117928 0.017311 0.000000,
        -0.180742 0.041972 0.000000,
        -0.123417 0.007153 0.000000,
        -0.225393 -0.076138 0.000000,
        -0.242678 -0.076138 0.000000,
        -0.196585 0.041972 0.000000,
        -0.082778 0.040148 0.000000,
        -0.096597 0.035296 0.000000,
        -0.109453 0.026680 0.000000,
        -0.153374 -0.076138 0.000000,
        -0.164650 -0.043009 0.000000,
        -0.213443 -0.043009 0.000000,
        -0.126590 -0.004484 0.000000,
        -0.127448 -0.015598 0.000000,
        -0.125791 -0.031404 0.000000,
        0.109583 -0.077578 0.000000,
        0.106353 -0.077523 0.000000,
        0.101609 -0.076858 0.000000,
        0.089674 -0.075186 0.000000,
        -0.196585 0.041972 0.003937,
        -0.242678 -0.076138 0.003937,
        -0.225393 -0.076138 0.003937,
        -0.213443 -0.043009 0.003937,
        -0.164650 -0.043009 0.003937,
        -0.153374 -0.076138 0.003937,
        -0.136090 -0.076138 0.003937,
        -0.180742 0.041972 0.003937,
        -0.168633 -0.030046 0.003937,
        -0.208131 -0.030046 0.003937,
        -0.186256 0.019286 0.003937,
        -0.187392 0.023383 0.003937,
        -0.188146 0.027569 0.003937,
        -0.188529 0.027569 0.003937,
        -0.189299 0.023395 0.003937,
        -0.190352 0.019286 0.003937,
        -0.168633 -0.030046 0.000000,
        -0.208131 -0.030046 0.000000,
        -0.186256 0.019286 0.000000,
        -0.187392 0.023383 0.000000,
        -0.188146 0.027569 0.000000,
        -0.188529 0.027569 0.000000,
        -0.189299 0.023395 0.000000,
        -0.190352 0.019286 0.000000,
        -0.064499 -0.076138 0.003937,
        -0.032383 -0.076138 0.003937,
        -0.032383 0.041972 0.003937,
        -0.065715 0.041972 0.003937,
        -0.127448 -0.015598 0.003937,
        -0.126590 -0.004484 0.003937,
        -0.123417 0.007153 0.003937,
        -0.117928 0.017311 0.003937,
        -0.109576 0.026572 0.003937,
        -0.109453 0.026680 0.003937,
        -0.096597 0.035296 0.003937,
        -0.082778 0.040148 0.003937,
        -0.079113 -0.074863 0.003937,
        -0.092723 -0.070806 0.003937,
        -0.105055 -0.063639 0.003937,
        -0.114777 -0.054331 0.003937,
        -0.121550 -0.043767 0.003937,
        -0.125791 -0.031404 0.003937,
        -0.103740 0.012446 0.003937,
        -0.098003 0.018538 0.003937,
        -0.089376 0.024111 0.003937,
        -0.079626 0.027523 0.003937,
        -0.065647 0.029009 0.003937,
        -0.048228 0.029009 0.003937,
        -0.048228 -0.063175 0.003937,
        -0.064994 -0.063175 0.003937,
        -0.077455 -0.062015 0.003937,
        -0.087394 -0.058913 0.003937,
        -0.095449 -0.054130 0.003937,
        -0.102074 -0.047586 0.003937,
        -0.107056 -0.039443 0.003937,
        -0.110519 -0.028341 0.003937,
        -0.111604 -0.015935 0.003937,
        -0.110600 -0.004180 0.003937,
        -0.107843 0.005161 0.003937,
        -0.065647 0.029009 0.000000,
        -0.048228 0.029009 0.000000,
        -0.079626 0.027523 0.000000,
        -0.089376 0.024111 0.000000,
        -0.098003 0.018538 0.000000,
        -0.103740 0.012446 0.000000,
        -0.107843 0.005161 0.000000,
        -0.110600 -0.004180 0.000000,
        -0.111604 -0.015935 0.000000,
        -0.110519 -0.028341 0.000000,
        -0.107056 -0.039443 0.000000,
        -0.102074 -0.047586 0.000000,
        -0.095449 -0.054130 0.000000,
        -0.087394 -0.058913 0.000000,
        -0.077455 -0.062015 0.000000,
        -0.064994 -0.063175 0.000000,
        -0.048228 -0.063175 0.000000,
        -0.009338 -0.063175 0.003937,
        -0.009338 -0.076138 0.003937,
        0.054039 -0.076138 0.003937,
        0.054039 0.041972 0.003937,
        -0.006457 0.041972 0.003937,
        -0.006457 0.029009 0.003937,
        0.038194 0.029009 0.003937,
        0.038194 -0.009881 0.003937,
        -0.003576 -0.009881 0.003937,
        -0.003576 -0.022844 0.003937,
        0.038194 -0.022844 0.003937,
        0.038194 -0.063175 0.003937,
        0.077084 -0.057053 0.003937,
        0.077084 -0.070017 0.003937,
        0.089674 -0.075186 0.003937,
        0.109583 -0.077578 0.003937,
        0.106353 -0.077523 0.003937,
        0.164947 -0.019311 0.003937,
        0.163805 -0.032990 0.003937,
        0.160250 -0.045492 0.003937,
        0.153958 -0.056722 0.003937,
        0.145087 -0.066062 0.003937,
        0.135586 -0.072129 0.003937,
        0.124138 -0.076069 0.003937,
        0.104879 0.043413 0.003937,
        0.116742 0.042444 0.003937,
        0.129909 0.038619 0.003937,
        0.141128 0.032161 0.003937,
        0.151791 0.021906 0.003937,
        0.158713 0.010863 0.003937,
        0.163248 -0.002519 0.003937,
        0.077084 0.038731 0.003937,
        0.090740 0.042437 0.003937,
        0.077084 0.022887 0.003937,
        0.104744 0.030449 0.003937,
        0.090388 0.028584 0.003937,
        0.149103 -0.018343 0.003937,
        0.148539 -0.009154 0.003937,
        0.145391 0.003491 0.003937,
        0.140522 0.012610 0.003937,
        0.133389 0.020484 0.003937,
        0.125215 0.025953 0.003937,
        0.116374 0.029143 0.003937,
        0.107400 -0.064615 0.003937,
        0.118416 -0.063380 0.003937,
        0.127022 -0.060211 0.003937,
        0.134271 -0.055326 0.003937,
        0.139813 -0.049478 0.003937,
        0.144698 -0.041289 0.003937,
        0.147907 -0.031130 0.003937,
        0.079201 -0.058226 0.003937,
        0.091722 -0.062875 0.003937,
        0.175030 -0.063175 0.003937,
        0.175030 -0.076138 0.003937,
        0.235525 -0.076138 0.003937,
        0.235525 0.041972 0.003937,
        0.219681 0.041972 0.003937,
        0.219681 -0.063175 0.003937,
      ]
    }
    coordIndex [
      86, 87, 72, -1,
      72, 87, 71, -1,
      87, 88, 71, -1,
      71, 88, 70, -1,
      88, 89, 70, -1,
      70, 89, 78, -1,
      89, 90, 78, -1,
      78, 90, 77, -1,
      90, 91, 77, -1,
      77, 91, 76, -1,
      91, 92, 76, -1,
      76, 92, 56, -1,
      92, 93, 56, -1,
      56, 93, 68, -1,
      93, 86, 68, -1,
      68, 86, 72, -1,
      94, 90, 95, -1,
      95, 90, 89, -1,
      96, 93, 94, -1,
      94, 93, 92, -1,
      94, 92, 90, -1,
      90, 92, 91, -1,
      96, 97, 93, -1,
      93, 97, 98, -1,
      93, 98, 86, -1,
      86, 98, 99, -1,
      86, 99, 100, -1,
      100, 101, 86, -1,
      86, 101, 95, -1,
      86, 95, 87, -1,
      87, 95, 89, -1,
      87, 89, 88, -1,
      94, 95, 102, -1,
      102, 95, 103, -1,
      96, 94, 104, -1,
      104, 94, 102, -1,
      96, 104, 105, -1,
      96, 105, 97, -1,
      97, 105, 106, -1,
      97, 106, 98, -1,
      99, 98, 107, -1,
      107, 98, 106, -1,
      99, 107, 108, -1,
      99, 108, 100, -1,
      100, 108, 109, -1,
      100, 109, 101, -1,
      95, 101, 103, -1,
      103, 101, 109, -1,
      110, 111, 62, -1,
      62, 111, 63, -1,
      111, 112, 63, -1,
      63, 112, 64, -1,
      112, 113, 64, -1,
      64, 113, 65, -1,
      114, 80, 79, -1,
      114, 79, 115, -1,
      115, 79, 69, -1,
      115, 69, 116, -1,
      116, 69, 67, -1,
      116, 67, 117, -1,
      117, 67, 66, -1,
      117, 66, 118, -1,
      118, 66, 75, -1,
      118, 75, 119, -1,
      119, 75, 74, -1,
      119, 74, 120, -1,
      120, 74, 73, -1,
      120, 73, 121, -1,
      121, 73, 65, -1,
      121, 65, 113, -1,
      110, 62, 61, -1,
      110, 61, 122, -1,
      122, 61, 60, -1,
      122, 60, 123, -1,
      123, 60, 59, -1,
      123, 59, 124, -1,
      124, 59, 58, -1,
      124, 58, 125, -1,
      125, 58, 57, -1,
      125, 57, 126, -1,
      126, 57, 81, -1,
      126, 81, 127, -1,
      127, 81, 80, -1,
      127, 80, 114, -1,
      116, 117, 128, -1,
      128, 117, 118, -1,
      128, 118, 129, -1,
      129, 118, 119, -1,
      129, 119, 130, -1,
      130, 119, 120, -1,
      130, 120, 131, -1,
      131, 120, 121, -1,
      131, 121, 132, -1,
      132, 121, 113, -1,
      132, 113, 133, -1,
      133, 113, 112, -1,
      133, 112, 134, -1,
      134, 112, 111, -1,
      134, 111, 135, -1,
      135, 111, 110, -1,
      135, 110, 136, -1,
      136, 110, 122, -1,
      136, 122, 137, -1,
      137, 122, 123, -1,
      137, 123, 138, -1,
      138, 123, 124, -1,
      138, 124, 139, -1,
      139, 124, 125, -1,
      139, 125, 140, -1,
      140, 125, 126, -1,
      140, 126, 141, -1,
      141, 126, 127, -1,
      141, 127, 142, -1,
      142, 127, 114, -1,
      142, 114, 143, -1,
      143, 114, 115, -1,
      143, 115, 144, -1,
      144, 115, 116, -1,
      144, 116, 128, -1,
      132, 133, 145, -1,
      145, 133, 146, -1,
      132, 145, 147, -1,
      132, 147, 131, -1,
      131, 147, 148, -1,
      131, 148, 130, -1,
      130, 148, 149, -1,
      130, 149, 129, -1,
      129, 149, 150, -1,
      129, 150, 128, -1,
      128, 150, 151, -1,
      128, 151, 144, -1,
      144, 151, 152, -1,
      144, 152, 143, -1,
      143, 152, 153, -1,
      143, 153, 142, -1,
      142, 153, 154, -1,
      142, 154, 141, -1,
      141, 154, 155, -1,
      141, 155, 140, -1,
      140, 155, 156, -1,
      140, 156, 139, -1,
      139, 156, 157, -1,
      139, 157, 138, -1,
      138, 157, 158, -1,
      138, 158, 137, -1,
      137, 158, 159, -1,
      137, 159, 136, -1,
      136, 159, 160, -1,
      136, 160, 135, -1,
      134, 135, 161, -1,
      161, 135, 160, -1,
      133, 134, 146, -1,
      146, 134, 161, -1,
      162, 163, 0, -1,
      0, 163, 1, -1,
      163, 164, 1, -1,
      1, 164, 2, -1,
      164, 165, 2, -1,
      2, 165, 8, -1,
      165, 166, 8, -1,
      8, 166, 17, -1,
      166, 167, 17, -1,
      17, 167, 3, -1,
      167, 168, 3, -1,
      3, 168, 4, -1,
      168, 169, 4, -1,
      4, 169, 5, -1,
      169, 170, 5, -1,
      5, 170, 12, -1,
      170, 171, 12, -1,
      12, 171, 11, -1,
      171, 172, 11, -1,
      11, 172, 9, -1,
      172, 173, 9, -1,
      9, 173, 10, -1,
      173, 162, 10, -1,
      10, 162, 0, -1,
      164, 163, 162, -1,
      162, 173, 164, -1,
      164, 173, 172, -1,
      164, 172, 165, -1,
      167, 166, 168, -1,
      168, 166, 165, -1,
      168, 165, 169, -1,
      169, 165, 172, -1,
      169, 172, 170, -1,
      170, 172, 171, -1,
      174, 175, 7, -1,
      7, 175, 6, -1,
      6, 175, 176, -1,
      177, 82, 83, -1,
      177, 83, 178, -1,
      178, 83, 84, -1,
      178, 84, 176, -1,
      176, 84, 85, -1,
      176, 85, 6, -1,
      179, 46, 45, -1,
      179, 45, 180, -1,
      180, 45, 43, -1,
      180, 43, 181, -1,
      181, 43, 41, -1,
      181, 41, 182, -1,
      182, 41, 40, -1,
      182, 40, 183, -1,
      183, 40, 13, -1,
      183, 13, 184, -1,
      184, 13, 15, -1,
      184, 15, 185, -1,
      185, 15, 177, -1,
      177, 15, 16, -1,
      177, 16, 82, -1,
      186, 50, 49, -1,
      186, 49, 187, -1,
      187, 49, 48, -1,
      187, 48, 188, -1,
      188, 48, 37, -1,
      188, 37, 189, -1,
      189, 37, 19, -1,
      189, 19, 190, -1,
      190, 19, 18, -1,
      190, 18, 191, -1,
      191, 18, 47, -1,
      191, 47, 192, -1,
      192, 47, 46, -1,
      192, 46, 179, -1,
      193, 52, 51, -1,
      193, 51, 194, -1,
      194, 51, 50, -1,
      194, 50, 186, -1,
      193, 195, 52, -1,
      52, 195, 53, -1,
      196, 55, 54, -1,
      196, 54, 197, -1,
      197, 54, 53, -1,
      197, 53, 195, -1,
      198, 26, 36, -1,
      198, 36, 199, -1,
      199, 36, 35, -1,
      199, 35, 200, -1,
      200, 35, 25, -1,
      200, 25, 201, -1,
      201, 25, 24, -1,
      201, 24, 202, -1,
      202, 24, 22, -1,
      202, 22, 203, -1,
      203, 22, 21, -1,
      203, 21, 204, -1,
      204, 21, 55, -1,
      204, 55, 196, -1,
      205, 30, 29, -1,
      205, 29, 206, -1,
      206, 29, 31, -1,
      206, 31, 207, -1,
      207, 31, 32, -1,
      207, 32, 208, -1,
      208, 32, 33, -1,
      208, 33, 209, -1,
      209, 33, 28, -1,
      209, 28, 210, -1,
      210, 28, 27, -1,
      210, 27, 211, -1,
      211, 27, 26, -1,
      211, 26, 198, -1,
      174, 7, 23, -1,
      174, 23, 212, -1,
      212, 23, 34, -1,
      212, 34, 213, -1,
      213, 34, 30, -1,
      213, 30, 205, -1,
      206, 177, 205, -1,
      205, 177, 178, -1,
      205, 178, 213, -1,
      213, 178, 176, -1,
      213, 176, 212, -1,
      212, 176, 175, -1,
      212, 175, 174, -1,
      195, 193, 197, -1,
      197, 193, 194, -1,
      197, 194, 196, -1,
      196, 194, 186, -1,
      196, 186, 204, -1,
      204, 186, 187, -1,
      204, 187, 203, -1,
      203, 187, 188, -1,
      203, 188, 202, -1,
      202, 188, 189, -1,
      202, 189, 201, -1,
      201, 189, 190, -1,
      201, 190, 200, -1,
      200, 190, 191, -1,
      200, 191, 199, -1,
      199, 191, 192, -1,
      199, 192, 198, -1,
      198, 192, 179, -1,
      198, 179, 211, -1,
      211, 179, 180, -1,
      211, 180, 210, -1,
      210, 180, 181, -1,
      210, 181, 209, -1,
      209, 181, 182, -1,
      209, 182, 208, -1,
      208, 182, 183, -1,
      208, 183, 207, -1,
      207, 183, 184, -1,
      207, 184, 206, -1,
      206, 184, 185, -1,
      206, 185, 177, -1,
      214, 215, 42, -1,
      42, 215, 14, -1,
      215, 216, 14, -1,
      14, 216, 39, -1,
      216, 217, 39, -1,
      39, 217, 38, -1,
      217, 218, 38, -1,
      38, 218, 20, -1,
      218, 219, 20, -1,
      20, 219, 44, -1,
      219, 214, 44, -1,
      44, 214, 42, -1,
      218, 217, 219, -1,
      219, 217, 216, -1,
      219, 216, 214, -1,
      214, 216, 215, -1,
    ]
  }
}

Shape {
  appearance Appearance {
    material Material {
      diffuseColor 0.1765 0.1765 0.1765
      specularColor 0.0510 0.0510 0.0510
      ambientIntensity 0.2
      transparency 0.0000
      shininess 0.5
    }
  }
  geometry IndexedFaceSet {
    ccw TRUE
    solid FALSE
    coord DEF co Coordinate {
      point [
        -0.168633 -0.030046 0.000000,
        -0.208131 -0.030046 0.000000,
        -0.186256 0.019286 0.000000,
        -0.187392 0.023383 0.000000,
        -0.188146 0.027569 0.000000,
        -0.188529 0.027569 0.000000,
        -0.189299 0.023395 0.000000,
        -0.190352 0.019286 0.000000,
        -0.065647 0.029009 0.000000,
        -0.048228 0.029009 0.000000,
        -0.079626 0.027523 0.000000,
        -0.089376 0.024111 0.000000,
        -0.098003 0.018538 0.000000,
        -0.103740 0.012446 0.000000,
        -0.107843 0.005161 0.000000,
        -0.110600 -0.004180 0.000000,
        -0.111604 -0.015935 0.000000,
        -0.110519 -0.028341 0.000000,
        -0.107056 -0.039443 0.000000,
        -0.102074 -0.047586 0.000000,
        -0.095449 -0.054130 0.000000,
        -0.087394 -0.058913 0.000000,
        -0.077455 -0.062015 0.000000,
        -0.064994 -0.063175 0.000000,
        -0.048228 -0.063175 0.000000,
      ]
    }
    coordIndex [
      0, 1, 2, -1,
      2, 1, 7, -1,
      2, 7, 3, -1,
      3, 7, 6, -1,
      3, 6, 4, -1,
      4, 6, 5, -1,
      9, 24, 8, -1,
      8, 24, 23, -1,
      8, 23, 22, -1,
      16, 15, 8, -1,
      8, 15, 14, -1,
      8, 14, 10, -1,
      22, 21, 8, -1,
      8, 21, 20, -1,
      8, 20, 19, -1,
      19, 18, 8, -1,
      8, 18, 17, -1,
      8, 17, 16, -1,
      13, 12, 14, -1,
      14, 12, 11, -1,
      14, 11, 10, -1,
    ]
  }
}
