#VRML V2.0 utf8

Shape {
  appearance Appearance {
    material Material {
      diffuseColor 0.2196 0.6863 0.0000
      specularColor 0.1098 0.3412 0.0000
      ambientIntensity 0.2
      transparency 0.0000
      shininess 0.5
    }
  }
  geometry IndexedFaceSet {
    ccw TRUE
    solid FALSE
    coord DEF co Coordinate {
      point [
        -0.112829 0.157480 0.000000,
        -0.210894 0.157480 0.000000,
        -0.210894 0.472441 0.000000,
        -0.836614 -0.472441 0.000000,
        -0.944882 -0.472441 0.000000,
        -0.944882 -0.442913 0.000000,
        -0.098425 -0.216535 0.000000,
        -0.112829 -0.054131 0.000000,
        -0.020405 -0.216535 0.000000,
        -0.020405 -0.054131 0.000000,
        0.051613 -0.216535 0.000000,
        0.051613 -0.054131 0.000000,
        -0.112829 -0.442913 0.000000,
        -0.098425 -0.413386 0.000000,
        -0.020405 -0.442913 0.000000,
        -0.020405 -0.413386 0.000000,
        0.051613 -0.442913 0.000000,
        0.051613 -0.413386 0.000000,
        0.116430 -0.442913 0.000000,
        0.098425 -0.413386 0.000000,
        0.472441 0.072260 0.000000,
        0.472441 0.157480 0.000000,
        0.531496 0.098425 0.000000,
        0.728346 0.072260 0.000000,
        0.728346 0.098425 0.000000,
        0.944882 0.157480 0.000000,
        0.944882 0.072260 0.000000,
        0.944882 0.045494 0.000000,
        0.728346 0.045494 0.000000,
        0.944882 -0.054131 0.000000,
        0.759843 -0.216535 0.000000,
        0.531496 -0.098425 0.000000,
        0.728346 -0.098425 0.000000,
        0.472441 -0.442913 0.000000,
        0.472441 -0.054131 0.000000,
        0.531496 -0.216535 0.000000,
        0.531496 -0.413386 0.000000,
        0.728346 -0.413386 0.000000,
        0.944882 -0.442913 0.000000,
        0.728346 -0.314961 0.000000,
        0.759843 -0.314961 0.000000,
        0.728346 -0.054131 0.000000,
        0.531496 0.072260 0.000000,
        0.531496 0.045494 0.000000,
        0.472441 0.045494 0.000000,
        0.531496 -0.054131 0.000000,
        -0.472441 -0.054131 0.000000,
        -0.472441 -0.442913 0.000000,
        -0.531496 -0.098425 0.000000,
        -0.531496 -0.216535 0.000000,
        -0.728346 -0.098425 0.000000,
        -0.836614 -0.054131 0.000000,
        -0.728346 -0.216535 0.000000,
        -0.836614 -0.442913 0.000000,
        -0.728346 -0.413386 0.000000,
        -0.531496 -0.413386 0.000000,
        -0.728346 -0.054131 0.000000,
        -0.836614 0.045494 0.000000,
        -0.728346 0.045494 0.000000,
        -0.836614 0.072260 0.000000,
        -0.728346 0.072260 0.000000,
        -0.728346 0.098425 0.000000,
        -0.836614 0.157480 0.000000,
        -0.531496 0.098425 0.000000,
        -0.472441 0.157480 0.000000,
        -0.531496 0.072260 0.000000,
        0.073413 -0.042479 0.000000,
        0.062980 -0.038604 0.000000,
        0.093957 0.034203 0.000000,
        0.061216 -0.048430 0.000000,
        0.061216 -0.037627 0.000000,
        0.051613 0.045494 0.000000,
        0.071707 -0.052738 0.000000,
        0.081653 -0.054131 0.000000,
        0.085606 -0.054685 0.000000,
        0.098425 -0.216535 0.000000,
        0.075680 0.045494 0.000000,
        0.072595 0.045281 0.000000,
        0.061216 0.042193 0.000000,
        0.061216 0.028990 0.000000,
        0.072302 0.033737 0.000000,
        0.084265 0.035291 0.000000,
        0.101324 0.031544 0.000000,
        0.113490 -0.031315 0.000000,
        0.108871 -0.036187 0.000000,
        0.102830 -0.040259 0.000000,
        0.095659 -0.042899 0.000000,
        0.086478 -0.043929 0.000000,
        0.118138 0.012826 0.000000,
        0.120761 0.002289 0.000000,
        0.116430 0.016025 0.000000,
        0.121231 -0.005369 0.000000,
        0.120234 -0.016024 0.000000,
        0.108137 0.026987 0.000000,
        0.114080 0.020425 0.000000,
        0.116430 -0.026385 0.000000,
        0.117560 -0.024490 0.000000,
        0.123471 0.028172 0.000000,
        0.116430 0.034944 0.000000,
        0.116430 0.045494 0.000000,
        0.114585 0.036718 0.000000,
        0.105236 0.042100 0.000000,
        0.094264 0.045287 0.000000,
        0.091729 0.045494 0.000000,
        0.116430 0.072260 0.000000,
        0.084378 0.046094 0.000000,
        0.051613 0.072260 0.000000,
        0.109967 -0.050190 0.000000,
        0.116430 -0.046063 0.000000,
        0.116430 -0.054131 0.000000,
        0.142837 -0.053531 0.000000,
        0.204893 -0.054131 0.000000,
        0.193250 -0.053531 0.000000,
        0.204893 0.045494 0.000000,
        0.193250 0.044894 0.000000,
        0.180046 0.044894 0.000000,
        0.117884 -0.045135 0.000000,
        0.125277 -0.037352 0.000000,
        0.142837 -0.042729 0.000000,
        0.130520 -0.027993 0.000000,
        0.180046 -0.042729 0.000000,
        0.133483 -0.017574 0.000000,
        0.134434 -0.006176 0.000000,
        0.133019 0.007818 0.000000,
        0.129240 0.018970 0.000000,
        0.088298 -0.054731 0.000000,
        0.094086 -0.054131 0.000000,
        0.100427 -0.053474 0.000000,
        0.944882 -0.472441 0.000000,
        0.472441 -0.472441 0.000000,
        0.204893 -0.442913 0.000000,
        0.204893 -0.472441 0.000000,
        0.116430 -0.472441 0.000000,
        0.051613 -0.472441 0.000000,
        -0.020405 -0.472441 0.000000,
        -0.472441 -0.472441 0.000000,
        -0.210894 -0.472441 0.000000,
        -0.210894 -0.442913 0.000000,
        -0.112829 -0.472441 0.000000,
        0.413386 -0.216535 0.000000,
        0.413386 -0.413386 0.000000,
        0.216535 -0.413386 0.000000,
        0.216535 -0.216535 0.000000,
        -0.210894 -0.054131 0.000000,
        -0.216535 -0.216535 0.000000,
        -0.413386 -0.216535 0.000000,
        -0.413386 -0.413386 0.000000,
        -0.216535 -0.413386 0.000000,
        -0.008402 0.044894 0.000000,
        -0.020405 0.045494 0.000000,
        -0.008402 0.034091 0.000000,
        -0.010803 -0.042729 0.000000,
        -0.010803 -0.053531 0.000000,
        0.042011 -0.053531 0.000000,
        0.042011 0.044894 0.000000,
        0.028807 -0.009120 0.000000,
        0.028807 -0.042729 0.000000,
        -0.006002 -0.009120 0.000000,
        -0.006002 0.001683 0.000000,
        0.028807 0.001683 0.000000,
        0.028807 0.034091 0.000000,
        -0.104313 -0.026555 0.000000,
        -0.107847 -0.016253 0.000000,
        -0.109228 -0.003081 0.000000,
        -0.098669 -0.035359 0.000000,
        -0.090567 -0.043116 0.000000,
        -0.080291 -0.049088 0.000000,
        -0.072003 0.043374 0.000000,
        -0.112829 0.045494 0.000000,
        -0.057783 0.044894 0.000000,
        -0.083519 0.039330 0.000000,
        -0.094232 0.032151 0.000000,
        -0.094335 0.032060 0.000000,
        -0.101295 0.024343 0.000000,
        -0.105869 0.015878 0.000000,
        -0.108513 0.006180 0.000000,
        -0.068949 -0.052468 0.000000,
        -0.056771 -0.053531 0.000000,
        -0.030008 -0.053531 0.000000,
        -0.030008 0.044894 0.000000,
        -0.130833 -0.053531 0.000000,
        -0.116430 -0.053531 0.000000,
        -0.166843 0.044894 0.000000,
        -0.205252 -0.053531 0.000000,
        -0.190849 -0.053531 0.000000,
        -0.180890 -0.025924 0.000000,
        -0.140230 -0.025924 0.000000,
        -0.472441 0.045494 0.000000,
        -0.210894 0.045494 0.000000,
        -0.153639 0.044894 0.000000,
        -0.472441 0.072260 0.000000,
        -0.210894 0.072260 0.000000,
        -0.112829 0.072260 0.000000,
        -0.020405 0.072260 0.000000,
        0.204893 0.072260 0.000000,
        0.204893 0.157480 0.000000,
        -0.531496 -0.054131 0.000000,
        -0.531496 0.045494 0.000000,
        -0.020405 0.157480 0.000000,
        0.051613 0.157480 0.000000,
        0.116430 0.157480 0.000000,
        0.531496 0.216535 0.000000,
        0.728346 0.216535 0.000000,
        0.531496 0.413386 0.000000,
        0.472441 0.472441 0.000000,
        0.728346 0.413386 0.000000,
        0.944882 0.472441 0.000000,
        0.204893 0.472441 0.000000,
        0.216535 0.413386 0.000000,
        0.216535 0.216535 0.000000,
        0.413386 0.413386 0.000000,
        0.413386 0.216535 0.000000,
        0.116430 0.472441 0.000000,
        -0.112829 0.472441 0.000000,
        -0.098425 0.216535 0.000000,
        -0.020405 0.216535 0.000000,
        0.051613 0.216535 0.000000,
        0.098425 0.216535 0.000000,
        0.098425 0.413386 0.000000,
        0.051613 0.472441 0.000000,
        0.051613 0.413386 0.000000,
        -0.020405 0.472441 0.000000,
        -0.020405 0.413386 0.000000,
        -0.098425 0.413386 0.000000,
        -0.216535 0.413386 0.000000,
        -0.216535 0.216535 0.000000,
        -0.413386 0.216535 0.000000,
        -0.413386 0.413386 0.000000,
        -0.472441 0.472441 0.000000,
        -0.531496 0.413386 0.000000,
        -0.531496 0.216535 0.000000,
        -0.728346 0.216535 0.000000,
        -0.728346 0.413386 0.000000,
        -0.836614 0.472441 0.000000,
        -0.944882 -0.054131 0.000000,
        -0.944882 0.045494 0.000000,
        -0.944882 0.072260 0.000000,
        -0.944882 0.157480 0.000000,
        -0.944882 0.472441 0.000000,
      ]
    }
    coordIndex [
      0, 1, 2, -1,
      3, 4, 5, -1,
      6, 7, 8, -1,
      8, 7, 9, -1,
      8, 9, 10, -1,
      10, 9, 11, -1,
      12, 13, 14, -1,
      14, 13, 15, -1,
      14, 15, 16, -1,
      16, 15, 17, -1,
      16, 17, 18, -1,
      18, 17, 19, -1,
      20, 21, 22, -1,
      23, 24, 25, -1,
      25, 26, 23, -1,
      23, 26, 27, -1,
      23, 27, 28, -1,
      28, 27, 29, -1,
      30, 31, 32, -1,
      33, 34, 35, -1,
      35, 36, 33, -1,
      33, 36, 37, -1,
      33, 37, 38, -1,
      38, 37, 39, -1,
      38, 39, 40, -1,
      40, 30, 38, -1,
      38, 30, 32, -1,
      38, 32, 29, -1,
      29, 32, 41, -1,
      29, 41, 28, -1,
      22, 42, 20, -1,
      20, 42, 43, -1,
      20, 43, 44, -1,
      44, 43, 45, -1,
      44, 45, 34, -1,
      34, 45, 31, -1,
      34, 31, 35, -1,
      35, 31, 30, -1,
      46, 47, 48, -1,
      48, 47, 49, -1,
      48, 49, 50, -1,
      51, 52, 53, -1,
      53, 52, 54, -1,
      53, 54, 47, -1,
      47, 54, 55, -1,
      47, 55, 49, -1,
      49, 52, 50, -1,
      50, 52, 51, -1,
      50, 51, 56, -1,
      56, 51, 57, -1,
      56, 57, 58, -1,
      58, 57, 59, -1,
      58, 59, 60, -1,
      60, 59, 61, -1,
      61, 59, 62, -1,
      61, 62, 63, -1,
      63, 62, 64, -1,
      63, 64, 65, -1,
      66, 67, 68, -1,
      69, 11, 70, -1,
      70, 11, 71, -1,
      69, 72, 11, -1,
      11, 72, 73, -1,
      11, 73, 10, -1,
      10, 73, 74, -1,
      10, 74, 75, -1,
      71, 76, 77, -1,
      77, 78, 71, -1,
      71, 78, 79, -1,
      71, 79, 70, -1,
      70, 79, 80, -1,
      70, 80, 67, -1,
      67, 80, 81, -1,
      67, 81, 68, -1,
      82, 83, 68, -1,
      68, 83, 84, -1,
      68, 84, 85, -1,
      85, 86, 68, -1,
      68, 86, 87, -1,
      68, 87, 66, -1,
      88, 89, 90, -1,
      90, 89, 91, -1,
      90, 91, 92, -1,
      82, 93, 83, -1,
      83, 93, 94, -1,
      83, 94, 95, -1,
      95, 94, 90, -1,
      95, 90, 96, -1,
      96, 90, 92, -1,
      97, 98, 99, -1,
      99, 98, 100, -1,
      99, 100, 101, -1,
      101, 102, 99, -1,
      99, 102, 103, -1,
      99, 103, 104, -1,
      104, 103, 105, -1,
      104, 105, 106, -1,
      107, 108, 109, -1,
      109, 108, 110, -1,
      109, 110, 111, -1,
      111, 110, 112, -1,
      111, 112, 113, -1,
      113, 112, 114, -1,
      113, 114, 115, -1,
      108, 116, 110, -1,
      110, 116, 117, -1,
      110, 117, 118, -1,
      118, 117, 119, -1,
      118, 119, 120, -1,
      119, 121, 120, -1,
      120, 121, 122, -1,
      120, 122, 115, -1,
      115, 122, 123, -1,
      115, 123, 124, -1,
      74, 125, 75, -1,
      75, 125, 126, -1,
      75, 126, 109, -1,
      109, 126, 127, -1,
      109, 127, 107, -1,
      38, 128, 33, -1,
      33, 128, 129, -1,
      33, 129, 130, -1,
      130, 129, 131, -1,
      130, 131, 18, -1,
      18, 131, 132, -1,
      18, 132, 16, -1,
      16, 132, 133, -1,
      16, 133, 14, -1,
      14, 133, 134, -1,
      14, 134, 12, -1,
      3, 53, 135, -1,
      135, 53, 47, -1,
      135, 47, 136, -1,
      136, 47, 137, -1,
      136, 137, 138, -1,
      139, 34, 140, -1,
      140, 34, 33, -1,
      140, 33, 141, -1,
      141, 33, 130, -1,
      141, 130, 142, -1,
      19, 75, 18, -1,
      18, 75, 109, -1,
      18, 109, 130, -1,
      130, 109, 111, -1,
      130, 111, 142, -1,
      142, 111, 139, -1,
      134, 138, 12, -1,
      12, 138, 137, -1,
      12, 137, 143, -1,
      143, 137, 144, -1,
      143, 144, 46, -1,
      46, 144, 145, -1,
      46, 145, 47, -1,
      47, 145, 146, -1,
      47, 146, 137, -1,
      137, 146, 147, -1,
      137, 147, 144, -1,
      148, 149, 71, -1,
      148, 150, 149, -1,
      149, 150, 151, -1,
      149, 151, 9, -1,
      9, 151, 152, -1,
      9, 152, 11, -1,
      11, 152, 153, -1,
      11, 153, 71, -1,
      71, 153, 154, -1,
      71, 154, 148, -1,
      155, 156, 157, -1,
      157, 156, 151, -1,
      157, 151, 158, -1,
      158, 151, 150, -1,
      158, 150, 159, -1,
      159, 150, 160, -1,
      161, 7, 162, -1,
      162, 7, 163, -1,
      161, 164, 7, -1,
      7, 164, 165, -1,
      7, 165, 166, -1,
      167, 168, 169, -1,
      169, 168, 149, -1,
      167, 170, 168, -1,
      168, 170, 171, -1,
      168, 171, 172, -1,
      172, 173, 168, -1,
      168, 173, 174, -1,
      168, 174, 175, -1,
      166, 176, 7, -1,
      7, 176, 177, -1,
      7, 177, 9, -1,
      9, 177, 178, -1,
      9, 178, 149, -1,
      149, 178, 179, -1,
      149, 179, 169, -1,
      180, 181, 7, -1,
      7, 181, 168, -1,
      7, 168, 163, -1,
      163, 168, 175, -1,
      182, 183, 143, -1,
      143, 183, 184, -1,
      185, 186, 184, -1,
      184, 186, 180, -1,
      184, 180, 143, -1,
      143, 180, 7, -1,
      143, 7, 12, -1,
      12, 7, 6, -1,
      12, 6, 13, -1,
      46, 187, 143, -1,
      143, 187, 188, -1,
      143, 188, 182, -1,
      182, 188, 168, -1,
      182, 168, 189, -1,
      189, 168, 181, -1,
      187, 190, 188, -1,
      188, 190, 191, -1,
      188, 191, 168, -1,
      168, 191, 192, -1,
      168, 192, 149, -1,
      149, 192, 193, -1,
      149, 193, 71, -1,
      71, 193, 106, -1,
      71, 106, 76, -1,
      76, 106, 105, -1,
      139, 111, 34, -1,
      34, 111, 113, -1,
      34, 113, 44, -1,
      44, 113, 194, -1,
      44, 194, 20, -1,
      20, 194, 195, -1,
      20, 195, 21, -1,
      48, 196, 46, -1,
      46, 196, 197, -1,
      46, 197, 187, -1,
      187, 197, 65, -1,
      187, 65, 190, -1,
      190, 65, 64, -1,
      190, 64, 191, -1,
      191, 64, 1, -1,
      191, 1, 192, -1,
      192, 1, 0, -1,
      192, 0, 193, -1,
      193, 0, 198, -1,
      193, 198, 106, -1,
      106, 198, 199, -1,
      106, 199, 104, -1,
      104, 199, 200, -1,
      21, 201, 202, -1,
      201, 21, 203, -1,
      203, 21, 204, -1,
      203, 204, 205, -1,
      205, 204, 206, -1,
      205, 206, 202, -1,
      202, 206, 25, -1,
      202, 25, 21, -1,
      21, 25, 24, -1,
      21, 24, 22, -1,
      207, 208, 209, -1,
      208, 207, 210, -1,
      210, 207, 204, -1,
      210, 204, 211, -1,
      211, 204, 21, -1,
      211, 21, 209, -1,
      209, 21, 195, -1,
      209, 195, 207, -1,
      124, 97, 115, -1,
      115, 97, 99, -1,
      115, 99, 113, -1,
      113, 99, 104, -1,
      113, 104, 194, -1,
      194, 104, 200, -1,
      194, 200, 195, -1,
      195, 200, 212, -1,
      195, 212, 207, -1,
      2, 213, 0, -1,
      0, 213, 214, -1,
      0, 214, 198, -1,
      198, 214, 215, -1,
      198, 215, 199, -1,
      199, 215, 216, -1,
      199, 216, 200, -1,
      200, 216, 217, -1,
      200, 217, 212, -1,
      212, 217, 218, -1,
      212, 218, 219, -1,
      219, 218, 220, -1,
      219, 220, 221, -1,
      221, 220, 222, -1,
      221, 222, 213, -1,
      213, 222, 223, -1,
      213, 223, 214, -1,
      224, 2, 225, -1,
      225, 2, 1, -1,
      225, 1, 226, -1,
      226, 1, 64, -1,
      226, 64, 227, -1,
      227, 64, 228, -1,
      227, 228, 224, -1,
      224, 228, 2, -1,
      229, 228, 230, -1,
      230, 228, 64, -1,
      230, 64, 231, -1,
      231, 64, 62, -1,
      231, 62, 232, -1,
      232, 62, 233, -1,
      232, 233, 229, -1,
      229, 233, 228, -1,
      3, 5, 53, -1,
      53, 5, 234, -1,
      53, 234, 51, -1,
      51, 234, 235, -1,
      51, 235, 57, -1,
      57, 235, 236, -1,
      57, 236, 59, -1,
      59, 236, 237, -1,
      59, 237, 62, -1,
      62, 237, 238, -1,
      62, 238, 233, -1,
    ]
  }
}

Shape {
  appearance Appearance {
    material Material {
      diffuseColor 0.2235 0.2235 0.2235
      specularColor 0.1137 0.1137 0.1137
      ambientIntensity 0.2
      transparency 0.0000
      shininess 0.5
    }
  }
  geometry IndexedFaceSet {
    ccw TRUE
    solid FALSE
    coord DEF co Coordinate {
      point [
        0.954742 -0.489494 0.078740,
        0.952436 -0.490631 0.078740,
        0.944882 -0.472441 0.078740,
        0.161775 -0.484704 0.078740,
        0.159430 -0.480967 0.078740,
        0.177165 -0.492126 0.078740,
        0.961935 0.482301 0.078740,
        0.963072 0.479995 0.078740,
        0.944882 0.472441 0.078740,
        0.956880 -0.488066 0.078740,
        0.157974 -0.476800 0.078740,
        0.157480 -0.472441 0.078740,
        0.944909 -0.492126 0.078740,
        0.950000 -0.491457 0.078740,
        0.960507 0.484439 0.078740,
        0.963898 0.477559 0.078740,
        0.964567 0.472468 0.078740,
        0.964567 -0.472468 0.078740,
        0.963898 -0.477559 0.078740,
        0.963072 -0.479995 0.078740,
        0.961935 -0.482301 0.078740,
        0.165182 0.488052 0.078740,
        0.157480 0.472441 0.078740,
        0.163246 0.486352 0.078740,
        0.158151 0.477516 0.078740,
        0.160118 0.482270 0.078740,
        0.950000 0.491457 0.078740,
        0.952436 0.490631 0.078740,
        0.954742 0.489494 0.078740,
        0.172785 -0.491632 0.078740,
        0.168624 -0.490174 0.078740,
        0.164892 -0.487826 0.078740,
        0.960507 -0.484439 0.078740,
        0.958813 -0.486372 0.078740,
        0.167323 0.489485 0.078740,
        0.169632 0.490626 0.078740,
        0.172070 0.491454 0.078740,
        0.956880 0.488066 0.078740,
        0.958813 0.486372 0.078740,
        0.174596 0.491957 0.078740,
        0.177165 0.492126 0.078740,
        0.944909 0.492126 0.078740,
        0.177165 0.129419 0.614173,
        0.236220 -0.386330 0.614173,
        0.236220 0.386330 0.614173,
        0.177165 -0.445385 0.614173,
        0.858770 -0.386330 0.614173,
        0.917826 -0.445385 0.614173,
        0.858770 0.386330 0.614173,
        0.917826 0.445385 0.614173,
        0.177165 0.445385 0.614173,
        -0.166481 -0.245991 0.614173,
        -0.153430 -0.218002 0.614173,
        -0.177165 0.129419 0.614173,
        -0.174474 -0.275820 0.614173,
        0.030765 -0.132111 0.614173,
        0.060594 -0.140104 0.614173,
        0.088583 -0.153155 0.614173,
        -0.135717 -0.192705 0.614173,
        -0.113880 -0.170868 0.614173,
        -0.088583 -0.153155 0.614173,
        0.113880 -0.170868 0.614173,
        0.135717 -0.192705 0.614173,
        0.153430 -0.218002 0.614173,
        -0.177165 -0.306585 0.614173,
        -0.236220 -0.386330 0.614173,
        -0.236220 0.386330 0.614173,
        -0.177165 0.445385 0.614173,
        -0.858770 0.386330 0.614173,
        -0.917826 0.445385 0.614173,
        -0.858770 -0.386330 0.614173,
        -0.917826 -0.445385 0.614173,
        -0.177165 -0.445385 0.614173,
        0.166481 -0.245991 0.614173,
        0.174474 -0.275820 0.614173,
        0.177165 -0.306585 0.614173,
        -0.060594 -0.140104 0.614173,
        -0.030765 -0.132111 0.614173,
        -0.000000 -0.129419 0.614173,
      ]
    }
    coordIndex [
      0, 1, 2, -1,
      3, 4, 5, -1,
      6, 7, 8, -1,
      0, 2, 9, -1,
      4, 10, 5, -1,
      5, 10, 11, -1,
      5, 11, 12, -1,
      12, 11, 2, -1,
      12, 2, 13, -1,
      13, 2, 1, -1,
      6, 8, 14, -1,
      7, 15, 8, -1,
      8, 15, 16, -1,
      8, 16, 2, -1,
      2, 16, 17, -1,
      17, 18, 2, -1,
      2, 18, 19, -1,
      2, 19, 20, -1,
      21, 22, 23, -1,
      23, 22, 24, -1,
      23, 24, 25, -1,
      26, 27, 8, -1,
      8, 27, 28, -1,
      29, 30, 5, -1,
      5, 30, 31, -1,
      5, 31, 3, -1,
      20, 32, 2, -1,
      2, 32, 33, -1,
      2, 33, 9, -1,
      21, 34, 22, -1,
      22, 34, 35, -1,
      22, 35, 36, -1,
      28, 37, 8, -1,
      8, 37, 38, -1,
      8, 38, 14, -1,
      36, 39, 22, -1,
      22, 39, 40, -1,
      22, 40, 8, -1,
      8, 40, 41, -1,
      8, 41, 26, -1,
      42, 43, 44, -1,
      43, 45, 46, -1,
      46, 45, 47, -1,
      46, 47, 48, -1,
      48, 47, 49, -1,
      48, 49, 44, -1,
      44, 49, 50, -1,
      44, 50, 42, -1,
      51, 52, 53, -1,
      51, 53, 54, -1,
      55, 56, 42, -1,
      42, 56, 57, -1,
      52, 58, 53, -1,
      53, 58, 59, -1,
      53, 59, 60, -1,
      57, 61, 42, -1,
      42, 61, 62, -1,
      42, 62, 63, -1,
      64, 54, 65, -1,
      65, 54, 53, -1,
      65, 53, 66, -1,
      66, 53, 67, -1,
      66, 67, 68, -1,
      68, 67, 69, -1,
      68, 69, 70, -1,
      70, 69, 71, -1,
      70, 71, 65, -1,
      65, 71, 72, -1,
      65, 72, 64, -1,
      63, 73, 42, -1,
      42, 73, 74, -1,
      42, 74, 43, -1,
      43, 74, 75, -1,
      43, 75, 45, -1,
      60, 76, 53, -1,
      53, 76, 77, -1,
      53, 77, 42, -1,
      42, 77, 78, -1,
      42, 78, 55, -1,
    ]
  }
}

Shape {
  appearance Appearance {
    material Material {
      diffuseColor 0.9059 0.7451 0.0000
      specularColor 0.4510 0.3725 0.0000
      ambientIntensity 0.2
      transparency 0.0000
      shininess 0.5
    }
  }
  geometry IndexedFaceSet {
    ccw TRUE
    solid FALSE
    coord DEF co Coordinate {
      point [
        -0.236220 -0.386330 0.614173,
        -0.236220 0.386330 0.614173,
        -0.858770 0.386330 0.614173,
        -0.858770 -0.386330 0.614173,
      ]
    }
    coordIndex [
      3, 0, 2, -1,
      2, 0, 1, -1,
    ]
  }
}

Shape {
  appearance Appearance {
    material Material {
      diffuseColor 0.2235 0.2235 0.2235
      specularColor 0.1137 0.1137 0.1137
      ambientIntensity 0.2
      transparency 0.0000
      shininess 0.5
    }
  }
  geometry IndexedFaceSet {
    ccw TRUE
    solid FALSE
    coord DEF co Coordinate {
      point [
        0.177165 0.492126 0.078740,
        0.944909 0.492126 0.078740,
        0.917826 0.465043 0.595519,
        0.177165 0.465043 0.595519,
        -0.917826 -0.465043 0.595519,
        -0.944909 -0.492126 0.078740,
        -0.177165 -0.465043 0.595519,
        -0.177165 -0.492126 0.078740,
      ]
    }
    coordIndex [
      2, 1, 3, -1,
      3, 1, 0, -1,
      4, 5, 6, -1,
      6, 5, 7, -1,
    ]
  }
}

Shape {
  appearance Appearance {
    material Material {
      diffuseColor 0.9059 0.7451 0.0000
      specularColor 0.4510 0.3725 0.0000
      ambientIntensity 0.2
      transparency 0.0000
      shininess 0.5
    }
  }
  geometry IndexedFaceSet {
    ccw TRUE
    solid FALSE
    coord DEF co Coordinate {
      point [
        0.236220 -0.386330 0.614173,
        0.236220 0.386330 0.614173,
        0.858770 -0.386330 0.614173,
        0.858770 0.386330 0.614173,
      ]
    }
    coordIndex [
      0, 2, 1, -1,
      1, 2, 3, -1,
    ]
  }
}

Shape {
  appearance Appearance {
    material Material {
      diffuseColor 0.2235 0.2235 0.2235
      specularColor 0.1137 0.1137 0.1137
      ambientIntensity 0.2
      transparency 0.0000
      shininess 0.5
    }
  }
  geometry IndexedFaceSet {
    ccw TRUE
    solid FALSE
    coord DEF co Coordinate {
      point [
        0.954742 -0.489494 0.078740,
        0.952436 -0.490631 0.078740,
        0.161775 -0.484704 0.078740,
        0.159430 -0.480967 0.078740,
        0.177165 -0.492126 0.078740,
        0.961935 0.482301 0.078740,
        0.963072 0.479995 0.078740,
        0.956880 -0.488066 0.078740,
        0.157974 -0.476800 0.078740,
        0.157480 -0.472441 0.078740,
        0.944909 -0.492126 0.078740,
        0.950000 -0.491457 0.078740,
        0.960507 0.484439 0.078740,
        0.963898 0.477559 0.078740,
        0.964567 0.472468 0.078740,
        0.964567 -0.472468 0.078740,
        0.963898 -0.477559 0.078740,
        0.963072 -0.479995 0.078740,
        0.961935 -0.482301 0.078740,
        0.165182 0.488052 0.078740,
        0.157480 0.472441 0.078740,
        0.163246 0.486352 0.078740,
        0.158151 0.477516 0.078740,
        0.160118 0.482270 0.078740,
        0.950000 0.491457 0.078740,
        0.952436 0.490631 0.078740,
        0.954742 0.489494 0.078740,
        0.172785 -0.491632 0.078740,
        0.168624 -0.490174 0.078740,
        0.164892 -0.487826 0.078740,
        0.960507 -0.484439 0.078740,
        0.958813 -0.486372 0.078740,
        0.167323 0.489485 0.078740,
        0.169632 0.490626 0.078740,
        0.172070 0.491454 0.078740,
        0.956880 0.488066 0.078740,
        0.958813 0.486372 0.078740,
        0.174596 0.491957 0.078740,
        0.177165 0.492126 0.078740,
        0.944909 0.492126 0.078740,
        0.177165 0.129419 0.614173,
        0.177165 -0.445385 0.614173,
        0.917826 -0.445385 0.614173,
        0.917826 0.445385 0.614173,
        0.177165 0.445385 0.614173,
        -0.166481 -0.245991 0.614173,
        -0.153430 -0.218002 0.614173,
        -0.177165 0.129419 0.614173,
        -0.174474 -0.275820 0.614173,
        0.030765 -0.132111 0.614173,
        0.060594 -0.140104 0.614173,
        0.088583 -0.153155 0.614173,
        -0.135717 -0.192705 0.614173,
        -0.113880 -0.170868 0.614173,
        -0.088583 -0.153155 0.614173,
        0.113880 -0.170868 0.614173,
        0.135717 -0.192705 0.614173,
        0.153430 -0.218002 0.614173,
        -0.177165 -0.306585 0.614173,
        -0.177165 0.445385 0.614173,
        -0.917826 0.445385 0.614173,
        -0.917826 -0.445385 0.614173,
        -0.177165 -0.445385 0.614173,
        0.166481 -0.245991 0.614173,
        0.174474 -0.275820 0.614173,
        0.177165 -0.306585 0.614173,
        -0.060594 -0.140104 0.614173,
        -0.030765 -0.132111 0.614173,
        -0.000000 -0.129419 0.614173,
        0.917826 0.465043 0.595519,
        0.177165 0.465043 0.595519,
        -0.917826 -0.465043 0.595519,
        -0.944909 -0.492126 0.078740,
        -0.177165 -0.465043 0.595519,
        -0.177165 -0.492126 0.078740,
        -0.954742 0.489494 0.078740,
        -0.952436 0.490631 0.078740,
        -0.944882 0.472441 0.078740,
        -0.961935 -0.482301 0.078740,
        -0.963072 -0.479995 0.078740,
        -0.944882 -0.472441 0.078740,
        -0.956880 0.488066 0.078740,
        -0.167323 0.489485 0.078740,
        -0.165182 0.488052 0.078740,
        -0.157480 0.472441 0.078740,
        -0.163246 0.486352 0.078740,
        -0.158151 0.477516 0.078740,
        -0.160118 0.482270 0.078740,
        -0.960507 -0.484439 0.078740,
        -0.963898 -0.477559 0.078740,
        -0.964567 -0.472468 0.078740,
        -0.964567 0.472468 0.078740,
        -0.157480 -0.472441 0.078740,
        -0.174596 0.491957 0.078740,
        -0.172070 0.491454 0.078740,
        -0.169632 0.490626 0.078740,
        -0.963898 0.477559 0.078740,
        -0.963072 0.479995 0.078740,
        -0.961935 0.482301 0.078740,
        -0.157974 -0.476800 0.078740,
        -0.159430 -0.480967 0.078740,
        -0.161775 -0.484704 0.078740,
        -0.950000 -0.491457 0.078740,
        -0.952436 -0.490631 0.078740,
        -0.954742 -0.489494 0.078740,
        -0.950000 0.491457 0.078740,
        -0.944909 0.492126 0.078740,
        -0.177165 0.492126 0.078740,
        -0.960507 0.484439 0.078740,
        -0.958813 0.486372 0.078740,
        -0.956880 -0.488066 0.078740,
        -0.958813 -0.486372 0.078740,
        -0.164892 -0.487826 0.078740,
        -0.168624 -0.490174 0.078740,
        -0.172785 -0.491632 0.078740,
        0.937484 -0.445385 0.595519,
        0.937484 0.445385 0.595519,
        -0.177165 0.465043 0.595519,
        -0.917826 0.465043 0.595519,
        -0.937484 -0.445385 0.595519,
        -0.937484 0.445385 0.595519,
        0.177165 -0.465043 0.595519,
        0.917826 -0.465043 0.595519,
        0.076557 0.383643 0.594488,
        0.093763 0.361220 0.594488,
        0.157480 0.445385 0.594488,
        0.093763 0.252953 0.594488,
        0.076557 0.230530 0.594488,
        0.157480 0.149104 0.594488,
        0.054134 0.213324 0.594488,
        -0.076557 0.230530 0.594488,
        -0.093763 0.252953 0.594488,
        -0.157480 0.149104 0.594488,
        0.054134 0.400849 0.594488,
        -0.054134 0.213324 0.594488,
        -0.093763 0.361220 0.594488,
        -0.076557 0.383643 0.594488,
        -0.157480 0.445385 0.594488,
        -0.054134 0.400849 0.594488,
        -0.028022 0.411665 0.594488,
        0.000000 0.415354 0.594488,
        0.028022 0.411665 0.594488,
        0.028022 0.202508 0.594488,
        -0.000000 0.198819 0.594488,
        -0.028022 0.202508 0.594488,
        0.104579 0.335108 0.594488,
        0.108268 0.307087 0.594488,
        0.104579 0.279065 0.594488,
        -0.104579 0.279065 0.594488,
        -0.108268 0.307087 0.594488,
        -0.104579 0.335108 0.594488,
        0.157480 0.472414 0.078740,
        -0.157480 0.472414 0.078740,
        0.157480 -0.445385 0.594488,
        -0.157480 -0.445385 0.594488,
        0.157480 -0.472414 0.078740,
        -0.157480 -0.472414 0.078740,
        -0.000000 -0.414852 0.594488,
        -0.028022 -0.411163 0.594488,
        -0.054134 -0.400347 0.594488,
        0.054134 -0.212822 0.594488,
        0.053861 -0.158602 0.594488,
        0.028022 -0.202006 0.594488,
        0.027346 -0.151497 0.594488,
        0.000000 -0.198317 0.594488,
        -0.076557 -0.383142 0.594488,
        -0.093763 -0.360719 0.594488,
        -0.157480 -0.306585 0.594488,
        0.000000 -0.149104 0.594488,
        -0.027346 -0.151497 0.594488,
        -0.028022 -0.202006 0.594488,
        -0.053861 -0.158602 0.594488,
        -0.054134 -0.212822 0.594488,
        -0.078740 -0.170203 0.594488,
        -0.076557 -0.230028 0.594488,
        0.076557 -0.230028 0.594488,
        0.101226 -0.185948 0.594488,
        0.078740 -0.170203 0.594488,
        -0.104579 -0.334607 0.594488,
        -0.108268 -0.306585 0.594488,
        -0.155088 -0.279239 0.594488,
        -0.104579 -0.278563 0.594488,
        -0.101226 -0.185948 0.594488,
        -0.120637 -0.205358 0.594488,
        -0.093763 -0.252451 0.594488,
        -0.136382 -0.227844 0.594488,
        -0.147983 -0.252723 0.594488,
        0.157480 -0.306585 0.594488,
        0.155088 -0.279239 0.594488,
        0.104579 -0.278563 0.594488,
        0.147983 -0.252723 0.594488,
        0.093763 -0.252451 0.594488,
        0.136382 -0.227844 0.594488,
        0.120637 -0.205358 0.594488,
        0.076557 -0.383142 0.594488,
        0.054134 -0.400347 0.594488,
        0.028022 -0.411163 0.594488,
        0.108268 -0.306585 0.594488,
        0.104579 -0.334607 0.594488,
        0.093763 -0.360719 0.594488,
        0.172785 -0.464550 0.595493,
        0.172100 -0.464310 0.595480,
        0.168624 -0.463096 0.595417,
        0.167391 -0.462322 0.595376,
        0.164892 -0.460754 0.595294,
        0.163343 -0.459207 0.595213,
        0.161775 -0.457641 0.595130,
        0.160217 -0.455165 0.595001,
        0.159430 -0.453914 0.594935,
        0.158218 -0.450456 0.594754,
        0.157974 -0.449759 0.594717,
        -0.157974 -0.449759 0.594717,
        -0.158218 -0.450456 0.594754,
        -0.159430 -0.453914 0.594935,
        -0.160217 -0.455165 0.595001,
        -0.161775 -0.457641 0.595130,
        -0.163343 -0.459207 0.595213,
        -0.164892 -0.460754 0.595294,
        -0.167391 -0.462322 0.595376,
        -0.168624 -0.463096 0.595417,
        -0.172100 -0.464310 0.595480,
        -0.172785 -0.464550 0.595493,
        0.157604 0.148981 0.596692,
        0.157974 0.148611 0.598869,
        0.157990 0.445385 0.598863,
        0.158585 0.148000 0.600990,
        0.159430 0.147155 0.603029,
        0.159442 0.445385 0.603022,
        0.168624 0.137961 0.612224,
        0.172785 0.133800 0.613680,
        0.172785 0.445385 0.613677,
        0.172759 0.445385 0.613674,
        0.168626 0.445385 0.612218,
        0.164892 0.141693 0.609879,
        0.168577 0.445385 0.612201,
        0.164896 0.445385 0.609871,
        0.161775 0.144810 0.606762,
        0.164830 0.445385 0.609829,
        0.161783 0.445385 0.606754,
        0.161709 0.445385 0.606679,
        0.159373 0.445385 0.602909,
        0.157939 0.445385 0.598713,
        0.160118 0.455214 0.595003,
        0.163246 0.459285 0.595217,
        0.158151 0.450472 0.594755,
        0.158154 0.450479 0.594755,
        0.172070 0.464373 0.595483,
        0.167323 0.462409 0.595380,
        0.163257 0.459293 0.595217,
        0.172077 0.464374 0.595483,
        -0.172077 0.464374 0.595483,
        -0.172070 0.464373 0.595483,
        -0.167323 0.462409 0.595380,
        -0.163257 0.459293 0.595217,
        -0.163246 0.459285 0.595217,
        -0.160118 0.455214 0.595003,
        -0.158154 0.450479 0.594755,
        -0.158151 0.450472 0.594755,
        -0.157939 0.445385 0.598713,
        -0.157604 0.148981 0.596692,
        -0.157990 0.445385 0.598863,
        -0.157974 0.148611 0.598869,
        -0.159373 0.445385 0.602909,
        -0.158585 0.148000 0.600990,
        -0.159442 0.445385 0.603022,
        -0.159430 0.147155 0.603029,
        -0.161709 0.445385 0.606679,
        -0.161775 0.144810 0.606762,
        -0.161783 0.445385 0.606754,
        -0.164892 0.141693 0.609879,
        -0.164830 0.445385 0.609829,
        -0.164896 0.445385 0.609871,
        -0.168624 0.137961 0.612224,
        -0.168577 0.445385 0.612201,
        -0.168626 0.445385 0.612218,
        -0.172785 0.133800 0.613680,
        -0.172759 0.445385 0.613674,
        -0.172785 0.445385 0.613677,
        0.168869 0.447607 0.612201,
        0.172909 0.446525 0.613674,
        0.173350 0.447588 0.613674,
        0.158594 0.450361 0.598713,
        0.160515 0.454998 0.598713,
        0.163570 0.458980 0.598713,
        0.167552 0.462035 0.598713,
        0.172189 0.463956 0.598713,
        0.177165 0.464611 0.598713,
        0.177165 0.449791 0.613674,
        0.176025 0.449641 0.613674,
        0.177165 0.450296 0.613496,
        0.174962 0.449201 0.613674,
        0.169727 0.449679 0.612201,
        0.174050 0.448500 0.613674,
        0.171092 0.451458 0.612201,
        0.172871 0.452823 0.612201,
        0.174943 0.453681 0.612201,
        0.165250 0.448578 0.609829,
        0.166483 0.451552 0.609829,
        0.168443 0.454107 0.609829,
        0.170998 0.456068 0.609829,
        0.173973 0.457300 0.609829,
        0.162236 0.449385 0.606679,
        0.177165 0.453974 0.612201,
        0.177165 0.454879 0.611628,
        0.177165 0.457720 0.609829,
        0.177165 0.458853 0.608686,
        0.173165 0.460314 0.606679,
        0.169437 0.458770 0.606679,
        0.166236 0.456314 0.606679,
        0.163780 0.453113 0.606679,
        0.159979 0.449990 0.602909,
        0.161756 0.454281 0.602909,
        0.164584 0.457966 0.602909,
        0.168269 0.460794 0.602909,
        0.172560 0.462571 0.602909,
        0.177165 0.460841 0.606679,
        0.177165 0.461972 0.604854,
        0.177165 0.463178 0.602909,
        0.177165 0.464045 0.600369,
        0.917826 0.450343 0.613539,
        0.917826 0.454926 0.611698,
        0.917826 0.450313 0.613543,
        0.917826 0.454980 0.611676,
        0.917826 0.458928 0.608758,
        0.917826 0.459000 0.608706,
        0.917826 0.462067 0.604910,
        0.917826 0.462142 0.604818,
        0.917826 0.464142 0.600400,
        0.917826 0.464203 0.600265,
        0.922905 0.464361 0.595749,
        0.922910 0.464359 0.595749,
        0.927639 0.462391 0.595894,
        0.927643 0.462389 0.595894,
        0.931707 0.459266 0.595943,
        0.934830 0.455202 0.595894,
        0.934832 0.455198 0.595894,
        0.936800 0.450469 0.595749,
        0.936802 0.450464 0.595749,
        0.921350 0.458536 0.608706,
        0.920309 0.454654 0.611676,
        0.919109 0.450174 0.613539,
        0.920304 0.449678 0.613539,
        0.922119 0.447863 0.613539,
        0.921331 0.448890 0.613539,
        0.922615 0.446668 0.613539,
        0.922696 0.463562 0.600265,
        0.927235 0.461682 0.600265,
        0.931132 0.458691 0.600265,
        0.934123 0.454794 0.600265,
        0.936003 0.450255 0.600265,
        0.936644 0.445385 0.600265,
        0.922754 0.445385 0.613543,
        0.922624 0.453695 0.611676,
        0.924611 0.452170 0.611676,
        0.926136 0.450183 0.611676,
        0.927094 0.447868 0.611676,
        0.922783 0.445385 0.613539,
        0.927367 0.445385 0.611698,
        0.927421 0.445385 0.611676,
        0.931369 0.445385 0.608758,
        0.924633 0.457176 0.608706,
        0.927453 0.455012 0.608706,
        0.929617 0.452193 0.608706,
        0.930977 0.448909 0.608706,
        0.922163 0.461571 0.604818,
        0.926204 0.459896 0.604818,
        0.929674 0.457233 0.604818,
        0.932337 0.453763 0.604818,
        0.934011 0.449722 0.604818,
        0.931441 0.445385 0.608706,
        0.934508 0.445385 0.604910,
        0.934583 0.445385 0.604818,
        0.936583 0.445385 0.600400,
        0.922754 -0.445385 0.613543,
        0.936644 -0.445385 0.600265,
        0.936583 -0.445385 0.600400,
        0.934583 -0.445385 0.604818,
        0.934508 -0.445385 0.604910,
        0.931441 -0.445385 0.608706,
        0.931369 -0.445385 0.608758,
        0.927421 -0.445385 0.611676,
        0.927367 -0.445385 0.611698,
        0.922783 -0.445385 0.613539,
        0.936899 -0.449746 0.595716,
        0.936802 -0.450464 0.595749,
        0.935392 -0.453853 0.595853,
        0.934832 -0.455198 0.595894,
        0.933044 -0.457525 0.595922,
        0.931707 -0.459266 0.595943,
        0.929966 -0.460604 0.595922,
        0.927639 -0.462391 0.595894,
        0.926294 -0.462951 0.595853,
        0.922905 -0.464361 0.595749,
        0.922187 -0.464458 0.595716,
        0.934163 -0.449113 0.604818,
        0.931100 -0.448415 0.608706,
        0.927181 -0.447520 0.611676,
        0.922659 -0.446488 0.613539,
        0.922293 -0.447536 0.613539,
        0.919977 -0.449852 0.613539,
        0.920917 -0.449261 0.613539,
        0.918929 -0.450218 0.613539,
        0.936172 -0.449572 0.600265,
        0.934780 -0.453550 0.600265,
        0.932539 -0.457118 0.600265,
        0.929559 -0.460098 0.600265,
        0.925991 -0.462339 0.600265,
        0.922013 -0.463731 0.600265,
        0.917826 -0.464203 0.600265,
        0.917826 -0.450313 0.613543,
        0.925328 -0.451368 0.611676,
        0.923808 -0.452887 0.611676,
        0.921989 -0.454030 0.611676,
        0.919961 -0.454740 0.611676,
        0.926471 -0.449548 0.611676,
        0.921702 -0.448476 0.613539,
        0.917826 -0.450343 0.613539,
        0.917826 -0.454926 0.611698,
        0.917826 -0.454980 0.611676,
        0.917826 -0.458928 0.608758,
        0.930093 -0.451292 0.608706,
        0.928470 -0.453874 0.608706,
        0.926315 -0.456030 0.608706,
        0.923733 -0.457652 0.608706,
        0.920856 -0.458659 0.608706,
        0.932923 -0.452655 0.604818,
        0.930927 -0.455833 0.604818,
        0.928274 -0.458486 0.604818,
        0.925096 -0.460482 0.604818,
        0.921554 -0.461722 0.604818,
        0.917826 -0.459000 0.608706,
        0.917826 -0.462067 0.604910,
        0.917826 -0.462142 0.604818,
        0.917826 -0.464142 0.600400,
        0.177165 -0.461972 0.604854,
        0.177165 -0.460841 0.606679,
        0.177165 -0.458853 0.608686,
        0.177165 -0.457720 0.609829,
        0.177165 -0.454879 0.611628,
        0.177165 -0.453974 0.612201,
        0.177165 -0.450296 0.613496,
        0.177165 -0.449791 0.613674,
        0.177165 -0.464611 0.598713,
        0.177165 -0.464045 0.600369,
        0.177165 -0.463178 0.602909,
        0.174962 -0.449201 0.613674,
        0.176025 -0.449641 0.613674,
        0.173350 -0.447588 0.613674,
        0.174050 -0.448500 0.613674,
        0.174943 -0.453681 0.612201,
        0.173973 -0.457300 0.609829,
        0.158227 -0.445385 0.599557,
        0.157939 -0.445385 0.598713,
        0.158594 -0.450361 0.598713,
        0.167552 -0.462035 0.598713,
        0.172189 -0.463956 0.598713,
        0.163570 -0.458980 0.598713,
        0.160515 -0.454998 0.598713,
        0.160216 -0.445385 0.604270,
        0.159373 -0.445385 0.602909,
        0.159979 -0.449990 0.602909,
        0.161756 -0.454281 0.602909,
        0.164584 -0.457966 0.602909,
        0.168269 -0.460794 0.602909,
        0.172560 -0.462571 0.602909,
        0.163335 -0.445385 0.608320,
        0.161709 -0.445385 0.606679,
        0.162236 -0.449385 0.606679,
        0.163780 -0.453113 0.606679,
        0.166236 -0.456314 0.606679,
        0.169437 -0.458770 0.606679,
        0.173165 -0.460314 0.606679,
        0.167381 -0.445385 0.611444,
        0.164830 -0.445385 0.609829,
        0.165250 -0.448578 0.609829,
        0.166483 -0.451552 0.609829,
        0.168443 -0.454107 0.609829,
        0.170998 -0.456068 0.609829,
        0.172093 -0.445385 0.613439,
        0.168577 -0.445385 0.612201,
        0.168869 -0.447607 0.612201,
        0.169727 -0.449679 0.612201,
        0.171092 -0.451458 0.612201,
        0.172871 -0.452823 0.612201,
        0.172759 -0.445385 0.613674,
        0.172909 -0.446525 0.613674,
        0.172785 -0.306585 0.613680,
        0.172093 -0.306585 0.613438,
        0.168624 -0.306585 0.612224,
        0.167381 -0.306585 0.611443,
        0.164892 -0.306585 0.609879,
        0.163333 -0.306585 0.608320,
        0.161775 -0.306585 0.606762,
        0.160211 -0.306585 0.604272,
        0.159430 -0.306585 0.603029,
        0.158216 -0.306585 0.599560,
        0.157974 -0.306585 0.598869,
        0.170160 -0.276581 0.613680,
        0.162365 -0.247489 0.613680,
        0.149636 -0.220192 0.613680,
        0.132361 -0.195521 0.613680,
        0.111064 -0.174224 0.613680,
        0.086393 -0.156948 0.613680,
        0.059096 -0.144220 0.613680,
        0.030004 -0.136425 0.613680,
        -0.000000 -0.133800 0.613680,
        0.166063 -0.277304 0.612224,
        0.158455 -0.248912 0.612224,
        0.146033 -0.222273 0.612224,
        0.129174 -0.198195 0.612224,
        0.108390 -0.177411 0.612224,
        0.084312 -0.160552 0.612224,
        0.057673 -0.148130 0.612224,
        0.029281 -0.140522 0.612224,
        -0.000000 -0.137961 0.612224,
        0.162387 -0.277952 0.609879,
        0.154948 -0.250189 0.609879,
        0.142801 -0.224139 0.609879,
        0.126315 -0.200594 0.609879,
        0.105991 -0.180270 0.609879,
        0.082446 -0.163784 0.609879,
        0.056396 -0.151637 0.609879,
        0.028633 -0.144198 0.609879,
        -0.000000 -0.141693 0.609879,
        0.159317 -0.278493 0.606762,
        0.152019 -0.251254 0.606762,
        0.140101 -0.225697 0.606762,
        0.123927 -0.202598 0.606762,
        0.103987 -0.182658 0.606762,
        0.080887 -0.166483 0.606762,
        0.055330 -0.154566 0.606762,
        0.028092 -0.147268 0.606762,
        -0.000000 -0.144810 0.606762,
        0.157007 -0.278900 0.603029,
        0.149815 -0.252057 0.603029,
        0.138070 -0.226870 0.603029,
        0.122130 -0.204106 0.603029,
        0.102480 -0.184455 0.603029,
        0.079715 -0.168515 0.603029,
        0.054528 -0.156770 0.603029,
        0.027685 -0.149577 0.603029,
        -0.000000 -0.147155 0.603029,
        0.155574 -0.279153 0.598869,
        0.148447 -0.252555 0.598869,
        0.136809 -0.227598 0.598869,
        0.121015 -0.205041 0.598869,
        0.101544 -0.185570 0.598869,
        0.078987 -0.169776 0.598869,
        0.054030 -0.158138 0.598869,
        0.027432 -0.151011 0.598869,
        -0.000000 -0.148611 0.598869,
        -0.027432 -0.151011 0.598869,
        -0.027685 -0.149577 0.603029,
        -0.028092 -0.147268 0.606762,
        -0.029281 -0.140522 0.612224,
        -0.030004 -0.136425 0.613680,
        -0.059096 -0.144220 0.613680,
        -0.086393 -0.156948 0.613680,
        -0.111064 -0.174224 0.613680,
        -0.132361 -0.195521 0.613680,
        -0.149636 -0.220192 0.613680,
        -0.162365 -0.247489 0.613680,
        -0.170160 -0.276581 0.613680,
        -0.172785 -0.306585 0.613680,
        -0.172093 -0.306585 0.613438,
        -0.166063 -0.277304 0.612224,
        -0.158455 -0.248912 0.612224,
        -0.146033 -0.222273 0.612224,
        -0.129174 -0.198195 0.612224,
        -0.108390 -0.177411 0.612224,
        -0.084312 -0.160552 0.612224,
        -0.057673 -0.148130 0.612224,
        -0.028633 -0.144198 0.609879,
        -0.056396 -0.151637 0.609879,
        -0.082446 -0.163784 0.609879,
        -0.105991 -0.180270 0.609879,
        -0.126315 -0.200594 0.609879,
        -0.142801 -0.224139 0.609879,
        -0.154948 -0.250189 0.609879,
        -0.162387 -0.277952 0.609879,
        -0.168624 -0.306585 0.612224,
        -0.167381 -0.306585 0.611443,
        -0.164892 -0.306585 0.609879,
        -0.163333 -0.306585 0.608320,
        -0.159317 -0.278493 0.606762,
        -0.152019 -0.251254 0.606762,
        -0.140101 -0.225697 0.606762,
        -0.123927 -0.202598 0.606762,
        -0.103987 -0.182658 0.606762,
        -0.080887 -0.166483 0.606762,
        -0.055330 -0.154566 0.606762,
        -0.054528 -0.156770 0.603029,
        -0.079715 -0.168515 0.603029,
        -0.102480 -0.184455 0.603029,
        -0.122130 -0.204106 0.603029,
        -0.138070 -0.226870 0.603029,
        -0.149815 -0.252057 0.603029,
        -0.157007 -0.278900 0.603029,
        -0.161775 -0.306585 0.606762,
        -0.160211 -0.306585 0.604272,
        -0.159430 -0.306585 0.603029,
        -0.158216 -0.306585 0.599560,
        -0.054030 -0.158138 0.598869,
        -0.078987 -0.169776 0.598869,
        -0.101544 -0.185570 0.598869,
        -0.121015 -0.205041 0.598869,
        -0.136809 -0.227598 0.598869,
        -0.148447 -0.252555 0.598869,
        -0.155574 -0.279153 0.598869,
        -0.157974 -0.306585 0.598869,
        -0.157939 -0.445385 0.598713,
        -0.158227 -0.445385 0.599557,
        -0.159373 -0.445385 0.602909,
        -0.160216 -0.445385 0.604270,
        -0.161709 -0.445385 0.606679,
        -0.163335 -0.445385 0.608320,
        -0.164830 -0.445385 0.609829,
        -0.167381 -0.445385 0.611444,
        -0.168577 -0.445385 0.612201,
        -0.172093 -0.445385 0.613439,
        -0.172759 -0.445385 0.613674,
        -0.173350 -0.447588 0.613674,
        -0.172909 -0.446525 0.613674,
        -0.174962 -0.449201 0.613674,
        -0.174050 -0.448500 0.613674,
        -0.168869 -0.447607 0.612201,
        -0.158594 -0.450361 0.598713,
        -0.160515 -0.454998 0.598713,
        -0.163570 -0.458980 0.598713,
        -0.167552 -0.462035 0.598713,
        -0.172189 -0.463956 0.598713,
        -0.177165 -0.464611 0.598713,
        -0.177165 -0.461972 0.604854,
        -0.177165 -0.463178 0.602909,
        -0.172560 -0.462571 0.602909,
        -0.177165 -0.464045 0.600369,
        -0.159979 -0.449990 0.602909,
        -0.161756 -0.454281 0.602909,
        -0.164584 -0.457966 0.602909,
        -0.168269 -0.460794 0.602909,
        -0.177165 -0.458853 0.608686,
        -0.177165 -0.460841 0.606679,
        -0.173165 -0.460314 0.606679,
        -0.169437 -0.458770 0.606679,
        -0.166236 -0.456314 0.606679,
        -0.163780 -0.453113 0.606679,
        -0.162236 -0.449385 0.606679,
        -0.177165 -0.454879 0.611628,
        -0.177165 -0.457720 0.609829,
        -0.173973 -0.457300 0.609829,
        -0.170998 -0.456068 0.609829,
        -0.168443 -0.454107 0.609829,
        -0.166483 -0.451552 0.609829,
        -0.165250 -0.448578 0.609829,
        -0.177165 -0.450296 0.613496,
        -0.177165 -0.453974 0.612201,
        -0.174943 -0.453681 0.612201,
        -0.172871 -0.452823 0.612201,
        -0.171092 -0.451458 0.612201,
        -0.169727 -0.449679 0.612201,
        -0.177165 -0.449791 0.613674,
        -0.176025 -0.449641 0.613674,
        -0.917826 -0.450343 0.613539,
        -0.917826 -0.454926 0.611698,
        -0.917826 -0.450313 0.613543,
        -0.917826 -0.454980 0.611676,
        -0.917826 -0.458928 0.608758,
        -0.917826 -0.459000 0.608706,
        -0.917826 -0.462067 0.604910,
        -0.917826 -0.462142 0.604818,
        -0.917826 -0.464142 0.600400,
        -0.917826 -0.464203 0.600265,
        -0.922905 -0.464361 0.595749,
        -0.922910 -0.464359 0.595749,
        -0.927639 -0.462391 0.595894,
        -0.927643 -0.462389 0.595894,
        -0.931707 -0.459266 0.595943,
        -0.934830 -0.455202 0.595894,
        -0.934832 -0.455198 0.595894,
        -0.936800 -0.450469 0.595749,
        -0.936802 -0.450464 0.595749,
        -0.921350 -0.458536 0.608706,
        -0.920309 -0.454654 0.611676,
        -0.919109 -0.450174 0.613539,
        -0.920304 -0.449678 0.613539,
        -0.922119 -0.447863 0.613539,
        -0.921331 -0.448890 0.613539,
        -0.922615 -0.446668 0.613539,
        -0.922696 -0.463562 0.600265,
        -0.927235 -0.461682 0.600265,
        -0.931132 -0.458691 0.600265,
        -0.934123 -0.454794 0.600265,
        -0.936003 -0.450255 0.600265,
        -0.936644 -0.445385 0.600265,
        -0.922754 -0.445385 0.613543,
        -0.922624 -0.453695 0.611676,
        -0.924611 -0.452170 0.611676,
        -0.926136 -0.450183 0.611676,
        -0.927094 -0.447868 0.611676,
        -0.922783 -0.445385 0.613539,
        -0.927367 -0.445385 0.611698,
        -0.927421 -0.445385 0.611676,
        -0.931369 -0.445385 0.608758,
        -0.924633 -0.457176 0.608706,
        -0.927453 -0.455012 0.608706,
        -0.929617 -0.452193 0.608706,
        -0.930977 -0.448909 0.608706,
        -0.922163 -0.461571 0.604818,
        -0.926204 -0.459896 0.604818,
        -0.929674 -0.457233 0.604818,
        -0.932337 -0.453763 0.604818,
        -0.934011 -0.449722 0.604818,
        -0.931441 -0.445385 0.608706,
        -0.934508 -0.445385 0.604910,
        -0.934583 -0.445385 0.604818,
        -0.936583 -0.445385 0.600400,
        -0.922754 0.445385 0.613543,
        -0.936644 0.445385 0.600265,
        -0.936583 0.445385 0.600400,
        -0.934583 0.445385 0.604818,
        -0.934508 0.445385 0.604910,
        -0.931441 0.445385 0.608706,
        -0.931369 0.445385 0.608758,
        -0.927421 0.445385 0.611676,
        -0.927367 0.445385 0.611698,
        -0.922783 0.445385 0.613539,
        -0.936802 0.450464 0.595749,
        -0.936800 0.450469 0.595749,
        -0.934832 0.455198 0.595894,
        -0.934830 0.455202 0.595894,
        -0.931707 0.459266 0.595943,
        -0.927643 0.462389 0.595894,
        -0.927639 0.462391 0.595894,
        -0.922910 0.464359 0.595749,
        -0.922905 0.464361 0.595749,
        -0.930977 0.448909 0.608706,
        -0.927094 0.447868 0.611676,
        -0.922615 0.446668 0.613539,
        -0.922119 0.447863 0.613539,
        -0.920304 0.449678 0.613539,
        -0.921331 0.448890 0.613539,
        -0.919109 0.450174 0.613539,
        -0.936003 0.450255 0.600265,
        -0.934123 0.454794 0.600265,
        -0.931132 0.458691 0.600265,
        -0.927235 0.461682 0.600265,
        -0.922696 0.463562 0.600265,
        -0.917826 0.464203 0.600265,
        -0.917826 0.450313 0.613543,
        -0.926136 0.450183 0.611676,
        -0.924611 0.452170 0.611676,
        -0.922624 0.453695 0.611676,
        -0.920309 0.454654 0.611676,
        -0.917826 0.450343 0.613539,
        -0.917826 0.454926 0.611698,
        -0.917826 0.454980 0.611676,
        -0.917826 0.458928 0.608758,
        -0.929617 0.452193 0.608706,
        -0.927453 0.455012 0.608706,
        -0.924633 0.457176 0.608706,
        -0.921350 0.458536 0.608706,
        -0.934011 0.449722 0.604818,
        -0.932337 0.453763 0.604818,
        -0.929674 0.457233 0.604818,
        -0.926204 0.459896 0.604818,
        -0.922163 0.461571 0.604818,
        -0.917826 0.459000 0.608706,
        -0.917826 0.462067 0.604910,
        -0.917826 0.462142 0.604818,
        -0.917826 0.464142 0.600400,
        -0.177165 0.464045 0.600369,
        -0.177165 0.461972 0.604854,
        -0.177165 0.460841 0.606679,
        -0.177165 0.458853 0.608686,
        -0.177165 0.457720 0.609829,
        -0.177165 0.454879 0.611628,
        -0.177165 0.453974 0.612201,
        -0.177165 0.450296 0.613496,
        -0.177165 0.449791 0.613674,
        -0.177165 0.463178 0.602909,
        -0.177165 0.464611 0.598713,
        -0.173165 0.460314 0.606679,
        -0.174943 0.453681 0.612201,
        -0.176025 0.449641 0.613674,
        -0.174962 0.449201 0.613674,
        -0.172909 0.446525 0.613674,
        -0.173350 0.447588 0.613674,
        -0.172189 0.463956 0.598713,
        -0.167552 0.462035 0.598713,
        -0.163570 0.458980 0.598713,
        -0.160515 0.454998 0.598713,
        -0.158594 0.450361 0.598713,
        -0.172871 0.452823 0.612201,
        -0.174050 0.448500 0.613674,
        -0.171092 0.451458 0.612201,
        -0.169727 0.449679 0.612201,
        -0.168869 0.447607 0.612201,
        -0.173973 0.457300 0.609829,
        -0.170998 0.456068 0.609829,
        -0.168443 0.454107 0.609829,
        -0.166483 0.451552 0.609829,
        -0.165250 0.448578 0.609829,
        -0.162236 0.449385 0.606679,
        -0.163780 0.453113 0.606679,
        -0.166236 0.456314 0.606679,
        -0.169437 0.458770 0.606679,
        -0.172560 0.462571 0.602909,
        -0.168269 0.460794 0.602909,
        -0.164584 0.457966 0.602909,
        -0.161756 0.454281 0.602909,
        -0.159979 0.449990 0.602909,
      ]
    }
    coordIndex [
      75, 76, 77, -1,
      78, 79, 80, -1,
      75, 77, 81, -1,
      82, 83, 84, -1,
      84, 83, 85, -1,
      84, 85, 86, -1,
      86, 85, 87, -1,
      78, 80, 88, -1,
      79, 89, 80, -1,
      80, 89, 90, -1,
      80, 90, 77, -1,
      77, 90, 91, -1,
      92, 74, 80, -1,
      80, 74, 72, -1,
      93, 94, 84, -1,
      84, 94, 95, -1,
      84, 95, 82, -1,
      91, 96, 77, -1,
      77, 96, 97, -1,
      77, 97, 98, -1,
      92, 99, 74, -1,
      74, 99, 100, -1,
      74, 100, 101, -1,
      72, 102, 80, -1,
      80, 102, 103, -1,
      80, 103, 104, -1,
      76, 105, 77, -1,
      77, 105, 106, -1,
      77, 106, 84, -1,
      84, 106, 107, -1,
      84, 107, 93, -1,
      98, 108, 77, -1,
      77, 108, 109, -1,
      77, 109, 81, -1,
      104, 110, 80, -1,
      80, 110, 111, -1,
      80, 111, 88, -1,
      101, 112, 74, -1,
      74, 112, 113, -1,
      74, 113, 114, -1,
      15, 14, 115, -1,
      115, 14, 116, -1,
      117, 107, 118, -1,
      118, 107, 106, -1,
      119, 120, 90, -1,
      90, 120, 91, -1,
      121, 4, 122, -1,
      122, 4, 10, -1,
      123, 124, 125, -1,
      126, 127, 128, -1,
      128, 127, 129, -1,
      130, 131, 132, -1,
      123, 125, 133, -1,
      130, 132, 134, -1,
      135, 136, 137, -1,
      137, 136, 138, -1,
      138, 139, 137, -1,
      137, 139, 140, -1,
      137, 140, 125, -1,
      125, 140, 141, -1,
      125, 141, 133, -1,
      129, 142, 128, -1,
      128, 142, 143, -1,
      128, 143, 132, -1,
      132, 143, 144, -1,
      132, 144, 134, -1,
      124, 145, 125, -1,
      125, 145, 146, -1,
      125, 146, 128, -1,
      128, 146, 147, -1,
      128, 147, 126, -1,
      131, 148, 132, -1,
      132, 148, 149, -1,
      132, 149, 137, -1,
      137, 149, 150, -1,
      137, 150, 135, -1,
      151, 152, 125, -1,
      125, 152, 137, -1,
      153, 154, 155, -1,
      155, 154, 156, -1,
      153, 157, 154, -1,
      154, 157, 158, -1,
      154, 158, 159, -1,
      160, 161, 162, -1,
      162, 161, 163, -1,
      162, 163, 164, -1,
      159, 165, 154, -1,
      154, 165, 166, -1,
      154, 166, 167, -1,
      163, 168, 164, -1,
      164, 168, 169, -1,
      164, 169, 170, -1,
      170, 169, 171, -1,
      170, 171, 172, -1,
      172, 171, 173, -1,
      172, 173, 174, -1,
      175, 176, 160, -1,
      160, 176, 177, -1,
      160, 177, 161, -1,
      166, 178, 167, -1,
      167, 178, 179, -1,
      167, 179, 180, -1,
      180, 179, 181, -1,
      173, 182, 174, -1,
      174, 182, 183, -1,
      174, 183, 184, -1,
      184, 183, 185, -1,
      184, 185, 181, -1,
      181, 185, 186, -1,
      181, 186, 180, -1,
      187, 188, 189, -1,
      189, 188, 190, -1,
      189, 190, 191, -1,
      191, 190, 192, -1,
      191, 192, 175, -1,
      175, 192, 193, -1,
      175, 193, 176, -1,
      194, 195, 153, -1,
      153, 195, 196, -1,
      153, 196, 157, -1,
      189, 197, 187, -1,
      187, 197, 198, -1,
      187, 198, 153, -1,
      153, 198, 199, -1,
      153, 199, 194, -1,
      28, 27, 200, -1,
      200, 27, 4, -1,
      200, 4, 121, -1,
      200, 201, 28, -1,
      28, 201, 202, -1,
      28, 202, 29, -1,
      202, 203, 29, -1,
      29, 203, 204, -1,
      29, 204, 2, -1,
      2, 204, 205, -1,
      205, 206, 2, -1,
      2, 206, 207, -1,
      2, 207, 3, -1,
      207, 208, 3, -1,
      3, 208, 209, -1,
      3, 209, 8, -1,
      8, 209, 210, -1,
      8, 210, 9, -1,
      9, 210, 153, -1,
      9, 153, 155, -1,
      156, 154, 92, -1,
      92, 154, 211, -1,
      92, 211, 99, -1,
      99, 211, 100, -1,
      211, 212, 100, -1,
      100, 212, 213, -1,
      100, 213, 101, -1,
      101, 213, 214, -1,
      214, 215, 101, -1,
      101, 215, 216, -1,
      101, 216, 112, -1,
      216, 217, 112, -1,
      112, 217, 218, -1,
      112, 218, 113, -1,
      218, 219, 113, -1,
      113, 219, 220, -1,
      113, 220, 114, -1,
      220, 221, 114, -1,
      114, 221, 73, -1,
      114, 73, 74, -1,
      222, 223, 224, -1,
      225, 226, 227, -1,
      228, 229, 230, -1,
      230, 229, 40, -1,
      230, 40, 44, -1,
      230, 231, 228, -1,
      228, 231, 232, -1,
      228, 232, 233, -1,
      232, 234, 233, -1,
      233, 234, 235, -1,
      233, 235, 236, -1,
      235, 237, 236, -1,
      236, 237, 238, -1,
      236, 238, 226, -1,
      226, 238, 239, -1,
      226, 239, 227, -1,
      225, 227, 223, -1,
      223, 227, 240, -1,
      223, 240, 224, -1,
      222, 224, 128, -1,
      128, 224, 241, -1,
      128, 241, 125, -1,
      23, 242, 243, -1,
      151, 125, 20, -1,
      20, 125, 244, -1,
      20, 244, 22, -1,
      22, 244, 23, -1,
      23, 244, 245, -1,
      23, 245, 242, -1,
      246, 33, 247, -1,
      247, 33, 32, -1,
      247, 32, 248, -1,
      248, 32, 19, -1,
      248, 19, 243, -1,
      243, 19, 21, -1,
      243, 21, 23, -1,
      70, 38, 249, -1,
      249, 38, 37, -1,
      249, 37, 246, -1,
      246, 37, 34, -1,
      246, 34, 33, -1,
      107, 117, 93, -1,
      93, 117, 250, -1,
      93, 250, 94, -1,
      94, 250, 251, -1,
      94, 251, 95, -1,
      95, 251, 252, -1,
      95, 252, 82, -1,
      82, 252, 83, -1,
      83, 252, 253, -1,
      83, 253, 85, -1,
      253, 254, 85, -1,
      85, 254, 255, -1,
      85, 255, 87, -1,
      87, 255, 256, -1,
      87, 256, 86, -1,
      86, 256, 257, -1,
      86, 257, 84, -1,
      84, 257, 137, -1,
      84, 137, 152, -1,
      132, 137, 258, -1,
      132, 258, 259, -1,
      259, 258, 260, -1,
      259, 260, 261, -1,
      261, 260, 262, -1,
      261, 262, 263, -1,
      263, 262, 264, -1,
      263, 264, 265, -1,
      265, 264, 266, -1,
      265, 266, 267, -1,
      267, 266, 268, -1,
      267, 268, 269, -1,
      268, 270, 269, -1,
      269, 270, 271, -1,
      269, 271, 272, -1,
      271, 273, 272, -1,
      272, 273, 274, -1,
      272, 274, 275, -1,
      275, 274, 276, -1,
      276, 277, 275, -1,
      275, 277, 59, -1,
      275, 59, 47, -1,
      278, 279, 280, -1,
      280, 279, 44, -1,
      230, 44, 279, -1,
      244, 281, 245, -1,
      245, 281, 282, -1,
      245, 282, 242, -1,
      242, 282, 243, -1,
      243, 282, 283, -1,
      243, 283, 248, -1,
      248, 283, 284, -1,
      248, 284, 247, -1,
      247, 284, 246, -1,
      246, 284, 285, -1,
      246, 285, 249, -1,
      249, 285, 286, -1,
      249, 286, 70, -1,
      235, 234, 278, -1,
      278, 234, 232, -1,
      278, 232, 279, -1,
      279, 232, 231, -1,
      279, 231, 230, -1,
      44, 287, 288, -1,
      288, 287, 289, -1,
      290, 44, 288, -1,
      291, 292, 293, -1,
      293, 292, 290, -1,
      293, 290, 294, -1,
      294, 290, 288, -1,
      294, 288, 295, -1,
      295, 288, 289, -1,
      296, 291, 297, -1,
      297, 291, 293, -1,
      297, 293, 298, -1,
      298, 293, 294, -1,
      298, 294, 299, -1,
      299, 294, 295, -1,
      299, 295, 300, -1,
      227, 239, 301, -1,
      301, 239, 238, -1,
      289, 302, 295, -1,
      295, 302, 303, -1,
      295, 303, 300, -1,
      300, 303, 304, -1,
      300, 304, 305, -1,
      305, 306, 300, -1,
      300, 306, 307, -1,
      300, 307, 299, -1,
      299, 307, 308, -1,
      299, 308, 298, -1,
      298, 308, 309, -1,
      298, 309, 297, -1,
      297, 309, 301, -1,
      297, 301, 296, -1,
      296, 301, 238, -1,
      296, 238, 237, -1,
      224, 240, 310, -1,
      310, 240, 227, -1,
      227, 301, 310, -1,
      310, 301, 309, -1,
      310, 309, 311, -1,
      311, 309, 308, -1,
      311, 308, 312, -1,
      312, 308, 307, -1,
      312, 307, 313, -1,
      313, 307, 306, -1,
      313, 306, 314, -1,
      292, 44, 290, -1,
      237, 235, 296, -1,
      296, 235, 278, -1,
      296, 278, 291, -1,
      291, 278, 280, -1,
      291, 280, 292, -1,
      292, 280, 44, -1,
      224, 281, 241, -1,
      241, 281, 244, -1,
      241, 244, 125, -1,
      305, 315, 306, -1,
      306, 315, 316, -1,
      306, 316, 314, -1,
      314, 316, 317, -1,
      314, 317, 318, -1,
      224, 310, 281, -1,
      281, 310, 311, -1,
      281, 311, 282, -1,
      282, 311, 312, -1,
      282, 312, 283, -1,
      283, 312, 313, -1,
      283, 313, 284, -1,
      284, 313, 314, -1,
      284, 314, 285, -1,
      285, 314, 318, -1,
      285, 318, 286, -1,
      319, 320, 303, -1,
      319, 303, 321, -1,
      303, 302, 321, -1,
      321, 302, 289, -1,
      321, 289, 43, -1,
      43, 289, 287, -1,
      43, 287, 44, -1,
      322, 323, 305, -1,
      322, 305, 320, -1,
      320, 305, 304, -1,
      320, 304, 303, -1,
      324, 325, 316, -1,
      324, 316, 323, -1,
      323, 316, 315, -1,
      323, 315, 305, -1,
      326, 327, 318, -1,
      326, 318, 325, -1,
      325, 318, 317, -1,
      325, 317, 316, -1,
      328, 69, 70, -1,
      328, 70, 327, -1,
      327, 70, 286, -1,
      327, 286, 318, -1,
      69, 329, 39, -1,
      39, 329, 24, -1,
      24, 329, 25, -1,
      25, 329, 330, -1,
      25, 330, 26, -1,
      26, 330, 331, -1,
      26, 331, 35, -1,
      35, 331, 332, -1,
      35, 332, 36, -1,
      36, 332, 333, -1,
      36, 333, 12, -1,
      12, 333, 334, -1,
      12, 334, 5, -1,
      5, 334, 335, -1,
      5, 335, 6, -1,
      6, 335, 336, -1,
      6, 336, 13, -1,
      336, 337, 13, -1,
      13, 337, 116, -1,
      13, 116, 14, -1,
      325, 324, 338, -1,
      339, 340, 341, -1,
      43, 342, 343, -1,
      344, 342, 43, -1,
      341, 340, 43, -1,
      321, 43, 340, -1,
      345, 330, 329, -1,
      330, 345, 331, -1,
      331, 345, 346, -1,
      331, 346, 332, -1,
      332, 346, 347, -1,
      332, 347, 333, -1,
      333, 347, 348, -1,
      333, 348, 334, -1,
      334, 348, 335, -1,
      335, 348, 349, -1,
      335, 349, 336, -1,
      336, 349, 337, -1,
      337, 349, 350, -1,
      337, 350, 116, -1,
      351, 344, 43, -1,
      323, 322, 339, -1,
      339, 322, 320, -1,
      339, 320, 340, -1,
      340, 320, 319, -1,
      340, 319, 321, -1,
      352, 343, 353, -1,
      353, 343, 342, -1,
      353, 342, 354, -1,
      354, 342, 344, -1,
      354, 344, 355, -1,
      351, 356, 344, -1,
      344, 356, 357, -1,
      344, 357, 355, -1,
      355, 357, 358, -1,
      355, 358, 359, -1,
      338, 352, 360, -1,
      360, 352, 353, -1,
      360, 353, 361, -1,
      361, 353, 354, -1,
      361, 354, 362, -1,
      362, 354, 355, -1,
      362, 355, 363, -1,
      363, 355, 359, -1,
      327, 326, 364, -1,
      364, 326, 325, -1,
      325, 338, 364, -1,
      364, 338, 360, -1,
      364, 360, 365, -1,
      365, 360, 361, -1,
      365, 361, 366, -1,
      366, 361, 362, -1,
      366, 362, 367, -1,
      367, 362, 363, -1,
      367, 363, 368, -1,
      324, 323, 338, -1,
      338, 323, 339, -1,
      338, 339, 352, -1,
      352, 339, 341, -1,
      352, 341, 343, -1,
      343, 341, 43, -1,
      327, 345, 328, -1,
      328, 345, 329, -1,
      328, 329, 69, -1,
      359, 369, 363, -1,
      363, 369, 370, -1,
      363, 370, 368, -1,
      368, 370, 371, -1,
      368, 371, 372, -1,
      327, 364, 345, -1,
      345, 364, 365, -1,
      345, 365, 346, -1,
      346, 365, 366, -1,
      346, 366, 347, -1,
      347, 366, 367, -1,
      347, 367, 348, -1,
      348, 367, 368, -1,
      348, 368, 349, -1,
      349, 368, 372, -1,
      349, 372, 350, -1,
      43, 42, 373, -1,
      115, 116, 374, -1,
      374, 116, 350, -1,
      374, 350, 375, -1,
      375, 350, 372, -1,
      375, 372, 376, -1,
      376, 372, 371, -1,
      376, 371, 377, -1,
      377, 371, 370, -1,
      377, 370, 378, -1,
      378, 370, 369, -1,
      378, 369, 379, -1,
      379, 369, 359, -1,
      379, 359, 380, -1,
      380, 359, 358, -1,
      380, 358, 381, -1,
      381, 358, 357, -1,
      381, 357, 382, -1,
      382, 357, 356, -1,
      382, 356, 373, -1,
      373, 356, 351, -1,
      373, 351, 43, -1,
      15, 115, 383, -1,
      15, 383, 16, -1,
      16, 383, 384, -1,
      16, 384, 17, -1,
      17, 384, 385, -1,
      17, 385, 18, -1,
      18, 385, 386, -1,
      18, 386, 30, -1,
      30, 386, 387, -1,
      30, 387, 31, -1,
      31, 387, 388, -1,
      31, 388, 7, -1,
      7, 388, 389, -1,
      7, 389, 0, -1,
      0, 389, 390, -1,
      0, 390, 1, -1,
      1, 390, 391, -1,
      1, 391, 11, -1,
      11, 391, 392, -1,
      11, 392, 10, -1,
      10, 392, 393, -1,
      10, 393, 122, -1,
      375, 376, 394, -1,
      377, 378, 395, -1,
      396, 397, 398, -1,
      42, 399, 400, -1,
      401, 399, 42, -1,
      398, 397, 42, -1,
      373, 42, 397, -1,
      383, 402, 384, -1,
      384, 402, 403, -1,
      384, 403, 385, -1,
      385, 403, 386, -1,
      386, 403, 404, -1,
      386, 404, 387, -1,
      387, 404, 388, -1,
      388, 404, 405, -1,
      388, 405, 389, -1,
      389, 405, 390, -1,
      390, 405, 406, -1,
      390, 406, 391, -1,
      391, 406, 392, -1,
      392, 406, 407, -1,
      392, 407, 393, -1,
      393, 407, 408, -1,
      393, 408, 122, -1,
      409, 401, 42, -1,
      379, 380, 396, -1,
      396, 380, 381, -1,
      396, 381, 397, -1,
      397, 381, 382, -1,
      397, 382, 373, -1,
      410, 400, 411, -1,
      411, 400, 399, -1,
      411, 399, 412, -1,
      412, 399, 401, -1,
      412, 401, 413, -1,
      378, 379, 395, -1,
      395, 379, 396, -1,
      395, 396, 414, -1,
      414, 396, 398, -1,
      414, 398, 415, -1,
      415, 398, 42, -1,
      409, 416, 401, -1,
      401, 416, 417, -1,
      401, 417, 413, -1,
      413, 417, 418, -1,
      413, 418, 419, -1,
      420, 410, 421, -1,
      421, 410, 411, -1,
      421, 411, 422, -1,
      422, 411, 412, -1,
      422, 412, 423, -1,
      423, 412, 413, -1,
      423, 413, 424, -1,
      424, 413, 419, -1,
      394, 420, 425, -1,
      425, 420, 421, -1,
      425, 421, 426, -1,
      426, 421, 422, -1,
      426, 422, 427, -1,
      427, 422, 423, -1,
      427, 423, 428, -1,
      428, 423, 424, -1,
      428, 424, 429, -1,
      376, 377, 394, -1,
      394, 377, 395, -1,
      394, 395, 420, -1,
      420, 395, 414, -1,
      420, 414, 410, -1,
      410, 414, 415, -1,
      410, 415, 400, -1,
      400, 415, 42, -1,
      383, 115, 402, -1,
      402, 115, 374, -1,
      402, 374, 375, -1,
      419, 430, 424, -1,
      424, 430, 431, -1,
      424, 431, 429, -1,
      429, 431, 432, -1,
      429, 432, 433, -1,
      375, 394, 402, -1,
      402, 394, 425, -1,
      402, 425, 403, -1,
      403, 425, 426, -1,
      403, 426, 404, -1,
      404, 426, 427, -1,
      404, 427, 405, -1,
      405, 427, 428, -1,
      405, 428, 406, -1,
      406, 428, 429, -1,
      406, 429, 407, -1,
      407, 429, 433, -1,
      407, 433, 408, -1,
      433, 432, 434, -1,
      434, 432, 431, -1,
      434, 431, 435, -1,
      435, 431, 430, -1,
      435, 430, 436, -1,
      436, 430, 419, -1,
      436, 419, 437, -1,
      437, 419, 418, -1,
      437, 418, 438, -1,
      438, 418, 417, -1,
      438, 417, 439, -1,
      439, 417, 416, -1,
      439, 416, 440, -1,
      440, 416, 409, -1,
      440, 409, 441, -1,
      441, 409, 42, -1,
      441, 42, 41, -1,
      121, 122, 442, -1,
      442, 122, 408, -1,
      442, 408, 443, -1,
      443, 408, 433, -1,
      443, 433, 444, -1,
      444, 433, 434, -1,
      445, 446, 41, -1,
      447, 448, 41, -1,
      440, 441, 446, -1,
      446, 441, 41, -1,
      448, 445, 41, -1,
      438, 439, 449, -1,
      436, 437, 450, -1,
      451, 452, 453, -1,
      200, 121, 442, -1,
      454, 202, 455, -1,
      455, 202, 201, -1,
      455, 201, 200, -1,
      206, 205, 456, -1,
      456, 205, 204, -1,
      456, 204, 454, -1,
      454, 204, 203, -1,
      454, 203, 202, -1,
      206, 456, 207, -1,
      207, 456, 457, -1,
      207, 457, 208, -1,
      208, 457, 453, -1,
      208, 453, 209, -1,
      209, 453, 210, -1,
      210, 453, 452, -1,
      210, 452, 153, -1,
      458, 459, 460, -1,
      460, 459, 451, -1,
      451, 453, 460, -1,
      460, 453, 457, -1,
      460, 457, 461, -1,
      461, 457, 456, -1,
      461, 456, 462, -1,
      462, 456, 454, -1,
      462, 454, 463, -1,
      463, 454, 455, -1,
      463, 455, 464, -1,
      465, 466, 467, -1,
      467, 466, 458, -1,
      200, 442, 455, -1,
      455, 442, 443, -1,
      455, 443, 464, -1,
      464, 443, 444, -1,
      464, 444, 434, -1,
      458, 460, 467, -1,
      467, 460, 461, -1,
      467, 461, 468, -1,
      468, 461, 462, -1,
      468, 462, 469, -1,
      469, 462, 463, -1,
      469, 463, 470, -1,
      470, 463, 464, -1,
      470, 464, 471, -1,
      471, 464, 434, -1,
      471, 434, 435, -1,
      472, 473, 474, -1,
      474, 473, 465, -1,
      465, 467, 474, -1,
      474, 467, 468, -1,
      474, 468, 475, -1,
      475, 468, 469, -1,
      475, 469, 476, -1,
      476, 469, 470, -1,
      476, 470, 477, -1,
      477, 470, 471, -1,
      477, 471, 450, -1,
      450, 471, 435, -1,
      450, 435, 436, -1,
      478, 479, 480, -1,
      480, 479, 472, -1,
      472, 474, 480, -1,
      480, 474, 475, -1,
      480, 475, 481, -1,
      481, 475, 476, -1,
      481, 476, 482, -1,
      482, 476, 477, -1,
      482, 477, 483, -1,
      483, 477, 450, -1,
      483, 450, 449, -1,
      449, 450, 437, -1,
      449, 437, 438, -1,
      41, 484, 485, -1,
      485, 484, 478, -1,
      447, 41, 485, -1,
      478, 480, 485, -1,
      485, 480, 481, -1,
      485, 481, 447, -1,
      447, 481, 482, -1,
      447, 482, 448, -1,
      448, 482, 483, -1,
      448, 483, 445, -1,
      445, 483, 449, -1,
      445, 449, 446, -1,
      446, 449, 439, -1,
      446, 439, 440, -1,
      41, 65, 484, -1,
      484, 65, 486, -1,
      484, 486, 478, -1,
      478, 486, 487, -1,
      478, 487, 479, -1,
      479, 487, 488, -1,
      479, 488, 472, -1,
      472, 488, 489, -1,
      472, 489, 473, -1,
      473, 489, 490, -1,
      473, 490, 465, -1,
      465, 490, 491, -1,
      465, 491, 466, -1,
      466, 491, 492, -1,
      466, 492, 458, -1,
      458, 492, 493, -1,
      458, 493, 459, -1,
      459, 493, 494, -1,
      459, 494, 451, -1,
      451, 494, 495, -1,
      451, 495, 452, -1,
      452, 495, 496, -1,
      452, 496, 153, -1,
      153, 496, 187, -1,
      487, 486, 497, -1,
      486, 65, 64, -1,
      486, 64, 497, -1,
      497, 64, 63, -1,
      497, 63, 498, -1,
      498, 63, 57, -1,
      498, 57, 499, -1,
      499, 57, 56, -1,
      499, 56, 500, -1,
      500, 56, 55, -1,
      500, 55, 501, -1,
      501, 55, 51, -1,
      501, 51, 502, -1,
      502, 51, 50, -1,
      502, 50, 503, -1,
      503, 50, 49, -1,
      503, 49, 504, -1,
      504, 49, 68, -1,
      504, 68, 505, -1,
      489, 488, 506, -1,
      506, 488, 487, -1,
      487, 497, 506, -1,
      506, 497, 498, -1,
      506, 498, 507, -1,
      507, 498, 499, -1,
      507, 499, 508, -1,
      508, 499, 500, -1,
      508, 500, 509, -1,
      509, 500, 501, -1,
      509, 501, 510, -1,
      510, 501, 502, -1,
      510, 502, 511, -1,
      511, 502, 503, -1,
      511, 503, 512, -1,
      512, 503, 504, -1,
      512, 504, 513, -1,
      513, 504, 505, -1,
      513, 505, 514, -1,
      491, 490, 515, -1,
      515, 490, 489, -1,
      489, 506, 515, -1,
      515, 506, 507, -1,
      515, 507, 516, -1,
      516, 507, 508, -1,
      516, 508, 517, -1,
      517, 508, 509, -1,
      517, 509, 518, -1,
      518, 509, 510, -1,
      518, 510, 519, -1,
      519, 510, 511, -1,
      519, 511, 520, -1,
      520, 511, 512, -1,
      520, 512, 521, -1,
      521, 512, 513, -1,
      521, 513, 522, -1,
      522, 513, 514, -1,
      522, 514, 523, -1,
      493, 492, 524, -1,
      524, 492, 491, -1,
      491, 515, 524, -1,
      524, 515, 516, -1,
      524, 516, 525, -1,
      525, 516, 517, -1,
      525, 517, 526, -1,
      526, 517, 518, -1,
      526, 518, 527, -1,
      527, 518, 519, -1,
      527, 519, 528, -1,
      528, 519, 520, -1,
      528, 520, 529, -1,
      529, 520, 521, -1,
      529, 521, 530, -1,
      530, 521, 522, -1,
      530, 522, 531, -1,
      531, 522, 523, -1,
      531, 523, 532, -1,
      495, 494, 533, -1,
      533, 494, 493, -1,
      493, 524, 533, -1,
      533, 524, 525, -1,
      533, 525, 534, -1,
      534, 525, 526, -1,
      534, 526, 535, -1,
      535, 526, 527, -1,
      535, 527, 536, -1,
      536, 527, 528, -1,
      536, 528, 537, -1,
      537, 528, 529, -1,
      537, 529, 538, -1,
      538, 529, 530, -1,
      538, 530, 539, -1,
      539, 530, 531, -1,
      539, 531, 540, -1,
      540, 531, 532, -1,
      540, 532, 541, -1,
      187, 496, 542, -1,
      542, 496, 495, -1,
      495, 533, 542, -1,
      542, 533, 534, -1,
      542, 534, 543, -1,
      543, 534, 535, -1,
      543, 535, 544, -1,
      544, 535, 536, -1,
      544, 536, 545, -1,
      545, 536, 537, -1,
      545, 537, 546, -1,
      546, 537, 538, -1,
      546, 538, 547, -1,
      547, 538, 539, -1,
      547, 539, 548, -1,
      548, 539, 540, -1,
      548, 540, 549, -1,
      549, 540, 541, -1,
      549, 541, 550, -1,
      187, 542, 188, -1,
      188, 542, 543, -1,
      188, 543, 190, -1,
      190, 543, 544, -1,
      190, 544, 192, -1,
      192, 544, 545, -1,
      192, 545, 193, -1,
      193, 545, 546, -1,
      193, 546, 176, -1,
      176, 546, 547, -1,
      176, 547, 177, -1,
      177, 547, 548, -1,
      177, 548, 161, -1,
      161, 548, 549, -1,
      161, 549, 163, -1,
      163, 549, 550, -1,
      163, 550, 168, -1,
      168, 550, 551, -1,
      550, 541, 552, -1,
      541, 532, 553, -1,
      523, 514, 554, -1,
      505, 68, 67, -1,
      505, 67, 555, -1,
      555, 67, 66, -1,
      555, 66, 556, -1,
      556, 66, 54, -1,
      556, 54, 557, -1,
      557, 54, 53, -1,
      557, 53, 558, -1,
      558, 53, 52, -1,
      558, 52, 559, -1,
      559, 52, 46, -1,
      559, 46, 560, -1,
      560, 46, 45, -1,
      560, 45, 561, -1,
      561, 45, 48, -1,
      561, 48, 562, -1,
      48, 58, 562, -1,
      562, 58, 563, -1,
      562, 563, 564, -1,
      564, 565, 562, -1,
      562, 565, 566, -1,
      562, 566, 561, -1,
      561, 566, 567, -1,
      561, 567, 560, -1,
      560, 567, 568, -1,
      560, 568, 559, -1,
      559, 568, 569, -1,
      559, 569, 558, -1,
      558, 569, 570, -1,
      558, 570, 557, -1,
      557, 570, 571, -1,
      557, 571, 556, -1,
      556, 571, 554, -1,
      556, 554, 555, -1,
      555, 554, 514, -1,
      555, 514, 505, -1,
      523, 554, 572, -1,
      572, 554, 571, -1,
      572, 571, 573, -1,
      573, 571, 570, -1,
      573, 570, 574, -1,
      574, 570, 569, -1,
      574, 569, 575, -1,
      575, 569, 568, -1,
      575, 568, 576, -1,
      576, 568, 567, -1,
      576, 567, 577, -1,
      577, 567, 566, -1,
      577, 566, 578, -1,
      578, 566, 565, -1,
      578, 565, 579, -1,
      564, 580, 565, -1,
      565, 580, 581, -1,
      565, 581, 579, -1,
      579, 581, 582, -1,
      579, 582, 583, -1,
      583, 584, 579, -1,
      579, 584, 585, -1,
      579, 585, 578, -1,
      578, 585, 586, -1,
      578, 586, 577, -1,
      577, 586, 587, -1,
      577, 587, 576, -1,
      576, 587, 588, -1,
      576, 588, 575, -1,
      575, 588, 589, -1,
      575, 589, 574, -1,
      574, 589, 590, -1,
      574, 590, 573, -1,
      573, 590, 553, -1,
      573, 553, 572, -1,
      572, 553, 532, -1,
      572, 532, 523, -1,
      541, 553, 552, -1,
      552, 553, 590, -1,
      552, 590, 591, -1,
      591, 590, 589, -1,
      591, 589, 592, -1,
      592, 589, 588, -1,
      592, 588, 593, -1,
      593, 588, 587, -1,
      593, 587, 594, -1,
      594, 587, 586, -1,
      594, 586, 595, -1,
      595, 586, 585, -1,
      595, 585, 596, -1,
      596, 585, 584, -1,
      596, 584, 597, -1,
      583, 598, 584, -1,
      584, 598, 599, -1,
      584, 599, 597, -1,
      597, 599, 600, -1,
      597, 600, 601, -1,
      550, 552, 551, -1,
      551, 552, 591, -1,
      551, 591, 602, -1,
      602, 591, 592, -1,
      602, 592, 603, -1,
      603, 592, 593, -1,
      603, 593, 604, -1,
      604, 593, 594, -1,
      604, 594, 605, -1,
      605, 594, 595, -1,
      605, 595, 606, -1,
      606, 595, 596, -1,
      606, 596, 607, -1,
      607, 596, 597, -1,
      607, 597, 608, -1,
      608, 597, 601, -1,
      608, 601, 609, -1,
      168, 551, 169, -1,
      169, 551, 602, -1,
      169, 602, 171, -1,
      171, 602, 603, -1,
      171, 603, 173, -1,
      173, 603, 604, -1,
      173, 604, 182, -1,
      182, 604, 605, -1,
      182, 605, 183, -1,
      183, 605, 606, -1,
      183, 606, 185, -1,
      185, 606, 607, -1,
      185, 607, 186, -1,
      186, 607, 608, -1,
      186, 608, 180, -1,
      180, 608, 609, -1,
      180, 609, 167, -1,
      154, 167, 610, -1,
      610, 167, 609, -1,
      610, 609, 611, -1,
      611, 609, 601, -1,
      611, 601, 612, -1,
      612, 601, 600, -1,
      612, 600, 613, -1,
      613, 600, 599, -1,
      613, 599, 614, -1,
      614, 599, 598, -1,
      614, 598, 615, -1,
      615, 598, 583, -1,
      615, 583, 616, -1,
      616, 583, 582, -1,
      616, 582, 617, -1,
      617, 582, 581, -1,
      617, 581, 618, -1,
      618, 581, 580, -1,
      618, 580, 619, -1,
      619, 580, 564, -1,
      619, 564, 620, -1,
      620, 564, 563, -1,
      620, 563, 62, -1,
      62, 563, 58, -1,
      621, 622, 62, -1,
      623, 624, 62, -1,
      619, 620, 622, -1,
      622, 620, 62, -1,
      624, 621, 62, -1,
      617, 618, 625, -1,
      626, 212, 211, -1,
      212, 626, 213, -1,
      213, 626, 627, -1,
      213, 627, 214, -1,
      214, 627, 215, -1,
      215, 627, 628, -1,
      215, 628, 216, -1,
      216, 628, 217, -1,
      217, 628, 629, -1,
      217, 629, 218, -1,
      218, 629, 219, -1,
      219, 629, 630, -1,
      219, 630, 220, -1,
      220, 630, 221, -1,
      221, 630, 631, -1,
      221, 631, 73, -1,
      632, 633, 634, -1,
      634, 633, 635, -1,
      611, 626, 610, -1,
      610, 626, 211, -1,
      610, 211, 154, -1,
      611, 636, 626, -1,
      626, 636, 637, -1,
      626, 637, 627, -1,
      627, 637, 638, -1,
      627, 638, 628, -1,
      628, 638, 639, -1,
      628, 639, 629, -1,
      629, 639, 634, -1,
      629, 634, 630, -1,
      630, 634, 635, -1,
      630, 635, 631, -1,
      640, 641, 642, -1,
      642, 641, 632, -1,
      632, 634, 642, -1,
      642, 634, 639, -1,
      642, 639, 643, -1,
      643, 639, 638, -1,
      643, 638, 644, -1,
      644, 638, 637, -1,
      644, 637, 645, -1,
      645, 637, 636, -1,
      645, 636, 646, -1,
      647, 648, 649, -1,
      649, 648, 640, -1,
      611, 612, 636, -1,
      636, 612, 613, -1,
      636, 613, 646, -1,
      646, 613, 614, -1,
      646, 614, 615, -1,
      640, 642, 649, -1,
      649, 642, 643, -1,
      649, 643, 650, -1,
      650, 643, 644, -1,
      650, 644, 651, -1,
      651, 644, 645, -1,
      651, 645, 652, -1,
      652, 645, 646, -1,
      652, 646, 653, -1,
      653, 646, 615, -1,
      653, 615, 616, -1,
      654, 655, 656, -1,
      656, 655, 647, -1,
      647, 649, 656, -1,
      656, 649, 650, -1,
      656, 650, 657, -1,
      657, 650, 651, -1,
      657, 651, 658, -1,
      658, 651, 652, -1,
      658, 652, 659, -1,
      659, 652, 653, -1,
      659, 653, 625, -1,
      625, 653, 616, -1,
      625, 616, 617, -1,
      62, 660, 661, -1,
      661, 660, 654, -1,
      623, 62, 661, -1,
      654, 656, 661, -1,
      661, 656, 657, -1,
      661, 657, 623, -1,
      623, 657, 658, -1,
      623, 658, 624, -1,
      624, 658, 659, -1,
      624, 659, 621, -1,
      621, 659, 625, -1,
      621, 625, 622, -1,
      622, 625, 618, -1,
      622, 618, 619, -1,
      662, 663, 647, -1,
      662, 647, 664, -1,
      647, 655, 664, -1,
      664, 655, 654, -1,
      664, 654, 61, -1,
      61, 654, 660, -1,
      61, 660, 62, -1,
      665, 666, 640, -1,
      665, 640, 663, -1,
      663, 640, 648, -1,
      663, 648, 647, -1,
      667, 668, 632, -1,
      667, 632, 666, -1,
      666, 632, 641, -1,
      666, 641, 640, -1,
      669, 670, 635, -1,
      669, 635, 668, -1,
      668, 635, 633, -1,
      668, 633, 632, -1,
      671, 71, 73, -1,
      671, 73, 670, -1,
      670, 73, 631, -1,
      670, 631, 635, -1,
      71, 672, 72, -1,
      72, 672, 102, -1,
      102, 672, 103, -1,
      103, 672, 673, -1,
      103, 673, 104, -1,
      104, 673, 674, -1,
      104, 674, 110, -1,
      110, 674, 675, -1,
      110, 675, 111, -1,
      111, 675, 676, -1,
      111, 676, 88, -1,
      88, 676, 677, -1,
      88, 677, 78, -1,
      78, 677, 678, -1,
      78, 678, 79, -1,
      79, 678, 679, -1,
      79, 679, 89, -1,
      679, 680, 89, -1,
      89, 680, 119, -1,
      89, 119, 90, -1,
      668, 667, 681, -1,
      682, 683, 684, -1,
      61, 685, 686, -1,
      687, 685, 61, -1,
      684, 683, 61, -1,
      664, 61, 683, -1,
      688, 673, 672, -1,
      673, 688, 674, -1,
      674, 688, 689, -1,
      674, 689, 675, -1,
      675, 689, 690, -1,
      675, 690, 676, -1,
      676, 690, 691, -1,
      676, 691, 677, -1,
      677, 691, 678, -1,
      678, 691, 692, -1,
      678, 692, 679, -1,
      679, 692, 680, -1,
      680, 692, 693, -1,
      680, 693, 119, -1,
      694, 687, 61, -1,
      666, 665, 682, -1,
      682, 665, 663, -1,
      682, 663, 683, -1,
      683, 663, 662, -1,
      683, 662, 664, -1,
      695, 686, 696, -1,
      696, 686, 685, -1,
      696, 685, 697, -1,
      697, 685, 687, -1,
      697, 687, 698, -1,
      694, 699, 687, -1,
      687, 699, 700, -1,
      687, 700, 698, -1,
      698, 700, 701, -1,
      698, 701, 702, -1,
      681, 695, 703, -1,
      703, 695, 696, -1,
      703, 696, 704, -1,
      704, 696, 697, -1,
      704, 697, 705, -1,
      705, 697, 698, -1,
      705, 698, 706, -1,
      706, 698, 702, -1,
      670, 669, 707, -1,
      707, 669, 668, -1,
      668, 681, 707, -1,
      707, 681, 703, -1,
      707, 703, 708, -1,
      708, 703, 704, -1,
      708, 704, 709, -1,
      709, 704, 705, -1,
      709, 705, 710, -1,
      710, 705, 706, -1,
      710, 706, 711, -1,
      667, 666, 681, -1,
      681, 666, 682, -1,
      681, 682, 695, -1,
      695, 682, 684, -1,
      695, 684, 686, -1,
      686, 684, 61, -1,
      670, 688, 671, -1,
      671, 688, 672, -1,
      671, 672, 71, -1,
      702, 712, 706, -1,
      706, 712, 713, -1,
      706, 713, 711, -1,
      711, 713, 714, -1,
      711, 714, 715, -1,
      670, 707, 688, -1,
      688, 707, 708, -1,
      688, 708, 689, -1,
      689, 708, 709, -1,
      689, 709, 690, -1,
      690, 709, 710, -1,
      690, 710, 691, -1,
      691, 710, 711, -1,
      691, 711, 692, -1,
      692, 711, 715, -1,
      692, 715, 693, -1,
      61, 60, 716, -1,
      120, 119, 717, -1,
      717, 119, 693, -1,
      717, 693, 718, -1,
      718, 693, 715, -1,
      718, 715, 719, -1,
      719, 715, 714, -1,
      719, 714, 720, -1,
      720, 714, 713, -1,
      720, 713, 721, -1,
      721, 713, 712, -1,
      721, 712, 722, -1,
      722, 712, 702, -1,
      722, 702, 723, -1,
      723, 702, 701, -1,
      723, 701, 724, -1,
      724, 701, 700, -1,
      724, 700, 725, -1,
      725, 700, 699, -1,
      725, 699, 716, -1,
      716, 699, 694, -1,
      716, 694, 61, -1,
      120, 726, 91, -1,
      91, 726, 96, -1,
      96, 726, 97, -1,
      97, 726, 727, -1,
      97, 727, 98, -1,
      98, 727, 728, -1,
      98, 728, 108, -1,
      108, 728, 729, -1,
      108, 729, 109, -1,
      109, 729, 730, -1,
      109, 730, 81, -1,
      81, 730, 731, -1,
      81, 731, 75, -1,
      75, 731, 732, -1,
      75, 732, 76, -1,
      76, 732, 733, -1,
      76, 733, 105, -1,
      733, 734, 105, -1,
      105, 734, 118, -1,
      105, 118, 106, -1,
      720, 721, 735, -1,
      736, 737, 738, -1,
      60, 739, 740, -1,
      741, 739, 60, -1,
      738, 737, 60, -1,
      716, 60, 737, -1,
      742, 727, 726, -1,
      727, 742, 728, -1,
      728, 742, 743, -1,
      728, 743, 729, -1,
      729, 743, 744, -1,
      729, 744, 730, -1,
      730, 744, 745, -1,
      730, 745, 731, -1,
      731, 745, 732, -1,
      732, 745, 746, -1,
      732, 746, 733, -1,
      733, 746, 734, -1,
      734, 746, 747, -1,
      734, 747, 118, -1,
      748, 741, 60, -1,
      722, 723, 736, -1,
      736, 723, 724, -1,
      736, 724, 737, -1,
      737, 724, 725, -1,
      737, 725, 716, -1,
      749, 740, 750, -1,
      750, 740, 739, -1,
      750, 739, 751, -1,
      751, 739, 741, -1,
      751, 741, 752, -1,
      748, 753, 741, -1,
      741, 753, 754, -1,
      741, 754, 752, -1,
      752, 754, 755, -1,
      752, 755, 756, -1,
      735, 749, 757, -1,
      757, 749, 750, -1,
      757, 750, 758, -1,
      758, 750, 751, -1,
      758, 751, 759, -1,
      759, 751, 752, -1,
      759, 752, 760, -1,
      760, 752, 756, -1,
      718, 719, 761, -1,
      761, 719, 720, -1,
      720, 735, 761, -1,
      761, 735, 757, -1,
      761, 757, 762, -1,
      762, 757, 758, -1,
      762, 758, 763, -1,
      763, 758, 759, -1,
      763, 759, 764, -1,
      764, 759, 760, -1,
      764, 760, 765, -1,
      721, 722, 735, -1,
      735, 722, 736, -1,
      735, 736, 749, -1,
      749, 736, 738, -1,
      749, 738, 740, -1,
      740, 738, 60, -1,
      718, 742, 717, -1,
      717, 742, 726, -1,
      717, 726, 120, -1,
      756, 766, 760, -1,
      760, 766, 767, -1,
      760, 767, 765, -1,
      765, 767, 768, -1,
      765, 768, 769, -1,
      718, 761, 742, -1,
      742, 761, 762, -1,
      742, 762, 743, -1,
      743, 762, 763, -1,
      743, 763, 744, -1,
      744, 763, 764, -1,
      744, 764, 745, -1,
      745, 764, 765, -1,
      745, 765, 746, -1,
      746, 765, 769, -1,
      746, 769, 747, -1,
      747, 769, 770, -1,
      768, 767, 771, -1,
      771, 767, 772, -1,
      772, 767, 766, -1,
      772, 766, 773, -1,
      773, 766, 756, -1,
      773, 756, 774, -1,
      774, 756, 755, -1,
      774, 755, 775, -1,
      775, 755, 754, -1,
      775, 754, 776, -1,
      776, 754, 753, -1,
      776, 753, 777, -1,
      777, 753, 748, -1,
      777, 748, 778, -1,
      778, 748, 60, -1,
      778, 60, 59, -1,
      768, 771, 769, -1,
      769, 771, 779, -1,
      769, 779, 770, -1,
      747, 770, 118, -1,
      118, 770, 780, -1,
      118, 780, 117, -1,
      771, 772, 781, -1,
      782, 783, 784, -1,
      59, 785, 786, -1,
      784, 783, 59, -1,
      778, 59, 783, -1,
      250, 787, 251, -1,
      251, 787, 788, -1,
      251, 788, 252, -1,
      252, 788, 789, -1,
      252, 789, 253, -1,
      253, 789, 254, -1,
      254, 789, 790, -1,
      254, 790, 255, -1,
      255, 790, 791, -1,
      255, 791, 256, -1,
      256, 791, 257, -1,
      257, 791, 258, -1,
      257, 258, 137, -1,
      59, 277, 785, -1,
      785, 277, 276, -1,
      785, 276, 274, -1,
      792, 793, 794, -1,
      794, 793, 786, -1,
      794, 786, 795, -1,
      795, 786, 785, -1,
      795, 785, 796, -1,
      796, 785, 274, -1,
      774, 775, 782, -1,
      782, 775, 776, -1,
      782, 776, 783, -1,
      783, 776, 777, -1,
      783, 777, 778, -1,
      797, 792, 798, -1,
      798, 792, 794, -1,
      798, 794, 799, -1,
      799, 794, 795, -1,
      799, 795, 800, -1,
      800, 795, 796, -1,
      800, 796, 801, -1,
      274, 273, 796, -1,
      796, 273, 271, -1,
      796, 271, 801, -1,
      801, 271, 270, -1,
      801, 270, 268, -1,
      268, 802, 801, -1,
      801, 802, 803, -1,
      801, 803, 800, -1,
      800, 803, 804, -1,
      800, 804, 799, -1,
      799, 804, 805, -1,
      799, 805, 798, -1,
      798, 805, 781, -1,
      798, 781, 797, -1,
      797, 781, 772, -1,
      797, 772, 773, -1,
      770, 779, 806, -1,
      806, 779, 771, -1,
      771, 781, 806, -1,
      806, 781, 805, -1,
      806, 805, 807, -1,
      807, 805, 804, -1,
      807, 804, 808, -1,
      808, 804, 803, -1,
      808, 803, 809, -1,
      809, 803, 802, -1,
      809, 802, 810, -1,
      793, 59, 786, -1,
      773, 774, 797, -1,
      797, 774, 782, -1,
      797, 782, 792, -1,
      792, 782, 784, -1,
      792, 784, 793, -1,
      793, 784, 59, -1,
      250, 117, 787, -1,
      787, 117, 780, -1,
      787, 780, 770, -1,
      268, 266, 802, -1,
      802, 266, 264, -1,
      802, 264, 810, -1,
      810, 264, 262, -1,
      810, 262, 260, -1,
      770, 806, 787, -1,
      787, 806, 807, -1,
      787, 807, 788, -1,
      788, 807, 808, -1,
      788, 808, 789, -1,
      789, 808, 809, -1,
      789, 809, 790, -1,
      790, 809, 810, -1,
      790, 810, 791, -1,
      791, 810, 260, -1,
      791, 260, 258, -1,
      47, 40, 229, -1,
      47, 229, 275, -1,
      275, 229, 228, -1,
      275, 228, 272, -1,
      272, 228, 233, -1,
      272, 233, 269, -1,
      269, 233, 236, -1,
      269, 236, 267, -1,
      267, 236, 226, -1,
      267, 226, 265, -1,
      265, 226, 263, -1,
      263, 226, 225, -1,
      263, 225, 261, -1,
      222, 128, 132, -1,
      225, 223, 261, -1,
      261, 223, 222, -1,
      261, 222, 259, -1,
      259, 222, 132, -1,
    ]
  }
}

Shape {
  appearance Appearance {
    material Material {
      diffuseColor 0.4392 0.4392 0.4392
      specularColor 0.2196 0.2196 0.2196
      ambientIntensity 0.2
      transparency 0.0000
      shininess 0.5
    }
  }
  geometry IndexedFaceSet {
    ccw TRUE
    solid FALSE
    coord DEF co Coordinate {
      point [
        0.076557 0.383643 0.594488,
        0.093763 0.361220 0.594488,
        0.093763 0.252953 0.594488,
        0.076557 0.230530 0.594488,
        0.054134 0.213324 0.594488,
        -0.076557 0.230530 0.594488,
        -0.093763 0.252953 0.594488,
        0.054134 0.400849 0.594488,
        -0.054134 0.213324 0.594488,
        -0.093763 0.361220 0.594488,
        -0.076557 0.383643 0.594488,
        -0.054134 0.400849 0.594488,
        -0.028022 0.411665 0.594488,
        0.000000 0.415354 0.594488,
        0.028022 0.411665 0.594488,
        0.028022 0.202508 0.594488,
        -0.000000 0.198819 0.594488,
        -0.028022 0.202508 0.594488,
        0.104579 0.335108 0.594488,
        0.108268 0.307087 0.594488,
        0.104579 0.279065 0.594488,
        -0.104579 0.279065 0.594488,
        -0.108268 0.307087 0.594488,
        -0.104579 0.335108 0.594488,
        -0.000000 -0.414852 0.594488,
        -0.028022 -0.411163 0.594488,
        -0.054134 -0.400347 0.594488,
        0.054134 -0.212822 0.594488,
        0.028022 -0.202006 0.594488,
        0.000000 -0.198317 0.594488,
        -0.076557 -0.383142 0.594488,
        -0.093763 -0.360719 0.594488,
        -0.028022 -0.202006 0.594488,
        -0.054134 -0.212822 0.594488,
        -0.076557 -0.230028 0.594488,
        0.076557 -0.230028 0.594488,
        -0.104579 -0.334607 0.594488,
        -0.108268 -0.306585 0.594488,
        -0.104579 -0.278563 0.594488,
        -0.093763 -0.252451 0.594488,
        0.104579 -0.278563 0.594488,
        0.093763 -0.252451 0.594488,
        0.076557 -0.383142 0.594488,
        0.054134 -0.400347 0.594488,
        0.028022 -0.411163 0.594488,
        0.108268 -0.306585 0.594488,
        0.104579 -0.334607 0.594488,
        0.093763 -0.360719 0.594488,
        0.108268 -0.306585 0.590551,
        0.104579 -0.278563 0.590551,
        0.093763 -0.252451 0.590551,
        0.076557 -0.230028 0.590551,
        0.054134 -0.212822 0.590551,
        0.028022 -0.202006 0.590551,
        0.000000 -0.198317 0.590551,
        -0.028022 -0.202006 0.590551,
        -0.054134 -0.212822 0.590551,
        -0.076557 -0.230028 0.590551,
        -0.093763 -0.252451 0.590551,
        -0.104579 -0.278563 0.590551,
        -0.108268 -0.306585 0.590551,
        -0.104579 -0.334607 0.590551,
        -0.093763 -0.360719 0.590551,
        -0.076557 -0.383142 0.590551,
        -0.054134 -0.400347 0.590551,
        -0.028022 -0.411163 0.590551,
        -0.000000 -0.414852 0.590551,
        0.028022 -0.411163 0.590551,
        0.054134 -0.400347 0.590551,
        0.076557 -0.383142 0.590551,
        0.093763 -0.360719 0.590551,
        0.104579 -0.334607 0.590551,
        0.000000 -0.306585 0.590551,
        0.108268 0.307087 0.590551,
        0.104579 0.335108 0.590551,
        0.093763 0.361220 0.590551,
        0.076557 0.383643 0.590551,
        0.054134 0.400849 0.590551,
        0.028022 0.411665 0.590551,
        0.000000 0.415354 0.590551,
        -0.028022 0.411665 0.590551,
        -0.054134 0.400849 0.590551,
        -0.076557 0.383643 0.590551,
        -0.093763 0.361220 0.590551,
        -0.104579 0.335108 0.590551,
        -0.108268 0.307087 0.590551,
        -0.104579 0.279065 0.590551,
        -0.093763 0.252953 0.590551,
        -0.076557 0.230530 0.590551,
        -0.054134 0.213324 0.590551,
        -0.028022 0.202508 0.590551,
        -0.000000 0.198819 0.590551,
        0.028022 0.202508 0.590551,
        0.054134 0.213324 0.590551,
        0.076557 0.230530 0.590551,
        0.093763 0.252953 0.590551,
        0.104579 0.279065 0.590551,
        0.000000 0.307087 0.590551,
      ]
    }
    coordIndex [
      48, 45, 49, -1,
      49, 45, 40, -1,
      49, 40, 50, -1,
      50, 40, 41, -1,
      50, 41, 51, -1,
      51, 41, 35, -1,
      51, 35, 52, -1,
      52, 35, 27, -1,
      52, 27, 53, -1,
      53, 27, 28, -1,
      53, 28, 54, -1,
      54, 28, 29, -1,
      54, 29, 55, -1,
      55, 29, 32, -1,
      55, 32, 56, -1,
      56, 32, 33, -1,
      56, 33, 57, -1,
      57, 33, 34, -1,
      57, 34, 58, -1,
      58, 34, 39, -1,
      58, 39, 59, -1,
      59, 39, 38, -1,
      59, 38, 60, -1,
      60, 38, 37, -1,
      60, 37, 61, -1,
      61, 37, 36, -1,
      61, 36, 62, -1,
      62, 36, 31, -1,
      62, 31, 63, -1,
      63, 31, 30, -1,
      63, 30, 64, -1,
      64, 30, 26, -1,
      64, 26, 65, -1,
      65, 26, 25, -1,
      65, 25, 66, -1,
      66, 25, 24, -1,
      66, 24, 67, -1,
      67, 24, 44, -1,
      67, 44, 68, -1,
      68, 44, 43, -1,
      68, 43, 69, -1,
      69, 43, 42, -1,
      69, 42, 70, -1,
      70, 42, 47, -1,
      70, 47, 71, -1,
      71, 47, 46, -1,
      71, 46, 48, -1,
      48, 46, 45, -1,
      70, 71, 72, -1,
      72, 71, 48, -1,
      72, 48, 49, -1,
      67, 68, 72, -1,
      72, 68, 69, -1,
      72, 69, 70, -1,
      64, 65, 72, -1,
      72, 65, 66, -1,
      72, 66, 67, -1,
      61, 62, 72, -1,
      72, 62, 63, -1,
      72, 63, 64, -1,
      58, 59, 72, -1,
      72, 59, 60, -1,
      72, 60, 61, -1,
      55, 56, 72, -1,
      72, 56, 57, -1,
      72, 57, 58, -1,
      52, 53, 72, -1,
      72, 53, 54, -1,
      72, 54, 55, -1,
      49, 50, 72, -1,
      72, 50, 51, -1,
      72, 51, 52, -1,
      73, 19, 74, -1,
      74, 19, 18, -1,
      74, 18, 75, -1,
      75, 18, 1, -1,
      75, 1, 76, -1,
      76, 1, 0, -1,
      76, 0, 77, -1,
      77, 0, 7, -1,
      77, 7, 78, -1,
      78, 7, 14, -1,
      78, 14, 79, -1,
      79, 14, 13, -1,
      79, 13, 80, -1,
      80, 13, 12, -1,
      80, 12, 81, -1,
      81, 12, 11, -1,
      81, 11, 82, -1,
      82, 11, 10, -1,
      82, 10, 83, -1,
      83, 10, 9, -1,
      83, 9, 84, -1,
      84, 9, 23, -1,
      84, 23, 85, -1,
      85, 23, 22, -1,
      85, 22, 86, -1,
      86, 22, 21, -1,
      86, 21, 87, -1,
      87, 21, 6, -1,
      87, 6, 88, -1,
      88, 6, 5, -1,
      88, 5, 89, -1,
      89, 5, 8, -1,
      89, 8, 90, -1,
      90, 8, 17, -1,
      90, 17, 91, -1,
      91, 17, 16, -1,
      91, 16, 92, -1,
      92, 16, 15, -1,
      92, 15, 93, -1,
      93, 15, 4, -1,
      93, 4, 94, -1,
      94, 4, 3, -1,
      94, 3, 95, -1,
      95, 3, 2, -1,
      95, 2, 96, -1,
      96, 2, 20, -1,
      96, 20, 73, -1,
      73, 20, 19, -1,
      95, 96, 97, -1,
      97, 96, 73, -1,
      97, 73, 74, -1,
      92, 93, 97, -1,
      97, 93, 94, -1,
      97, 94, 95, -1,
      89, 90, 97, -1,
      97, 90, 91, -1,
      97, 91, 92, -1,
      86, 87, 97, -1,
      97, 87, 88, -1,
      97, 88, 89, -1,
      83, 84, 97, -1,
      97, 84, 85, -1,
      97, 85, 86, -1,
      80, 81, 97, -1,
      97, 81, 82, -1,
      97, 82, 83, -1,
      77, 78, 97, -1,
      97, 78, 79, -1,
      97, 79, 80, -1,
      74, 75, 97, -1,
      97, 75, 76, -1,
      97, 76, 77, -1,
    ]
  }
}

Shape {
  appearance Appearance {
    material Material {
      diffuseColor 0.2196 0.6863 0.0000
      specularColor 0.1098 0.3412 0.0000
      ambientIntensity 0.2
      transparency 0.0000
      shininess 0.5
    }
  }
  geometry IndexedFaceSet {
    ccw TRUE
    solid FALSE
    coord DEF co Coordinate {
      point [
        -0.210894 0.472441 0.000000,
        -0.836614 -0.472441 0.000000,
        -0.944882 -0.472441 0.000000,
        -0.944882 -0.442913 0.000000,
        0.944882 0.157480 0.000000,
        0.944882 0.072260 0.000000,
        0.944882 0.045494 0.000000,
        0.944882 -0.054131 0.000000,
        0.944882 -0.442913 0.000000,
        0.944882 -0.472441 0.000000,
        0.472441 -0.472441 0.000000,
        0.204893 -0.472441 0.000000,
        0.116430 -0.472441 0.000000,
        0.051613 -0.472441 0.000000,
        -0.020405 -0.472441 0.000000,
        -0.472441 -0.472441 0.000000,
        -0.210894 -0.472441 0.000000,
        -0.112829 -0.472441 0.000000,
        0.472441 0.472441 0.000000,
        0.944882 0.472441 0.000000,
        0.204893 0.472441 0.000000,
        0.116430 0.472441 0.000000,
        -0.112829 0.472441 0.000000,
        0.051613 0.472441 0.000000,
        -0.020405 0.472441 0.000000,
        -0.472441 0.472441 0.000000,
        -0.836614 0.472441 0.000000,
        -0.944882 -0.054131 0.000000,
        -0.944882 0.045494 0.000000,
        -0.944882 0.072260 0.000000,
        -0.944882 0.157480 0.000000,
        -0.944882 0.472441 0.000000,
        0.944882 -0.472441 0.078740,
        0.944882 0.472441 0.078740,
        0.157480 -0.472441 0.078740,
        0.157480 0.472441 0.078740,
        -0.944882 0.472441 0.078740,
        -0.944882 -0.472441 0.078740,
        -0.157480 0.472441 0.078740,
        -0.157480 -0.472441 0.078740,
        0.157480 0.472414 0.078740,
        -0.157480 0.472414 0.078740,
        0.157480 -0.472414 0.078740,
        -0.157480 -0.472414 0.078740,
      ]
    }
    coordIndex [
      41, 40, 38, -1,
      38, 40, 35, -1,
      4, 19, 33, -1,
      32, 9, 8, -1,
      8, 7, 32, -1,
      32, 7, 6, -1,
      32, 6, 33, -1,
      33, 6, 5, -1,
      33, 5, 4, -1,
      39, 17, 14, -1,
      9, 32, 10, -1,
      10, 32, 34, -1,
      10, 34, 11, -1,
      11, 34, 12, -1,
      39, 14, 34, -1,
      34, 14, 13, -1,
      34, 13, 12, -1,
      2, 1, 37, -1,
      37, 1, 15, -1,
      37, 15, 39, -1,
      39, 15, 16, -1,
      39, 16, 17, -1,
      3, 2, 37, -1,
      36, 31, 30, -1,
      30, 29, 36, -1,
      36, 29, 28, -1,
      36, 28, 37, -1,
      37, 28, 27, -1,
      37, 27, 3, -1,
      20, 35, 18, -1,
      18, 35, 33, -1,
      18, 33, 19, -1,
      22, 0, 38, -1,
      38, 0, 25, -1,
      38, 25, 36, -1,
      36, 25, 26, -1,
      36, 26, 31, -1,
      20, 21, 35, -1,
      35, 21, 23, -1,
      35, 23, 38, -1,
      38, 23, 24, -1,
      38, 24, 22, -1,
      42, 43, 34, -1,
      34, 43, 39, -1,
    ]
  }
}

Shape {
  appearance Appearance {
    material Material {
      diffuseColor 0.6471 0.5176 0.0000
      specularColor 0.4510 0.3608 0.0000
      ambientIntensity 0.2
      transparency 0.0000
      shininess 0.5
    }
  }
  geometry IndexedFaceSet {
    ccw TRUE
    solid FALSE
    coord DEF co Coordinate {
      point [
        -0.098425 -0.216535 0.000000,
        -0.020405 -0.216535 0.000000,
        0.051613 -0.216535 0.000000,
        -0.098425 -0.413386 0.000000,
        -0.020405 -0.413386 0.000000,
        0.051613 -0.413386 0.000000,
        0.098425 -0.413386 0.000000,
        0.531496 0.098425 0.000000,
        0.728346 0.072260 0.000000,
        0.728346 0.098425 0.000000,
        0.728346 0.045494 0.000000,
        0.759843 -0.216535 0.000000,
        0.531496 -0.098425 0.000000,
        0.728346 -0.098425 0.000000,
        0.531496 -0.216535 0.000000,
        0.531496 -0.413386 0.000000,
        0.728346 -0.413386 0.000000,
        0.728346 -0.314961 0.000000,
        0.759843 -0.314961 0.000000,
        0.728346 -0.054131 0.000000,
        0.531496 0.072260 0.000000,
        0.531496 0.045494 0.000000,
        0.531496 -0.054131 0.000000,
        -0.531496 -0.098425 0.000000,
        -0.531496 -0.216535 0.000000,
        -0.728346 -0.098425 0.000000,
        -0.728346 -0.216535 0.000000,
        -0.728346 -0.413386 0.000000,
        -0.531496 -0.413386 0.000000,
        -0.728346 -0.054131 0.000000,
        -0.728346 0.045494 0.000000,
        -0.728346 0.072260 0.000000,
        -0.728346 0.098425 0.000000,
        -0.531496 0.098425 0.000000,
        -0.531496 0.072260 0.000000,
        0.098425 -0.216535 0.000000,
        0.413386 -0.216535 0.000000,
        0.413386 -0.413386 0.000000,
        0.216535 -0.413386 0.000000,
        0.216535 -0.216535 0.000000,
        -0.216535 -0.216535 0.000000,
        -0.413386 -0.216535 0.000000,
        -0.413386 -0.413386 0.000000,
        -0.216535 -0.413386 0.000000,
        -0.531496 -0.054131 0.000000,
        -0.531496 0.045494 0.000000,
        0.531496 0.216535 0.000000,
        0.728346 0.216535 0.000000,
        0.531496 0.413386 0.000000,
        0.728346 0.413386 0.000000,
        0.216535 0.413386 0.000000,
        0.216535 0.216535 0.000000,
        0.413386 0.413386 0.000000,
        0.413386 0.216535 0.000000,
        -0.098425 0.216535 0.000000,
        -0.020405 0.216535 0.000000,
        0.051613 0.216535 0.000000,
        0.098425 0.216535 0.000000,
        0.098425 0.413386 0.000000,
        0.051613 0.413386 0.000000,
        -0.020405 0.413386 0.000000,
        -0.098425 0.413386 0.000000,
        -0.216535 0.413386 0.000000,
        -0.216535 0.216535 0.000000,
        -0.413386 0.216535 0.000000,
        -0.413386 0.413386 0.000000,
        -0.531496 0.413386 0.000000,
        -0.531496 0.216535 0.000000,
        -0.728346 0.216535 0.000000,
        -0.728346 0.413386 0.000000,
        0.531496 -0.216535 -0.003937,
        0.531496 -0.413386 -0.003937,
        0.759843 -0.216535 -0.003937,
        0.759843 -0.314961 -0.003937,
        0.728346 -0.314961 -0.003937,
        0.728346 -0.413386 -0.003937,
        0.216535 -0.216535 -0.003937,
        0.216535 -0.413386 -0.003937,
        0.413386 -0.216535 -0.003937,
        0.413386 -0.413386 -0.003937,
        -0.098425 -0.216535 -0.003937,
        -0.098425 -0.413386 -0.003937,
        0.098425 -0.216535 -0.003937,
        0.098425 -0.413386 -0.003937,
        -0.413386 -0.216535 -0.003937,
        -0.413386 -0.413386 -0.003937,
        -0.216535 -0.216535 -0.003937,
        -0.216535 -0.413386 -0.003937,
        -0.728346 -0.216535 -0.003937,
        -0.728346 -0.413386 -0.003937,
        -0.531496 -0.216535 -0.003937,
        -0.531496 -0.413386 -0.003937,
        0.531496 -0.098425 -0.003937,
        0.531496 0.098425 -0.003937,
        0.728346 0.098425 -0.003937,
        0.728346 -0.098425 -0.003937,
        -0.531496 0.216535 -0.003937,
        -0.531496 0.413386 -0.003937,
        -0.728346 0.216535 -0.003937,
        -0.728346 0.413386 -0.003937,
        -0.216535 0.216535 -0.003937,
        -0.216535 0.413386 -0.003937,
        -0.413386 0.216535 -0.003937,
        -0.413386 0.413386 -0.003937,
        0.098425 0.216535 -0.003937,
        0.098425 0.413386 -0.003937,
        -0.098425 0.216535 -0.003937,
        -0.098425 0.413386 -0.003937,
        0.413386 0.216535 -0.003937,
        0.413386 0.413386 -0.003937,
        0.216535 0.216535 -0.003937,
        0.216535 0.413386 -0.003937,
        0.728346 0.216535 -0.003937,
        0.728346 0.413386 -0.003937,
        0.531496 0.216535 -0.003937,
        0.531496 0.413386 -0.003937,
        -0.531496 0.098425 -0.003937,
        -0.531496 -0.098425 -0.003937,
        -0.728346 -0.098425 -0.003937,
        -0.728346 0.098425 -0.003937,
      ]
    }
    coordIndex [
      70, 71, 14, -1,
      14, 71, 15, -1,
      72, 70, 11, -1,
      11, 70, 14, -1,
      73, 72, 18, -1,
      18, 72, 11, -1,
      74, 73, 17, -1,
      17, 73, 18, -1,
      75, 74, 16, -1,
      16, 74, 17, -1,
      71, 75, 15, -1,
      15, 75, 16, -1,
      75, 71, 74, -1,
      74, 71, 70, -1,
      74, 70, 73, -1,
      73, 70, 72, -1,
      76, 77, 39, -1,
      39, 77, 38, -1,
      78, 76, 36, -1,
      36, 76, 39, -1,
      79, 78, 37, -1,
      37, 78, 36, -1,
      77, 79, 38, -1,
      38, 79, 37, -1,
      78, 79, 76, -1,
      76, 79, 77, -1,
      80, 81, 0, -1,
      0, 81, 3, -1,
      2, 35, 82, -1,
      2, 82, 1, -1,
      1, 82, 80, -1,
      1, 80, 0, -1,
      83, 82, 6, -1,
      6, 82, 35, -1,
      6, 5, 83, -1,
      83, 5, 4, -1,
      83, 4, 81, -1,
      81, 4, 3, -1,
      82, 83, 80, -1,
      80, 83, 81, -1,
      84, 85, 41, -1,
      41, 85, 42, -1,
      86, 84, 40, -1,
      40, 84, 41, -1,
      87, 86, 43, -1,
      43, 86, 40, -1,
      85, 87, 42, -1,
      42, 87, 43, -1,
      86, 87, 84, -1,
      84, 87, 85, -1,
      88, 89, 26, -1,
      26, 89, 27, -1,
      90, 88, 24, -1,
      24, 88, 26, -1,
      91, 90, 28, -1,
      28, 90, 24, -1,
      89, 91, 27, -1,
      27, 91, 28, -1,
      90, 91, 88, -1,
      88, 91, 89, -1,
      12, 22, 92, -1,
      92, 22, 21, -1,
      92, 21, 93, -1,
      93, 21, 20, -1,
      93, 20, 7, -1,
      94, 93, 9, -1,
      9, 93, 7, -1,
      9, 8, 94, -1,
      94, 8, 10, -1,
      94, 10, 95, -1,
      95, 10, 19, -1,
      95, 19, 13, -1,
      92, 95, 12, -1,
      12, 95, 13, -1,
      94, 95, 93, -1,
      93, 95, 92, -1,
      96, 97, 67, -1,
      67, 97, 66, -1,
      98, 96, 68, -1,
      68, 96, 67, -1,
      99, 98, 69, -1,
      69, 98, 68, -1,
      97, 99, 66, -1,
      66, 99, 69, -1,
      98, 99, 96, -1,
      96, 99, 97, -1,
      100, 101, 63, -1,
      63, 101, 62, -1,
      102, 100, 64, -1,
      64, 100, 63, -1,
      103, 102, 65, -1,
      65, 102, 64, -1,
      101, 103, 62, -1,
      62, 103, 65, -1,
      102, 103, 100, -1,
      100, 103, 101, -1,
      104, 105, 57, -1,
      57, 105, 58, -1,
      57, 56, 104, -1,
      104, 56, 55, -1,
      104, 55, 106, -1,
      106, 55, 54, -1,
      107, 106, 61, -1,
      61, 106, 54, -1,
      59, 58, 105, -1,
      59, 105, 60, -1,
      60, 105, 107, -1,
      60, 107, 61, -1,
      106, 107, 104, -1,
      104, 107, 105, -1,
      108, 109, 53, -1,
      53, 109, 52, -1,
      110, 108, 51, -1,
      51, 108, 53, -1,
      111, 110, 50, -1,
      50, 110, 51, -1,
      109, 111, 52, -1,
      52, 111, 50, -1,
      110, 111, 108, -1,
      108, 111, 109, -1,
      112, 113, 47, -1,
      47, 113, 49, -1,
      114, 112, 46, -1,
      46, 112, 47, -1,
      115, 114, 48, -1,
      48, 114, 46, -1,
      113, 115, 49, -1,
      49, 115, 48, -1,
      114, 115, 112, -1,
      112, 115, 113, -1,
      33, 34, 116, -1,
      116, 34, 45, -1,
      116, 45, 117, -1,
      117, 45, 44, -1,
      117, 44, 23, -1,
      118, 117, 25, -1,
      25, 117, 23, -1,
      25, 29, 118, -1,
      118, 29, 30, -1,
      118, 30, 119, -1,
      119, 30, 31, -1,
      119, 31, 32, -1,
      116, 119, 33, -1,
      33, 119, 32, -1,
      118, 119, 117, -1,
      117, 119, 116, -1,
    ]
  }
}

Shape {
  appearance Appearance {
    material Material {
      diffuseColor 1.0000 1.0000 1.0000
      specularColor 0.5020 0.5020 0.5020
      ambientIntensity 0.2
      transparency 0.0000
      shininess 0.5
    }
  }
  geometry IndexedFaceSet {
    ccw TRUE
    solid FALSE
    coord DEF co Coordinate {
      point [
        0.073413 -0.042479 0.000000,
        0.062980 -0.038604 0.000000,
        0.093957 0.034203 0.000000,
        0.061216 -0.048430 0.000000,
        0.061216 -0.037627 0.000000,
        0.071707 -0.052738 0.000000,
        0.081653 -0.054131 0.000000,
        0.085606 -0.054685 0.000000,
        0.075680 0.045494 0.000000,
        0.072595 0.045281 0.000000,
        0.061216 0.042193 0.000000,
        0.061216 0.028990 0.000000,
        0.072302 0.033737 0.000000,
        0.084265 0.035291 0.000000,
        0.101324 0.031544 0.000000,
        0.113490 -0.031315 0.000000,
        0.108871 -0.036187 0.000000,
        0.102830 -0.040259 0.000000,
        0.095659 -0.042899 0.000000,
        0.086478 -0.043929 0.000000,
        0.118138 0.012826 0.000000,
        0.120761 0.002289 0.000000,
        0.116430 0.016025 0.000000,
        0.121231 -0.005369 0.000000,
        0.120234 -0.016024 0.000000,
        0.108137 0.026987 0.000000,
        0.114080 0.020425 0.000000,
        0.116430 -0.026385 0.000000,
        0.117560 -0.024490 0.000000,
        0.123471 0.028172 0.000000,
        0.116430 0.034944 0.000000,
        0.114585 0.036718 0.000000,
        0.105236 0.042100 0.000000,
        0.094264 0.045287 0.000000,
        0.091729 0.045494 0.000000,
        0.084378 0.046094 0.000000,
        0.109967 -0.050190 0.000000,
        0.116430 -0.046063 0.000000,
        0.142837 -0.053531 0.000000,
        0.193250 -0.053531 0.000000,
        0.193250 0.044894 0.000000,
        0.180046 0.044894 0.000000,
        0.117884 -0.045135 0.000000,
        0.125277 -0.037352 0.000000,
        0.142837 -0.042729 0.000000,
        0.130520 -0.027993 0.000000,
        0.180046 -0.042729 0.000000,
        0.133483 -0.017574 0.000000,
        0.134434 -0.006176 0.000000,
        0.133019 0.007818 0.000000,
        0.129240 0.018970 0.000000,
        0.088298 -0.054731 0.000000,
        0.094086 -0.054131 0.000000,
        0.100427 -0.053474 0.000000,
        -0.008402 0.044894 0.000000,
        -0.008402 0.034091 0.000000,
        -0.010803 -0.042729 0.000000,
        -0.010803 -0.053531 0.000000,
        0.042011 -0.053531 0.000000,
        0.042011 0.044894 0.000000,
        0.028807 -0.009120 0.000000,
        0.028807 -0.042729 0.000000,
        -0.006002 -0.009120 0.000000,
        -0.006002 0.001683 0.000000,
        0.028807 0.001683 0.000000,
        0.028807 0.034091 0.000000,
        -0.104313 -0.026555 0.000000,
        -0.107847 -0.016253 0.000000,
        -0.109228 -0.003081 0.000000,
        -0.098669 -0.035359 0.000000,
        -0.090567 -0.043116 0.000000,
        -0.080291 -0.049088 0.000000,
        -0.072003 0.043374 0.000000,
        -0.057783 0.044894 0.000000,
        -0.083519 0.039330 0.000000,
        -0.094232 0.032151 0.000000,
        -0.094335 0.032060 0.000000,
        -0.101295 0.024343 0.000000,
        -0.105869 0.015878 0.000000,
        -0.108513 0.006180 0.000000,
        -0.068949 -0.052468 0.000000,
        -0.056771 -0.053531 0.000000,
        -0.030008 -0.053531 0.000000,
        -0.030008 0.044894 0.000000,
        -0.130833 -0.053531 0.000000,
        -0.116430 -0.053531 0.000000,
        -0.166843 0.044894 0.000000,
        -0.205252 -0.053531 0.000000,
        -0.190849 -0.053531 0.000000,
        -0.180890 -0.025924 0.000000,
        -0.140230 -0.025924 0.000000,
        -0.153639 0.044894 0.000000,
        -0.166843 0.044894 0.003937,
        -0.205252 -0.053531 0.003937,
        -0.190849 -0.053531 0.003937,
        -0.180890 -0.025924 0.003937,
        -0.140230 -0.025924 0.003937,
        -0.130833 -0.053531 0.003937,
        -0.116430 -0.053531 0.003937,
        -0.153639 0.044894 0.003937,
        -0.143549 -0.015122 0.003937,
        -0.176464 -0.015122 0.003937,
        -0.158234 0.025989 0.003937,
        -0.159181 0.029403 0.003937,
        -0.159810 0.032891 0.003937,
        -0.160128 0.032891 0.003937,
        -0.160771 0.029413 0.003937,
        -0.161648 0.025989 0.003937,
        -0.143549 -0.015122 0.000000,
        -0.176464 -0.015122 0.000000,
        -0.158234 0.025989 0.000000,
        -0.159181 0.029403 0.000000,
        -0.159810 0.032891 0.000000,
        -0.160128 0.032891 0.000000,
        -0.160771 0.029413 0.000000,
        -0.161648 0.025989 0.000000,
        -0.056771 -0.053531 0.003937,
        -0.030008 -0.053531 0.003937,
        -0.030008 0.044894 0.003937,
        -0.057783 0.044894 0.003937,
        -0.109228 -0.003081 0.003937,
        -0.108513 0.006180 0.003937,
        -0.105869 0.015878 0.003937,
        -0.101295 0.024343 0.003937,
        -0.094335 0.032060 0.003937,
        -0.094232 0.032151 0.003937,
        -0.083519 0.039330 0.003937,
        -0.072003 0.043374 0.003937,
        -0.068949 -0.052468 0.003937,
        -0.080291 -0.049088 0.003937,
        -0.090567 -0.043116 0.003937,
        -0.098669 -0.035359 0.003937,
        -0.104313 -0.026555 0.003937,
        -0.107847 -0.016253 0.003937,
        -0.089471 0.020289 0.003937,
        -0.084691 0.025365 0.003937,
        -0.077501 0.030010 0.003937,
        -0.069377 0.032853 0.003937,
        -0.057727 0.034091 0.003937,
        -0.043211 0.034091 0.003937,
        -0.043211 -0.042729 0.003937,
        -0.057183 -0.042729 0.003937,
        -0.067567 -0.041762 0.003937,
        -0.075850 -0.039177 0.003937,
        -0.082563 -0.035191 0.003937,
        -0.088083 -0.029738 0.003937,
        -0.092234 -0.022952 0.003937,
        -0.095121 -0.013700 0.003937,
        -0.096024 -0.003362 0.003937,
        -0.095188 0.006433 0.003937,
        -0.092891 0.014219 0.003937,
        -0.057727 0.034091 0.000000,
        -0.043211 0.034091 0.000000,
        -0.069377 0.032853 0.000000,
        -0.077501 0.030010 0.000000,
        -0.084691 0.025365 0.000000,
        -0.089471 0.020289 0.000000,
        -0.092891 0.014219 0.000000,
        -0.095188 0.006433 0.000000,
        -0.096024 -0.003362 0.000000,
        -0.095121 -0.013700 0.000000,
        -0.092234 -0.022952 0.000000,
        -0.088083 -0.029738 0.000000,
        -0.082563 -0.035191 0.000000,
        -0.075850 -0.039177 0.000000,
        -0.067567 -0.041762 0.000000,
        -0.057183 -0.042729 0.000000,
        -0.043211 -0.042729 0.000000,
        -0.010803 -0.042729 0.003937,
        -0.010803 -0.053531 0.003937,
        0.042011 -0.053531 0.003937,
        0.042011 0.044894 0.003937,
        -0.008402 0.044894 0.003937,
        -0.008402 0.034091 0.003937,
        0.028807 0.034091 0.003937,
        0.028807 0.001683 0.003937,
        -0.006002 0.001683 0.003937,
        -0.006002 -0.009120 0.003937,
        0.028807 -0.009120 0.003937,
        0.028807 -0.042729 0.003937,
        0.061216 -0.037627 0.003937,
        0.061216 -0.048430 0.003937,
        0.071707 -0.052738 0.003937,
        0.088298 -0.054731 0.003937,
        0.085606 -0.054685 0.003937,
        0.100427 -0.053474 0.003937,
        0.109967 -0.050190 0.003937,
        0.134434 -0.006176 0.003937,
        0.133483 -0.017574 0.003937,
        0.130520 -0.027993 0.003937,
        0.125277 -0.037352 0.003937,
        0.117884 -0.045135 0.003937,
        0.084378 0.046094 0.003937,
        0.094264 0.045287 0.003937,
        0.105236 0.042100 0.003937,
        0.114585 0.036718 0.003937,
        0.123471 0.028172 0.003937,
        0.129240 0.018970 0.003937,
        0.133019 0.007818 0.003937,
        0.072595 0.045281 0.003937,
        0.061216 0.042193 0.003937,
        0.061216 0.028990 0.003937,
        0.084265 0.035291 0.003937,
        0.072302 0.033737 0.003937,
        0.121231 -0.005369 0.003937,
        0.120761 0.002289 0.003937,
        0.118138 0.012826 0.003937,
        0.114080 0.020425 0.003937,
        0.108137 0.026987 0.003937,
        0.101324 0.031544 0.003937,
        0.093957 0.034203 0.003937,
        0.086478 -0.043929 0.003937,
        0.095659 -0.042899 0.003937,
        0.102830 -0.040259 0.003937,
        0.108871 -0.036187 0.003937,
        0.113490 -0.031315 0.003937,
        0.117560 -0.024490 0.003937,
        0.120234 -0.016024 0.003937,
        0.062980 -0.038604 0.003937,
        0.073413 -0.042479 0.003937,
        0.142837 -0.042729 0.003937,
        0.142837 -0.053531 0.003937,
        0.193250 -0.053531 0.003937,
        0.193250 0.044894 0.003937,
        0.180046 0.044894 0.003937,
        0.180046 -0.042729 0.003937,
      ]
    }
    coordIndex [
      92, 93, 86, -1,
      86, 93, 87, -1,
      93, 94, 87, -1,
      87, 94, 88, -1,
      94, 95, 88, -1,
      88, 95, 89, -1,
      95, 96, 89, -1,
      89, 96, 90, -1,
      96, 97, 90, -1,
      90, 97, 84, -1,
      97, 98, 84, -1,
      84, 98, 85, -1,
      98, 99, 85, -1,
      85, 99, 91, -1,
      99, 92, 91, -1,
      91, 92, 86, -1,
      100, 96, 101, -1,
      101, 96, 95, -1,
      102, 99, 100, -1,
      100, 99, 98, -1,
      100, 98, 96, -1,
      96, 98, 97, -1,
      102, 103, 99, -1,
      99, 103, 104, -1,
      99, 104, 92, -1,
      92, 104, 105, -1,
      92, 105, 106, -1,
      106, 107, 92, -1,
      92, 107, 101, -1,
      92, 101, 93, -1,
      93, 101, 95, -1,
      93, 95, 94, -1,
      100, 101, 108, -1,
      108, 101, 109, -1,
      102, 100, 110, -1,
      110, 100, 108, -1,
      102, 110, 111, -1,
      102, 111, 103, -1,
      103, 111, 112, -1,
      103, 112, 104, -1,
      105, 104, 113, -1,
      113, 104, 112, -1,
      105, 113, 114, -1,
      105, 114, 106, -1,
      106, 114, 115, -1,
      106, 115, 107, -1,
      101, 107, 109, -1,
      109, 107, 115, -1,
      116, 117, 81, -1,
      81, 117, 82, -1,
      117, 118, 82, -1,
      82, 118, 83, -1,
      118, 119, 83, -1,
      83, 119, 73, -1,
      120, 68, 79, -1,
      120, 79, 121, -1,
      121, 79, 78, -1,
      121, 78, 122, -1,
      122, 78, 77, -1,
      122, 77, 123, -1,
      123, 77, 76, -1,
      123, 76, 124, -1,
      124, 76, 75, -1,
      124, 75, 125, -1,
      125, 75, 74, -1,
      125, 74, 126, -1,
      126, 74, 72, -1,
      126, 72, 127, -1,
      127, 72, 73, -1,
      127, 73, 119, -1,
      116, 81, 80, -1,
      116, 80, 128, -1,
      128, 80, 71, -1,
      128, 71, 129, -1,
      129, 71, 70, -1,
      129, 70, 130, -1,
      130, 70, 69, -1,
      130, 69, 131, -1,
      131, 69, 66, -1,
      131, 66, 132, -1,
      132, 66, 67, -1,
      132, 67, 133, -1,
      133, 67, 68, -1,
      133, 68, 120, -1,
      122, 123, 134, -1,
      134, 123, 124, -1,
      134, 124, 135, -1,
      135, 124, 125, -1,
      135, 125, 136, -1,
      136, 125, 126, -1,
      136, 126, 137, -1,
      137, 126, 127, -1,
      137, 127, 138, -1,
      138, 127, 119, -1,
      138, 119, 139, -1,
      139, 119, 118, -1,
      139, 118, 140, -1,
      140, 118, 117, -1,
      140, 117, 141, -1,
      141, 117, 116, -1,
      141, 116, 142, -1,
      142, 116, 128, -1,
      142, 128, 143, -1,
      143, 128, 129, -1,
      143, 129, 144, -1,
      144, 129, 130, -1,
      144, 130, 145, -1,
      145, 130, 131, -1,
      145, 131, 146, -1,
      146, 131, 132, -1,
      146, 132, 147, -1,
      147, 132, 133, -1,
      147, 133, 148, -1,
      148, 133, 120, -1,
      148, 120, 149, -1,
      149, 120, 121, -1,
      149, 121, 150, -1,
      150, 121, 122, -1,
      150, 122, 134, -1,
      138, 139, 151, -1,
      151, 139, 152, -1,
      138, 151, 153, -1,
      138, 153, 137, -1,
      137, 153, 154, -1,
      137, 154, 136, -1,
      136, 154, 155, -1,
      136, 155, 135, -1,
      135, 155, 156, -1,
      135, 156, 134, -1,
      134, 156, 157, -1,
      134, 157, 150, -1,
      150, 157, 158, -1,
      150, 158, 149, -1,
      149, 158, 159, -1,
      149, 159, 148, -1,
      148, 159, 160, -1,
      148, 160, 147, -1,
      147, 160, 161, -1,
      147, 161, 146, -1,
      146, 161, 162, -1,
      146, 162, 145, -1,
      145, 162, 163, -1,
      145, 163, 144, -1,
      144, 163, 164, -1,
      144, 164, 143, -1,
      143, 164, 165, -1,
      143, 165, 142, -1,
      142, 165, 166, -1,
      142, 166, 141, -1,
      140, 141, 167, -1,
      167, 141, 166, -1,
      139, 140, 152, -1,
      152, 140, 167, -1,
      168, 169, 56, -1,
      56, 169, 57, -1,
      169, 170, 57, -1,
      57, 170, 58, -1,
      170, 171, 58, -1,
      58, 171, 59, -1,
      171, 172, 59, -1,
      59, 172, 54, -1,
      172, 173, 54, -1,
      54, 173, 55, -1,
      173, 174, 55, -1,
      55, 174, 65, -1,
      174, 175, 65, -1,
      65, 175, 64, -1,
      175, 176, 64, -1,
      64, 176, 63, -1,
      176, 177, 63, -1,
      63, 177, 62, -1,
      177, 178, 62, -1,
      62, 178, 60, -1,
      178, 179, 60, -1,
      60, 179, 61, -1,
      179, 168, 61, -1,
      61, 168, 56, -1,
      170, 169, 168, -1,
      168, 179, 170, -1,
      170, 179, 178, -1,
      170, 178, 171, -1,
      173, 172, 174, -1,
      174, 172, 171, -1,
      174, 171, 175, -1,
      175, 171, 178, -1,
      175, 178, 176, -1,
      176, 178, 177, -1,
      180, 181, 4, -1,
      4, 181, 3, -1,
      3, 181, 182, -1,
      183, 51, 7, -1,
      183, 7, 184, -1,
      184, 7, 6, -1,
      184, 6, 182, -1,
      182, 6, 5, -1,
      182, 5, 3, -1,
      53, 185, 186, -1,
      187, 48, 47, -1,
      187, 47, 188, -1,
      188, 47, 45, -1,
      188, 45, 189, -1,
      189, 45, 43, -1,
      189, 43, 190, -1,
      190, 43, 42, -1,
      190, 42, 191, -1,
      191, 42, 37, -1,
      191, 37, 186, -1,
      186, 37, 36, -1,
      186, 36, 53, -1,
      185, 53, 183, -1,
      183, 53, 52, -1,
      183, 52, 51, -1,
      192, 35, 193, -1,
      193, 35, 34, -1,
      34, 33, 193, -1,
      193, 33, 32, -1,
      193, 32, 194, -1,
      194, 32, 31, -1,
      194, 31, 195, -1,
      195, 31, 30, -1,
      195, 30, 196, -1,
      30, 29, 196, -1,
      196, 29, 50, -1,
      196, 50, 197, -1,
      197, 50, 49, -1,
      197, 49, 198, -1,
      198, 49, 48, -1,
      198, 48, 187, -1,
      35, 192, 8, -1,
      8, 192, 199, -1,
      8, 199, 9, -1,
      9, 199, 200, -1,
      9, 200, 10, -1,
      200, 201, 10, -1,
      10, 201, 11, -1,
      202, 13, 12, -1,
      202, 12, 203, -1,
      203, 12, 11, -1,
      203, 11, 201, -1,
      204, 23, 21, -1,
      204, 21, 205, -1,
      205, 21, 20, -1,
      205, 20, 206, -1,
      206, 20, 22, -1,
      206, 22, 207, -1,
      22, 26, 207, -1,
      207, 26, 25, -1,
      207, 25, 208, -1,
      208, 25, 14, -1,
      208, 14, 209, -1,
      209, 14, 2, -1,
      209, 2, 210, -1,
      210, 2, 13, -1,
      210, 13, 202, -1,
      211, 19, 18, -1,
      211, 18, 212, -1,
      212, 18, 17, -1,
      212, 17, 213, -1,
      213, 17, 16, -1,
      213, 16, 214, -1,
      214, 16, 15, -1,
      214, 15, 215, -1,
      215, 15, 27, -1,
      215, 27, 216, -1,
      27, 28, 216, -1,
      216, 28, 24, -1,
      216, 24, 217, -1,
      217, 24, 23, -1,
      217, 23, 204, -1,
      180, 4, 1, -1,
      180, 1, 218, -1,
      218, 1, 0, -1,
      218, 0, 219, -1,
      219, 0, 19, -1,
      219, 19, 211, -1,
      212, 183, 211, -1,
      211, 183, 184, -1,
      211, 184, 219, -1,
      219, 184, 182, -1,
      219, 182, 218, -1,
      218, 182, 181, -1,
      218, 181, 180, -1,
      201, 200, 203, -1,
      203, 200, 199, -1,
      203, 199, 202, -1,
      202, 199, 192, -1,
      202, 192, 210, -1,
      210, 192, 193, -1,
      210, 193, 209, -1,
      209, 193, 194, -1,
      209, 194, 208, -1,
      208, 194, 195, -1,
      208, 195, 207, -1,
      207, 195, 196, -1,
      207, 196, 206, -1,
      206, 196, 197, -1,
      206, 197, 205, -1,
      205, 197, 198, -1,
      205, 198, 204, -1,
      204, 198, 187, -1,
      204, 187, 217, -1,
      217, 187, 188, -1,
      217, 188, 216, -1,
      216, 188, 189, -1,
      216, 189, 215, -1,
      215, 189, 190, -1,
      215, 190, 214, -1,
      214, 190, 191, -1,
      214, 191, 213, -1,
      213, 191, 186, -1,
      213, 186, 212, -1,
      212, 186, 185, -1,
      212, 185, 183, -1,
      220, 221, 44, -1,
      44, 221, 38, -1,
      221, 222, 38, -1,
      38, 222, 39, -1,
      222, 223, 39, -1,
      39, 223, 40, -1,
      223, 224, 40, -1,
      40, 224, 41, -1,
      224, 225, 41, -1,
      41, 225, 46, -1,
      225, 220, 46, -1,
      46, 220, 44, -1,
      224, 223, 225, -1,
      225, 223, 222, -1,
      225, 222, 220, -1,
      220, 222, 221, -1,
    ]
  }
}

Shape {
  appearance Appearance {
    material Material {
      diffuseColor 0.2196 0.6863 0.0000
      specularColor 0.1098 0.3412 0.0000
      ambientIntensity 0.2
      transparency 0.0000
      shininess 0.5
    }
  }
  geometry IndexedFaceSet {
    ccw TRUE
    solid FALSE
    coord DEF co Coordinate {
      point [
        -0.143549 -0.015122 0.000000,
        -0.176464 -0.015122 0.000000,
        -0.158234 0.025989 0.000000,
        -0.159181 0.029403 0.000000,
        -0.159810 0.032891 0.000000,
        -0.160128 0.032891 0.000000,
        -0.160771 0.029413 0.000000,
        -0.161648 0.025989 0.000000,
        -0.057727 0.034091 0.000000,
        -0.043211 0.034091 0.000000,
        -0.069377 0.032853 0.000000,
        -0.077501 0.030010 0.000000,
        -0.084691 0.025365 0.000000,
        -0.089471 0.020289 0.000000,
        -0.092891 0.014219 0.000000,
        -0.095188 0.006433 0.000000,
        -0.096024 -0.003362 0.000000,
        -0.095121 -0.013700 0.000000,
        -0.092234 -0.022952 0.000000,
        -0.088083 -0.029738 0.000000,
        -0.082563 -0.035191 0.000000,
        -0.075850 -0.039177 0.000000,
        -0.067567 -0.041762 0.000000,
        -0.057183 -0.042729 0.000000,
        -0.043211 -0.042729 0.000000,
      ]
    }
    coordIndex [
      0, 1, 2, -1,
      2, 1, 7, -1,
      2, 7, 3, -1,
      3, 7, 6, -1,
      3, 6, 4, -1,
      4, 6, 5, -1,
      9, 24, 8, -1,
      8, 24, 23, -1,
      8, 23, 22, -1,
      16, 15, 8, -1,
      8, 15, 14, -1,
      8, 14, 10, -1,
      22, 21, 8, -1,
      8, 21, 20, -1,
      8, 20, 19, -1,
      19, 18, 8, -1,
      8, 18, 17, -1,
      8, 17, 16, -1,
      13, 12, 14, -1,
      14, 12, 11, -1,
      14, 11, 10, -1,
    ]
  }
}
